week,league,fantasy_team,mine,slot,player,nfl_team,position,points,player_key
1,2026 -  The League,Rafi Bomb Returns!,false,QB,Justin Herbert,LAC,QB,15.26,470.p.32676
1,2026 -  The League,Rafi Bomb Returns!,false,RB,Jahmyr Gibbs,DET,RB,31.1,470.p.40059
1,2026 -  The League,Rafi Bomb Returns!,false,RB,David Montgomery,HOU,RB,27.4,470.p.31905
1,2026 -  The League,Rafi Bomb Returns!,false,WR,Tee Higgins,CIN,WR,7.4,470.p.32703
1,2026 -  The League,Rafi Bomb Returns!,false,WR,Davante Adams,LAR,WR,4.1,470.p.27581
1,2026 -  The League,Rafi Bomb Returns!,false,TE,Jake Ferguson,DAL,TE,1.6,470.p.34085
1,2026 -  The League,Rafi Bomb Returns!,false,W/R,DJ Moore,BUF,WR,18.5,470.p.30994
1,2026 -  The League,Rafi Bomb Returns!,false,BN,George Kittle,SF,TE,3.2,470.p.30259
1,2026 -  The League,Rafi Bomb Returns!,false,BN,Jordan Addison,MIN,WR,0,470.p.40042
1,2026 -  The League,Rafi Bomb Returns!,false,BN,Courtland Sutton,DEN,WR,3.1,470.p.31010
1,2026 -  The League,Rafi Bomb Returns!,false,BN,Tyler Allgeier,ARI,RB,8,470.p.34107
1,2026 -  The League,Rafi Bomb Returns!,false,BN,Jordan Love,GB,QB,24.48,470.p.32696
1,2026 -  The League,Rafi Bomb Returns!,false,K,Jake Bates,DET,K,7,470.p.40835
1,2026 -  The League,Rafi Bomb Returns!,false,BN,Wil Lutz,DEN,K,4,470.p.29754
1,2026 -  The League,Rafi Bomb Returns!,false,D,Ernest Jones IV,SEA,LB,10.5,470.p.33491
1,2026 -  The League,Rafi Bomb Returns!,false,D,Jamien Sherwood,NYJ,LB,3,470.p.33534
1,2026 -  The League,Rafi Bomb Returns!,false,D,Travis Hunter,JAX,"WR,CB",2.6,470.p.99002
1,2026 -  The League,I LIKE BIG TDS,false,QB,Jalen Hurts,PHI,QB,30.72,470.p.32723
1,2026 -  The League,I LIKE BIG TDS,false,RB,Jonathan Taylor,IND,RB,23.6,470.p.32711
1,2026 -  The League,I LIKE BIG TDS,false,RB,Chuba Hubbard,CAR,RB,22.2,470.p.33514
1,2026 -  The League,I LIKE BIG TDS,false,WR,Chris Olave,NO,WR,23.2,470.p.33966
1,2026 -  The League,I LIKE BIG TDS,false,WR,Luther Burden III,CHI,WR,7,470.p.41824
1,2026 -  The League,I LIKE BIG TDS,false,TE,Sam LaPorta,DET,TE,7.3,470.p.40064
1,2026 -  The League,I LIKE BIG TDS,false,W/R,Puka Nacua,LAR,WR,10.9,470.p.40168
1,2026 -  The League,I LIKE BIG TDS,false,BN,Travis Kelce,KC,TE,8.6,470.p.26686
1,2026 -  The League,I LIKE BIG TDS,false,BN,RJ Harvey,DEN,RB,6.1,470.p.41845
1,2026 -  The League,I LIKE BIG TDS,false,BN,Patrick Mahomes,KC,QB,25.66,470.p.30123
1,2026 -  The League,I LIKE BIG TDS,false,BN,Xavier Worthy,KC,WR,3.3,470.p.40877
1,2026 -  The League,I LIKE BIG TDS,false,BN,Keenan Allen,IND,WR,6.2,470.p.26699
1,2026 -  The League,I LIKE BIG TDS,false,BN,Alvin Kamara,NO,RB,0,470.p.30180
1,2026 -  The League,I LIKE BIG TDS,false,K,Tyler Bass,BUF,K,13,470.p.32858
1,2026 -  The League,I LIKE BIG TDS,false,D,Nakobe Dean,LV,LB,11.5,470.p.34039
1,2026 -  The League,I LIKE BIG TDS,false,D,Kevin Byard III,NE,S,3.5,470.p.29298
1,2026 -  The League,I LIKE BIG TDS,false,D,Aidan Hutchinson,DET,"DL,DE",11.5,470.p.33957
1,2026 -  The League,Berserker,false,QB,Lamar Jackson,BAL,QB,26.96,470.p.31002
1,2026 -  The League,Berserker,false,RB,Kenneth Walker III,KC,RB,32.6,470.p.33996
1,2026 -  The League,Berserker,false,RB,Javonte Williams,DAL,RB,21.7,470.p.33423
1,2026 -  The League,Berserker,false,WR,Nico Collins,HOU,WR,17.7,470.p.33477
1,2026 -  The League,Berserker,false,WR,Christian Watson,GB,WR,29.7,470.p.33989
1,2026 -  The League,Berserker,false,TE,Tyler Warren,IND,TE,8.8,470.p.41799
1,2026 -  The League,Berserker,false,W/R,Rashee Rice,KC,WR,8.9,470.p.40084
1,2026 -  The League,Berserker,false,BN,Mike Evans,SF,WR,13.9,470.p.27535
1,2026 -  The League,Berserker,false,BN,Jacory Croskey-Merritt,WAS,RB,12.1,470.p.42010
1,2026 -  The League,Berserker,false,BN,Jonah Coleman,DEN,RB,0,470.p.42730
1,2026 -  The League,Berserker,false,BN,Emmett Johnson,KC,RB,8.3,470.p.42796
1,2026 -  The League,Berserker,false,BN,Cooper Kupp,SEA,WR,4.5,470.p.30182
1,2026 -  The League,Berserker,false,BN,Adonai Mitchell,NYJ,WR,7.5,470.p.40915
1,2026 -  The League,Berserker,false,K,Brandon Aubrey,DAL,K,2,470.p.40819
1,2026 -  The League,Berserker,false,D,Roquan Smith,BAL,LB,13,470.p.30978
1,2026 -  The League,Berserker,false,D,Sonny Styles,WAS,LB,7.5,470.p.42629
1,2026 -  The League,Berserker,false,D,Nate Landman,LAR,LB,7.5,470.p.34291
1,2026 -  The League,Fat Lazy Americans,true,QB,Joe Burrow,CIN,QB,16.16,470.p.32671
1,2026 -  The League,Fat Lazy Americans,true,RB,Derrick Henry,BAL,RB,34.8,470.p.29279
1,2026 -  The League,Fat Lazy Americans,true,RB,Omarion Hampton,LAC,RB,8.3,470.p.41807
1,2026 -  The League,Fat Lazy Americans,true,WR,Jaylen Waddle,DEN,WR,0.7,470.p.33394
1,2026 -  The League,Fat Lazy Americans,true,WR,Jaxon Smith-Njigba,SEA,WR,22.2,470.p.40041
1,2026 -  The League,Fat Lazy Americans,true,TE,Harold Fannin Jr.,CLE,TE,3.1,470.p.41877
1,2026 -  The League,Fat Lazy Americans,true,W/R,Rico Dowdle,PIT,RB,3.1,470.p.33100
1,2026 -  The League,Fat Lazy Americans,true,BN,MarShawn Lloyd,GB,RB,3.7,470.p.40971
1,2026 -  The League,Fat Lazy Americans,true,BN,Jayden Reed,GB,WR,3.5,470.p.40063
1,2026 -  The League,Fat Lazy Americans,true,BN,Kenny Gainwell,TB,RB,2.3,470.p.33538
1,2026 -  The League,Fat Lazy Americans,true,BN,Jalen Coker,CAR,WR,29.8,470.p.41293
1,2026 -  The League,Fat Lazy Americans,true,BN,Deebo Samuel Sr.,SF,WR,15,470.p.31868
1,2026 -  The League,Fat Lazy Americans,true,BN,Kaelon Black,SF,RB,7.5,470.p.42712
1,2026 -  The League,Fat Lazy Americans,true,BN,Michael Mayer,LV,TE,6.2,470.p.40065
1,2026 -  The League,Fat Lazy Americans,true,D,Jordyn Brooks,MIA,LB,7.5,470.p.32697
1,2026 -  The League,Fat Lazy Americans,true,D,T.J. Edwards,CHI,LB,0.5,470.p.32403
1,2026 -  The League,Fat Lazy Americans,true,D,Terrel Bernard,BUF,LB,11.5,470.p.34045
1,2026 -  The League,Kona’s Kickers,false,QB,Jared Goff,DET,QB,20.44,470.p.29235
1,2026 -  The League,Kona’s Kickers,false,RB,Saquon Barkley,PHI,RB,8.5,470.p.30972
1,2026 -  The League,Kona’s Kickers,false,RB,Travis Etienne Jr.,NO,RB,11.3,470.p.33413
1,2026 -  The League,Kona’s Kickers,false,WR,A.J. Brown,NE,WR,4.1,470.p.31883
1,2026 -  The League,Kona’s Kickers,false,WR,Zay Flowers,BAL,WR,23.5,470.p.40039
1,2026 -  The League,Kona’s Kickers,false,TE,Dallas Goedert,PHI,TE,21.7,470.p.31019
1,2026 -  The League,Kona’s Kickers,false,W/R,Stefon Diggs,WAS,WR,13.5,470.p.28534
1,2026 -  The League,Kona’s Kickers,false,BN,Alec Pierce,IND,WR,8.1,470.p.34008
1,2026 -  The League,Kona’s Kickers,false,BN,Jayden Daniels,WAS,QB,21.66,470.p.40896
1,2026 -  The League,Kona’s Kickers,false,BN,J.K. Dobbins,DEN,RB,3.6,470.p.32725
1,2026 -  The League,Kona’s Kickers,false,BN,Aaron Jones Sr.,MIN,RB,10,470.p.30295
1,2026 -  The League,Kona’s Kickers,false,BN,Tre Tucker,LV,WR,3.7,470.p.40114
1,2026 -  The League,Kona’s Kickers,false,K,Nick Folk,ATL,K,10,470.p.8432
1,2026 -  The League,Kona’s Kickers,false,BN,Harrison Butker,KC,K,7,470.p.30346
1,2026 -  The League,Kona’s Kickers,false,D,Kyle Hamilton,BAL,S,4,470.p.33969
1,2026 -  The League,Kona’s Kickers,false,D,Quincy Williams,CLE,LB,3.5,470.p.31930
1,2026 -  The League,Kona’s Kickers,false,D,Nick Cross,WAS,S,7.5,470.p.34052
1,2026 -  The League,Oroszlanok,false,QB,Brock Purdy,SF,QB,27.1,470.p.34218
1,2026 -  The League,Oroszlanok,false,RB,Bijan Robinson,ATL,RB,27.3,470.p.40055
1,2026 -  The League,Oroszlanok,false,RB,Kyren Williams,LAR,RB,14,470.p.34120
1,2026 -  The League,Oroszlanok,false,WR,Garrett Wilson,NYJ,WR,10.9,470.p.33965
1,2026 -  The League,Oroszlanok,false,WR,Terry McLaurin,WAS,WR,2.4,470.p.31908
1,2026 -  The League,Oroszlanok,false,TE,Chig Okonkwo,WAS,TE,2.6,470.p.34099
1,2026 -  The League,Oroszlanok,false,W/R,Quinshon Judkins,CLE,RB,6,470.p.41821
1,2026 -  The League,Oroszlanok,false,BN,Malik Nabers,NYG,WR,9.9,470.p.40899
1,2026 -  The League,Oroszlanok,false,BN,Parker Washington,JAX,WR,16.8,470.p.40234
1,2026 -  The League,Oroszlanok,false,BN,DK Metcalf,PIT,WR,6,470.p.31896
1,2026 -  The League,Oroszlanok,false,BN,Chris Rodriguez Jr.,JAX,RB,2.3,470.p.40231
1,2026 -  The League,Oroszlanok,false,BN,Kyler Murray,MIN,QB,-0.38,470.p.31833
1,2026 -  The League,Oroszlanok,false,BN,Tank Bigsby,PHI,RB,0.3,470.p.40095
1,2026 -  The League,Oroszlanok,false,K,Cameron Dicker,LAC,K,2,470.p.34344
1,2026 -  The League,Oroszlanok,false,D,Kam Curl,LAR,S,2,470.p.32886
1,2026 -  The League,Oroszlanok,false,D,Payton Wilson,PIT,LB,9.5,470.p.40975
1,2026 -  The League,Oroszlanok,false,D,Mack Wilson Sr.,ARI,LB,5,470.p.31987
1,2026 -  The League,Postino's Banditos,false,QB,Caleb Williams,CHI,QB,41.26,470.p.40900
1,2026 -  The League,Postino's Banditos,false,RB,Ashton Jeanty,LV,RB,29.7,470.p.41791
1,2026 -  The League,Postino's Banditos,false,RB,Jaylen Warren,PIT,RB,7.8,470.p.34447
1,2026 -  The League,Postino's Banditos,false,WR,Justin Jefferson,MIN,WR,27.2,470.p.32692
1,2026 -  The League,Postino's Banditos,false,WR,DeVonta Smith,PHI,WR,6.8,470.p.33398
1,2026 -  The League,Postino's Banditos,false,TE,Hunter Henry,NE,TE,4.1,470.p.29269
1,2026 -  The League,Postino's Banditos,false,W/R,Chris Godwin Jr.,TB,WR,6.3,470.p.30197
1,2026 -  The League,Postino's Banditos,false,BN,Brock Bowers,LV,TE,0,470.p.40878
1,2026 -  The League,Postino's Banditos,false,BN,Michael Wilson,ARI,WR,8.1,470.p.40121
1,2026 -  The League,Postino's Banditos,false,BN,Josh Downs,IND,WR,5.7,470.p.40126
1,2026 -  The League,Postino's Banditos,false,BN,Makai Lemon,PHI,WR,1,470.p.42642
1,2026 -  The League,Postino's Banditos,false,BN,Woody Marks,HOU,RB,4.5,470.p.41902
1,2026 -  The League,Postino's Banditos,false,BN,Tyrone Tracy Jr.,NYG,RB,-0.6,470.p.41048
1,2026 -  The League,Postino's Banditos,false,K,Harrison Mevis,LAR,K,1,470.p.41312
1,2026 -  The League,Postino's Banditos,false,D,Nick Bolton,KC,LB,4,470.p.33446
1,2026 -  The League,Postino's Banditos,false,D,Devin Lloyd,CAR,LB,11,470.p.33982
1,2026 -  The League,Postino's Banditos,false,D,Robert Spillane,NE,LB,7.5,470.p.31708
1,2026 -  The League,Billy Goat Tavern,false,QB,Matthew Stafford,LAR,QB,4.1,470.p.9265
1,2026 -  The League,Billy Goat Tavern,false,RB,Jadarian Price,SEA,RB,6.8,470.p.42654
1,2026 -  The League,Billy Goat Tavern,false,RB,Rhamondre Stevenson,NE,RB,12,470.p.33508
1,2026 -  The League,Billy Goat Tavern,false,WR,Amon-Ra St. Brown,DET,WR,23.7,470.p.33500
1,2026 -  The League,Billy Goat Tavern,false,WR,Ladd McConkey,LAC,WR,16.7,470.p.40908
1,2026 -  The League,Billy Goat Tavern,false,TE,Juwan Johnson,NO,TE,12.9,470.p.33113
1,2026 -  The League,Billy Goat Tavern,false,W/R,Jeremiyah Love,ARI,RB,12,470.p.42625
1,2026 -  The League,Billy Goat Tavern,false,BN,Kyle Pitts Sr.,ATL,TE,0,470.p.33392
1,2026 -  The League,Billy Goat Tavern,false,BN,Bo Nix,DEN,QB,7.44,470.p.40875
1,2026 -  The League,Billy Goat Tavern,false,BN,Blake Corum,LAR,RB,5.4,470.p.40962
1,2026 -  The League,Billy Goat Tavern,false,BN,Mike Washington Jr.,LV,RB,4.1,470.p.42744
1,2026 -  The League,Billy Goat Tavern,false,BN,Ja'Kobi Lane,BAL,WR,1.6,470.p.42702
1,2026 -  The League,Billy Goat Tavern,false,BN,Dontayvion Wicks,PHI,WR,14.3,470.p.40201
1,2026 -  The League,Billy Goat Tavern,false,K,Ka'imi Fairbairn,HOU,K,9.5,470.p.29792
1,2026 -  The League,Billy Goat Tavern,false,D,Fred Warner,SF,LB,11,470.p.31040
1,2026 -  The League,Billy Goat Tavern,false,D,Foyesade Oluokun,JAX,LB,7.5,470.p.31170
1,2026 -  The League,Billy Goat Tavern,false,D,Blake Cashman,MIN,LB,8.5,470.p.31989
1,2026 -  The League,MombaMentality,false,QB,Josh Allen,BUF,QB,39.66,470.p.30977
1,2026 -  The League,MombaMentality,false,RB,James Cook III,BUF,RB,8.4,470.p.34019
1,2026 -  The League,MombaMentality,false,RB,Chase Brown,CIN,RB,16.3,470.p.40196
1,2026 -  The League,MombaMentality,false,WR,Jameson Williams,DET,WR,6.5,470.p.33967
1,2026 -  The League,MombaMentality,false,WR,Quentin Johnston,LAC,WR,2.7,470.p.40051
1,2026 -  The League,MombaMentality,false,TE,Trey McBride,ARI,TE,20,470.p.34010
1,2026 -  The League,MombaMentality,false,W/R,Brian Thomas Jr.,JAX,WR,5.5,470.p.40883
1,2026 -  The League,MombaMentality,false,BN,Carnell Tate,TEN,WR,5.8,470.p.42626
1,2026 -  The League,MombaMentality,false,BN,Kyle Monangai,CHI,RB,19.4,470.p.42025
1,2026 -  The League,MombaMentality,false,BN,KC Concepcion Jr.,CLE,WR,5.8,470.p.42646
1,2026 -  The League,MombaMentality,false,BN,Mark Andrews,BAL,TE,6.9,470.p.31056
1,2026 -  The League,MombaMentality,false,BN,Tyjae Spears,TEN,RB,3.4,470.p.40119
1,2026 -  The League,MombaMentality,false,BN,Denzel Boston,CLE,WR,12.9,470.p.42661
1,2026 -  The League,MombaMentality,false,K,Jason Myers,SEA,K,7,470.p.28378
1,2026 -  The League,MombaMentality,false,D,Jeffery Simmons,TEN,"DT,DE",3,470.p.31851
1,2026 -  The League,MombaMentality,false,D,Dillon Thieneman,CHI,S,10,470.p.42647
1,2026 -  The League,MombaMentality,false,D,Divine Deablo,ATL,LB,7.5,470.p.33468
1,2026 -  The League,Dumpster Fire,false,QB,Trevor Lawrence,JAX,QB,34.1,470.p.33389
1,2026 -  The League,Dumpster Fire,false,RB,Cam Skattebo,NYG,RB,14.1,470.p.41922
1,2026 -  The League,Dumpster Fire,false,RB,De'Von Achane,MIA,RB,8.6,470.p.40118
1,2026 -  The League,Dumpster Fire,false,WR,CeeDee Lamb,DAL,WR,12.9,470.p.32687
1,2026 -  The League,Dumpster Fire,false,WR,Drake London,ATL,WR,4.5,470.p.33963
1,2026 -  The League,Dumpster Fire,false,TE,Tucker Kraft,GB,TE,8,470.p.40102
1,2026 -  The League,Dumpster Fire,false,W/R,Bhayshul Tuten,JAX,RB,9.3,470.p.41900
1,2026 -  The League,Dumpster Fire,false,BN,TreVeyon Henderson,NE,RB,0,470.p.41823
1,2026 -  The League,Dumpster Fire,false,BN,Jakobi Meyers,JAX,WR,11.2,470.p.32231
1,2026 -  The League,Dumpster Fire,false,BN,Josh Jacobs,GB,RB,0,470.p.31856
1,2026 -  The League,Dumpster Fire,false,BN,Romeo Doubs,NE,WR,0,470.p.34088
1,2026 -  The League,Dumpster Fire,false,BN,Keaton Mitchell,LAC,RB,0.9,470.p.40641
1,2026 -  The League,Dumpster Fire,false,K,Eddy Pineiro,SF,K,11,470.p.31482
1,2026 -  The League,Dumpster Fire,false,D,Zack Baun,PHI,LB,12,470.p.32744
1,2026 -  The League,Dumpster Fire,false,D,Cooper DeJean,PHI,"DB,CB",6,470.p.40934
1,2026 -  The League,Dumpster Fire,false,D,Maxx Crosby,LV,DE,6.5,470.p.31938
1,2026 -  The League,Dumpster Fire,false,BN,Cedric Gray,TEN,LB,0,470.p.40988
1,2026 -  The League,No Talent Ass Clowns,false,QB,Drake Maye,NE,QB,11.82,470.p.40881
1,2026 -  The League,No Talent Ass Clowns,false,RB,Breece Hall,NYJ,RB,18.8,470.p.33991
1,2026 -  The League,No Talent Ass Clowns,false,RB,D'Andre Swift,CHI,RB,31.9,470.p.32705
1,2026 -  The League,No Talent Ass Clowns,false,WR,Ja'Marr Chase,CIN,WR,2.2,470.p.33393
1,2026 -  The League,No Talent Ass Clowns,false,WR,Emeka Egbuka,TB,WR,8.8,470.p.41804
1,2026 -  The League,No Talent Ass Clowns,false,TE,Isaiah Likely,NYG,TE,23.8,470.p.34095
1,2026 -  The League,No Talent Ass Clowns,false,W/R,Marvin Harrison Jr.,ARI,WR,3.8,470.p.40893
1,2026 -  The League,No Talent Ass Clowns,false,BN,Dalton Kincaid,BUF,TE,15.5,470.p.40048
1,2026 -  The League,No Talent Ass Clowns,false,BN,Jonathon Brooks,CAR,RB,6.7,470.p.40926
1,2026 -  The League,No Talent Ass Clowns,false,BN,Michael Pittman Jr.,PIT,WR,7.3,470.p.32704
1,2026 -  The League,No Talent Ass Clowns,false,BN,Rachaad White,WAS,RB,3.7,470.p.34047
1,2026 -  The League,No Talent Ass Clowns,false,BN,Khalil Shakir,BUF,WR,7,470.p.34104
1,2026 -  The League,No Talent Ass Clowns,false,BN,George Holani,SEA,RB,2.9,470.p.41344
1,2026 -  The League,No Talent Ass Clowns,false,K,Cam Little,JAX,K,12,470.p.41062
1,2026 -  The League,No Talent Ass Clowns,false,D,Jack Campbell,DET,LB,6.5,470.p.40036
1,2026 -  The League,No Talent Ass Clowns,false,D,Alex Singleton,DEN,LB,10.5,470.p.28716
1,2026 -  The League,No Talent Ass Clowns,false,D,Myles Garrett,LAR,"LB,DE",0,470.p.30114
1,2026 -  The League,Wailin Raylans,false,QB,Dak Prescott,DAL,QB,18.4,470.p.29369
1,2026 -  The League,Wailin Raylans,false,RB,Christian McCaffrey,SF,RB,11.3,470.p.30121
1,2026 -  The League,Wailin Raylans,false,RB,Bucky Irving,TB,RB,16.8,470.p.40993
1,2026 -  The League,Wailin Raylans,false,WR,George Pickens,DAL,WR,4.3,470.p.34007
1,2026 -  The League,Wailin Raylans,false,WR,Tetairoa McMillan,CAR,WR,8,470.p.41793
1,2026 -  The League,Wailin Raylans,false,TE,Colston Loveland,CHI,TE,0,470.p.41795
1,2026 -  The League,Wailin Raylans,false,W/R,Tony Pollard,TEN,RB,3.9,470.p.31960
1,2026 -  The League,Wailin Raylans,false,BN,Rome Odunze,CHI,WR,6.2,470.p.40901
1,2026 -  The League,Wailin Raylans,false,BN,Jordan Mason,MIN,RB,11.9,470.p.34320
1,2026 -  The League,Wailin Raylans,false,BN,Wan'Dale Robinson,TEN,WR,6.3,470.p.33998
1,2026 -  The League,Wailin Raylans,false,BN,Matthew Golden,GB,WR,12.5,470.p.41808
1,2026 -  The League,Wailin Raylans,false,BN,Jaxson Dart,NYG,QB,32.6,470.p.41810
1,2026 -  The League,Wailin Raylans,false,BN,Malachi Fields,NYG,WR,3.5,470.p.42696
1,2026 -  The League,Wailin Raylans,false,K,Tyler Loop,BAL,K,15,470.p.41988
1,2026 -  The League,Wailin Raylans,false,D,Carson Schwesinger,CLE,LB,7,470.p.41818
1,2026 -  The League,Wailin Raylans,false,D,Quay Walker,LV,LB,6,470.p.33977
1,2026 -  The League,Wailin Raylans,false,D,Edgerrin Cooper,GB,LB,10.5,470.p.40938
1,The Honey Badgers,Dolphin Boobiez,false,QB,Josh Allen,BUF,QB,41.66,470.p.30977
1,The Honey Badgers,Dolphin Boobiez,false,RB,Jahmyr Gibbs,DET,RB,31.1,470.p.40059
1,The Honey Badgers,Dolphin Boobiez,false,RB,Bhayshul Tuten,JAX,RB,9.3,470.p.41900
1,The Honey Badgers,Dolphin Boobiez,false,WR,Tee Higgins,CIN,WR,7.4,470.p.32703
1,The Honey Badgers,Dolphin Boobiez,false,WR,Luther Burden III,CHI,WR,7,470.p.41824
1,The Honey Badgers,Dolphin Boobiez,false,TE,Kyle Pitts Sr.,ATL,TE,0,470.p.33392
1,The Honey Badgers,Dolphin Boobiez,false,W/R,Josh Downs,IND,WR,6.2,470.p.40126
1,The Honey Badgers,Dolphin Boobiez,false,BN,Jonathon Brooks,CAR,RB,6.7,470.p.40926
1,The Honey Badgers,Dolphin Boobiez,false,BN,George Kittle,SF,TE,3.7,470.p.30259
1,The Honey Badgers,Dolphin Boobiez,false,BN,Chris Godwin Jr.,TB,WR,6.3,470.p.30197
1,The Honey Badgers,Dolphin Boobiez,false,BN,Michael Wilson,ARI,WR,8.1,470.p.40121
1,The Honey Badgers,Dolphin Boobiez,false,BN,Woody Marks,HOU,RB,4.5,470.p.41902
1,The Honey Badgers,Dolphin Boobiez,false,BN,Malik Willis,MIA,QB,17.7,470.p.34042
1,The Honey Badgers,Dolphin Boobiez,false,K,Jason Myers,SEA,K,7,470.p.28378
1,The Honey Badgers,Dolphin Boobiez,false,D,Jack Campbell,DET,LB,9,470.p.40036
1,The Honey Badgers,Dolphin Boobiez,false,D,Devin Lloyd,CAR,LB,16.5,470.p.33982
1,The Honey Badgers,Dolphin Boobiez,false,D,Cooper DeJean,PHI,"DB,CB",9,470.p.40934
1,The Honey Badgers,The Curious Case of Cookus,false,QB,Trevor Lawrence,JAX,QB,34.1,470.p.33389
1,The Honey Badgers,The Curious Case of Cookus,false,RB,Bijan Robinson,ATL,RB,27.3,470.p.40055
1,The Honey Badgers,The Curious Case of Cookus,false,RB,Chase Brown,CIN,RB,16.3,470.p.40196
1,The Honey Badgers,The Curious Case of Cookus,false,WR,DeVonta Smith,PHI,WR,6.8,470.p.33398
1,The Honey Badgers,The Curious Case of Cookus,false,WR,Garrett Wilson,NYJ,WR,10.9,470.p.33965
1,The Honey Badgers,The Curious Case of Cookus,false,TE,Colston Loveland,CHI,TE,0,470.p.41795
1,The Honey Badgers,The Curious Case of Cookus,false,W/R,Brian Thomas Jr.,JAX,WR,5.5,470.p.40883
1,The Honey Badgers,The Curious Case of Cookus,false,BN,Quentin Johnston,LAC,WR,2.7,470.p.40051
1,The Honey Badgers,The Curious Case of Cookus,false,BN,De'Zhaun Stribling,SF,WR,0,470.p.42655
1,The Honey Badgers,The Curious Case of Cookus,false,BN,Jordan Mason,MIN,RB,11.9,470.p.34320
1,The Honey Badgers,The Curious Case of Cookus,false,BN,Brock Purdy,SF,QB,28.1,470.p.34218
1,The Honey Badgers,The Curious Case of Cookus,false,BN,Mike Washington Jr.,LV,RB,4.1,470.p.42744
1,The Honey Badgers,The Curious Case of Cookus,false,BN,Kaelon Black,SF,RB,7.5,470.p.42712
1,The Honey Badgers,The Curious Case of Cookus,false,K,Spencer Shrader,IND,K,7.75,470.p.41499
1,The Honey Badgers,The Curious Case of Cookus,false,D,Nakobe Dean,LV,LB,14.25,470.p.34039
1,The Honey Badgers,The Curious Case of Cookus,false,D,Ventrell Miller,JAX,LB,18.75,470.p.40155
1,The Honey Badgers,The Curious Case of Cookus,false,D,Terrel Bernard,BUF,LB,16.5,470.p.34045
1,The Honey Badgers,CopperTheBigRedDog,false,QB,Jalen Hurts,PHI,QB,32.72,470.p.32723
1,The Honey Badgers,CopperTheBigRedDog,false,RB,Kenneth Walker III,KC,RB,32.6,470.p.33996
1,The Honey Badgers,CopperTheBigRedDog,false,RB,Javonte Williams,DAL,RB,21.7,470.p.33423
1,The Honey Badgers,CopperTheBigRedDog,false,WR,Justin Jefferson,MIN,WR,27.2,470.p.32692
1,The Honey Badgers,CopperTheBigRedDog,false,WR,Puka Nacua,LAR,WR,11.4,470.p.40168
1,The Honey Badgers,CopperTheBigRedDog,false,TE,Tucker Kraft,GB,TE,8,470.p.40102
1,The Honey Badgers,CopperTheBigRedDog,false,W/R,Christian Watson,GB,WR,29.7,470.p.33989
1,The Honey Badgers,CopperTheBigRedDog,false,BN,Tony Pollard,TEN,RB,3.9,470.p.31960
1,The Honey Badgers,CopperTheBigRedDog,false,BN,Josh Jacobs,GB,RB,0,470.p.31856
1,The Honey Badgers,CopperTheBigRedDog,false,BN,Jaxson Dart,NYG,QB,32.6,470.p.41810
1,The Honey Badgers,CopperTheBigRedDog,false,BN,Jake Ferguson,DAL,TE,1.6,470.p.34085
1,The Honey Badgers,CopperTheBigRedDog,false,BN,Denzel Boston,CLE,WR,12.9,470.p.42661
1,The Honey Badgers,CopperTheBigRedDog,false,BN,Tank Bigsby,PHI,RB,0.3,470.p.40095
1,The Honey Badgers,CopperTheBigRedDog,false,IR,Jordyn Tyson,NO,WR,0,470.p.42630
1,The Honey Badgers,CopperTheBigRedDog,false,K,Brandon Aubrey,DAL,K,2,470.p.40819
1,The Honey Badgers,CopperTheBigRedDog,false,D,Blake Cashman,MIN,LB,10.5,470.p.31989
1,The Honey Badgers,CopperTheBigRedDog,false,D,Fred Warner,SF,LB,16,470.p.31040
1,The Honey Badgers,CopperTheBigRedDog,false,D,Jamien Sherwood,NYJ,LB,4.5,470.p.33534
1,The Honey Badgers,Comfy In Chair,false,QB,Bo Nix,DEN,QB,8.44,470.p.40875
1,The Honey Badgers,Comfy In Chair,false,RB,Jonathan Taylor,IND,RB,23.6,470.p.32711
1,The Honey Badgers,Comfy In Chair,false,RB,David Montgomery,HOU,RB,27.4,470.p.31905
1,The Honey Badgers,Comfy In Chair,false,WR,Chris Olave,NO,WR,23.2,470.p.33966
1,The Honey Badgers,Comfy In Chair,false,WR,Zay Flowers,BAL,WR,23.5,470.p.40039
1,The Honey Badgers,Comfy In Chair,false,TE,Tyler Warren,IND,TE,8.8,470.p.41799
1,The Honey Badgers,Comfy In Chair,false,W/R,Rico Dowdle,PIT,RB,3.1,470.p.33100
1,The Honey Badgers,Comfy In Chair,false,BN,Courtland Sutton,DEN,WR,3.6,470.p.31010
1,The Honey Badgers,Comfy In Chair,false,BN,Aaron Jones Sr.,MIN,RB,10,470.p.30295
1,The Honey Badgers,Comfy In Chair,false,BN,Alvin Kamara,NO,RB,0,470.p.30180
1,The Honey Badgers,Comfy In Chair,false,BN,Romeo Doubs,NE,WR,0,470.p.34088
1,The Honey Badgers,Comfy In Chair,false,BN,Dallas Goedert,PHI,TE,21.7,470.p.31019
1,The Honey Badgers,Comfy In Chair,false,BN,Xavier Worthy,KC,WR,3.3,470.p.40877
1,The Honey Badgers,Comfy In Chair,false,K,Tyler Loop,BAL,K,15.5,470.p.41988
1,The Honey Badgers,Comfy In Chair,false,D,Alex Singleton,DEN,LB,15.75,470.p.28716
1,The Honey Badgers,Comfy In Chair,false,D,Quincy Williams,CLE,LB,5.25,470.p.31930
1,The Honey Badgers,Comfy In Chair,false,D,Malaki Starks,BAL,S,9.75,470.p.41812
1,The Honey Badgers,The Trophy Wives,false,QB,Jayden Daniels,WAS,QB,21.66,470.p.40896
1,The Honey Badgers,The Trophy Wives,false,RB,James Cook III,BUF,RB,8.4,470.p.34019
1,The Honey Badgers,The Trophy Wives,false,RB,Cam Skattebo,NYG,RB,14.1,470.p.41922
1,The Honey Badgers,The Trophy Wives,false,WR,A.J. Brown,NE,WR,4.1,470.p.31883
1,The Honey Badgers,The Trophy Wives,false,WR,Davante Adams,LAR,WR,4.1,470.p.27581
1,The Honey Badgers,The Trophy Wives,false,TE,Trey McBride,ARI,TE,20,470.p.34010
1,The Honey Badgers,The Trophy Wives,false,W/R,Rashee Rice,KC,WR,8.9,470.p.40084
1,The Honey Badgers,The Trophy Wives,false,BN,MarShawn Lloyd,GB,RB,3.7,470.p.40971
1,The Honey Badgers,The Trophy Wives,false,BN,KC Concepcion Jr.,CLE,WR,5.8,470.p.42646
1,The Honey Badgers,The Trophy Wives,false,BN,Jalen Coker,CAR,WR,29.8,470.p.41293
1,The Honey Badgers,The Trophy Wives,false,BN,Jordan Love,GB,QB,28.98,470.p.32696
1,The Honey Badgers,The Trophy Wives,false,BN,Juwan Johnson,NO,TE,12.9,470.p.33113
1,The Honey Badgers,The Trophy Wives,false,BN,Kaleb Johnson,GB,RB,0,470.p.41881
1,The Honey Badgers,The Trophy Wives,false,K,Ka'imi Fairbairn,HOU,K,9.75,470.p.29792
1,The Honey Badgers,The Trophy Wives,false,D,Jordyn Brooks,MIA,LB,11.25,470.p.32697
1,The Honey Badgers,The Trophy Wives,false,D,Ernest Jones IV,SEA,LB,15.75,470.p.33491
1,The Honey Badgers,The Trophy Wives,false,D,Aidan Hutchinson,DET,"DL,DE",12.75,470.p.33957
1,The Honey Badgers,Olivators,false,QB,Lamar Jackson,BAL,QB,29.96,470.p.31002
1,The Honey Badgers,Olivators,false,RB,Ashton Jeanty,LV,RB,29.7,470.p.41791
1,The Honey Badgers,Olivators,false,RB,Kyren Williams,LAR,RB,14,470.p.34120
1,The Honey Badgers,Olivators,false,WR,Jaxon Smith-Njigba,SEA,WR,22.2,470.p.40041
1,The Honey Badgers,Olivators,false,WR,Nico Collins,HOU,WR,17.7,470.p.33477
1,The Honey Badgers,Olivators,false,TE,Harold Fannin Jr.,CLE,TE,3.1,470.p.41877
1,The Honey Badgers,Olivators,false,W/R,Jameson Williams,DET,WR,6.5,470.p.33967
1,The Honey Badgers,Olivators,false,BN,Kenny Gainwell,TB,RB,2.3,470.p.33538
1,The Honey Badgers,Olivators,false,BN,Jacory Croskey-Merritt,WAS,RB,12.1,470.p.42010
1,The Honey Badgers,Olivators,false,BN,Jakobi Meyers,JAX,WR,11.2,470.p.32231
1,The Honey Badgers,Olivators,false,BN,Dylan Sampson,CLE,RB,0,470.p.41907
1,The Honey Badgers,Olivators,false,BN,Jared Goff,DET,QB,20.44,470.p.29235
1,The Honey Badgers,Olivators,false,K,Cam Little,JAX,K,12,470.p.41062
1,The Honey Badgers,Olivators,false,D,Foyesade Oluokun,JAX,LB,10.25,470.p.31170
1,The Honey Badgers,Olivators,false,D,Edgerrin Cooper,GB,LB,12.75,470.p.40938
1,The Honey Badgers,Olivators,false,D,T.J. Edwards,CHI,LB,0.75,470.p.32403
1,The Honey Badgers,Olivators,false,BN,Cedric Gray,TEN,LB,0,470.p.40988
1,The Honey Badgers,My Balls Are Afoot,false,QB,Joe Burrow,CIN,QB,17.16,470.p.32671
1,The Honey Badgers,My Balls Are Afoot,false,RB,Derrick Henry,BAL,RB,34.8,470.p.29279
1,The Honey Badgers,My Balls Are Afoot,false,RB,Kyle Monangai,CHI,RB,19.4,470.p.42025
1,The Honey Badgers,My Balls Are Afoot,false,WR,Drake London,ATL,WR,4.5,470.p.33963
1,The Honey Badgers,My Balls Are Afoot,false,WR,Tetairoa McMillan,CAR,WR,8,470.p.41793
1,The Honey Badgers,My Balls Are Afoot,false,TE,Travis Kelce,KC,TE,8.6,470.p.26686
1,The Honey Badgers,My Balls Are Afoot,false,W/R,Mike Evans,SF,WR,13.9,470.p.27535
1,The Honey Badgers,My Balls Are Afoot,false,BN,TreVeyon Henderson,NE,RB,0,470.p.41823
1,The Honey Badgers,My Balls Are Afoot,false,BN,Stefon Diggs,WAS,WR,13.5,470.p.28534
1,The Honey Badgers,My Balls Are Afoot,false,BN,Michael Pittman Jr.,PIT,WR,7.3,470.p.32704
1,The Honey Badgers,My Balls Are Afoot,false,BN,Deebo Samuel Sr.,SF,WR,15,470.p.31868
1,The Honey Badgers,My Balls Are Afoot,false,BN,Sam Darnold,SEA,QB,0.52,470.p.30973
1,The Honey Badgers,My Balls Are Afoot,false,BN,Brian Robinson,ATL,RB,3.1,470.p.34054
1,The Honey Badgers,My Balls Are Afoot,false,K,Cameron Dicker,LAC,K,2,470.p.34344
1,The Honey Badgers,My Balls Are Afoot,false,D,Nick Bolton,KC,LB,5.5,470.p.33446
1,The Honey Badgers,My Balls Are Afoot,false,D,Sonny Styles,WAS,LB,8.25,470.p.42629
1,The Honey Badgers,My Balls Are Afoot,false,D,Kaden Elliss,NO,LB,10,470.p.32076
1,The Honey Badgers,Fat Lazy Americans,true,QB,Caleb Williams,CHI,QB,42.26,470.p.40900
1,The Honey Badgers,Fat Lazy Americans,true,RB,Breece Hall,NYJ,RB,18.8,470.p.33991
1,The Honey Badgers,Fat Lazy Americans,true,RB,Bucky Irving,TB,RB,16.8,470.p.40993
1,The Honey Badgers,Fat Lazy Americans,true,WR,Ja'Marr Chase,CIN,WR,2.2,470.p.33393
1,The Honey Badgers,Fat Lazy Americans,true,WR,Rome Odunze,CHI,WR,6.2,470.p.40901
1,The Honey Badgers,Fat Lazy Americans,true,TE,Terrance Ferguson,LAR,TE,0,470.p.41831
1,The Honey Badgers,Fat Lazy Americans,true,W/R,Jeremiyah Love,ARI,RB,12,470.p.42625
1,The Honey Badgers,Fat Lazy Americans,true,BN,Brock Bowers,LV,TE,0,470.p.40878
1,The Honey Badgers,Fat Lazy Americans,true,BN,Carnell Tate,TEN,WR,5.8,470.p.42626
1,The Honey Badgers,Fat Lazy Americans,true,BN,RJ Harvey,DEN,RB,6.1,470.p.41845
1,The Honey Badgers,Fat Lazy Americans,true,BN,Matthew Golden,GB,WR,12.5,470.p.41808
1,The Honey Badgers,Fat Lazy Americans,true,BN,Chris Rodriguez Jr.,JAX,RB,2.3,470.p.40231
1,The Honey Badgers,Fat Lazy Americans,true,BN,Tyler Allgeier,ARI,RB,8,470.p.34107
1,The Honey Badgers,Fat Lazy Americans,true,IR,Zach Charbonnet,SEA,RB,0,470.p.40075
1,The Honey Badgers,Fat Lazy Americans,true,K,Harrison Butker,KC,K,7,470.p.30346
1,The Honey Badgers,Fat Lazy Americans,true,D,Carson Schwesinger,CLE,LB,9.75,470.p.41818
1,The Honey Badgers,Fat Lazy Americans,true,D,Zack Baun,PHI,LB,16.25,470.p.32744
1,The Honey Badgers,Fat Lazy Americans,true,D,Tremaine Edmunds,NYG,LB,11.25,470.p.30986
1,The Honey Badgers,JRZ,false,QB,Justin Herbert,LAC,QB,16.26,470.p.32676
1,The Honey Badgers,JRZ,false,RB,Omarion Hampton,LAC,RB,8.3,470.p.41807
1,The Honey Badgers,JRZ,false,RB,Travis Etienne Jr.,NO,RB,11.3,470.p.33413
1,The Honey Badgers,JRZ,false,WR,Amon-Ra St. Brown,DET,WR,23.7,470.p.33500
1,The Honey Badgers,JRZ,false,WR,Jaylen Waddle,DEN,WR,0.7,470.p.33394
1,The Honey Badgers,JRZ,false,TE,Sam LaPorta,DET,TE,7.3,470.p.40064
1,The Honey Badgers,JRZ,false,W/R,DJ Moore,BUF,WR,18.5,470.p.30994
1,The Honey Badgers,JRZ,false,BN,Chuba Hubbard,CAR,RB,22.2,470.p.33514
1,The Honey Badgers,JRZ,false,BN,Alec Pierce,IND,WR,8.1,470.p.34008
1,The Honey Badgers,JRZ,false,BN,Jordan Addison,MIN,WR,0,470.p.40042
1,The Honey Badgers,JRZ,false,BN,Wan'Dale Robinson,TEN,WR,6.3,470.p.33998
1,The Honey Badgers,JRZ,false,BN,Patrick Mahomes,KC,QB,27.66,470.p.30123
1,The Honey Badgers,JRZ,false,K,Cairo Santos,CHI,K,12,470.p.28227
1,The Honey Badgers,JRZ,false,BN,Wil Lutz,DEN,K,4,470.p.29754
1,The Honey Badgers,JRZ,false,D,Demario Davis,NYJ,LB,10,470.p.25787
1,The Honey Badgers,JRZ,false,D,Budda Baker,ARI,S,8.25,470.p.30149
1,The Honey Badgers,JRZ,false,D,Travis Hunter,JAX,"WR,CB",3.1,470.p.99002
1,The Honey Badgers,Jesus take the wheel,false,QB,Matthew Stafford,LAR,QB,6.1,470.p.9265
1,The Honey Badgers,Jesus take the wheel,false,RB,Saquon Barkley,PHI,RB,8.5,470.p.30972
1,The Honey Badgers,Jesus take the wheel,false,RB,D'Andre Swift,CHI,RB,31.9,470.p.32705
1,The Honey Badgers,Jesus take the wheel,false,WR,Emeka Egbuka,TB,WR,8.8,470.p.41804
1,The Honey Badgers,Jesus take the wheel,false,WR,Parker Washington,JAX,WR,16.8,470.p.40234
1,The Honey Badgers,Jesus take the wheel,false,TE,Isaiah Likely,NYG,TE,23.8,470.p.34095
1,The Honey Badgers,Jesus take the wheel,false,W/R,Jadarian Price,SEA,RB,6.8,470.p.42654
1,The Honey Badgers,Jesus take the wheel,false,BN,Jayden Reed,GB,WR,3.5,470.p.40063
1,The Honey Badgers,Jesus take the wheel,false,BN,Blake Corum,LAR,RB,5.4,470.p.40962
1,The Honey Badgers,Jesus take the wheel,false,BN,Kyler Murray,MIN,QB,0.62,470.p.31833
1,The Honey Badgers,Jesus take the wheel,false,BN,Khalil Shakir,BUF,WR,7,470.p.34104
1,The Honey Badgers,Jesus take the wheel,false,BN,Chig Okonkwo,WAS,TE,2.6,470.p.34099
1,The Honey Badgers,Jesus take the wheel,false,K,Eddy Pineiro,SF,K,11,470.p.31482
1,The Honey Badgers,Jesus take the wheel,false,D,Nate Landman,LAR,LB,10.75,470.p.34291
1,The Honey Badgers,Jesus take the wheel,false,D,Daiyan Henley,LAC,LB,9,470.p.40113
1,The Honey Badgers,Jesus take the wheel,false,D,Azeez Al-Shaair,HOU,LB,9.75,470.p.32318
1,The Honey Badgers,Jesus take the wheel,false,BN,Chamarri Conner,KC,"DB,S",0,470.p.40160
1,The Honey Badgers,Unicorn Love,false,QB,Baker Mayfield,TB,QB,11.64,470.p.30971
1,The Honey Badgers,Unicorn Love,false,RB,De'Von Achane,MIA,RB,8.6,470.p.40118
1,The Honey Badgers,Unicorn Love,false,RB,Jaylen Warren,PIT,RB,7.8,470.p.34447
1,The Honey Badgers,Unicorn Love,false,WR,CeeDee Lamb,DAL,WR,12.9,470.p.32687
1,The Honey Badgers,Unicorn Love,false,WR,Ladd McConkey,LAC,WR,16.7,470.p.40908
1,The Honey Badgers,Unicorn Love,false,TE,Mark Andrews,BAL,TE,6.9,470.p.31056
1,The Honey Badgers,Unicorn Love,false,W/R,Rhamondre Stevenson,NE,RB,12,470.p.33508
1,The Honey Badgers,Unicorn Love,false,BN,Drake Maye,NE,QB,14.82,470.p.40881
1,The Honey Badgers,Unicorn Love,false,BN,Marvin Harrison Jr.,ARI,WR,3.8,470.p.40893
1,The Honey Badgers,Unicorn Love,false,BN,J.K. Dobbins,DEN,RB,3.6,470.p.32725
1,The Honey Badgers,Unicorn Love,false,BN,Hunter Henry,NE,TE,4.1,470.p.29269
1,The Honey Badgers,Unicorn Love,false,K,Harrison Mevis,LAR,K,1,470.p.41312
1,The Honey Badgers,Unicorn Love,false,D,Roquan Smith,BAL,LB,18,470.p.30978
1,The Honey Badgers,Unicorn Love,false,D,Kyle Hamilton,BAL,S,6,470.p.33969
1,The Honey Badgers,Unicorn Love,false,D,Robert Spillane,NE,LB,11.25,470.p.31708
1,The Honey Badgers,Unicorn Love,false,BN,Nick Cross,WAS,S,9.75,470.p.34052
1,The Honey Badgers,Unicorn Love,false,BN,Devin Bush,CHI,LB,9,470.p.31842
1,The Honey Badgers,Kryponite,false,QB,Dak Prescott,DAL,QB,19.4,470.p.29369
1,The Honey Badgers,Kryponite,false,RB,Christian McCaffrey,SF,RB,11.3,470.p.30121
1,The Honey Badgers,Kryponite,false,RB,Quinshon Judkins,CLE,RB,6,470.p.41821
1,The Honey Badgers,Kryponite,false,WR,George Pickens,DAL,WR,4.3,470.p.34007
1,The Honey Badgers,Kryponite,false,WR,DK Metcalf,PIT,WR,6,470.p.31896
1,The Honey Badgers,Kryponite,false,TE,Dalton Kincaid,BUF,TE,15.5,470.p.40048
1,The Honey Badgers,Kryponite,false,W/R,Terry McLaurin,WAS,WR,2.4,470.p.31908
1,The Honey Badgers,Kryponite,false,BN,Malik Nabers,NYG,WR,9.9,470.p.40899
1,The Honey Badgers,Kryponite,false,BN,Tyjae Spears,TEN,RB,3.4,470.p.40119
1,The Honey Badgers,Kryponite,false,BN,Ray Davis,BUF,RB,0.3,470.p.40980
1,The Honey Badgers,Kryponite,false,BN,Jonah Coleman,DEN,RB,0,470.p.42730
1,The Honey Badgers,Kryponite,false,BN,Rashid Shaheed,SEA,WR,0.9,470.p.34659
1,The Honey Badgers,Kryponite,false,BN,Emmett Johnson,KC,RB,8.55,470.p.42796
1,The Honey Badgers,Kryponite,false,K,Jake Bates,DET,K,7,470.p.40835
1,The Honey Badgers,Kryponite,false,D,Quay Walker,LV,LB,9,470.p.33977
1,The Honey Badgers,Kryponite,false,D,Myles Garrett,LAR,"LB,DE",0,470.p.30114
1,The Honey Badgers,Kryponite,false,D,Derwin James Jr.,LAC,S,13.75,470.p.30987
1,Rose Bowl XIX,Jukin Junies,false,QB,Josh Allen,BUF,QB,39.66,470.p.30977
1,Rose Bowl XIX,Jukin Junies,false,RB,Derrick Henry,BAL,RB,35.3,470.p.29279
1,Rose Bowl XIX,Jukin Junies,false,RB,D'Andre Swift,CHI,RB,32.4,470.p.32705
1,Rose Bowl XIX,Jukin Junies,false,WR,Amon-Ra St. Brown,DET,WR,28.7,470.p.33500
1,Rose Bowl XIX,Jukin Junies,false,WR,Terry McLaurin,WAS,WR,3.4,470.p.31908
1,Rose Bowl XIX,Jukin Junies,false,TE,Travis Kelce,KC,TE,10.1,470.p.26686
1,Rose Bowl XIX,Jukin Junies,false,W/R,Christian Watson,GB,WR,32.7,470.p.33989
1,Rose Bowl XIX,Jukin Junies,false,BN,Rico Dowdle,PIT,RB,4.1,470.p.33100
1,Rose Bowl XIX,Jukin Junies,false,BN,Jonathon Brooks,CAR,RB,7.2,470.p.40926
1,Rose Bowl XIX,Jukin Junies,false,BN,Michael Pittman Jr.,PIT,WR,8.8,470.p.32704
1,Rose Bowl XIX,Jukin Junies,false,BN,Isaiah Likely,NYG,TE,27.8,470.p.34095
1,Rose Bowl XIX,Jukin Junies,false,BN,Tyjae Spears,TEN,RB,4.4,470.p.40119
1,Rose Bowl XIX,Jukin Junies,false,BN,Braelon Allen,NYJ,RB,4,470.p.40981
1,Rose Bowl XIX,Jukin Junies,false,K,Tyler Loop,BAL,K,15,470.p.41988
1,Rose Bowl XIX,Jukin Junies,false,D,Blake Cashman,MIN,LB,7.5,470.p.31989
1,Rose Bowl XIX,Jukin Junies,false,D,Zack Baun,PHI,LB,11.5,470.p.32744
1,Rose Bowl XIX,Jukin Junies,false,D,Quay Walker,LV,LB,6,470.p.33977
1,Rose Bowl XIX,Concussion Protocol,false,QB,Caleb Williams,CHI,QB,41.26,470.p.40900
1,Rose Bowl XIX,Concussion Protocol,false,RB,Bijan Robinson,ATL,RB,31.3,470.p.40055
1,Rose Bowl XIX,Concussion Protocol,false,RB,David Montgomery,HOU,RB,28.9,470.p.31905
1,Rose Bowl XIX,Concussion Protocol,false,WR,A.J. Brown,NE,WR,5.6,470.p.31883
1,Rose Bowl XIX,Concussion Protocol,false,WR,Davante Adams,LAR,WR,5.6,470.p.27581
1,Rose Bowl XIX,Concussion Protocol,false,TE,Trey McBride,ARI,TE,24.5,470.p.34010
1,Rose Bowl XIX,Concussion Protocol,false,W/R,Quentin Johnston,LAC,WR,3.7,470.p.40051
1,Rose Bowl XIX,Concussion Protocol,false,BN,Carnell Tate,TEN,WR,7.8,470.p.42626
1,Rose Bowl XIX,Concussion Protocol,false,BN,Jacory Croskey-Merritt,WAS,RB,12.6,470.p.42010
1,Rose Bowl XIX,Concussion Protocol,false,BN,Courtland Sutton,DEN,WR,4.1,470.p.31010
1,Rose Bowl XIX,Concussion Protocol,false,BN,Jordan Addison,MIN,WR,0,470.p.40042
1,Rose Bowl XIX,Concussion Protocol,false,BN,Jared Goff,DET,QB,20.44,470.p.29235
1,Rose Bowl XIX,Concussion Protocol,false,K,Harrison Mevis,LAR,K,1,470.p.41312
1,Rose Bowl XIX,Concussion Protocol,false,D,Barrett Carter,CIN,LB,10,470.p.41906
1,Rose Bowl XIX,Concussion Protocol,false,D,Nick Bolton,KC,LB,4,470.p.33446
1,Rose Bowl XIX,Concussion Protocol,false,D,Devin Lloyd,CAR,LB,11,470.p.33982
1,Rose Bowl XIX,Concussion Protocol,false,BN,Robert Spillane,NE,LB,7.5,470.p.31708
1,Rose Bowl XIX,Sir Nix A Lot,false,QB,Bo Nix,DEN,QB,7.44,470.p.40875
1,Rose Bowl XIX,Sir Nix A Lot,false,RB,Jonathan Taylor,IND,RB,25.1,470.p.32711
1,Rose Bowl XIX,Sir Nix A Lot,false,RB,Jeremiyah Love,ARI,RB,13,470.p.42625
1,Rose Bowl XIX,Sir Nix A Lot,false,WR,George Pickens,DAL,WR,5.8,470.p.34007
1,Rose Bowl XIX,Sir Nix A Lot,false,WR,DJ Moore,BUF,WR,21,470.p.30994
1,Rose Bowl XIX,Sir Nix A Lot,false,TE,Tyler Warren,IND,TE,10.3,470.p.41799
1,Rose Bowl XIX,Sir Nix A Lot,false,W/R,TreVeyon Henderson,NE,RB,0,470.p.41823
1,Rose Bowl XIX,Sir Nix A Lot,false,BN,MarShawn Lloyd,GB,RB,3.7,470.p.40971
1,Rose Bowl XIX,Sir Nix A Lot,false,BN,Stefon Diggs,WAS,WR,15.5,470.p.28534
1,Rose Bowl XIX,Sir Nix A Lot,false,BN,KC Concepcion Jr.,CLE,WR,8.2,470.p.42646
1,Rose Bowl XIX,Sir Nix A Lot,false,BN,Rachaad White,WAS,RB,7.06,470.p.34047
1,Rose Bowl XIX,Sir Nix A Lot,false,BN,Juwan Johnson,NO,TE,14.4,470.p.33113
1,Rose Bowl XIX,Sir Nix A Lot,false,BN,Isaac TeSlaa,DET,WR,0,470.p.41865
1,Rose Bowl XIX,Sir Nix A Lot,false,K,Jake Bates,DET,K,7,470.p.40835
1,Rose Bowl XIX,Sir Nix A Lot,false,D,Kyle Hamilton,BAL,S,4,470.p.33969
1,Rose Bowl XIX,Sir Nix A Lot,false,D,Nate Landman,LAR,LB,7.5,470.p.34291
1,Rose Bowl XIX,Sir Nix A Lot,false,D,Cooper DeJean,PHI,"DB,CB",6,470.p.40934
1,Rose Bowl XIX,CallinginSickMonday,false,QB,Dak Prescott,DAL,QB,18.4,470.p.29369
1,Rose Bowl XIX,CallinginSickMonday,false,RB,Ashton Jeanty,LV,RB,32.7,470.p.41791
1,Rose Bowl XIX,CallinginSickMonday,false,RB,Breece Hall,NYJ,RB,19.8,470.p.33991
1,Rose Bowl XIX,CallinginSickMonday,false,WR,Jaxon Smith-Njigba,SEA,WR,26.2,470.p.40041
1,Rose Bowl XIX,CallinginSickMonday,false,WR,Tetairoa McMillan,CAR,WR,10.5,470.p.41793
1,Rose Bowl XIX,CallinginSickMonday,false,TE,Harold Fannin Jr.,CLE,TE,4.1,470.p.41877
1,Rose Bowl XIX,CallinginSickMonday,false,W/R,Quinshon Judkins,CLE,RB,7,470.p.41821
1,Rose Bowl XIX,CallinginSickMonday,false,BN,Rome Odunze,CHI,WR,7.2,470.p.40901
1,Rose Bowl XIX,CallinginSickMonday,false,BN,Brian Thomas Jr.,JAX,WR,7,470.p.40883
1,Rose Bowl XIX,CallinginSickMonday,false,BN,Josh Jacobs,GB,RB,0,470.p.31856
1,Rose Bowl XIX,CallinginSickMonday,false,BN,Patrick Mahomes,KC,QB,25.66,470.p.30123
1,Rose Bowl XIX,CallinginSickMonday,false,BN,Xavier Worthy,KC,WR,4.8,470.p.40877
1,Rose Bowl XIX,CallinginSickMonday,false,BN,Brenton Strange,JAX,TE,10.3,470.p.40078
1,Rose Bowl XIX,CallinginSickMonday,false,K,Eddy Pineiro,SF,K,11,470.p.31482
1,Rose Bowl XIX,CallinginSickMonday,false,D,Jordyn Brooks,MIA,LB,7.5,470.p.32697
1,Rose Bowl XIX,CallinginSickMonday,false,D,Carson Schwesinger,CLE,LB,6.5,470.p.41818
1,Rose Bowl XIX,CallinginSickMonday,false,D,Roquan Smith,BAL,LB,13,470.p.30978
1,Rose Bowl XIX,Nabers of the Lost Ark,false,QB,Jayden Daniels,WAS,QB,21.66,470.p.40896
1,Rose Bowl XIX,Nabers of the Lost Ark,false,RB,Jahmyr Gibbs,DET,RB,33.6,470.p.40059
1,Rose Bowl XIX,Nabers of the Lost Ark,false,RB,Bhayshul Tuten,JAX,RB,9.8,470.p.41900
1,Rose Bowl XIX,Nabers of the Lost Ark,false,WR,Drake London,ATL,WR,5.5,470.p.33963
1,Rose Bowl XIX,Nabers of the Lost Ark,false,WR,Garrett Wilson,NYJ,WR,13.9,470.p.33965
1,Rose Bowl XIX,Nabers of the Lost Ark,false,TE,Sam LaPorta,DET,TE,9.8,470.p.40064
1,Rose Bowl XIX,Nabers of the Lost Ark,false,W/R,Malik Nabers,NYG,WR,12.9,470.p.40899
1,Rose Bowl XIX,Nabers of the Lost Ark,false,BN,Josh Downs,IND,WR,6.7,470.p.40126
1,Rose Bowl XIX,Nabers of the Lost Ark,false,BN,Wan'Dale Robinson,TEN,WR,8.8,470.p.33998
1,Rose Bowl XIX,Nabers of the Lost Ark,false,BN,Zach Charbonnet,SEA,RB,0,470.p.40075
1,Rose Bowl XIX,Nabers of the Lost Ark,false,BN,Dalton Schultz,HOU,TE,7.5,470.p.31107
1,Rose Bowl XIX,Nabers of the Lost Ark,false,K,Cameron Dicker,LAC,K,2,470.p.34344
1,Rose Bowl XIX,Nabers of the Lost Ark,false,D,Julian Love,SEA,S,9,470.p.31940
1,Rose Bowl XIX,Nabers of the Lost Ark,false,D,Derwin James Jr.,LAC,S,9.5,470.p.30987
1,Rose Bowl XIX,Nabers of the Lost Ark,false,D,Malaki Starks,BAL,S,7.5,470.p.41812
1,Rose Bowl XIX,Nabers of the Lost Ark,false,BN,Divine Deablo,ATL,LB,7,470.p.33468
1,Rose Bowl XIX,Panda XL,false,QB,Jalen Hurts,PHI,QB,30.72,470.p.32723
1,Rose Bowl XIX,Panda XL,false,RB,Kenneth Walker III,KC,RB,34.1,470.p.33996
1,Rose Bowl XIX,Panda XL,false,RB,Cam Skattebo,NYG,RB,14.1,470.p.41922
1,Rose Bowl XIX,Panda XL,false,WR,Justin Jefferson,MIN,WR,31.2,470.p.32692
1,Rose Bowl XIX,Panda XL,false,WR,Ladd McConkey,LAC,WR,19.2,470.p.40908
1,Rose Bowl XIX,Panda XL,false,TE,Jake Ferguson,DAL,TE,2.6,470.p.34085
1,Rose Bowl XIX,Panda XL,false,W/R,Parker Washington,JAX,WR,19.1,470.p.40234
1,Rose Bowl XIX,Panda XL,false,BN,J.K. Dobbins,DEN,RB,3.6,470.p.32725
1,Rose Bowl XIX,Panda XL,false,BN,Chris Godwin Jr.,TB,WR,8.3,470.p.30197
1,Rose Bowl XIX,Panda XL,false,BN,Matthew Stafford,LAR,QB,4.1,470.p.9265
1,Rose Bowl XIX,Panda XL,false,BN,Tyler Allgeier,ARI,RB,9,470.p.34107
1,Rose Bowl XIX,Panda XL,false,BN,Rashid Shaheed,SEA,WR,4.96,470.p.34659
1,Rose Bowl XIX,Panda XL,false,K,Chris Boswell,PIT,K,9,470.p.28188
1,Rose Bowl XIX,Panda XL,false,D,Alex Singleton,DEN,LB,10.5,470.p.28716
1,Rose Bowl XIX,Panda XL,false,D,Aidan Hutchinson,DET,"DL,DE",10.5,470.p.33957
1,Rose Bowl XIX,Panda XL,false,D,Quincy Williams,CLE,LB,3.5,470.p.31930
1,Rose Bowl XIX,Panda XL,false,BN,Aaron Donald,LAR,"DT,DE",0,470.p.27541
1,Rose Bowl XIX,Chubbtown Brownies,false,QB,Trevor Lawrence,JAX,QB,34.1,470.p.33389
1,Rose Bowl XIX,Chubbtown Brownies,false,RB,Chase Brown,CIN,RB,18.8,470.p.40196
1,Rose Bowl XIX,Chubbtown Brownies,false,RB,Travis Etienne Jr.,NO,RB,14.8,470.p.33413
1,Rose Bowl XIX,Chubbtown Brownies,false,WR,CeeDee Lamb,DAL,WR,15.4,470.p.32687
1,Rose Bowl XIX,Chubbtown Brownies,false,WR,Jaylen Waddle,DEN,WR,1.2,470.p.33394
1,Rose Bowl XIX,Chubbtown Brownies,false,TE,Dallas Goedert,PHI,TE,23.7,470.p.31019
1,Rose Bowl XIX,Chubbtown Brownies,false,W/R,Jameson Williams,DET,WR,8.5,470.p.33967
1,Rose Bowl XIX,Chubbtown Brownies,false,BN,George Kittle,SF,TE,4.2,470.p.30259
1,Rose Bowl XIX,Chubbtown Brownies,false,BN,DK Metcalf,PIT,WR,8,470.p.31896
1,Rose Bowl XIX,Chubbtown Brownies,false,BN,Jayden Reed,GB,WR,5,470.p.40063
1,Rose Bowl XIX,Chubbtown Brownies,false,BN,Woody Marks,HOU,RB,8.12,470.p.41902
1,Rose Bowl XIX,Chubbtown Brownies,false,BN,Emmett Johnson,KC,RB,9.3,470.p.42796
1,Rose Bowl XIX,Chubbtown Brownies,false,BN,Jonah Coleman,DEN,RB,1.08,470.p.42730
1,Rose Bowl XIX,Chubbtown Brownies,false,BN,Brian Robinson,ATL,RB,5.66,470.p.34054
1,Rose Bowl XIX,Chubbtown Brownies,false,BN,Denzel Boston,CLE,WR,13.9,470.p.42661
1,Rose Bowl XIX,Chubbtown Brownies,false,IR,Jordyn Tyson,NO,WR,0,470.p.42630
1,Rose Bowl XIX,Chubbtown Brownies,false,K,Ka'imi Fairbairn,HOU,K,9.5,470.p.29792
1,Rose Bowl XIX,Chubbtown Brownies,false,D,Sonny Styles,WAS,LB,6.5,470.p.42629
1,Rose Bowl XIX,L.V. Rosekillers,false,QB,Lamar Jackson,BAL,QB,26.96,470.p.31002
1,Rose Bowl XIX,L.V. Rosekillers,false,RB,Christian McCaffrey,SF,RB,13.8,470.p.30121
1,Rose Bowl XIX,L.V. Rosekillers,false,RB,Rhamondre Stevenson,NE,RB,14.5,470.p.33508
1,Rose Bowl XIX,L.V. Rosekillers,false,WR,DeVonta Smith,PHI,WR,8.3,470.p.33398
1,Rose Bowl XIX,L.V. Rosekillers,false,WR,Nico Collins,HOU,WR,21.2,470.p.33477
1,Rose Bowl XIX,L.V. Rosekillers,false,TE,Kyle Pitts Sr.,ATL,TE,0,470.p.33392
1,Rose Bowl XIX,L.V. Rosekillers,false,W/R,Tre Tucker,LV,WR,4.7,470.p.40114
1,Rose Bowl XIX,L.V. Rosekillers,false,BN,Michael Wilson,ARI,WR,10.6,470.p.40121
1,Rose Bowl XIX,L.V. Rosekillers,false,BN,Chuba Hubbard,CAR,RB,23.7,470.p.33514
1,Rose Bowl XIX,L.V. Rosekillers,false,BN,Mark Andrews,BAL,TE,8.9,470.p.31056
1,Rose Bowl XIX,L.V. Rosekillers,false,BN,Aaron Jones Sr.,MIN,RB,10,470.p.30295
1,Rose Bowl XIX,L.V. Rosekillers,false,BN,Tank Bigsby,PHI,RB,2.3,470.p.40095
1,Rose Bowl XIX,L.V. Rosekillers,false,K,Brandon Aubrey,DAL,K,2,470.p.40819
1,Rose Bowl XIX,L.V. Rosekillers,false,D,Devin White,DET,LB,2,470.p.31837
1,Rose Bowl XIX,L.V. Rosekillers,false,D,Kam Curl,LAR,S,2,470.p.32886
1,Rose Bowl XIX,L.V. Rosekillers,false,D,Travis Hunter,JAX,"WR,CB",3.1,470.p.99002
1,Rose Bowl XIX,L.V. Rosekillers,false,BN,Brian Burns,NYG,"LB,DE",2,470.p.31848
1,Rose Bowl XIX,Waiting for Basketball,false,QB,Brock Purdy,SF,QB,27.1,470.p.34218
1,Rose Bowl XIX,Waiting for Basketball,false,RB,Saquon Barkley,PHI,RB,9,470.p.30972
1,Rose Bowl XIX,Waiting for Basketball,false,RB,De'Von Achane,MIA,RB,10.6,470.p.40118
1,Rose Bowl XIX,Waiting for Basketball,false,WR,Rashee Rice,KC,WR,9.9,470.p.40084
1,Rose Bowl XIX,Waiting for Basketball,false,WR,Mike Evans,SF,WR,16.9,470.p.27535
1,Rose Bowl XIX,Waiting for Basketball,false,TE,Colston Loveland,CHI,TE,0,470.p.41795
1,Rose Bowl XIX,Waiting for Basketball,false,W/R,Jaylen Warren,PIT,RB,10.3,470.p.34447
1,Rose Bowl XIX,Waiting for Basketball,false,BN,Marvin Harrison Jr.,ARI,WR,4.3,470.p.40893
1,Rose Bowl XIX,Waiting for Basketball,false,BN,Alec Pierce,IND,WR,10.1,470.p.34008
1,Rose Bowl XIX,Waiting for Basketball,false,BN,Mike Washington Jr.,LV,RB,4.1,470.p.42744
1,Rose Bowl XIX,Waiting for Basketball,false,BN,Chris Rodriguez Jr.,JAX,RB,2.3,470.p.40231
1,Rose Bowl XIX,Waiting for Basketball,false,BN,Deebo Samuel Sr.,SF,WR,20.96,470.p.31868
1,Rose Bowl XIX,Waiting for Basketball,false,BN,Jauan Jennings,MIN,WR,0,470.p.32887
1,Rose Bowl XIX,Waiting for Basketball,false,K,Jason Myers,SEA,K,7,470.p.28378
1,Rose Bowl XIX,Waiting for Basketball,false,D,Fred Warner,SF,LB,11,470.p.31040
1,Rose Bowl XIX,Waiting for Basketball,false,D,Myles Garrett,LAR,"LB,DE",0,470.p.30114
1,Rose Bowl XIX,Waiting for Basketball,false,D,Devin Bush,CHI,LB,6,470.p.31842
1,Rose Bowl XIX,Bear Force One,false,QB,Drake Maye,NE,QB,11.82,470.p.40881
1,Rose Bowl XIX,Bear Force One,false,RB,Tony Pollard,TEN,RB,4.4,470.p.31960
1,Rose Bowl XIX,Bear Force One,false,RB,Javonte Williams,DAL,RB,24.2,470.p.33423
1,Rose Bowl XIX,Bear Force One,false,WR,Puka Nacua,LAR,WR,13.4,470.p.40168
1,Rose Bowl XIX,Bear Force One,false,WR,Emeka Egbuka,TB,WR,11.3,470.p.41804
1,Rose Bowl XIX,Bear Force One,false,TE,Hunter Henry,NE,TE,5.6,470.p.29269
1,Rose Bowl XIX,Bear Force One,false,W/R,Blake Corum,LAR,RB,5.4,470.p.40962
1,Rose Bowl XIX,Bear Force One,false,BN,Brock Bowers,LV,TE,0,470.p.40878
1,Rose Bowl XIX,Bear Force One,false,BN,Jordan Mason,MIN,RB,11.9,470.p.34320
1,Rose Bowl XIX,Bear Force One,false,BN,Ja'Kobi Lane,BAL,WR,2.1,470.p.42702
1,Rose Bowl XIX,Bear Force One,false,BN,Kaelon Black,SF,RB,8,470.p.42712
1,Rose Bowl XIX,Bear Force One,false,BN,Malachi Fields,NYG,WR,4.5,470.p.42696
1,Rose Bowl XIX,Bear Force One,false,BN,Jordan Love,GB,QB,24.48,470.p.32696
1,Rose Bowl XIX,Bear Force One,false,K,Cam Little,JAX,K,12,470.p.41062
1,Rose Bowl XIX,Bear Force One,false,D,Jack Campbell,DET,LB,6,470.p.40036
1,Rose Bowl XIX,Bear Force One,false,D,Foyesade Oluokun,JAX,LB,7.5,470.p.31170
1,Rose Bowl XIX,Bear Force One,false,D,Nakobe Dean,LV,LB,10.5,470.p.34039
1,Rose Bowl XIX,Fat Lazy Americans,true,QB,Justin Herbert,LAC,QB,15.26,470.p.32676
1,Rose Bowl XIX,Fat Lazy Americans,true,RB,Kyren Williams,LAR,RB,15.5,470.p.34120
1,Rose Bowl XIX,Fat Lazy Americans,true,RB,Bucky Irving,TB,RB,20.3,470.p.40993
1,Rose Bowl XIX,Fat Lazy Americans,true,WR,Ja'Marr Chase,CIN,WR,3.2,470.p.33393
1,Rose Bowl XIX,Fat Lazy Americans,true,WR,Chris Olave,NO,WR,28.2,470.p.33966
1,Rose Bowl XIX,Fat Lazy Americans,true,TE,Tucker Kraft,GB,TE,9.5,470.p.40102
1,Rose Bowl XIX,Fat Lazy Americans,true,W/R,Luther Burden III,CHI,WR,9.5,470.p.41824
1,Rose Bowl XIX,Fat Lazy Americans,true,BN,RJ Harvey,DEN,RB,12.54,470.p.41845
1,Rose Bowl XIX,Fat Lazy Americans,true,BN,Kyle Monangai,CHI,RB,20.4,470.p.42025
1,Rose Bowl XIX,Fat Lazy Americans,true,BN,Matthew Golden,GB,WR,15.5,470.p.41808
1,Rose Bowl XIX,Fat Lazy Americans,true,BN,Jalen Coker,CAR,WR,33.8,470.p.41293
1,Rose Bowl XIX,Fat Lazy Americans,true,BN,Khalil Shakir,BUF,WR,9,470.p.34104
1,Rose Bowl XIX,Fat Lazy Americans,true,BN,Dontayvion Wicks,PHI,WR,15.3,470.p.40201
1,Rose Bowl XIX,Fat Lazy Americans,true,K,Harrison Butker,KC,K,7,470.p.30346
1,Rose Bowl XIX,Fat Lazy Americans,true,D,Jamien Sherwood,NYJ,LB,3,470.p.33534
1,Rose Bowl XIX,Fat Lazy Americans,true,D,Ernest Jones IV,SEA,LB,10.5,470.p.33491
1,Rose Bowl XIX,Fat Lazy Americans,true,BN,Cedric Gray,TEN,LB,0,470.p.40988
1,Rose Bowl XIX,OUTLAWS,false,QB,Joe Burrow,CIN,QB,16.16,470.p.32671
1,Rose Bowl XIX,OUTLAWS,false,RB,James Cook III,BUF,RB,9.9,470.p.34019
1,Rose Bowl XIX,OUTLAWS,false,RB,Omarion Hampton,LAC,RB,8.3,470.p.41807
1,Rose Bowl XIX,OUTLAWS,false,WR,Tee Higgins,CIN,WR,8.9,470.p.32703
1,Rose Bowl XIX,OUTLAWS,false,WR,Zay Flowers,BAL,WR,26,470.p.40039
1,Rose Bowl XIX,OUTLAWS,false,TE,Dalton Kincaid,BUF,TE,18,470.p.40048
1,Rose Bowl XIX,OUTLAWS,false,W/R,Jadarian Price,SEA,RB,7.8,470.p.42654
1,Rose Bowl XIX,OUTLAWS,false,BN,Makai Lemon,PHI,WR,2.5,470.p.42642
1,Rose Bowl XIX,OUTLAWS,false,BN,Jaxson Dart,NYG,QB,32.6,470.p.41810
1,Rose Bowl XIX,OUTLAWS,false,BN,Jakobi Meyers,JAX,WR,12.2,470.p.32231
1,Rose Bowl XIX,OUTLAWS,false,BN,Keaton Mitchell,LAC,RB,2.78,470.p.40641
1,Rose Bowl XIX,OUTLAWS,false,BN,Chig Okonkwo,WAS,TE,3.6,470.p.34099
1,Rose Bowl XIX,OUTLAWS,false,K,Will Reichard,MIN,K,8,470.p.41093
1,Rose Bowl XIX,OUTLAWS,false,D,Marcus Jones,NE,"DB,CB",3.5,470.p.34041
1,Rose Bowl XIX,OUTLAWS,false,D,Juanyeh Thomas,DAL,S,0,470.p.34595
1,Rose Bowl XIX,OUTLAWS,false,D,Josh Blackwell,CHI,"DB,CB",4.4,470.p.34375
1,Rose Bowl XIX,OUTLAWS,false,BN,Malachi Moore,NYJ,S,1,470.p.41895
1,CC Bowl XV CHAMPIONS LEAGUE,Fat Lazy Americans,true,QB,Josh Allen,BUF,QB,41.66,470.p.30977
1,CC Bowl XV CHAMPIONS LEAGUE,Fat Lazy Americans,true,RB,Bijan Robinson,ATL,RB,31.3,470.p.40055
1,CC Bowl XV CHAMPIONS LEAGUE,Fat Lazy Americans,true,RB,Bucky Irving,TB,RB,20.3,470.p.40993
1,CC Bowl XV CHAMPIONS LEAGUE,Fat Lazy Americans,true,WR,Drake London,ATL,WR,5.5,470.p.33963
1,CC Bowl XV CHAMPIONS LEAGUE,Fat Lazy Americans,true,WR,Rashee Rice,KC,WR,9.9,470.p.40084
1,CC Bowl XV CHAMPIONS LEAGUE,Fat Lazy Americans,true,TE,Trey McBride,ARI,TE,24.5,470.p.34010
1,CC Bowl XV CHAMPIONS LEAGUE,Fat Lazy Americans,true,W/R/T,Garrett Wilson,NYJ,WR,13.9,470.p.33965
1,CC Bowl XV CHAMPIONS LEAGUE,Fat Lazy Americans,true,BN,Brock Bowers,LV,TE,0,470.p.40878
1,CC Bowl XV CHAMPIONS LEAGUE,Fat Lazy Americans,true,BN,Davante Adams,LAR,WR,5.6,470.p.27581
1,CC Bowl XV CHAMPIONS LEAGUE,Fat Lazy Americans,true,BN,Quinshon Judkins,CLE,RB,7,470.p.41821
1,CC Bowl XV CHAMPIONS LEAGUE,Fat Lazy Americans,true,BN,Dak Prescott,DAL,QB,18.4,470.p.29369
1,CC Bowl XV CHAMPIONS LEAGUE,Fat Lazy Americans,true,K,Cairo Santos,CHI,K,12,470.p.28227
1,CC Bowl XV CHAMPIONS LEAGUE,Fat Lazy Americans,true,DEF,Jaguars,JAX,DEF,24,470.p.100030
1,CC Bowl XV CHAMPIONS LEAGUE,Fat Lazy Americans,true,D,Jordyn Brooks,MIA,LB,7.5,470.p.32697
1,CC Bowl XV CHAMPIONS LEAGUE,Fat Lazy Americans,true,D,Jack Campbell,DET,LB,6,470.p.40036
1,CC Bowl XV CHAMPIONS LEAGUE,Fat Lazy Americans,true,BN,Carson Schwesinger,CLE,LB,6.5,470.p.41818
1,CC Bowl XV CHAMPIONS LEAGUE,CallingInSickMonday,false,QB,Lamar Jackson,BAL,QB,28.96,470.p.31002
1,CC Bowl XV CHAMPIONS LEAGUE,CallingInSickMonday,false,RB,Saquon Barkley,PHI,RB,9,470.p.30972
1,CC Bowl XV CHAMPIONS LEAGUE,CallingInSickMonday,false,RB,Travis Etienne Jr.,NO,RB,14.8,470.p.33413
1,CC Bowl XV CHAMPIONS LEAGUE,CallingInSickMonday,false,WR,Amon-Ra St. Brown,DET,WR,28.7,470.p.33500
1,CC Bowl XV CHAMPIONS LEAGUE,CallingInSickMonday,false,WR,A.J. Brown,NE,WR,5.6,470.p.31883
1,CC Bowl XV CHAMPIONS LEAGUE,CallingInSickMonday,false,TE,Travis Kelce,KC,TE,10.1,470.p.26686
1,CC Bowl XV CHAMPIONS LEAGUE,CallingInSickMonday,false,W/R/T,DeVonta Smith,PHI,WR,8.3,470.p.33398
1,CC Bowl XV CHAMPIONS LEAGUE,CallingInSickMonday,false,BN,George Kittle,SF,TE,4.2,470.p.30259
1,CC Bowl XV CHAMPIONS LEAGUE,CallingInSickMonday,false,BN,Emeka Egbuka,TB,WR,11.3,470.p.41804
1,CC Bowl XV CHAMPIONS LEAGUE,CallingInSickMonday,false,BN,Mike Evans,SF,WR,16.9,470.p.27535
1,CC Bowl XV CHAMPIONS LEAGUE,CallingInSickMonday,false,BN,Jaylen Warren,PIT,RB,10.3,470.p.34447
1,CC Bowl XV CHAMPIONS LEAGUE,CallingInSickMonday,false,K,Brandon Aubrey,DAL,K,2,470.p.40819
1,CC Bowl XV CHAMPIONS LEAGUE,CallingInSickMonday,false,DEF,Steelers,PIT,DEF,27,470.p.100023
1,CC Bowl XV CHAMPIONS LEAGUE,CallingInSickMonday,false,BN,Vikings,MIN,DEF,17,470.p.100016
1,CC Bowl XV CHAMPIONS LEAGUE,CallingInSickMonday,false,D,Roquan Smith,BAL,LB,13,470.p.30978
1,CC Bowl XV CHAMPIONS LEAGUE,CallingInSickMonday,false,D,Fred Warner,SF,LB,12,470.p.31040
1,CC Bowl XV CHAMPIONS LEAGUE,KC Masterpiece,false,QB,Justin Herbert,LAC,QB,15.26,470.p.32676
1,CC Bowl XV CHAMPIONS LEAGUE,KC Masterpiece,false,RB,James Cook III,BUF,RB,9.9,470.p.34019
1,CC Bowl XV CHAMPIONS LEAGUE,KC Masterpiece,false,RB,D'Andre Swift,CHI,RB,34.4,470.p.32705
1,CC Bowl XV CHAMPIONS LEAGUE,KC Masterpiece,false,WR,Jaxon Smith-Njigba,SEA,WR,27.2,470.p.40041
1,CC Bowl XV CHAMPIONS LEAGUE,KC Masterpiece,false,WR,Chris Olave,NO,WR,31.2,470.p.33966
1,CC Bowl XV CHAMPIONS LEAGUE,KC Masterpiece,false,TE,Tyler Warren,IND,TE,10.3,470.p.41799
1,CC Bowl XV CHAMPIONS LEAGUE,KC Masterpiece,false,W/R/T,Malik Nabers,NYG,WR,12.9,470.p.40899
1,CC Bowl XV CHAMPIONS LEAGUE,KC Masterpiece,false,BN,Ladd McConkey,LAC,WR,19.2,470.p.40908
1,CC Bowl XV CHAMPIONS LEAGUE,KC Masterpiece,false,BN,Rhamondre Stevenson,NE,RB,14.5,470.p.33508
1,CC Bowl XV CHAMPIONS LEAGUE,KC Masterpiece,false,BN,TreVeyon Henderson,NE,RB,0,470.p.41823
1,CC Bowl XV CHAMPIONS LEAGUE,KC Masterpiece,false,BN,Dallas Goedert,PHI,TE,23.7,470.p.31019
1,CC Bowl XV CHAMPIONS LEAGUE,KC Masterpiece,false,BN,Jared Goff,DET,QB,20.44,470.p.29235
1,CC Bowl XV CHAMPIONS LEAGUE,KC Masterpiece,false,K,Will Reichard,MIN,K,8,470.p.41093
1,CC Bowl XV CHAMPIONS LEAGUE,KC Masterpiece,false,DEF,Texans,HOU,DEF,0,470.p.100034
1,CC Bowl XV CHAMPIONS LEAGUE,KC Masterpiece,false,D,Marcus Jones,NE,"DB,CB",3.5,470.p.34041
1,CC Bowl XV CHAMPIONS LEAGUE,KC Masterpiece,false,D,Jalen Reeves-Maybin,CHI,LB,0,470.p.30237
1,CC Bowl XV CHAMPIONS LEAGUE,Ninja Goblins,false,QB,Kyler Murray,MIN,QB,-0.38,470.p.31833
1,CC Bowl XV CHAMPIONS LEAGUE,Ninja Goblins,false,RB,Jonathan Taylor,IND,RB,25.1,470.p.32711
1,CC Bowl XV CHAMPIONS LEAGUE,Ninja Goblins,false,RB,Bhayshul Tuten,JAX,RB,9.8,470.p.41900
1,CC Bowl XV CHAMPIONS LEAGUE,Ninja Goblins,false,WR,CeeDee Lamb,DAL,WR,15.4,470.p.32687
1,CC Bowl XV CHAMPIONS LEAGUE,Ninja Goblins,false,WR,DJ Moore,BUF,WR,22,470.p.30994
1,CC Bowl XV CHAMPIONS LEAGUE,Ninja Goblins,false,TE,Harold Fannin Jr.,CLE,TE,4.1,470.p.41877
1,CC Bowl XV CHAMPIONS LEAGUE,Ninja Goblins,false,W/R/T,MarShawn Lloyd,GB,RB,3.7,470.p.40971
1,CC Bowl XV CHAMPIONS LEAGUE,Ninja Goblins,false,BN,Ashton Jeanty,LV,RB,34.7,470.p.41791
1,CC Bowl XV CHAMPIONS LEAGUE,Ninja Goblins,false,BN,Jalen Hurts,PHI,QB,30.72,470.p.32723
1,CC Bowl XV CHAMPIONS LEAGUE,Ninja Goblins,false,BN,Dalton Kincaid,BUF,TE,19,470.p.40048
1,CC Bowl XV CHAMPIONS LEAGUE,Ninja Goblins,false,BN,Kenny Gainwell,TB,RB,3.68,470.p.33538
1,CC Bowl XV CHAMPIONS LEAGUE,Ninja Goblins,false,BN,Quentin Johnston,LAC,WR,3.7,470.p.40051
1,CC Bowl XV CHAMPIONS LEAGUE,Ninja Goblins,false,K,Cam Little,JAX,K,12,470.p.41062
1,CC Bowl XV CHAMPIONS LEAGUE,Ninja Goblins,false,DEF,Broncos,DEN,DEF,5,470.p.100007
1,CC Bowl XV CHAMPIONS LEAGUE,Ninja Goblins,false,D,Nick Bolton,KC,LB,4,470.p.33446
1,CC Bowl XV CHAMPIONS LEAGUE,Ninja Goblins,false,D,Nate Landman,LAR,LB,7.5,470.p.34291
1,CC Bowl XV CHAMPIONS LEAGUE,The Omen,false,QB,Trevor Lawrence,JAX,QB,34.1,470.p.33389
1,CC Bowl XV CHAMPIONS LEAGUE,The Omen,false,RB,Jahmyr Gibbs,DET,RB,38.6,470.p.40059
1,CC Bowl XV CHAMPIONS LEAGUE,The Omen,false,RB,Derrick Henry,BAL,RB,37.3,470.p.29279
1,CC Bowl XV CHAMPIONS LEAGUE,The Omen,false,WR,Tee Higgins,CIN,WR,8.9,470.p.32703
1,CC Bowl XV CHAMPIONS LEAGUE,The Omen,false,WR,Zay Flowers,BAL,WR,29,470.p.40039
1,CC Bowl XV CHAMPIONS LEAGUE,The Omen,false,TE,Tucker Kraft,GB,TE,9.5,470.p.40102
1,CC Bowl XV CHAMPIONS LEAGUE,The Omen,false,W/R/T,Omarion Hampton,LAC,RB,8.3,470.p.41807
1,CC Bowl XV CHAMPIONS LEAGUE,The Omen,false,BN,Jayden Daniels,WAS,QB,21.66,470.p.40896
1,CC Bowl XV CHAMPIONS LEAGUE,The Omen,false,BN,Rome Odunze,CHI,WR,7.2,470.p.40901
1,CC Bowl XV CHAMPIONS LEAGUE,The Omen,false,BN,Christian Watson,GB,WR,33.7,470.p.33989
1,CC Bowl XV CHAMPIONS LEAGUE,The Omen,false,BN,Tony Pollard,TEN,RB,4.4,470.p.31960
1,CC Bowl XV CHAMPIONS LEAGUE,The Omen,false,BN,Jake Ferguson,DAL,TE,2.6,470.p.34085
1,CC Bowl XV CHAMPIONS LEAGUE,The Omen,false,K,Cameron Dicker,LAC,K,2,470.p.34344
1,CC Bowl XV CHAMPIONS LEAGUE,The Omen,false,DEF,Eagles,PHI,DEF,9,470.p.100021
1,CC Bowl XV CHAMPIONS LEAGUE,The Omen,false,D,Ashtyn Davis,SF,S,1,470.p.32738
1,CC Bowl XV CHAMPIONS LEAGUE,The Omen,false,D,Devin Bush,CHI,LB,7,470.p.31842
1,CC Bowl XV CHAMPIONS LEAGUE,Prestige Worldwide,false,QB,Caleb Williams,CHI,QB,41.26,470.p.40900
1,CC Bowl XV CHAMPIONS LEAGUE,Prestige Worldwide,false,RB,Javonte Williams,DAL,RB,24.2,470.p.33423
1,CC Bowl XV CHAMPIONS LEAGUE,Prestige Worldwide,false,RB,Cam Skattebo,NYG,RB,14.1,470.p.41922
1,CC Bowl XV CHAMPIONS LEAGUE,Prestige Worldwide,false,WR,Puka Nacua,LAR,WR,13.4,470.p.40168
1,CC Bowl XV CHAMPIONS LEAGUE,Prestige Worldwide,false,WR,Justin Jefferson,MIN,WR,31.2,470.p.32692
1,CC Bowl XV CHAMPIONS LEAGUE,Prestige Worldwide,false,TE,Colston Loveland,CHI,TE,0,470.p.41795
1,CC Bowl XV CHAMPIONS LEAGUE,Prestige Worldwide,false,W/R/T,Nico Collins,HOU,WR,21.2,470.p.33477
1,CC Bowl XV CHAMPIONS LEAGUE,Prestige Worldwide,false,BN,Terry McLaurin,WAS,WR,3.4,470.p.31908
1,CC Bowl XV CHAMPIONS LEAGUE,Prestige Worldwide,false,BN,David Montgomery,HOU,RB,28.9,470.p.31905
1,CC Bowl XV CHAMPIONS LEAGUE,Prestige Worldwide,false,BN,Brian Thomas Jr.,JAX,WR,7,470.p.40883
1,CC Bowl XV CHAMPIONS LEAGUE,Prestige Worldwide,false,BN,Bo Nix,DEN,QB,7.44,470.p.40875
1,CC Bowl XV CHAMPIONS LEAGUE,Prestige Worldwide,false,BN,Jeremiyah Love,ARI,RB,13,470.p.42625
1,CC Bowl XV CHAMPIONS LEAGUE,Prestige Worldwide,false,K,Jason Myers,SEA,K,7,470.p.28378
1,CC Bowl XV CHAMPIONS LEAGUE,Prestige Worldwide,false,DEF,Seahawks,SEA,DEF,21,470.p.100026
1,CC Bowl XV CHAMPIONS LEAGUE,Prestige Worldwide,false,D,Zack Baun,PHI,LB,11.5,470.p.32744
1,CC Bowl XV CHAMPIONS LEAGUE,Prestige Worldwide,false,D,Nakobe Dean,LV,LB,11.5,470.p.34039
1,CC Bowl XV CHAMPIONS LEAGUE,Ava's Mafia,false,QB,Joe Burrow,CIN,QB,16.16,470.p.32671
1,CC Bowl XV CHAMPIONS LEAGUE,Ava's Mafia,false,RB,Chase Brown,CIN,RB,18.8,470.p.40196
1,CC Bowl XV CHAMPIONS LEAGUE,Ava's Mafia,false,RB,De'Von Achane,MIA,RB,10.6,470.p.40118
1,CC Bowl XV CHAMPIONS LEAGUE,Ava's Mafia,false,WR,Ja'Marr Chase,CIN,WR,3.2,470.p.33393
1,CC Bowl XV CHAMPIONS LEAGUE,Ava's Mafia,false,WR,Jaylen Waddle,DEN,WR,1.2,470.p.33394
1,CC Bowl XV CHAMPIONS LEAGUE,Ava's Mafia,false,TE,Sam LaPorta,DET,TE,9.8,470.p.40064
1,CC Bowl XV CHAMPIONS LEAGUE,Ava's Mafia,false,W/R/T,Breece Hall,NYJ,RB,21.8,470.p.33991
1,CC Bowl XV CHAMPIONS LEAGUE,Ava's Mafia,false,BN,Jameson Williams,DET,WR,8.5,470.p.33967
1,CC Bowl XV CHAMPIONS LEAGUE,Ava's Mafia,false,BN,Parker Washington,JAX,WR,19.1,470.p.40234
1,CC Bowl XV CHAMPIONS LEAGUE,Ava's Mafia,false,BN,Jonathon Brooks,CAR,RB,7.2,470.p.40926
1,CC Bowl XV CHAMPIONS LEAGUE,Ava's Mafia,false,BN,Brock Purdy,SF,QB,27.1,470.p.34218
1,CC Bowl XV CHAMPIONS LEAGUE,Ava's Mafia,false,BN,Mark Andrews,BAL,TE,8.9,470.p.31056
1,CC Bowl XV CHAMPIONS LEAGUE,Ava's Mafia,false,K,Ka'imi Fairbairn,HOU,K,9.5,470.p.29792
1,CC Bowl XV CHAMPIONS LEAGUE,Ava's Mafia,false,DEF,Ravens,BAL,DEF,12,470.p.100033
1,CC Bowl XV CHAMPIONS LEAGUE,Ava's Mafia,false,D,Divine Deablo,ATL,LB,8,470.p.33468
1,CC Bowl XV CHAMPIONS LEAGUE,Ava's Mafia,false,D,Rodney Thomas II,SEA,S,4.5,470.p.34195
1,CC Bowl XV CHAMPIONS LEAGUE,Isotopes,false,QB,Drake Maye,NE,QB,11.82,470.p.40881
1,CC Bowl XV CHAMPIONS LEAGUE,Isotopes,false,RB,Christian McCaffrey,SF,RB,13.8,470.p.30121
1,CC Bowl XV CHAMPIONS LEAGUE,Isotopes,false,RB,Kenneth Walker III,KC,RB,39.1,470.p.33996
1,CC Bowl XV CHAMPIONS LEAGUE,Isotopes,false,WR,George Pickens,DAL,WR,5.8,470.p.34007
1,CC Bowl XV CHAMPIONS LEAGUE,Isotopes,false,WR,Tetairoa McMillan,CAR,WR,10.5,470.p.41793
1,CC Bowl XV CHAMPIONS LEAGUE,Isotopes,false,TE,Kyle Pitts Sr.,ATL,TE,0,470.p.33392
1,CC Bowl XV CHAMPIONS LEAGUE,Isotopes,false,W/R/T,Kyren Williams,LAR,RB,15.5,470.p.34120
1,CC Bowl XV CHAMPIONS LEAGUE,Isotopes,false,BN,Luther Burden III,CHI,WR,9.5,470.p.41824
1,CC Bowl XV CHAMPIONS LEAGUE,Isotopes,false,BN,Jadarian Price,SEA,RB,7.8,470.p.42654
1,CC Bowl XV CHAMPIONS LEAGUE,Isotopes,false,BN,Marvin Harrison Jr.,ARI,WR,4.3,470.p.40893
1,CC Bowl XV CHAMPIONS LEAGUE,Isotopes,false,BN,Jaxson Dart,NYG,QB,32.6,470.p.41810
1,CC Bowl XV CHAMPIONS LEAGUE,Isotopes,false,BN,Isaiah Likely,NYG,TE,27.8,470.p.34095
1,CC Bowl XV CHAMPIONS LEAGUE,Isotopes,false,K,Tyler Loop,BAL,K,15,470.p.41988
1,CC Bowl XV CHAMPIONS LEAGUE,Isotopes,false,DEF,Rams,LAR,DEF,5,470.p.100014
1,CC Bowl XV CHAMPIONS LEAGUE,Isotopes,false,D,Deonte Banks,NYG,CB,7.48,470.p.40053
1,CC Bowl XV CHAMPIONS LEAGUE,Isotopes,false,D,Dell Pettus,NE,S,2,470.p.41413
1,RFI XIX,Sheriff Of Paddy's,false,QB,Trevor Lawrence,JAX,QB,34.1,470.p.33389
1,RFI XIX,Sheriff Of Paddy's,false,RB,Jahmyr Gibbs,DET,RB,34.1,470.p.40059
1,RFI XIX,Sheriff Of Paddy's,false,RB,Breece Hall,NYJ,RB,17.8,470.p.33991
1,RFI XIX,Sheriff Of Paddy's,false,WR,Chris Olave,NO,WR,21.7,470.p.33966
1,RFI XIX,Sheriff Of Paddy's,false,WR,Davante Adams,LAR,WR,3.1,470.p.27581
1,RFI XIX,Sheriff Of Paddy's,false,TE,Isaiah Likely,NYG,TE,22.8,470.p.34095
1,RFI XIX,Sheriff Of Paddy's,false,W/R/T,Quinshon Judkins,CLE,RB,5.5,470.p.41821
1,RFI XIX,Sheriff Of Paddy's,false,BN,George Kittle,SF,TE,1.2,470.p.30259
1,RFI XIX,Sheriff Of Paddy's,false,BN,Terry McLaurin,WAS,WR,1.9,470.p.31908
1,RFI XIX,Sheriff Of Paddy's,false,BN,Michael Wilson,ARI,WR,7.1,470.p.40121
1,RFI XIX,Sheriff Of Paddy's,false,BN,Mike Washington Jr.,LV,RB,4.1,470.p.42744
1,RFI XIX,Sheriff Of Paddy's,false,BN,Baker Mayfield,TB,QB,11.64,470.p.30971
1,RFI XIX,Sheriff Of Paddy's,false,BN,Caleb Douglas,MIA,WR,10.9,470.p.42697
1,RFI XIX,Sheriff Of Paddy's,false,K,Jason Myers,SEA,K,7,470.p.28378
1,RFI XIX,Sheriff Of Paddy's,false,DEF,Lions,DET,DEF,10,470.p.100008
1,RFI XIX,Doug Exeter,false,QB,Lamar Jackson,BAL,QB,26.96,470.p.31002
1,RFI XIX,Doug Exeter,false,RB,Jeremiyah Love,ARI,RB,11,470.p.42625
1,RFI XIX,Doug Exeter,false,RB,Kyren Williams,LAR,RB,13,470.p.34120
1,RFI XIX,Doug Exeter,false,WR,Jaxon Smith-Njigba,SEA,WR,20.7,470.p.40041
1,RFI XIX,Doug Exeter,false,WR,Emeka Egbuka,TB,WR,7.8,470.p.41804
1,RFI XIX,Doug Exeter,false,TE,Dallas Goedert,PHI,TE,21.2,470.p.31019
1,RFI XIX,Doug Exeter,false,W/R/T,Matthew Golden,GB,WR,11.5,470.p.41808
1,RFI XIX,Doug Exeter,false,BN,Rome Odunze,CHI,WR,5.7,470.p.40901
1,RFI XIX,Doug Exeter,false,BN,Jonathon Brooks,CAR,RB,6.7,470.p.40926
1,RFI XIX,Doug Exeter,false,BN,Jacory Croskey-Merritt,WAS,RB,11.6,470.p.42010
1,RFI XIX,Doug Exeter,false,BN,Jared Goff,DET,QB,20.44,470.p.29235
1,RFI XIX,Doug Exeter,false,BN,Denzel Boston,CLE,WR,12.9,470.p.42661
1,RFI XIX,Doug Exeter,false,BN,AJ Barner,SEA,TE,1.8,470.p.41001
1,RFI XIX,Doug Exeter,false,K,Trey Smack,GB,K,12,470.p.42838
1,RFI XIX,Doug Exeter,false,DEF,Broncos,DEN,DEF,3,470.p.100007
1,RFI XIX,Fat Lazy AmAndicans,true,QB,Joe Burrow,CIN,QB,16.16,470.p.32671
1,RFI XIX,Fat Lazy AmAndicans,true,RB,Jonathan Taylor,IND,RB,22.1,470.p.32711
1,RFI XIX,Fat Lazy AmAndicans,true,RB,D'Andre Swift,CHI,RB,31.9,470.p.32705
1,RFI XIX,Fat Lazy AmAndicans,true,WR,A.J. Brown,NE,WR,3.6,470.p.31883
1,RFI XIX,Fat Lazy AmAndicans,true,WR,Parker Washington,JAX,WR,16.1,470.p.40234
1,RFI XIX,Fat Lazy AmAndicans,true,TE,Tucker Kraft,GB,TE,8,470.p.40102
1,RFI XIX,Fat Lazy AmAndicans,true,W/R/T,David Montgomery,HOU,RB,26.4,470.p.31905
1,RFI XIX,Fat Lazy AmAndicans,true,BN,Quentin Johnston,LAC,WR,1.7,470.p.40051
1,RFI XIX,Fat Lazy AmAndicans,true,BN,Jordan Mason,MIN,RB,11.9,470.p.34320
1,RFI XIX,Fat Lazy AmAndicans,true,BN,Dalton Kincaid,BUF,TE,15,470.p.40048
1,RFI XIX,Fat Lazy AmAndicans,true,BN,Xavier Worthy,KC,WR,2.3,470.p.40877
1,RFI XIX,Fat Lazy AmAndicans,true,BN,Deebo Samuel Sr.,SF,WR,16.46,470.p.31868
1,RFI XIX,Fat Lazy AmAndicans,true,BN,Jonah Coleman,DEN,RB,1.08,470.p.42730
1,RFI XIX,Fat Lazy AmAndicans,true,BN,Dontayvion Wicks,PHI,WR,14.3,470.p.40201
1,RFI XIX,Fat Lazy AmAndicans,true,DEF,Texans,HOU,DEF,-2,470.p.100034
1,RFI XIX,NotSoNewlyWedz,false,QB,Dak Prescott,DAL,QB,18.4,470.p.29369
1,RFI XIX,NotSoNewlyWedz,false,RB,De'Von Achane,MIA,RB,7.1,470.p.40118
1,RFI XIX,NotSoNewlyWedz,false,RB,Bucky Irving,TB,RB,14.3,470.p.40993
1,RFI XIX,NotSoNewlyWedz,false,WR,CeeDee Lamb,DAL,WR,12.9,470.p.32687
1,RFI XIX,NotSoNewlyWedz,false,WR,Tee Higgins,CIN,WR,7.4,470.p.32703
1,RFI XIX,NotSoNewlyWedz,false,TE,Sam LaPorta,DET,TE,5.8,470.p.40064
1,RFI XIX,NotSoNewlyWedz,false,W/R/T,Jaylen Warren,PIT,RB,5.8,470.p.34447
1,RFI XIX,NotSoNewlyWedz,false,BN,Brian Thomas Jr.,JAX,WR,5.5,470.p.40883
1,RFI XIX,NotSoNewlyWedz,false,BN,Michael Pittman Jr.,PIT,WR,6.8,470.p.32704
1,RFI XIX,NotSoNewlyWedz,false,BN,Chris Rodriguez Jr.,JAX,RB,2.3,470.p.40231
1,RFI XIX,NotSoNewlyWedz,false,BN,Khalil Shakir,BUF,WR,6,470.p.34104
1,RFI XIX,NotSoNewlyWedz,false,BN,Jordan Love,GB,QB,23.48,470.p.32696
1,RFI XIX,NotSoNewlyWedz,false,BN,Alvin Kamara,NO,RB,0,470.p.30180
1,RFI XIX,NotSoNewlyWedz,false,K,Harrison Mevis,LAR,K,1,470.p.41312
1,RFI XIX,NotSoNewlyWedz,false,DEF,Seahawks,SEA,DEF,13,470.p.100026
1,RFI XIX,Golden Domers 4 J&J,false,QB,Caleb Williams,CHI,QB,41.26,470.p.40900
1,RFI XIX,Golden Domers 4 J&J,false,RB,James Cook III,BUF,RB,7.9,470.p.34019
1,RFI XIX,Golden Domers 4 J&J,false,RB,Javonte Williams,DAL,RB,20.2,470.p.33423
1,RFI XIX,Golden Domers 4 J&J,false,WR,Rashee Rice,KC,WR,8.4,470.p.40084
1,RFI XIX,Golden Domers 4 J&J,false,WR,DK Metcalf,PIT,WR,5,470.p.31896
1,RFI XIX,Golden Domers 4 J&J,false,TE,Mark Andrews,BAL,TE,5.9,470.p.31056
1,RFI XIX,Golden Domers 4 J&J,false,W/R/T,Jadarian Price,SEA,RB,5.8,470.p.42654
1,RFI XIX,Golden Domers 4 J&J,false,BN,Courtland Sutton,DEN,WR,1.1,470.p.31010
1,RFI XIX,Golden Domers 4 J&J,false,BN,Jakobi Meyers,JAX,WR,11.2,470.p.32231
1,RFI XIX,Golden Domers 4 J&J,false,BN,Josh Jacobs,GB,RB,0,470.p.31856
1,RFI XIX,Golden Domers 4 J&J,false,BN,Jake Ferguson,DAL,TE,0.6,470.p.34085
1,RFI XIX,Golden Domers 4 J&J,false,BN,Jerry Jeudy,CLE,WR,3.1,470.p.32685
1,RFI XIX,Golden Domers 4 J&J,false,BN,Aaron Rodgers,PIT,QB,14.54,470.p.7200
1,RFI XIX,Golden Domers 4 J&J,false,K,Will Reichard,MIN,K,7,470.p.41093
1,RFI XIX,Golden Domers 4 J&J,false,DEF,Rams,LAR,DEF,2,470.p.100014
1,RFI XIX,CousinCamp,false,QB,Bo Nix,DEN,QB,7.44,470.p.40875
1,RFI XIX,CousinCamp,false,RB,Ashton Jeanty,LV,RB,27.7,470.p.41791
1,RFI XIX,CousinCamp,false,RB,MarShawn Lloyd,GB,RB,3.7,470.p.40971
1,RFI XIX,CousinCamp,false,WR,Amon-Ra St. Brown,DET,WR,20.7,470.p.33500
1,RFI XIX,CousinCamp,false,WR,Nico Collins,HOU,WR,15.7,470.p.33477
1,RFI XIX,CousinCamp,false,TE,Harold Fannin Jr.,CLE,TE,2.6,470.p.41877
1,RFI XIX,CousinCamp,false,W/R/T,Zay Flowers,BAL,WR,23.5,470.p.40039
1,RFI XIX,CousinCamp,false,BN,Brock Purdy,SF,QB,27.1,470.p.34218
1,RFI XIX,CousinCamp,false,BN,DJ Moore,BUF,WR,18,470.p.30994
1,RFI XIX,CousinCamp,false,BN,KC Concepcion Jr.,CLE,WR,5.2,470.p.42646
1,RFI XIX,CousinCamp,false,BN,Aaron Jones Sr.,MIN,RB,10,470.p.30295
1,RFI XIX,CousinCamp,false,BN,Keaton Mitchell,LAC,RB,2.78,470.p.40641
1,RFI XIX,CousinCamp,false,BN,Brashard Smith,KC,RB,0,470.p.42012
1,RFI XIX,CousinCamp,false,K,Tyler Loop,BAL,K,14,470.p.41988
1,RFI XIX,CousinCamp,false,DEF,Ravens,BAL,DEF,6,470.p.100033
1,RFI XIX,Tremendous Slouch,false,QB,Josh Allen,BUF,QB,39.66,470.p.30977
1,RFI XIX,Tremendous Slouch,false,RB,Christian McCaffrey,SF,RB,8.8,470.p.30121
1,RFI XIX,Tremendous Slouch,false,RB,Bhayshul Tuten,JAX,RB,9.3,470.p.41900
1,RFI XIX,Tremendous Slouch,false,WR,DeVonta Smith,PHI,WR,5.8,470.p.33398
1,RFI XIX,Tremendous Slouch,false,WR,Christian Watson,GB,WR,29.2,470.p.33989
1,RFI XIX,Tremendous Slouch,false,TE,Colston Loveland,CHI,TE,0,470.p.41795
1,RFI XIX,Tremendous Slouch,false,W/R/T,Alec Pierce,IND,WR,8.1,470.p.34008
1,RFI XIX,Tremendous Slouch,false,BN,TreVeyon Henderson,NE,RB,0,470.p.41823
1,RFI XIX,Tremendous Slouch,false,BN,J.K. Dobbins,DEN,RB,3.6,470.p.32725
1,RFI XIX,Tremendous Slouch,false,BN,RJ Harvey,DEN,RB,8.54,470.p.41845
1,RFI XIX,Tremendous Slouch,false,BN,Rashid Shaheed,SEA,WR,3.96,470.p.34659
1,RFI XIX,Tremendous Slouch,false,BN,Jordyn Tyson,NO,WR,0,470.p.42630
1,RFI XIX,Tremendous Slouch,false,BN,Kaelon Black,SF,RB,7,470.p.42712
1,RFI XIX,Tremendous Slouch,false,K,Spencer Shrader,IND,K,6,470.p.41499
1,RFI XIX,Tremendous Slouch,false,DEF,Chargers,LAC,DEF,1,470.p.100024
1,RFI XIX,Shrimp Gang,false,QB,Jayden Daniels,WAS,QB,21.66,470.p.40896
1,RFI XIX,Shrimp Gang,false,RB,Derrick Henry,BAL,RB,34.8,470.p.29279
1,RFI XIX,Shrimp Gang,false,RB,Cam Skattebo,NYG,RB,14.1,470.p.41922
1,RFI XIX,Shrimp Gang,false,WR,Justin Jefferson,MIN,WR,25.7,470.p.32692
1,RFI XIX,Shrimp Gang,false,WR,Tetairoa McMillan,CAR,WR,7.5,470.p.41793
1,RFI XIX,Shrimp Gang,false,TE,Travis Kelce,KC,TE,8.1,470.p.26686
1,RFI XIX,Shrimp Gang,false,W/R/T,Mike Evans,SF,WR,13.9,470.p.27535
1,RFI XIX,Shrimp Gang,false,BN,Blake Corum,LAR,RB,5.4,470.p.40962
1,RFI XIX,Shrimp Gang,false,BN,Chris Godwin Jr.,TB,WR,5.3,470.p.30197
1,RFI XIX,Shrimp Gang,false,BN,Kenny Gainwell,TB,RB,2.68,470.p.33538
1,RFI XIX,Shrimp Gang,false,BN,Romeo Doubs,NE,WR,0,470.p.34088
1,RFI XIX,Shrimp Gang,false,BN,Hunter Henry,NE,TE,3.1,470.p.29269
1,RFI XIX,Shrimp Gang,false,BN,Brian Robinson,ATL,RB,5.66,470.p.34054
1,RFI XIX,Shrimp Gang,false,K,Cameron Dicker,LAC,K,2,470.p.34344
1,RFI XIX,Shrimp Gang,false,DEF,Bills,BUF,DEF,6,470.p.100002
1,RFI XIX,Snookies Squad,false,QB,Justin Herbert,LAC,QB,15.26,470.p.32676
1,RFI XIX,Snookies Squad,false,RB,Bijan Robinson,ATL,RB,24.3,470.p.40055
1,RFI XIX,Snookies Squad,false,RB,Tony Pollard,TEN,RB,3.4,470.p.31960
1,RFI XIX,Snookies Squad,false,WR,George Pickens,DAL,WR,3.8,470.p.34007
1,RFI XIX,Snookies Squad,false,WR,Malik Nabers,NYG,WR,8.4,470.p.40899
1,RFI XIX,Snookies Squad,false,TE,Tyler Warren,IND,TE,7.8,470.p.41799
1,RFI XIX,Snookies Squad,false,W/R/T,Luther Burden III,CHI,WR,5.5,470.p.41824
1,RFI XIX,Snookies Squad,false,BN,Josh Downs,IND,WR,4.7,470.p.40126
1,RFI XIX,Snookies Squad,false,BN,Stefon Diggs,WAS,WR,13.5,470.p.28534
1,RFI XIX,Snookies Squad,false,BN,Jaxson Dart,NYG,QB,32.6,470.p.41810
1,RFI XIX,Snookies Squad,false,BN,Rachaad White,WAS,RB,5.06,470.p.34047
1,RFI XIX,Snookies Squad,false,BN,Dalton Schultz,HOU,TE,4,470.p.31107
1,RFI XIX,Snookies Squad,false,BN,Tre Tucker,LV,WR,3.2,470.p.40114
1,RFI XIX,Snookies Squad,false,K,Cam Little,JAX,K,12,470.p.41062
1,RFI XIX,Snookies Squad,false,DEF,Jaguars,JAX,DEF,13,470.p.100030
1,RFI XIX,2026 Champ!,false,QB,Matthew Stafford,LAR,QB,4.1,470.p.9265
1,RFI XIX,2026 Champ!,false,RB,Saquon Barkley,PHI,RB,8,470.p.30972
1,RFI XIX,2026 Champ!,false,RB,Omarion Hampton,LAC,RB,8.3,470.p.41807
1,RFI XIX,2026 Champ!,false,WR,Puka Nacua,LAR,WR,8.4,470.p.40168
1,RFI XIX,2026 Champ!,false,WR,Jaylen Waddle,DEN,WR,0.2,470.p.33394
1,RFI XIX,2026 Champ!,false,TE,Trey McBride,ARI,TE,18.5,470.p.34010
1,RFI XIX,2026 Champ!,false,W/R/T,Chuba Hubbard,CAR,RB,21.7,470.p.33514
1,RFI XIX,2026 Champ!,false,BN,Marvin Harrison Jr.,ARI,WR,3.8,470.p.40893
1,RFI XIX,2026 Champ!,false,BN,Carnell Tate,TEN,WR,4.3,470.p.42626
1,RFI XIX,2026 Champ!,false,BN,De'Zhaun Stribling,SF,WR,0,470.p.42655
1,RFI XIX,2026 Champ!,false,BN,Patrick Mahomes,KC,QB,25.66,470.p.30123
1,RFI XIX,2026 Champ!,false,BN,Tank Bigsby,PHI,RB,2.3,470.p.40095
1,RFI XIX,2026 Champ!,false,BN,Malachi Fields,NYG,WR,3,470.p.42696
1,RFI XIX,2026 Champ!,false,K,Ka'imi Fairbairn,HOU,K,9,470.p.29792
1,RFI XIX,2026 Champ!,false,DEF,Eagles,PHI,DEF,3,470.p.100021
1,RFI XIX,Shanimals,false,QB,Drake Maye,NE,QB,11.82,470.p.40881
1,RFI XIX,Shanimals,false,RB,Travis Etienne Jr.,NO,RB,8.8,470.p.33413
1,RFI XIX,Shanimals,false,RB,Rhamondre Stevenson,NE,RB,10,470.p.33508
1,RFI XIX,Shanimals,false,WR,Ja'Marr Chase,CIN,WR,1.7,470.p.33393
1,RFI XIX,Shanimals,false,WR,Jameson Williams,DET,WR,5.5,470.p.33967
1,RFI XIX,Shanimals,false,TE,Juwan Johnson,NO,TE,12.9,470.p.33113
1,RFI XIX,Shanimals,false,W/R/T,Rico Dowdle,PIT,RB,2.1,470.p.33100
1,RFI XIX,Shanimals,false,BN,Brock Bowers,LV,TE,0,470.p.40878
1,RFI XIX,Shanimals,false,BN,Jayden Reed,GB,WR,2.5,470.p.40063
1,RFI XIX,Shanimals,false,BN,Makai Lemon,PHI,WR,-0.5,470.p.42642
1,RFI XIX,Shanimals,false,BN,Kyle Monangai,CHI,RB,18.9,470.p.42025
1,RFI XIX,Shanimals,false,BN,Wan'Dale Robinson,TEN,WR,5.3,470.p.33998
1,RFI XIX,Shanimals,false,BN,Zach Charbonnet,SEA,RB,0,470.p.40075
1,RFI XIX,Shanimals,false,K,Evan McPherson,CIN,K,19,470.p.33537
1,RFI XIX,Shanimals,false,DEF,Steelers,PIT,DEF,18,470.p.100023
1,RFI XIX,Tough Nuts,false,QB,Jalen Hurts,PHI,QB,30.72,470.p.32723
1,RFI XIX,Tough Nuts,false,RB,Chase Brown,CIN,RB,13.8,470.p.40196
1,RFI XIX,Tough Nuts,false,RB,Kenneth Walker III,KC,RB,37.1,470.p.33996
1,RFI XIX,Tough Nuts,false,WR,Garrett Wilson,NYJ,WR,9.4,470.p.33965
1,RFI XIX,Tough Nuts,false,WR,Ladd McConkey,LAC,WR,16.7,470.p.40908
1,RFI XIX,Tough Nuts,false,TE,Kyle Pitts Sr.,ATL,TE,0,470.p.33392
1,RFI XIX,Tough Nuts,false,W/R/T,Drake London,ATL,WR,4,470.p.33963
1,RFI XIX,Tough Nuts,false,BN,Jordan Addison,MIN,WR,0,470.p.40042
1,RFI XIX,Tough Nuts,false,BN,Tyler Allgeier,ARI,RB,7,470.p.34107
1,RFI XIX,Tough Nuts,false,BN,Woody Marks,HOU,RB,7.12,470.p.41902
1,RFI XIX,Tough Nuts,false,BN,Jalen Coker,CAR,WR,28.8,470.p.41293
1,RFI XIX,Tough Nuts,false,BN,Emmett Johnson,KC,RB,7.3,470.p.42796
1,RFI XIX,Tough Nuts,false,BN,Kayshon Boutte,HOU,WR,2.6,470.p.40224
1,RFI XIX,Tough Nuts,false,K,Brandon Aubrey,DAL,K,1,470.p.40819
1,RFI XIX,Tough Nuts,false,DEF,Vikings,MIN,DEF,8,470.p.100016
2,2026 -  The League,Rafi Bomb Returns!,false,QB,Jordan Love,GB,QB,17.8,470.p.32696
2,2026 -  The League,Rafi Bomb Returns!,false,RB,Jahmyr Gibbs,DET,RB,20.3,470.p.40059
2,2026 -  The League,Rafi Bomb Returns!,false,RB,David Montgomery,HOU,RB,3.4,470.p.31905
2,2026 -  The League,Rafi Bomb Returns!,false,WR,Tee Higgins,CIN,WR,12,470.p.32703
2,2026 -  The League,Rafi Bomb Returns!,false,WR,Davante Adams,LAR,WR,36.5,470.p.27581
2,2026 -  The League,Rafi Bomb Returns!,false,TE,George Kittle,SF,TE,16,470.p.30259
2,2026 -  The League,Rafi Bomb Returns!,false,W/R,DJ Moore,BUF,WR,-0.1,470.p.30994
2,2026 -  The League,Rafi Bomb Returns!,false,BN,Justin Herbert,LAC,QB,10.88,470.p.32676
2,2026 -  The League,Rafi Bomb Returns!,false,BN,Jake Ferguson,DAL,TE,18.3,470.p.34085
2,2026 -  The League,Rafi Bomb Returns!,false,BN,Jordan Addison,MIN,WR,3.1,470.p.40042
2,2026 -  The League,Rafi Bomb Returns!,false,BN,Courtland Sutton,DEN,WR,4,470.p.31010
2,2026 -  The League,Rafi Bomb Returns!,false,BN,Tyler Allgeier,ARI,RB,2.9,470.p.34107
2,2026 -  The League,Rafi Bomb Returns!,false,BN,Chris Brooks,GB,RB,3.1,470.p.40625
2,2026 -  The League,Rafi Bomb Returns!,false,K,Cairo Santos,CHI,K,5,470.p.28227
2,2026 -  The League,Rafi Bomb Returns!,false,D,Ernest Jones IV,SEA,LB,6,470.p.33491
2,2026 -  The League,Rafi Bomb Returns!,false,D,Jamien Sherwood,NYJ,LB,6,470.p.33534
2,2026 -  The League,Rafi Bomb Returns!,false,D,Travis Hunter,JAX,"WR,CB",5,470.p.99002
2,2026 -  The League,I LIKE BIG TDS,false,QB,Jalen Hurts,PHI,QB,20.16,470.p.32723
2,2026 -  The League,I LIKE BIG TDS,false,RB,Jonathan Taylor,IND,RB,27.2,470.p.32711
2,2026 -  The League,I LIKE BIG TDS,false,RB,Chuba Hubbard,CAR,RB,13.4,470.p.33514
2,2026 -  The League,I LIKE BIG TDS,false,WR,Chris Olave,NO,WR,18.6,470.p.33966
2,2026 -  The League,I LIKE BIG TDS,false,WR,Luther Burden III,CHI,WR,4.7,470.p.41824
2,2026 -  The League,I LIKE BIG TDS,false,TE,Travis Kelce,KC,TE,20.6,470.p.26686
2,2026 -  The League,I LIKE BIG TDS,false,W/R,Puka Nacua,LAR,WR,0,470.p.40168
2,2026 -  The League,I LIKE BIG TDS,false,BN,Sam LaPorta,DET,TE,14.2,470.p.40064
2,2026 -  The League,I LIKE BIG TDS,false,BN,RJ Harvey,DEN,RB,0,470.p.41845
2,2026 -  The League,I LIKE BIG TDS,false,BN,Patrick Mahomes,KC,QB,34.98,470.p.30123
2,2026 -  The League,I LIKE BIG TDS,false,BN,Xavier Worthy,KC,WR,11,470.p.40877
2,2026 -  The League,I LIKE BIG TDS,false,BN,Keenan Allen,IND,WR,1,470.p.26699
2,2026 -  The League,I LIKE BIG TDS,false,BN,Alvin Kamara,NO,RB,4.7,470.p.30180
2,2026 -  The League,I LIKE BIG TDS,false,K,Tyler Bass,BUF,K,5,470.p.32858
2,2026 -  The League,I LIKE BIG TDS,false,D,Nakobe Dean,LV,LB,11,470.p.34039
2,2026 -  The League,I LIKE BIG TDS,false,D,Kevin Byard III,NE,S,3,470.p.29298
2,2026 -  The League,I LIKE BIG TDS,false,D,Aidan Hutchinson,DET,"DL,DE",8,470.p.33957
2,2026 -  The League,Berserker,false,QB,Lamar Jackson,BAL,QB,16.8,470.p.31002
2,2026 -  The League,Berserker,false,RB,Kenneth Walker III,KC,RB,20.8,470.p.33996
2,2026 -  The League,Berserker,false,RB,Javonte Williams,DAL,RB,6.5,470.p.33423
2,2026 -  The League,Berserker,false,WR,Christian Watson,GB,WR,12.1,470.p.33989
2,2026 -  The League,Berserker,false,WR,Mike Evans,SF,WR,6.9,470.p.27535
2,2026 -  The League,Berserker,false,TE,Tyler Warren,IND,TE,11.4,470.p.41799
2,2026 -  The League,Berserker,false,W/R,Rashee Rice,KC,WR,10.3,470.p.40084
2,2026 -  The League,Berserker,false,BN,Nico Collins,HOU,WR,0,470.p.33477
2,2026 -  The League,Berserker,false,BN,Jacory Croskey-Merritt,WAS,RB,5.3,470.p.42010
2,2026 -  The League,Berserker,false,BN,Emmett Johnson,KC,RB,5.5,470.p.42796
2,2026 -  The League,Berserker,false,BN,Cooper Kupp,SEA,WR,3,470.p.30182
2,2026 -  The League,Berserker,false,BN,Adonai Mitchell,NYJ,WR,9.3,470.p.40915
2,2026 -  The League,Berserker,false,BN,Zach Charbonnet,SEA,RB,0,470.p.40075
2,2026 -  The League,Berserker,false,K,Brandon Aubrey,DAL,K,16,470.p.40819
2,2026 -  The League,Berserker,false,D,Roquan Smith,BAL,LB,5,470.p.30978
2,2026 -  The League,Berserker,false,D,Sonny Styles,WAS,LB,1.5,470.p.42629
2,2026 -  The League,Berserker,false,D,Nate Landman,LAR,LB,5.5,470.p.34291
2,2026 -  The League,Fat Lazy Americans,true,QB,Joe Burrow,CIN,QB,20.18,470.p.32671
2,2026 -  The League,Fat Lazy Americans,true,RB,Derrick Henry,BAL,RB,16.2,470.p.29279
2,2026 -  The League,Fat Lazy Americans,true,RB,Omarion Hampton,LAC,RB,16.5,470.p.41807
2,2026 -  The League,Fat Lazy Americans,true,WR,Jaylen Waddle,DEN,WR,17.8,470.p.33394
2,2026 -  The League,Fat Lazy Americans,true,WR,Jaxon Smith-Njigba,SEA,WR,38,470.p.40041
2,2026 -  The League,Fat Lazy Americans,true,TE,Harold Fannin Jr.,CLE,TE,7.9,470.p.41877
2,2026 -  The League,Fat Lazy Americans,true,W/R,Jalen Coker,CAR,WR,10.6,470.p.41293
2,2026 -  The League,Fat Lazy Americans,true,BN,Rico Dowdle,PIT,RB,5.4,470.p.33100
2,2026 -  The League,Fat Lazy Americans,true,BN,MarShawn Lloyd,GB,RB,7.6,470.p.40971
2,2026 -  The League,Fat Lazy Americans,true,BN,Deebo Samuel Sr.,SF,WR,5,470.p.31868
2,2026 -  The League,Fat Lazy Americans,true,BN,Kaelon Black,SF,RB,2.5,470.p.42712
2,2026 -  The League,Fat Lazy Americans,true,BN,Denzel Boston,CLE,WR,18,470.p.42661
2,2026 -  The League,Fat Lazy Americans,true,BN,Terrance Ferguson,LAR,TE,14.4,470.p.41831
2,2026 -  The League,Fat Lazy Americans,true,K,Wil Lutz,DEN,K,9,470.p.29754
2,2026 -  The League,Fat Lazy Americans,true,D,Jordyn Brooks,MIA,LB,2.5,470.p.32697
2,2026 -  The League,Fat Lazy Americans,true,D,T.J. Edwards,CHI,LB,3,470.p.32403
2,2026 -  The League,Fat Lazy Americans,true,D,Terrel Bernard,BUF,LB,5.5,470.p.34045
2,2026 -  The League,Kona’s Kickers,false,QB,Jayden Daniels,WAS,QB,16.74,470.p.40896
2,2026 -  The League,Kona’s Kickers,false,RB,Saquon Barkley,PHI,RB,2.5,470.p.30972
2,2026 -  The League,Kona’s Kickers,false,RB,Aaron Jones Sr.,MIN,RB,10.5,470.p.30295
2,2026 -  The League,Kona’s Kickers,false,WR,Stefon Diggs,WAS,WR,19.2,470.p.28534
2,2026 -  The League,Kona’s Kickers,false,WR,Alec Pierce,IND,WR,1.6,470.p.34008
2,2026 -  The League,Kona’s Kickers,false,TE,Dallas Goedert,PHI,TE,0.9,470.p.31019
2,2026 -  The League,Kona’s Kickers,false,W/R,Travis Etienne Jr.,NO,RB,6.1,470.p.33413
2,2026 -  The League,Kona’s Kickers,false,BN,Zay Flowers,BAL,WR,0,470.p.40039
2,2026 -  The League,Kona’s Kickers,false,BN,Jared Goff,DET,QB,37.78,470.p.29235
2,2026 -  The League,Kona’s Kickers,false,BN,A.J. Brown,NE,WR,0,470.p.31883
2,2026 -  The League,Kona’s Kickers,false,BN,J.K. Dobbins,DEN,RB,3.6,470.p.32725
2,2026 -  The League,Kona’s Kickers,false,BN,Tre Tucker,LV,WR,20.4,470.p.40114
2,2026 -  The League,Kona’s Kickers,false,K,Harrison Butker,KC,K,17.5,470.p.30346
2,2026 -  The League,Kona’s Kickers,false,BN,Nick Folk,ATL,K,4,470.p.8432
2,2026 -  The League,Kona’s Kickers,false,D,Kyle Hamilton,BAL,S,10.5,470.p.33969
2,2026 -  The League,Kona’s Kickers,false,D,Quincy Williams,CLE,LB,5.5,470.p.31930
2,2026 -  The League,Kona’s Kickers,false,D,Nick Cross,WAS,S,3.5,470.p.34052
2,2026 -  The League,Oroszlanok,false,QB,Brock Purdy,SF,QB,32.48,470.p.34218
2,2026 -  The League,Oroszlanok,false,RB,Bijan Robinson,ATL,RB,9.6,470.p.40055
2,2026 -  The League,Oroszlanok,false,RB,Kyren Williams,LAR,RB,14.7,470.p.34120
2,2026 -  The League,Oroszlanok,false,WR,Garrett Wilson,NYJ,WR,14.2,470.p.33965
2,2026 -  The League,Oroszlanok,false,WR,Parker Washington,JAX,WR,14.3,470.p.40234
2,2026 -  The League,Oroszlanok,false,TE,T.J. Hockenson,MIN,TE,4.4,470.p.31840
2,2026 -  The League,Oroszlanok,false,W/R,Quinshon Judkins,CLE,RB,7.3,470.p.41821
2,2026 -  The League,Oroszlanok,false,BN,Chig Okonkwo,WAS,TE,0,470.p.34099
2,2026 -  The League,Oroszlanok,false,BN,Terry McLaurin,WAS,WR,6,470.p.31908
2,2026 -  The League,Oroszlanok,false,BN,Malik Nabers,NYG,WR,0.6,470.p.40899
2,2026 -  The League,Oroszlanok,false,BN,DK Metcalf,PIT,WR,4.7,470.p.31896
2,2026 -  The League,Oroszlanok,false,BN,Chris Rodriguez Jr.,JAX,RB,1.3,470.p.40231
2,2026 -  The League,Oroszlanok,false,BN,Kyler Murray,MIN,QB,0,470.p.31833
2,2026 -  The League,Oroszlanok,false,K,Cameron Dicker,LAC,K,2,470.p.34344
2,2026 -  The League,Oroszlanok,false,D,Kam Curl,LAR,S,5,470.p.32886
2,2026 -  The League,Oroszlanok,false,D,Payton Wilson,PIT,LB,7.5,470.p.40975
2,2026 -  The League,Oroszlanok,false,D,Mack Wilson Sr.,ARI,LB,6.5,470.p.31987
2,2026 -  The League,Postino's Banditos,false,QB,Caleb Williams,CHI,QB,7.72,470.p.40900
2,2026 -  The League,Postino's Banditos,false,RB,Ashton Jeanty,LV,RB,9.3,470.p.41791
2,2026 -  The League,Postino's Banditos,false,RB,Jaylen Warren,PIT,RB,8.7,470.p.34447
2,2026 -  The League,Postino's Banditos,false,WR,Justin Jefferson,MIN,WR,7,470.p.32692
2,2026 -  The League,Postino's Banditos,false,WR,DeVonta Smith,PHI,WR,23.7,470.p.33398
2,2026 -  The League,Postino's Banditos,false,TE,Mike Gesicki,CIN,TE,0,470.p.31012
2,2026 -  The League,Postino's Banditos,false,W/R,Chris Godwin Jr.,TB,WR,7.3,470.p.30197
2,2026 -  The League,Postino's Banditos,false,BN,Brock Bowers,LV,TE,0,470.p.40878
2,2026 -  The League,Postino's Banditos,false,BN,Michael Wilson,ARI,WR,2.8,470.p.40121
2,2026 -  The League,Postino's Banditos,false,BN,Josh Downs,IND,WR,10.7,470.p.40126
2,2026 -  The League,Postino's Banditos,false,BN,Woody Marks,HOU,RB,6,470.p.41902
2,2026 -  The League,Postino's Banditos,false,BN,Tyrone Tracy Jr.,NYG,RB,0.5,470.p.41048
2,2026 -  The League,Postino's Banditos,false,BN,Devaughn Vele,NO,WR,8.9,470.p.41097
2,2026 -  The League,Postino's Banditos,false,K,Harrison Mevis,LAR,K,4.5,470.p.41312
2,2026 -  The League,Postino's Banditos,false,D,Nick Bolton,KC,LB,10,470.p.33446
2,2026 -  The League,Postino's Banditos,false,D,Devin Lloyd,CAR,LB,27,470.p.33982
2,2026 -  The League,Postino's Banditos,false,D,Robert Spillane,NE,LB,4.5,470.p.31708
2,2026 -  The League,Billy Goat Tavern,false,QB,Baker Mayfield,TB,QB,14.18,470.p.30971
2,2026 -  The League,Billy Goat Tavern,false,RB,Jadarian Price,SEA,RB,4.5,470.p.42654
2,2026 -  The League,Billy Goat Tavern,false,RB,Jeremiyah Love,ARI,RB,6,470.p.42625
2,2026 -  The League,Billy Goat Tavern,false,WR,Amon-Ra St. Brown,DET,WR,30.7,470.p.33500
2,2026 -  The League,Billy Goat Tavern,false,WR,Ladd McConkey,LAC,WR,5,470.p.40908
2,2026 -  The League,Billy Goat Tavern,false,TE,Juwan Johnson,NO,TE,8.6,470.p.33113
2,2026 -  The League,Billy Goat Tavern,false,W/R,Rhamondre Stevenson,NE,RB,3.1,470.p.33508
2,2026 -  The League,Billy Goat Tavern,false,BN,Caleb Douglas,MIA,WR,2.9,470.p.42697
2,2026 -  The League,Billy Goat Tavern,false,BN,Matthew Stafford,LAR,QB,34.98,470.p.9265
2,2026 -  The League,Billy Goat Tavern,false,BN,Blake Corum,LAR,RB,9.7,470.p.40962
2,2026 -  The League,Billy Goat Tavern,false,BN,Mike Washington Jr.,LV,RB,0.7,470.p.42744
2,2026 -  The League,Billy Goat Tavern,false,BN,Dontayvion Wicks,PHI,WR,9.9,470.p.40201
2,2026 -  The League,Billy Goat Tavern,false,BN,Demond Claiborne,MIN,RB,0.7,470.p.42820
2,2026 -  The League,Billy Goat Tavern,false,K,Ka'imi Fairbairn,HOU,K,8,470.p.29792
2,2026 -  The League,Billy Goat Tavern,false,D,Fred Warner,SF,LB,6.5,470.p.31040
2,2026 -  The League,Billy Goat Tavern,false,D,Foyesade Oluokun,JAX,LB,6,470.p.31170
2,2026 -  The League,Billy Goat Tavern,false,D,Blake Cashman,MIN,LB,11,470.p.31989
2,2026 -  The League,MombaMentality,false,QB,Josh Allen,BUF,QB,46.82,470.p.30977
2,2026 -  The League,MombaMentality,false,RB,James Cook III,BUF,RB,20.4,470.p.34019
2,2026 -  The League,MombaMentality,false,RB,Chase Brown,CIN,RB,9.7,470.p.40196
2,2026 -  The League,MombaMentality,false,WR,Jameson Williams,DET,WR,4.3,470.p.33967
2,2026 -  The League,MombaMentality,false,WR,Quentin Johnston,LAC,WR,1.9,470.p.40051
2,2026 -  The League,MombaMentality,false,TE,Trey McBride,ARI,TE,14.1,470.p.34010
2,2026 -  The League,MombaMentality,false,W/R,Kyle Monangai,CHI,RB,6.8,470.p.42025
2,2026 -  The League,MombaMentality,false,BN,Brian Thomas Jr.,JAX,WR,5.5,470.p.40883
2,2026 -  The League,MombaMentality,false,BN,Carnell Tate,TEN,WR,4.2,470.p.42626
2,2026 -  The League,MombaMentality,false,BN,KC Concepcion Jr.,CLE,WR,5.2,470.p.42646
2,2026 -  The League,MombaMentality,false,BN,Mark Andrews,BAL,TE,7.9,470.p.31056
2,2026 -  The League,MombaMentality,false,BN,Antonio Williams,WAS,WR,3.9,470.p.42693
2,2026 -  The League,MombaMentality,false,BN,Jonah Coleman,DEN,RB,13.3,470.p.42730
2,2026 -  The League,MombaMentality,false,K,Jason Myers,SEA,K,7,470.p.28378
2,2026 -  The League,MombaMentality,false,D,Dillon Thieneman,CHI,S,6,470.p.42647
2,2026 -  The League,MombaMentality,false,D,Malaki Starks,BAL,S,3.5,470.p.41812
2,2026 -  The League,MombaMentality,false,D,Donovan Ezeiruaku,DAL,"LB,DE",2.5,470.p.41829
2,2026 -  The League,Dumpster Fire,false,QB,Trevor Lawrence,JAX,QB,6.16,470.p.33389
2,2026 -  The League,Dumpster Fire,false,RB,Cam Skattebo,NYG,RB,7.5,470.p.41922
2,2026 -  The League,Dumpster Fire,false,RB,De'Von Achane,MIA,RB,10.8,470.p.40118
2,2026 -  The League,Dumpster Fire,false,WR,CeeDee Lamb,DAL,WR,31.3,470.p.32687
2,2026 -  The League,Dumpster Fire,false,WR,Drake London,ATL,WR,8.4,470.p.33963
2,2026 -  The League,Dumpster Fire,false,TE,Tucker Kraft,GB,TE,2.5,470.p.40102
2,2026 -  The League,Dumpster Fire,false,W/R,Bhayshul Tuten,JAX,RB,13.2,470.p.41900
2,2026 -  The League,Dumpster Fire,false,BN,TreVeyon Henderson,NE,RB,13.6,470.p.41823
2,2026 -  The League,Dumpster Fire,false,BN,Jakobi Meyers,JAX,WR,3.3,470.p.32231
2,2026 -  The League,Dumpster Fire,false,BN,Josh Jacobs,GB,RB,0,470.p.31856
2,2026 -  The League,Dumpster Fire,false,BN,Romeo Doubs,NE,WR,11.1,470.p.34088
2,2026 -  The League,Dumpster Fire,false,BN,Jordyn Tyson,NO,WR,0,470.p.42630
2,2026 -  The League,Dumpster Fire,false,BN,Kayshon Boutte,HOU,WR,5.2,470.p.40224
2,2026 -  The League,Dumpster Fire,false,K,Eddy Pineiro,SF,K,5,470.p.31482
2,2026 -  The League,Dumpster Fire,false,D,Zack Baun,PHI,LB,3.5,470.p.32744
2,2026 -  The League,Dumpster Fire,false,D,Cooper DeJean,PHI,"DB,CB",3.5,470.p.40934
2,2026 -  The League,Dumpster Fire,false,D,Cedric Gray,TEN,LB,4,470.p.40988
2,2026 -  The League,No Talent Ass Clowns,false,QB,Drake Maye,NE,QB,8.02,470.p.40881
2,2026 -  The League,No Talent Ass Clowns,false,RB,Breece Hall,NYJ,RB,11.7,470.p.33991
2,2026 -  The League,No Talent Ass Clowns,false,RB,D'Andre Swift,CHI,RB,10.4,470.p.32705
2,2026 -  The League,No Talent Ass Clowns,false,WR,Ja'Marr Chase,CIN,WR,23,470.p.33393
2,2026 -  The League,No Talent Ass Clowns,false,WR,Khalil Shakir,BUF,WR,5.3,470.p.34104
2,2026 -  The League,No Talent Ass Clowns,false,TE,Isaiah Likely,NYG,TE,5.8,470.p.34095
2,2026 -  The League,No Talent Ass Clowns,false,W/R,Emeka Egbuka,TB,WR,8.8,470.p.41804
2,2026 -  The League,No Talent Ass Clowns,false,BN,Michael Pittman Jr.,PIT,WR,0,470.p.32704
2,2026 -  The League,No Talent Ass Clowns,false,BN,Marvin Harrison Jr.,ARI,WR,0,470.p.40893
2,2026 -  The League,No Talent Ass Clowns,false,BN,Dalton Kincaid,BUF,TE,19,470.p.40048
2,2026 -  The League,No Talent Ass Clowns,false,BN,Jonathon Brooks,CAR,RB,1.6,470.p.40926
2,2026 -  The League,No Talent Ass Clowns,false,BN,Rachaad White,WAS,RB,11.3,470.p.34047
2,2026 -  The League,No Talent Ass Clowns,false,BN,Braelon Allen,NYJ,RB,8,470.p.40981
2,2026 -  The League,No Talent Ass Clowns,false,K,Cam Little,JAX,K,8,470.p.41062
2,2026 -  The League,No Talent Ass Clowns,false,D,Jack Campbell,DET,LB,4,470.p.40036
2,2026 -  The League,No Talent Ass Clowns,false,D,Josiah Trotter,TB,LB,9.5,470.p.42668
2,2026 -  The League,No Talent Ass Clowns,false,D,T.J. Watt,PIT,"LB,DE",8,470.p.30143
2,2026 -  The League,Wailin Raylans,false,QB,Dak Prescott,DAL,QB,37.76,470.p.29369
2,2026 -  The League,Wailin Raylans,false,RB,Christian McCaffrey,SF,RB,20.6,470.p.30121
2,2026 -  The League,Wailin Raylans,false,RB,Bucky Irving,TB,RB,11,470.p.40993
2,2026 -  The League,Wailin Raylans,false,WR,Tetairoa McMillan,CAR,WR,12.6,470.p.41793
2,2026 -  The League,Wailin Raylans,false,WR,Rome Odunze,CHI,WR,6.8,470.p.40901
2,2026 -  The League,Wailin Raylans,false,TE,Colston Loveland,CHI,TE,0.8,470.p.41795
2,2026 -  The League,Wailin Raylans,false,W/R,George Pickens,DAL,WR,7,470.p.34007
2,2026 -  The League,Wailin Raylans,false,BN,Tony Pollard,TEN,RB,7,470.p.31960
2,2026 -  The League,Wailin Raylans,false,BN,Jordan Mason,MIN,RB,0,470.p.34320
2,2026 -  The League,Wailin Raylans,false,BN,Wan'Dale Robinson,TEN,WR,1.4,470.p.33998
2,2026 -  The League,Wailin Raylans,false,BN,Matthew Golden,GB,WR,7.8,470.p.41808
2,2026 -  The League,Wailin Raylans,false,BN,Jaxson Dart,NYG,QB,0.8,470.p.41810
2,2026 -  The League,Wailin Raylans,false,BN,Malachi Fields,NYG,WR,5,470.p.42696
2,2026 -  The League,Wailin Raylans,false,K,Tyler Loop,BAL,K,7,470.p.41988
2,2026 -  The League,Wailin Raylans,false,D,Carson Schwesinger,CLE,LB,8,470.p.41818
2,2026 -  The League,Wailin Raylans,false,D,Quay Walker,LV,LB,7.5,470.p.33977
2,2026 -  The League,Wailin Raylans,false,D,Edgerrin Cooper,GB,LB,11.5,470.p.40938
2,The Honey Badgers,Dolphin Boobiez,false,QB,Josh Allen,BUF,QB,47.82,470.p.30977
2,The Honey Badgers,Dolphin Boobiez,false,RB,Jahmyr Gibbs,DET,RB,20.3,470.p.40059
2,The Honey Badgers,Dolphin Boobiez,false,RB,Bhayshul Tuten,JAX,RB,13.2,470.p.41900
2,The Honey Badgers,Dolphin Boobiez,false,WR,Tee Higgins,CIN,WR,12,470.p.32703
2,The Honey Badgers,Dolphin Boobiez,false,WR,Luther Burden III,CHI,WR,4.7,470.p.41824
2,The Honey Badgers,Dolphin Boobiez,false,TE,George Kittle,SF,TE,16,470.p.30259
2,The Honey Badgers,Dolphin Boobiez,false,W/R,Josh Downs,IND,WR,10.7,470.p.40126
2,The Honey Badgers,Dolphin Boobiez,false,BN,Michael Wilson,ARI,WR,2.8,470.p.40121
2,The Honey Badgers,Dolphin Boobiez,false,BN,Kyle Pitts Sr.,ATL,TE,2.75,470.p.33392
2,The Honey Badgers,Dolphin Boobiez,false,BN,Jonathon Brooks,CAR,RB,1.6,470.p.40926
2,The Honey Badgers,Dolphin Boobiez,false,BN,Chris Godwin Jr.,TB,WR,7.3,470.p.30197
2,The Honey Badgers,Dolphin Boobiez,false,BN,Woody Marks,HOU,RB,6,470.p.41902
2,The Honey Badgers,Dolphin Boobiez,false,BN,Malik Willis,MIA,QB,15.48,470.p.34042
2,The Honey Badgers,Dolphin Boobiez,false,K,Jason Myers,SEA,K,7,470.p.28378
2,The Honey Badgers,Dolphin Boobiez,false,D,Jack Campbell,DET,LB,6,470.p.40036
2,The Honey Badgers,Dolphin Boobiez,false,D,Devin Lloyd,CAR,LB,32,470.p.33982
2,The Honey Badgers,Dolphin Boobiez,false,D,Cooper DeJean,PHI,"DB,CB",5.25,470.p.40934
2,The Honey Badgers,The Curious Case of Cookus,false,QB,Brock Purdy,SF,QB,33.48,470.p.34218
2,The Honey Badgers,The Curious Case of Cookus,false,RB,Bijan Robinson,ATL,RB,9.6,470.p.40055
2,The Honey Badgers,The Curious Case of Cookus,false,RB,Chase Brown,CIN,RB,9.7,470.p.40196
2,The Honey Badgers,The Curious Case of Cookus,false,WR,DeVonta Smith,PHI,WR,24.2,470.p.33398
2,The Honey Badgers,The Curious Case of Cookus,false,WR,Garrett Wilson,NYJ,WR,14.2,470.p.33965
2,The Honey Badgers,The Curious Case of Cookus,false,TE,Colston Loveland,CHI,TE,0.8,470.p.41795
2,The Honey Badgers,The Curious Case of Cookus,false,W/R,Brian Thomas Jr.,JAX,WR,5.5,470.p.40883
2,The Honey Badgers,The Curious Case of Cookus,false,BN,Trevor Lawrence,JAX,QB,7.16,470.p.33389
2,The Honey Badgers,The Curious Case of Cookus,false,BN,Quentin Johnston,LAC,WR,1.9,470.p.40051
2,The Honey Badgers,The Curious Case of Cookus,false,BN,De'Zhaun Stribling,SF,WR,0,470.p.42655
2,The Honey Badgers,The Curious Case of Cookus,false,BN,Jordan Mason,MIN,RB,0,470.p.34320
2,The Honey Badgers,The Curious Case of Cookus,false,BN,Mike Washington Jr.,LV,RB,0.7,470.p.42744
2,The Honey Badgers,The Curious Case of Cookus,false,BN,Kaelon Black,SF,RB,2.5,470.p.42712
2,The Honey Badgers,The Curious Case of Cookus,false,K,Spencer Shrader,IND,K,14,470.p.41499
2,The Honey Badgers,The Curious Case of Cookus,false,D,Nakobe Dean,LV,LB,15.75,470.p.34039
2,The Honey Badgers,The Curious Case of Cookus,false,D,Ventrell Miller,JAX,LB,7.5,470.p.40155
2,The Honey Badgers,The Curious Case of Cookus,false,D,Terrel Bernard,BUF,LB,7,470.p.34045
2,The Honey Badgers,CopperTheBigRedDog,false,QB,Jalen Hurts,PHI,QB,22.16,470.p.32723
2,The Honey Badgers,CopperTheBigRedDog,false,RB,Kenneth Walker III,KC,RB,20.8,470.p.33996
2,The Honey Badgers,CopperTheBigRedDog,false,RB,Javonte Williams,DAL,RB,6.5,470.p.33423
2,The Honey Badgers,CopperTheBigRedDog,false,WR,Justin Jefferson,MIN,WR,7,470.p.32692
2,The Honey Badgers,CopperTheBigRedDog,false,WR,Christian Watson,GB,WR,12.1,470.p.33989
2,The Honey Badgers,CopperTheBigRedDog,false,TE,Tucker Kraft,GB,TE,2.5,470.p.40102
2,The Honey Badgers,CopperTheBigRedDog,false,W/R,Rachaad White,WAS,RB,11.3,470.p.34047
2,The Honey Badgers,CopperTheBigRedDog,false,BN,Puka Nacua,LAR,WR,0,470.p.40168
2,The Honey Badgers,CopperTheBigRedDog,false,BN,Tony Pollard,TEN,RB,7,470.p.31960
2,The Honey Badgers,CopperTheBigRedDog,false,BN,Josh Jacobs,GB,RB,0,470.p.31856
2,The Honey Badgers,CopperTheBigRedDog,false,BN,Jaxson Dart,NYG,QB,0.8,470.p.41810
2,The Honey Badgers,CopperTheBigRedDog,false,BN,Jake Ferguson,DAL,TE,18.3,470.p.34085
2,The Honey Badgers,CopperTheBigRedDog,false,BN,Denzel Boston,CLE,WR,18,470.p.42661
2,The Honey Badgers,CopperTheBigRedDog,false,IR,Jordyn Tyson,NO,WR,0,470.p.42630
2,The Honey Badgers,CopperTheBigRedDog,false,K,Brandon Aubrey,DAL,K,16,470.p.40819
2,The Honey Badgers,CopperTheBigRedDog,false,D,Blake Cashman,MIN,LB,15,470.p.31989
2,The Honey Badgers,CopperTheBigRedDog,false,D,Fred Warner,SF,LB,9,470.p.31040
2,The Honey Badgers,CopperTheBigRedDog,false,D,Jamien Sherwood,NYJ,LB,7.75,470.p.33534
2,The Honey Badgers,Comfy In Chair,false,QB,Bo Nix,DEN,QB,18.12,470.p.40875
2,The Honey Badgers,Comfy In Chair,false,RB,Jonathan Taylor,IND,RB,27.2,470.p.32711
2,The Honey Badgers,Comfy In Chair,false,RB,David Montgomery,HOU,RB,3.4,470.p.31905
2,The Honey Badgers,Comfy In Chair,false,WR,Chris Olave,NO,WR,18.6,470.p.33966
2,The Honey Badgers,Comfy In Chair,false,WR,Xavier Worthy,KC,WR,11,470.p.40877
2,The Honey Badgers,Comfy In Chair,false,TE,Tyler Warren,IND,TE,11.4,470.p.41799
2,The Honey Badgers,Comfy In Chair,false,W/R,Aaron Jones Sr.,MIN,RB,10.5,470.p.30295
2,The Honey Badgers,Comfy In Chair,false,BN,Zay Flowers,BAL,WR,0,470.p.40039
2,The Honey Badgers,Comfy In Chair,false,BN,Rico Dowdle,PIT,RB,5.4,470.p.33100
2,The Honey Badgers,Comfy In Chair,false,BN,Courtland Sutton,DEN,WR,4,470.p.31010
2,The Honey Badgers,Comfy In Chair,false,BN,Alvin Kamara,NO,RB,4.7,470.p.30180
2,The Honey Badgers,Comfy In Chair,false,BN,Romeo Doubs,NE,WR,11.1,470.p.34088
2,The Honey Badgers,Comfy In Chair,false,BN,Dallas Goedert,PHI,TE,0.9,470.p.31019
2,The Honey Badgers,Comfy In Chair,false,K,Tyler Loop,BAL,K,7.5,470.p.41988
2,The Honey Badgers,Comfy In Chair,false,D,Alex Singleton,DEN,LB,11.5,470.p.28716
2,The Honey Badgers,Comfy In Chair,false,D,Quincy Williams,CLE,LB,7.5,470.p.31930
2,The Honey Badgers,Comfy In Chair,false,D,Malaki Starks,BAL,S,5.25,470.p.41812
2,The Honey Badgers,The Trophy Wives,false,QB,Jayden Daniels,WAS,QB,16.74,470.p.40896
2,The Honey Badgers,The Trophy Wives,false,RB,James Cook III,BUF,RB,20.4,470.p.34019
2,The Honey Badgers,The Trophy Wives,false,RB,Cam Skattebo,NYG,RB,7.5,470.p.41922
2,The Honey Badgers,The Trophy Wives,false,WR,Jalen Coker,CAR,WR,10.6,470.p.41293
2,The Honey Badgers,The Trophy Wives,false,WR,Rashee Rice,KC,WR,10.3,470.p.40084
2,The Honey Badgers,The Trophy Wives,false,TE,Trey McBride,ARI,TE,14.1,470.p.34010
2,The Honey Badgers,The Trophy Wives,false,W/R,Davante Adams,LAR,WR,37,470.p.27581
2,The Honey Badgers,The Trophy Wives,false,BN,MarShawn Lloyd,GB,RB,7.6,470.p.40971
2,The Honey Badgers,The Trophy Wives,false,BN,KC Concepcion Jr.,CLE,WR,5.2,470.p.42646
2,The Honey Badgers,The Trophy Wives,false,BN,Jordan Love,GB,QB,17.8,470.p.32696
2,The Honey Badgers,The Trophy Wives,false,BN,Juwan Johnson,NO,TE,8.6,470.p.33113
2,The Honey Badgers,The Trophy Wives,false,BN,Devaughn Vele,NO,WR,8.9,470.p.41097
2,The Honey Badgers,The Trophy Wives,false,BN,Kendre Miller,NO,RB,0,470.p.40108
2,The Honey Badgers,The Trophy Wives,false,IR,A.J. Brown,NE,WR,0,470.p.31883
2,The Honey Badgers,The Trophy Wives,false,K,Ka'imi Fairbairn,HOU,K,8.5,470.p.29792
2,The Honey Badgers,The Trophy Wives,false,D,Jordyn Brooks,MIA,LB,3.75,470.p.32697
2,The Honey Badgers,The Trophy Wives,false,D,Ernest Jones IV,SEA,LB,9,470.p.33491
2,The Honey Badgers,The Trophy Wives,false,D,Aidan Hutchinson,DET,"DL,DE",9.75,470.p.33957
2,The Honey Badgers,Olivators,false,QB,Lamar Jackson,BAL,QB,18.8,470.p.31002
2,The Honey Badgers,Olivators,false,RB,Ashton Jeanty,LV,RB,9.8,470.p.41791
2,The Honey Badgers,Olivators,false,RB,Jacory Croskey-Merritt,WAS,RB,5.3,470.p.42010
2,The Honey Badgers,Olivators,false,WR,Jameson Williams,DET,WR,4.3,470.p.33967
2,The Honey Badgers,Olivators,false,WR,Jaxon Smith-Njigba,SEA,WR,38,470.p.40041
2,The Honey Badgers,Olivators,false,TE,Dalton Schultz,HOU,TE,20,470.p.31107
2,The Honey Badgers,Olivators,false,W/R,Kyren Williams,LAR,RB,14.7,470.p.34120
2,The Honey Badgers,Olivators,false,BN,Nico Collins,HOU,WR,0,470.p.33477
2,The Honey Badgers,Olivators,false,BN,Harold Fannin Jr.,CLE,TE,7.9,470.p.41877
2,The Honey Badgers,Olivators,false,BN,Kenny Gainwell,TB,RB,3,470.p.33538
2,The Honey Badgers,Olivators,false,BN,Jakobi Meyers,JAX,WR,3.3,470.p.32231
2,The Honey Badgers,Olivators,false,BN,Jared Goff,DET,QB,37.78,470.p.29235
2,The Honey Badgers,Olivators,false,K,Cam Little,JAX,K,8,470.p.41062
2,The Honey Badgers,Olivators,false,D,Foyesade Oluokun,JAX,LB,9,470.p.31170
2,The Honey Badgers,Olivators,false,D,Edgerrin Cooper,GB,LB,13.5,470.p.40938
2,The Honey Badgers,Olivators,false,D,Cedric Gray,TEN,LB,5.25,470.p.40988
2,The Honey Badgers,Olivators,false,BN,T.J. Edwards,CHI,LB,4.5,470.p.32403
2,The Honey Badgers,My Balls Are Afoot,false,QB,Joe Burrow,CIN,QB,20.18,470.p.32671
2,The Honey Badgers,My Balls Are Afoot,false,RB,Derrick Henry,BAL,RB,16.2,470.p.29279
2,The Honey Badgers,My Balls Are Afoot,false,RB,TreVeyon Henderson,NE,RB,13.6,470.p.41823
2,The Honey Badgers,My Balls Are Afoot,false,WR,Drake London,ATL,WR,9.15,470.p.33963
2,The Honey Badgers,My Balls Are Afoot,false,WR,Tetairoa McMillan,CAR,WR,12.6,470.p.41793
2,The Honey Badgers,My Balls Are Afoot,false,TE,Travis Kelce,KC,TE,20.6,470.p.26686
2,The Honey Badgers,My Balls Are Afoot,false,W/R,Mike Evans,SF,WR,6.9,470.p.27535
2,The Honey Badgers,My Balls Are Afoot,false,BN,Kyle Monangai,CHI,RB,6.8,470.p.42025
2,The Honey Badgers,My Balls Are Afoot,false,BN,Stefon Diggs,WAS,WR,19.2,470.p.28534
2,The Honey Badgers,My Balls Are Afoot,false,BN,Michael Pittman Jr.,PIT,WR,0,470.p.32704
2,The Honey Badgers,My Balls Are Afoot,false,BN,Deebo Samuel Sr.,SF,WR,5,470.p.31868
2,The Honey Badgers,My Balls Are Afoot,false,BN,Sam Darnold,SEA,QB,0,470.p.30973
2,The Honey Badgers,My Balls Are Afoot,false,BN,Brian Robinson,ATL,RB,7.7,470.p.34054
2,The Honey Badgers,My Balls Are Afoot,false,K,Cameron Dicker,LAC,K,2,470.p.34344
2,The Honey Badgers,My Balls Are Afoot,false,D,Nick Bolton,KC,LB,14.25,470.p.33446
2,The Honey Badgers,My Balls Are Afoot,false,D,Sonny Styles,WAS,LB,2.25,470.p.42629
2,The Honey Badgers,My Balls Are Afoot,false,D,Kaden Elliss,NO,LB,7.5,470.p.32076
2,The Honey Badgers,Fat Lazy Americans,true,QB,Caleb Williams,CHI,QB,8.72,470.p.40900
2,The Honey Badgers,Fat Lazy Americans,true,RB,Breece Hall,NYJ,RB,11.7,470.p.33991
2,The Honey Badgers,Fat Lazy Americans,true,RB,Bucky Irving,TB,RB,11,470.p.40993
2,The Honey Badgers,Fat Lazy Americans,true,WR,Ja'Marr Chase,CIN,WR,23,470.p.33393
2,The Honey Badgers,Fat Lazy Americans,true,WR,Rome Odunze,CHI,WR,7.3,470.p.40901
2,The Honey Badgers,Fat Lazy Americans,true,TE,Kenyon Sadiq,NYJ,TE,2.7,470.p.42638
2,The Honey Badgers,Fat Lazy Americans,true,W/R,Jeremiyah Love,ARI,RB,6,470.p.42625
2,The Honey Badgers,Fat Lazy Americans,true,BN,Terrance Ferguson,LAR,TE,14.4,470.p.41831
2,The Honey Badgers,Fat Lazy Americans,true,BN,Brock Bowers,LV,TE,0,470.p.40878
2,The Honey Badgers,Fat Lazy Americans,true,BN,RJ Harvey,DEN,RB,0,470.p.41845
2,The Honey Badgers,Fat Lazy Americans,true,BN,Matthew Golden,GB,WR,7.8,470.p.41808
2,The Honey Badgers,Fat Lazy Americans,true,BN,Jonah Coleman,DEN,RB,13.3,470.p.42730
2,The Honey Badgers,Fat Lazy Americans,true,BN,Daniel Jones,IND,QB,15.4,470.p.31838
2,The Honey Badgers,Fat Lazy Americans,true,IR,Zach Charbonnet,SEA,RB,0,470.p.40075
2,The Honey Badgers,Fat Lazy Americans,true,K,Harrison Butker,KC,K,17.75,470.p.30346
2,The Honey Badgers,Fat Lazy Americans,true,D,Carson Schwesinger,CLE,LB,11.25,470.p.41818
2,The Honey Badgers,Fat Lazy Americans,true,D,Zack Baun,PHI,LB,4.5,470.p.32744
2,The Honey Badgers,Fat Lazy Americans,true,D,Tremaine Edmunds,NYG,LB,4.75,470.p.30986
2,The Honey Badgers,JRZ,false,QB,Patrick Mahomes,KC,QB,35.98,470.p.30123
2,The Honey Badgers,JRZ,false,RB,Omarion Hampton,LAC,RB,16.5,470.p.41807
2,The Honey Badgers,JRZ,false,RB,Chuba Hubbard,CAR,RB,13.4,470.p.33514
2,The Honey Badgers,JRZ,false,WR,Amon-Ra St. Brown,DET,WR,30.7,470.p.33500
2,The Honey Badgers,JRZ,false,WR,Jaylen Waddle,DEN,WR,17.8,470.p.33394
2,The Honey Badgers,JRZ,false,TE,Sam LaPorta,DET,TE,14.2,470.p.40064
2,The Honey Badgers,JRZ,false,W/R,DJ Moore,BUF,WR,-0.1,470.p.30994
2,The Honey Badgers,JRZ,false,BN,Justin Herbert,LAC,QB,14.38,470.p.32676
2,The Honey Badgers,JRZ,false,BN,Travis Etienne Jr.,NO,RB,6.1,470.p.33413
2,The Honey Badgers,JRZ,false,BN,Alec Pierce,IND,WR,1.6,470.p.34008
2,The Honey Badgers,JRZ,false,BN,Jordan Addison,MIN,WR,3.1,470.p.40042
2,The Honey Badgers,JRZ,false,BN,Wan'Dale Robinson,TEN,WR,1.4,470.p.33998
2,The Honey Badgers,JRZ,false,BN,Caleb Douglas,MIA,WR,2.9,470.p.42697
2,The Honey Badgers,JRZ,false,K,Cairo Santos,CHI,K,5,470.p.28227
2,The Honey Badgers,JRZ,false,D,Demario Davis,NYJ,LB,5.25,470.p.25787
2,The Honey Badgers,JRZ,false,D,Budda Baker,ARI,S,17.5,470.p.30149
2,The Honey Badgers,JRZ,false,D,Travis Hunter,JAX,"WR,CB",7,470.p.99002
2,The Honey Badgers,Jesus take the wheel,false,QB,Matthew Stafford,LAR,QB,36.98,470.p.9265
2,The Honey Badgers,Jesus take the wheel,false,RB,Saquon Barkley,PHI,RB,2.5,470.p.30972
2,The Honey Badgers,Jesus take the wheel,false,RB,D'Andre Swift,CHI,RB,10.4,470.p.32705
2,The Honey Badgers,Jesus take the wheel,false,WR,Emeka Egbuka,TB,WR,8.8,470.p.41804
2,The Honey Badgers,Jesus take the wheel,false,WR,Parker Washington,JAX,WR,14.8,470.p.40234
2,The Honey Badgers,Jesus take the wheel,false,TE,Isaiah Likely,NYG,TE,5.8,470.p.34095
2,The Honey Badgers,Jesus take the wheel,false,W/R,Khalil Shakir,BUF,WR,5.3,470.p.34104
2,The Honey Badgers,Jesus take the wheel,false,BN,Jadarian Price,SEA,RB,4.5,470.p.42654
2,The Honey Badgers,Jesus take the wheel,false,BN,Blake Corum,LAR,RB,9.7,470.p.40962
2,The Honey Badgers,Jesus take the wheel,false,BN,Chig Okonkwo,WAS,TE,0,470.p.34099
2,The Honey Badgers,Jesus take the wheel,false,BN,DeMario Douglas,NE,WR,1.4,470.p.40222
2,The Honey Badgers,Jesus take the wheel,false,BN,Tyler Shough,NO,QB,24.38,470.p.41825
2,The Honey Badgers,Jesus take the wheel,false,K,Eddy Pineiro,SF,K,5,470.p.31482
2,The Honey Badgers,Jesus take the wheel,false,D,Nate Landman,LAR,LB,7.5,470.p.34291
2,The Honey Badgers,Jesus take the wheel,false,D,Daiyan Henley,LAC,LB,2.25,470.p.40113
2,The Honey Badgers,Jesus take the wheel,false,D,Azeez Al-Shaair,HOU,LB,13.5,470.p.32318
2,The Honey Badgers,Jesus take the wheel,false,BN,Demetrius Knight Jr.,CIN,LB,12,470.p.41834
2,The Honey Badgers,Unicorn Love,false,QB,Drake Maye,NE,QB,10.02,470.p.40881
2,The Honey Badgers,Unicorn Love,false,RB,De'Von Achane,MIA,RB,10.8,470.p.40118
2,The Honey Badgers,Unicorn Love,false,RB,Jaylen Warren,PIT,RB,8.7,470.p.34447
2,The Honey Badgers,Unicorn Love,false,WR,CeeDee Lamb,DAL,WR,31.3,470.p.32687
2,The Honey Badgers,Unicorn Love,false,WR,Kayshon Boutte,HOU,WR,5.2,470.p.40224
2,The Honey Badgers,Unicorn Love,false,TE,Mark Andrews,BAL,TE,7.9,470.p.31056
2,The Honey Badgers,Unicorn Love,false,W/R,Rhamondre Stevenson,NE,RB,3.1,470.p.33508
2,The Honey Badgers,Unicorn Love,false,BN,Marvin Harrison Jr.,ARI,WR,0,470.p.40893
2,The Honey Badgers,Unicorn Love,false,BN,Ladd McConkey,LAC,WR,5,470.p.40908
2,The Honey Badgers,Unicorn Love,false,BN,Baker Mayfield,TB,QB,16.18,470.p.30971
2,The Honey Badgers,Unicorn Love,false,BN,J.K. Dobbins,DEN,RB,3.6,470.p.32725
2,The Honey Badgers,Unicorn Love,false,BN,Hunter Henry,NE,TE,7,470.p.29269
2,The Honey Badgers,Unicorn Love,false,K,Harrison Mevis,LAR,K,4.75,470.p.41312
2,The Honey Badgers,Unicorn Love,false,D,Roquan Smith,BAL,LB,7.5,470.p.30978
2,The Honey Badgers,Unicorn Love,false,D,Kyle Hamilton,BAL,S,15,470.p.33969
2,The Honey Badgers,Unicorn Love,false,D,Robert Spillane,NE,LB,6.75,470.p.31708
2,The Honey Badgers,Unicorn Love,false,BN,Devin Bush,CHI,LB,6.25,470.p.31842
2,The Honey Badgers,Kryponite,false,QB,Dak Prescott,DAL,QB,37.76,470.p.29369
2,The Honey Badgers,Kryponite,false,RB,Christian McCaffrey,SF,RB,20.6,470.p.30121
2,The Honey Badgers,Kryponite,false,RB,Quinshon Judkins,CLE,RB,7.3,470.p.41821
2,The Honey Badgers,Kryponite,false,WR,George Pickens,DAL,WR,7,470.p.34007
2,The Honey Badgers,Kryponite,false,WR,Malik Nabers,NYG,WR,0.6,470.p.40899
2,The Honey Badgers,Kryponite,false,TE,Dalton Kincaid,BUF,TE,19,470.p.40048
2,The Honey Badgers,Kryponite,false,W/R,DK Metcalf,PIT,WR,4.7,470.p.31896
2,The Honey Badgers,Kryponite,false,BN,Terry McLaurin,WAS,WR,6,470.p.31908
2,The Honey Badgers,Kryponite,false,BN,Tyjae Spears,TEN,RB,8,470.p.40119
2,The Honey Badgers,Kryponite,false,BN,Rashid Shaheed,SEA,WR,5.4,470.p.34659
2,The Honey Badgers,Kryponite,false,BN,Emmett Johnson,KC,RB,6,470.p.42796
2,The Honey Badgers,Kryponite,false,BN,Devin Singletary,NYG,RB,0.9,470.p.31906
2,The Honey Badgers,Kryponite,false,BN,Pat Freiermuth,PIT,TE,5.4,470.p.33443
2,The Honey Badgers,Kryponite,false,K,Tyler Bass,BUF,K,5,470.p.32858
2,The Honey Badgers,Kryponite,false,D,Derwin James Jr.,LAC,S,6.75,470.p.30987
2,The Honey Badgers,Kryponite,false,D,Quentin Lake,LAR,"DB,S",15.75,470.p.34167
2,The Honey Badgers,Kryponite,false,D,T.J. Watt,PIT,"LB,DE",9,470.p.30143
2,Rose Bowl XIX,Jukin Junies,false,QB,Josh Allen,BUF,QB,46.82,470.p.30977
2,Rose Bowl XIX,Jukin Junies,false,RB,Derrick Henry,BAL,RB,17.7,470.p.29279
2,Rose Bowl XIX,Jukin Junies,false,RB,D'Andre Swift,CHI,RB,12.9,470.p.32705
2,Rose Bowl XIX,Jukin Junies,false,WR,Amon-Ra St. Brown,DET,WR,35.2,470.p.33500
2,Rose Bowl XIX,Jukin Junies,false,WR,Christian Watson,GB,WR,14.1,470.p.33989
2,Rose Bowl XIX,Jukin Junies,false,TE,Isaiah Likely,NYG,TE,8.3,470.p.34095
2,Rose Bowl XIX,Jukin Junies,false,W/R,Terry McLaurin,WAS,WR,7,470.p.31908
2,Rose Bowl XIX,Jukin Junies,false,BN,Travis Kelce,KC,TE,25.1,470.p.26686
2,Rose Bowl XIX,Jukin Junies,false,BN,Rico Dowdle,PIT,RB,6.4,470.p.33100
2,Rose Bowl XIX,Jukin Junies,false,BN,Jonathon Brooks,CAR,RB,2.1,470.p.40926
2,Rose Bowl XIX,Jukin Junies,false,BN,Michael Pittman Jr.,PIT,WR,0,470.p.32704
2,Rose Bowl XIX,Jukin Junies,false,BN,Tyjae Spears,TEN,RB,9,470.p.40119
2,Rose Bowl XIX,Jukin Junies,false,BN,Braelon Allen,NYJ,RB,8.5,470.p.40981
2,Rose Bowl XIX,Jukin Junies,false,K,Tyler Loop,BAL,K,7,470.p.41988
2,Rose Bowl XIX,Jukin Junies,false,D,Blake Cashman,MIN,LB,11,470.p.31989
2,Rose Bowl XIX,Jukin Junies,false,D,Zack Baun,PHI,LB,3,470.p.32744
2,Rose Bowl XIX,Jukin Junies,false,D,Quay Walker,LV,LB,7.5,470.p.33977
2,Rose Bowl XIX,Concussion Protocol,false,QB,Caleb Williams,CHI,QB,7.72,470.p.40900
2,Rose Bowl XIX,Concussion Protocol,false,RB,Bijan Robinson,ATL,RB,11.1,470.p.40055
2,Rose Bowl XIX,Concussion Protocol,false,RB,David Montgomery,HOU,RB,4.4,470.p.31905
2,Rose Bowl XIX,Concussion Protocol,false,WR,Davante Adams,LAR,WR,40.5,470.p.27581
2,Rose Bowl XIX,Concussion Protocol,false,WR,Quentin Johnston,LAC,WR,2.4,470.p.40051
2,Rose Bowl XIX,Concussion Protocol,false,TE,Trey McBride,ARI,TE,18.1,470.p.34010
2,Rose Bowl XIX,Concussion Protocol,false,W/R,Jacory Croskey-Merritt,WAS,RB,5.8,470.p.42010
2,Rose Bowl XIX,Concussion Protocol,false,BN,A.J. Brown,NE,WR,0,470.p.31883
2,Rose Bowl XIX,Concussion Protocol,false,BN,Carnell Tate,TEN,WR,5.7,470.p.42626
2,Rose Bowl XIX,Concussion Protocol,false,BN,Courtland Sutton,DEN,WR,5.5,470.p.31010
2,Rose Bowl XIX,Concussion Protocol,false,BN,Jordan Addison,MIN,WR,4.1,470.p.40042
2,Rose Bowl XIX,Concussion Protocol,false,BN,Jared Goff,DET,QB,37.78,470.p.29235
2,Rose Bowl XIX,Concussion Protocol,false,K,Harrison Mevis,LAR,K,4.5,470.p.41312
2,Rose Bowl XIX,Concussion Protocol,false,D,Nick Bolton,KC,LB,9.5,470.p.33446
2,Rose Bowl XIX,Concussion Protocol,false,D,Devin Lloyd,CAR,LB,26,470.p.33982
2,Rose Bowl XIX,Concussion Protocol,false,D,Robert Spillane,NE,LB,4.5,470.p.31708
2,Rose Bowl XIX,Concussion Protocol,false,BN,Barrett Carter,CIN,LB,3.5,470.p.41906
2,Rose Bowl XIX,Sir Nix A Lot,false,QB,Bo Nix,DEN,QB,16.12,470.p.40875
2,Rose Bowl XIX,Sir Nix A Lot,false,RB,Jonathan Taylor,IND,RB,29.2,470.p.32711
2,Rose Bowl XIX,Sir Nix A Lot,false,RB,Jeremiyah Love,ARI,RB,7.5,470.p.42625
2,Rose Bowl XIX,Sir Nix A Lot,false,WR,DJ Moore,BUF,WR,-0.1,470.p.30994
2,Rose Bowl XIX,Sir Nix A Lot,false,WR,George Pickens,DAL,WR,10,470.p.34007
2,Rose Bowl XIX,Sir Nix A Lot,false,TE,Tyler Warren,IND,TE,14.4,470.p.41799
2,Rose Bowl XIX,Sir Nix A Lot,false,W/R,MarShawn Lloyd,GB,RB,8.6,470.p.40971
2,Rose Bowl XIX,Sir Nix A Lot,false,BN,Stefon Diggs,WAS,WR,21.7,470.p.28534
2,Rose Bowl XIX,Sir Nix A Lot,false,BN,TreVeyon Henderson,NE,RB,13.6,470.p.41823
2,Rose Bowl XIX,Sir Nix A Lot,false,BN,KC Concepcion Jr.,CLE,WR,8.2,470.p.42646
2,Rose Bowl XIX,Sir Nix A Lot,false,BN,Rachaad White,WAS,RB,14.3,470.p.34047
2,Rose Bowl XIX,Sir Nix A Lot,false,BN,Juwan Johnson,NO,TE,10.6,470.p.33113
2,Rose Bowl XIX,Sir Nix A Lot,false,BN,Isaac TeSlaa,DET,WR,4.6,470.p.41865
2,Rose Bowl XIX,Sir Nix A Lot,false,K,Jake Bates,DET,K,7,470.p.40835
2,Rose Bowl XIX,Sir Nix A Lot,false,D,Kyle Hamilton,BAL,S,10,470.p.33969
2,Rose Bowl XIX,Sir Nix A Lot,false,D,Nate Landman,LAR,LB,5,470.p.34291
2,Rose Bowl XIX,Sir Nix A Lot,false,D,Cooper DeJean,PHI,"DB,CB",3.5,470.p.40934
2,Rose Bowl XIX,CallinginSickMonday,false,QB,Dak Prescott,DAL,QB,37.76,470.p.29369
2,Rose Bowl XIX,CallinginSickMonday,false,RB,Ashton Jeanty,LV,RB,11.3,470.p.41791
2,Rose Bowl XIX,CallinginSickMonday,false,RB,Breece Hall,NYJ,RB,14.2,470.p.33991
2,Rose Bowl XIX,CallinginSickMonday,false,WR,Jaxon Smith-Njigba,SEA,WR,42.5,470.p.40041
2,Rose Bowl XIX,CallinginSickMonday,false,WR,Tetairoa McMillan,CAR,WR,15.1,470.p.41793
2,Rose Bowl XIX,CallinginSickMonday,false,TE,Harold Fannin Jr.,CLE,TE,10.4,470.p.41877
2,Rose Bowl XIX,CallinginSickMonday,false,W/R,Quinshon Judkins,CLE,RB,9.8,470.p.41821
2,Rose Bowl XIX,CallinginSickMonday,false,BN,Rome Odunze,CHI,WR,8.3,470.p.40901
2,Rose Bowl XIX,CallinginSickMonday,false,BN,Brian Thomas Jr.,JAX,WR,7,470.p.40883
2,Rose Bowl XIX,CallinginSickMonday,false,BN,Josh Jacobs,GB,RB,0,470.p.31856
2,Rose Bowl XIX,CallinginSickMonday,false,BN,Patrick Mahomes,KC,QB,34.98,470.p.30123
2,Rose Bowl XIX,CallinginSickMonday,false,BN,Brenton Strange,JAX,TE,3.7,470.p.40078
2,Rose Bowl XIX,CallinginSickMonday,false,BN,Romeo Doubs,NE,WR,12.6,470.p.34088
2,Rose Bowl XIX,CallinginSickMonday,false,K,Eddy Pineiro,SF,K,5,470.p.31482
2,Rose Bowl XIX,CallinginSickMonday,false,D,Jordyn Brooks,MIA,LB,2.5,470.p.32697
2,Rose Bowl XIX,CallinginSickMonday,false,D,Carson Schwesinger,CLE,LB,7.5,470.p.41818
2,Rose Bowl XIX,CallinginSickMonday,false,D,Roquan Smith,BAL,LB,5,470.p.30978
2,Rose Bowl XIX,Nabers of the Lost Ark,false,QB,Jayden Daniels,WAS,QB,16.74,470.p.40896
2,Rose Bowl XIX,Nabers of the Lost Ark,false,RB,Jahmyr Gibbs,DET,RB,23.3,470.p.40059
2,Rose Bowl XIX,Nabers of the Lost Ark,false,RB,Bhayshul Tuten,JAX,RB,14.2,470.p.41900
2,Rose Bowl XIX,Nabers of the Lost Ark,false,WR,Drake London,ATL,WR,10.4,470.p.33963
2,Rose Bowl XIX,Nabers of the Lost Ark,false,WR,Malik Nabers,NYG,WR,1.1,470.p.40899
2,Rose Bowl XIX,Nabers of the Lost Ark,false,TE,Sam LaPorta,DET,TE,17.2,470.p.40064
2,Rose Bowl XIX,Nabers of the Lost Ark,false,W/R,Garrett Wilson,NYJ,WR,16.7,470.p.33965
2,Rose Bowl XIX,Nabers of the Lost Ark,false,BN,Josh Downs,IND,WR,14.2,470.p.40126
2,Rose Bowl XIX,Nabers of the Lost Ark,false,BN,Wan'Dale Robinson,TEN,WR,1.9,470.p.33998
2,Rose Bowl XIX,Nabers of the Lost Ark,false,BN,Dalton Schultz,HOU,TE,26,470.p.31107
2,Rose Bowl XIX,Nabers of the Lost Ark,false,BN,Kenny Gainwell,TB,RB,7.62,470.p.33538
2,Rose Bowl XIX,Nabers of the Lost Ark,false,IR,Zach Charbonnet,SEA,RB,0,470.p.40075
2,Rose Bowl XIX,Nabers of the Lost Ark,false,K,Cameron Dicker,LAC,K,2,470.p.34344
2,Rose Bowl XIX,Nabers of the Lost Ark,false,D,Julian Love,SEA,S,8,470.p.31940
2,Rose Bowl XIX,Nabers of the Lost Ark,false,D,Derwin James Jr.,LAC,S,4.5,470.p.30987
2,Rose Bowl XIX,Nabers of the Lost Ark,false,D,Malaki Starks,BAL,S,3.5,470.p.41812
2,Rose Bowl XIX,Nabers of the Lost Ark,false,BN,Divine Deablo,ATL,LB,1.5,470.p.33468
2,Rose Bowl XIX,Nabers of the Lost Ark,false,BN,Demetrius Knight Jr.,CIN,LB,8,470.p.41834
2,Rose Bowl XIX,Panda XL,false,QB,Jalen Hurts,PHI,QB,20.16,470.p.32723
2,Rose Bowl XIX,Panda XL,false,RB,Kenneth Walker III,KC,RB,23.8,470.p.33996
2,Rose Bowl XIX,Panda XL,false,RB,Cam Skattebo,NYG,RB,9.5,470.p.41922
2,Rose Bowl XIX,Panda XL,false,WR,Justin Jefferson,MIN,WR,8.5,470.p.32692
2,Rose Bowl XIX,Panda XL,false,WR,Parker Washington,JAX,WR,18.28,470.p.40234
2,Rose Bowl XIX,Panda XL,false,TE,Mike Gesicki,CIN,TE,0,470.p.31012
2,Rose Bowl XIX,Panda XL,false,W/R,Rashod Bateman,BAL,WR,22.8,470.p.33415
2,Rose Bowl XIX,Panda XL,false,BN,Chris Godwin Jr.,TB,WR,8.8,470.p.30197
2,Rose Bowl XIX,Panda XL,false,BN,Ladd McConkey,LAC,WR,6.5,470.p.40908
2,Rose Bowl XIX,Panda XL,false,BN,J.K. Dobbins,DEN,RB,3.6,470.p.32725
2,Rose Bowl XIX,Panda XL,false,BN,Matthew Stafford,LAR,QB,34.98,470.p.9265
2,Rose Bowl XIX,Panda XL,false,BN,Tyler Allgeier,ARI,RB,3.9,470.p.34107
2,Rose Bowl XIX,Panda XL,false,BN,Rashid Shaheed,SEA,WR,9.94,470.p.34659
2,Rose Bowl XIX,Panda XL,false,K,Chris Boswell,PIT,K,5,470.p.28188
2,Rose Bowl XIX,Panda XL,false,D,Alex Singleton,DEN,LB,8,470.p.28716
2,Rose Bowl XIX,Panda XL,false,D,Aidan Hutchinson,DET,"DL,DE",7.5,470.p.33957
2,Rose Bowl XIX,Panda XL,false,D,Aaron Donald,LAR,"DT,DE",2,470.p.27541
2,Rose Bowl XIX,Chubbtown Brownies,false,QB,Trevor Lawrence,JAX,QB,6.16,470.p.33389
2,Rose Bowl XIX,Chubbtown Brownies,false,RB,Chase Brown,CIN,RB,11.2,470.p.40196
2,Rose Bowl XIX,Chubbtown Brownies,false,RB,Travis Etienne Jr.,NO,RB,7.1,470.p.33413
2,Rose Bowl XIX,Chubbtown Brownies,false,WR,CeeDee Lamb,DAL,WR,35.3,470.p.32687
2,Rose Bowl XIX,Chubbtown Brownies,false,WR,Jaylen Waddle,DEN,WR,21.8,470.p.33394
2,Rose Bowl XIX,Chubbtown Brownies,false,TE,George Kittle,SF,TE,18,470.p.30259
2,Rose Bowl XIX,Chubbtown Brownies,false,W/R,Jameson Williams,DET,WR,5.3,470.p.33967
2,Rose Bowl XIX,Chubbtown Brownies,false,BN,DK Metcalf,PIT,WR,6.7,470.p.31896
2,Rose Bowl XIX,Chubbtown Brownies,false,BN,Dallas Goedert,PHI,TE,1.4,470.p.31019
2,Rose Bowl XIX,Chubbtown Brownies,false,BN,Jayden Reed,GB,WR,1.4,470.p.40063
2,Rose Bowl XIX,Chubbtown Brownies,false,BN,Woody Marks,HOU,RB,10.1,470.p.41902
2,Rose Bowl XIX,Chubbtown Brownies,false,BN,Emmett Johnson,KC,RB,7.86,470.p.42796
2,Rose Bowl XIX,Chubbtown Brownies,false,BN,Denzel Boston,CLE,WR,20.5,470.p.42661
2,Rose Bowl XIX,Chubbtown Brownies,false,IR,Jordyn Tyson,NO,WR,0,470.p.42630
2,Rose Bowl XIX,Chubbtown Brownies,false,K,Ka'imi Fairbairn,HOU,K,8,470.p.29792
2,Rose Bowl XIX,Chubbtown Brownies,false,D,Sonny Styles,WAS,LB,1.5,470.p.42629
2,Rose Bowl XIX,Chubbtown Brownies,false,D,T.J. Watt,PIT,"LB,DE",7.5,470.p.30143
2,Rose Bowl XIX,Chubbtown Brownies,false,D,Maxx Crosby,LV,DE,1,470.p.31938
2,Rose Bowl XIX,L.V. Rosekillers,false,QB,Lamar Jackson,BAL,QB,16.8,470.p.31002
2,Rose Bowl XIX,L.V. Rosekillers,false,RB,Christian McCaffrey,SF,RB,22.6,470.p.30121
2,Rose Bowl XIX,L.V. Rosekillers,false,RB,Rhamondre Stevenson,NE,RB,3.6,470.p.33508
2,Rose Bowl XIX,L.V. Rosekillers,false,WR,DeVonta Smith,PHI,WR,28.7,470.p.33398
2,Rose Bowl XIX,L.V. Rosekillers,false,WR,Michael Wilson,ARI,WR,3.8,470.p.40121
2,Rose Bowl XIX,L.V. Rosekillers,false,TE,Mark Andrews,BAL,TE,10.9,470.p.31056
2,Rose Bowl XIX,L.V. Rosekillers,false,W/R,Chuba Hubbard,CAR,RB,14.4,470.p.33514
2,Rose Bowl XIX,L.V. Rosekillers,false,BN,Nico Collins,HOU,WR,0,470.p.33477
2,Rose Bowl XIX,L.V. Rosekillers,false,BN,Kyle Pitts Sr.,ATL,TE,3,470.p.33392
2,Rose Bowl XIX,L.V. Rosekillers,false,BN,Antonio Williams,WAS,WR,5.4,470.p.42693
2,Rose Bowl XIX,L.V. Rosekillers,false,BN,Aaron Jones Sr.,MIN,RB,10.5,470.p.30295
2,Rose Bowl XIX,L.V. Rosekillers,false,BN,Devaughn Vele,NO,WR,11.4,470.p.41097
2,Rose Bowl XIX,L.V. Rosekillers,false,BN,Kalif Raymond,CHI,WR,10.2,470.p.29631
2,Rose Bowl XIX,L.V. Rosekillers,false,K,Brandon Aubrey,DAL,K,22,470.p.40819
2,Rose Bowl XIX,L.V. Rosekillers,false,D,Travis Hunter,JAX,"WR,CB",5,470.p.99002
2,Rose Bowl XIX,L.V. Rosekillers,false,D,Quentin Lake,LAR,"DB,S",11.5,470.p.34167
2,Rose Bowl XIX,L.V. Rosekillers,false,D,Ventrell Miller,JAX,LB,5,470.p.40155
2,Rose Bowl XIX,Waiting for Basketball,false,QB,Brock Purdy,SF,QB,32.48,470.p.34218
2,Rose Bowl XIX,Waiting for Basketball,false,RB,Saquon Barkley,PHI,RB,3,470.p.30972
2,Rose Bowl XIX,Waiting for Basketball,false,RB,De'Von Achane,MIA,RB,12.3,470.p.40118
2,Rose Bowl XIX,Waiting for Basketball,false,WR,Rashee Rice,KC,WR,12.3,470.p.40084
2,Rose Bowl XIX,Waiting for Basketball,false,WR,Mike Evans,SF,WR,8.4,470.p.27535
2,Rose Bowl XIX,Waiting for Basketball,false,TE,Colston Loveland,CHI,TE,1.3,470.p.41795
2,Rose Bowl XIX,Waiting for Basketball,false,W/R,Deebo Samuel Sr.,SF,WR,7.66,470.p.31868
2,Rose Bowl XIX,Waiting for Basketball,false,BN,Jaylen Warren,PIT,RB,9.7,470.p.34447
2,Rose Bowl XIX,Waiting for Basketball,false,BN,Marvin Harrison Jr.,ARI,WR,0,470.p.40893
2,Rose Bowl XIX,Waiting for Basketball,false,BN,Alec Pierce,IND,WR,2.1,470.p.34008
2,Rose Bowl XIX,Waiting for Basketball,false,BN,Mike Washington Jr.,LV,RB,0.7,470.p.42744
2,Rose Bowl XIX,Waiting for Basketball,false,BN,Chris Rodriguez Jr.,JAX,RB,1.3,470.p.40231
2,Rose Bowl XIX,Waiting for Basketball,false,BN,Jauan Jennings,MIN,WR,0,470.p.32887
2,Rose Bowl XIX,Waiting for Basketball,false,K,Jason Myers,SEA,K,7,470.p.28378
2,Rose Bowl XIX,Waiting for Basketball,false,D,Fred Warner,SF,LB,6.5,470.p.31040
2,Rose Bowl XIX,Waiting for Basketball,false,D,Devin Bush,CHI,LB,4.5,470.p.31842
2,Rose Bowl XIX,Waiting for Basketball,false,D,Edgerrin Cooper,GB,LB,10,470.p.40938
2,Rose Bowl XIX,Bear Force One,false,QB,Baker Mayfield,TB,QB,14.18,470.p.30971
2,Rose Bowl XIX,Bear Force One,false,RB,Javonte Williams,DAL,RB,8,470.p.33423
2,Rose Bowl XIX,Bear Force One,false,RB,Blake Corum,LAR,RB,10.2,470.p.40962
2,Rose Bowl XIX,Bear Force One,false,WR,Emeka Egbuka,TB,WR,10.3,470.p.41804
2,Rose Bowl XIX,Bear Force One,false,WR,Caleb Douglas,MIA,WR,3.9,470.p.42697
2,Rose Bowl XIX,Bear Force One,false,TE,Hunter Henry,NE,TE,8,470.p.29269
2,Rose Bowl XIX,Bear Force One,false,W/R,Kayshon Boutte,HOU,WR,6.7,470.p.40224
2,Rose Bowl XIX,Bear Force One,false,BN,Drake Maye,NE,QB,8.02,470.p.40881
2,Rose Bowl XIX,Bear Force One,false,BN,Puka Nacua,LAR,WR,0,470.p.40168
2,Rose Bowl XIX,Bear Force One,false,BN,Brock Bowers,LV,TE,0,470.p.40878
2,Rose Bowl XIX,Bear Force One,false,BN,Tony Pollard,TEN,RB,7.5,470.p.31960
2,Rose Bowl XIX,Bear Force One,false,BN,Kaelon Black,SF,RB,2.5,470.p.42712
2,Rose Bowl XIX,Bear Force One,false,BN,Xavier Worthy,KC,WR,13.5,470.p.40877
2,Rose Bowl XIX,Bear Force One,false,IR,Jordan Mason,MIN,RB,0,470.p.34320
2,Rose Bowl XIX,Bear Force One,false,K,Cam Little,JAX,K,8,470.p.41062
2,Rose Bowl XIX,Bear Force One,false,D,Jack Campbell,DET,LB,4,470.p.40036
2,Rose Bowl XIX,Bear Force One,false,D,Foyesade Oluokun,JAX,LB,6,470.p.31170
2,Rose Bowl XIX,Bear Force One,false,D,Nakobe Dean,LV,LB,11,470.p.34039
2,Rose Bowl XIX,Fat Lazy Americans,true,QB,Justin Herbert,LAC,QB,10.88,470.p.32676
2,Rose Bowl XIX,Fat Lazy Americans,true,RB,Kyren Williams,LAR,RB,15.7,470.p.34120
2,Rose Bowl XIX,Fat Lazy Americans,true,RB,Bucky Irving,TB,RB,13,470.p.40993
2,Rose Bowl XIX,Fat Lazy Americans,true,WR,Ja'Marr Chase,CIN,WR,26.5,470.p.33393
2,Rose Bowl XIX,Fat Lazy Americans,true,WR,Luther Burden III,CHI,WR,6.2,470.p.41824
2,Rose Bowl XIX,Fat Lazy Americans,true,TE,Tucker Kraft,GB,TE,3.5,470.p.40102
2,Rose Bowl XIX,Fat Lazy Americans,true,W/R,Chris Olave,NO,WR,22.6,470.p.33966
2,Rose Bowl XIX,Fat Lazy Americans,true,BN,RJ Harvey,DEN,RB,0,470.p.41845
2,Rose Bowl XIX,Fat Lazy Americans,true,BN,Kyle Monangai,CHI,RB,7.8,470.p.42025
2,Rose Bowl XIX,Fat Lazy Americans,true,BN,Matthew Golden,GB,WR,9.8,470.p.41808
2,Rose Bowl XIX,Fat Lazy Americans,true,BN,Jalen Coker,CAR,WR,16.56,470.p.41293
2,Rose Bowl XIX,Fat Lazy Americans,true,BN,Dontayvion Wicks,PHI,WR,12.4,470.p.40201
2,Rose Bowl XIX,Fat Lazy Americans,true,K,Cairo Santos,CHI,K,5,470.p.28227
2,Rose Bowl XIX,Fat Lazy Americans,true,D,Jamien Sherwood,NYJ,LB,5.5,470.p.33534
2,Rose Bowl XIX,Fat Lazy Americans,true,D,Ernest Jones IV,SEA,LB,6,470.p.33491
2,Rose Bowl XIX,Fat Lazy Americans,true,D,Cedric Gray,TEN,LB,3.5,470.p.40988
2,Rose Bowl XIX,Fat Lazy Americans,true,BN,Josiah Trotter,TB,LB,9.5,470.p.42668
2,Rose Bowl XIX,OUTLAWS,false,QB,Joe Burrow,CIN,QB,20.18,470.p.32671
2,Rose Bowl XIX,OUTLAWS,false,RB,James Cook III,BUF,RB,20.9,470.p.34019
2,Rose Bowl XIX,OUTLAWS,false,RB,Omarion Hampton,LAC,RB,17.5,470.p.41807
2,Rose Bowl XIX,OUTLAWS,false,WR,Tee Higgins,CIN,WR,14.5,470.p.32703
2,Rose Bowl XIX,OUTLAWS,false,WR,Zay Flowers,BAL,WR,0,470.p.40039
2,Rose Bowl XIX,OUTLAWS,false,TE,Dalton Kincaid,BUF,TE,22.5,470.p.40048
2,Rose Bowl XIX,OUTLAWS,false,W/R,Jadarian Price,SEA,RB,5,470.p.42654
2,Rose Bowl XIX,OUTLAWS,false,BN,Makai Lemon,PHI,WR,2.9,470.p.42642
2,Rose Bowl XIX,OUTLAWS,false,BN,Jaxson Dart,NYG,QB,0.8,470.p.41810
2,Rose Bowl XIX,OUTLAWS,false,BN,Jakobi Meyers,JAX,WR,3.8,470.p.32231
2,Rose Bowl XIX,OUTLAWS,false,BN,Keaton Mitchell,LAC,RB,6.78,470.p.40641
2,Rose Bowl XIX,OUTLAWS,false,BN,Chig Okonkwo,WAS,TE,0,470.p.34099
2,Rose Bowl XIX,OUTLAWS,false,K,Will Reichard,MIN,K,10,470.p.41093
2,Rose Bowl XIX,OUTLAWS,false,D,Marcus Jones,NE,"DB,CB",3.1,470.p.34041
2,Rose Bowl XIX,OUTLAWS,false,D,Juanyeh Thomas,DAL,S,0,470.p.34595
2,Rose Bowl XIX,OUTLAWS,false,D,Josh Blackwell,CHI,"DB,CB",0,470.p.34375
2,Rose Bowl XIX,OUTLAWS,false,BN,Malachi Moore,NYJ,S,0.5,470.p.41895
2,CC Bowl XV CHAMPIONS LEAGUE,Fat Lazy Americans,true,QB,Josh Allen,BUF,QB,46.82,470.p.30977
2,CC Bowl XV CHAMPIONS LEAGUE,Fat Lazy Americans,true,RB,Bijan Robinson,ATL,RB,11.1,470.p.40055
2,CC Bowl XV CHAMPIONS LEAGUE,Fat Lazy Americans,true,RB,Bucky Irving,TB,RB,13,470.p.40993
2,CC Bowl XV CHAMPIONS LEAGUE,Fat Lazy Americans,true,WR,Drake London,ATL,WR,10.4,470.p.33963
2,CC Bowl XV CHAMPIONS LEAGUE,Fat Lazy Americans,true,WR,Garrett Wilson,NYJ,WR,16.7,470.p.33965
2,CC Bowl XV CHAMPIONS LEAGUE,Fat Lazy Americans,true,TE,Trey McBride,ARI,TE,18.1,470.p.34010
2,CC Bowl XV CHAMPIONS LEAGUE,Fat Lazy Americans,true,W/R/T,Rashee Rice,KC,WR,12.3,470.p.40084
2,CC Bowl XV CHAMPIONS LEAGUE,Fat Lazy Americans,true,BN,Brock Bowers,LV,TE,0,470.p.40878
2,CC Bowl XV CHAMPIONS LEAGUE,Fat Lazy Americans,true,BN,Davante Adams,LAR,WR,43.5,470.p.27581
2,CC Bowl XV CHAMPIONS LEAGUE,Fat Lazy Americans,true,BN,Quinshon Judkins,CLE,RB,9.8,470.p.41821
2,CC Bowl XV CHAMPIONS LEAGUE,Fat Lazy Americans,true,BN,Dak Prescott,DAL,QB,37.76,470.p.29369
2,CC Bowl XV CHAMPIONS LEAGUE,Fat Lazy Americans,true,K,Cairo Santos,CHI,K,5,470.p.28227
2,CC Bowl XV CHAMPIONS LEAGUE,Fat Lazy Americans,true,DEF,Jaguars,JAX,DEF,8,470.p.100030
2,CC Bowl XV CHAMPIONS LEAGUE,Fat Lazy Americans,true,D,Jordyn Brooks,MIA,LB,2.5,470.p.32697
2,CC Bowl XV CHAMPIONS LEAGUE,Fat Lazy Americans,true,D,Jack Campbell,DET,LB,4,470.p.40036
2,CC Bowl XV CHAMPIONS LEAGUE,Fat Lazy Americans,true,BN,Carson Schwesinger,CLE,LB,7.5,470.p.41818
2,CC Bowl XV CHAMPIONS LEAGUE,CallingInSickMonday,false,QB,Lamar Jackson,BAL,QB,16.8,470.p.31002
2,CC Bowl XV CHAMPIONS LEAGUE,CallingInSickMonday,false,RB,Saquon Barkley,PHI,RB,3,470.p.30972
2,CC Bowl XV CHAMPIONS LEAGUE,CallingInSickMonday,false,RB,Aaron Jones Sr.,MIN,RB,12.5,470.p.30295
2,CC Bowl XV CHAMPIONS LEAGUE,CallingInSickMonday,false,WR,Amon-Ra St. Brown,DET,WR,36.2,470.p.33500
2,CC Bowl XV CHAMPIONS LEAGUE,CallingInSickMonday,false,WR,Mike Evans,SF,WR,8.4,470.p.27535
2,CC Bowl XV CHAMPIONS LEAGUE,CallingInSickMonday,false,TE,Travis Kelce,KC,TE,26.1,470.p.26686
2,CC Bowl XV CHAMPIONS LEAGUE,CallingInSickMonday,false,W/R/T,DeVonta Smith,PHI,WR,29.7,470.p.33398
2,CC Bowl XV CHAMPIONS LEAGUE,CallingInSickMonday,false,BN,Travis Etienne Jr.,NO,RB,7.1,470.p.33413
2,CC Bowl XV CHAMPIONS LEAGUE,CallingInSickMonday,false,BN,George Kittle,SF,TE,18,470.p.30259
2,CC Bowl XV CHAMPIONS LEAGUE,CallingInSickMonday,false,BN,Emeka Egbuka,TB,WR,10.3,470.p.41804
2,CC Bowl XV CHAMPIONS LEAGUE,CallingInSickMonday,false,BN,Jaylen Warren,PIT,RB,9.7,470.p.34447
2,CC Bowl XV CHAMPIONS LEAGUE,CallingInSickMonday,false,BN,DK Metcalf,PIT,WR,6.7,470.p.31896
2,CC Bowl XV CHAMPIONS LEAGUE,CallingInSickMonday,false,IR,A.J. Brown,NE,WR,0,470.p.31883
2,CC Bowl XV CHAMPIONS LEAGUE,CallingInSickMonday,false,K,Brandon Aubrey,DAL,K,16,470.p.40819
2,CC Bowl XV CHAMPIONS LEAGUE,CallingInSickMonday,false,DEF,Steelers,PIT,DEF,16,470.p.100023
2,CC Bowl XV CHAMPIONS LEAGUE,CallingInSickMonday,false,D,Roquan Smith,BAL,LB,5,470.p.30978
2,CC Bowl XV CHAMPIONS LEAGUE,CallingInSickMonday,false,D,Fred Warner,SF,LB,7.5,470.p.31040
2,CC Bowl XV CHAMPIONS LEAGUE,KC Masterpiece,false,QB,Justin Herbert,LAC,QB,10.88,470.p.32676
2,CC Bowl XV CHAMPIONS LEAGUE,KC Masterpiece,false,RB,James Cook III,BUF,RB,22.9,470.p.34019
2,CC Bowl XV CHAMPIONS LEAGUE,KC Masterpiece,false,RB,D'Andre Swift,CHI,RB,12.9,470.p.32705
2,CC Bowl XV CHAMPIONS LEAGUE,KC Masterpiece,false,WR,Jaxon Smith-Njigba,SEA,WR,45.5,470.p.40041
2,CC Bowl XV CHAMPIONS LEAGUE,KC Masterpiece,false,WR,Chris Olave,NO,WR,22.6,470.p.33966
2,CC Bowl XV CHAMPIONS LEAGUE,KC Masterpiece,false,TE,Tyler Warren,IND,TE,14.4,470.p.41799
2,CC Bowl XV CHAMPIONS LEAGUE,KC Masterpiece,false,W/R/T,Malik Nabers,NYG,WR,1.1,470.p.40899
2,CC Bowl XV CHAMPIONS LEAGUE,KC Masterpiece,false,BN,Ladd McConkey,LAC,WR,6.5,470.p.40908
2,CC Bowl XV CHAMPIONS LEAGUE,KC Masterpiece,false,BN,Rhamondre Stevenson,NE,RB,3.6,470.p.33508
2,CC Bowl XV CHAMPIONS LEAGUE,KC Masterpiece,false,BN,TreVeyon Henderson,NE,RB,13.6,470.p.41823
2,CC Bowl XV CHAMPIONS LEAGUE,KC Masterpiece,false,BN,Dallas Goedert,PHI,TE,1.4,470.p.31019
2,CC Bowl XV CHAMPIONS LEAGUE,KC Masterpiece,false,BN,Jared Goff,DET,QB,39.78,470.p.29235
2,CC Bowl XV CHAMPIONS LEAGUE,KC Masterpiece,false,K,Will Reichard,MIN,K,10,470.p.41093
2,CC Bowl XV CHAMPIONS LEAGUE,KC Masterpiece,false,DEF,Texans,HOU,DEF,16,470.p.100034
2,CC Bowl XV CHAMPIONS LEAGUE,KC Masterpiece,false,D,Marcus Jones,NE,"DB,CB",3.1,470.p.34041
2,CC Bowl XV CHAMPIONS LEAGUE,KC Masterpiece,false,D,Jalen Reeves-Maybin,CHI,LB,0,470.p.30237
2,CC Bowl XV CHAMPIONS LEAGUE,Ninja Goblins,false,QB,Jalen Hurts,PHI,QB,20.16,470.p.32723
2,CC Bowl XV CHAMPIONS LEAGUE,Ninja Goblins,false,RB,Ashton Jeanty,LV,RB,11.3,470.p.41791
2,CC Bowl XV CHAMPIONS LEAGUE,Ninja Goblins,false,RB,Bhayshul Tuten,JAX,RB,14.2,470.p.41900
2,CC Bowl XV CHAMPIONS LEAGUE,Ninja Goblins,false,WR,CeeDee Lamb,DAL,WR,38.3,470.p.32687
2,CC Bowl XV CHAMPIONS LEAGUE,Ninja Goblins,false,WR,Quentin Johnston,LAC,WR,2.4,470.p.40051
2,CC Bowl XV CHAMPIONS LEAGUE,Ninja Goblins,false,TE,Dalton Kincaid,BUF,TE,22.5,470.p.40048
2,CC Bowl XV CHAMPIONS LEAGUE,Ninja Goblins,false,W/R/T,Harold Fannin Jr.,CLE,TE,10.4,470.p.41877
2,CC Bowl XV CHAMPIONS LEAGUE,Ninja Goblins,false,BN,Jonathan Taylor,IND,RB,29.2,470.p.32711
2,CC Bowl XV CHAMPIONS LEAGUE,Ninja Goblins,false,BN,Kyler Murray,MIN,QB,0,470.p.31833
2,CC Bowl XV CHAMPIONS LEAGUE,Ninja Goblins,false,BN,MarShawn Lloyd,GB,RB,8.6,470.p.40971
2,CC Bowl XV CHAMPIONS LEAGUE,Ninja Goblins,false,BN,DJ Moore,BUF,WR,-0.1,470.p.30994
2,CC Bowl XV CHAMPIONS LEAGUE,Ninja Goblins,false,BN,Kenny Gainwell,TB,RB,7.62,470.p.33538
2,CC Bowl XV CHAMPIONS LEAGUE,Ninja Goblins,false,K,Cam Little,JAX,K,8,470.p.41062
2,CC Bowl XV CHAMPIONS LEAGUE,Ninja Goblins,false,DEF,Broncos,DEN,DEF,15,470.p.100007
2,CC Bowl XV CHAMPIONS LEAGUE,Ninja Goblins,false,D,Nick Bolton,KC,LB,9.5,470.p.33446
2,CC Bowl XV CHAMPIONS LEAGUE,Ninja Goblins,false,D,Nate Landman,LAR,LB,5,470.p.34291
2,CC Bowl XV CHAMPIONS LEAGUE,The Omen,false,QB,Trevor Lawrence,JAX,QB,6.16,470.p.33389
2,CC Bowl XV CHAMPIONS LEAGUE,The Omen,false,RB,Jahmyr Gibbs,DET,RB,23.3,470.p.40059
2,CC Bowl XV CHAMPIONS LEAGUE,The Omen,false,RB,Derrick Henry,BAL,RB,17.7,470.p.29279
2,CC Bowl XV CHAMPIONS LEAGUE,The Omen,false,WR,Christian Watson,GB,WR,14.1,470.p.33989
2,CC Bowl XV CHAMPIONS LEAGUE,The Omen,false,WR,Tee Higgins,CIN,WR,14.5,470.p.32703
2,CC Bowl XV CHAMPIONS LEAGUE,The Omen,false,TE,Tucker Kraft,GB,TE,3.5,470.p.40102
2,CC Bowl XV CHAMPIONS LEAGUE,The Omen,false,W/R/T,Omarion Hampton,LAC,RB,17.5,470.p.41807
2,CC Bowl XV CHAMPIONS LEAGUE,The Omen,false,BN,Zay Flowers,BAL,WR,0,470.p.40039
2,CC Bowl XV CHAMPIONS LEAGUE,The Omen,false,BN,Jayden Daniels,WAS,QB,16.74,470.p.40896
2,CC Bowl XV CHAMPIONS LEAGUE,The Omen,false,BN,Rome Odunze,CHI,WR,8.3,470.p.40901
2,CC Bowl XV CHAMPIONS LEAGUE,The Omen,false,BN,Tony Pollard,TEN,RB,7.5,470.p.31960
2,CC Bowl XV CHAMPIONS LEAGUE,The Omen,false,BN,Jake Ferguson,DAL,TE,20.3,470.p.34085
2,CC Bowl XV CHAMPIONS LEAGUE,The Omen,false,K,Cameron Dicker,LAC,K,2,470.p.34344
2,CC Bowl XV CHAMPIONS LEAGUE,The Omen,false,DEF,Eagles,PHI,DEF,10,470.p.100021
2,CC Bowl XV CHAMPIONS LEAGUE,The Omen,false,D,Devin Bush,CHI,LB,4.5,470.p.31842
2,CC Bowl XV CHAMPIONS LEAGUE,The Omen,false,D,Josiah Trotter,TB,LB,9.5,470.p.42668
2,CC Bowl XV CHAMPIONS LEAGUE,Prestige Worldwide,false,QB,Caleb Williams,CHI,QB,7.72,470.p.40900
2,CC Bowl XV CHAMPIONS LEAGUE,Prestige Worldwide,false,RB,Javonte Williams,DAL,RB,8,470.p.33423
2,CC Bowl XV CHAMPIONS LEAGUE,Prestige Worldwide,false,RB,Cam Skattebo,NYG,RB,9.5,470.p.41922
2,CC Bowl XV CHAMPIONS LEAGUE,Prestige Worldwide,false,WR,Justin Jefferson,MIN,WR,8.5,470.p.32692
2,CC Bowl XV CHAMPIONS LEAGUE,Prestige Worldwide,false,WR,Terry McLaurin,WAS,WR,7,470.p.31908
2,CC Bowl XV CHAMPIONS LEAGUE,Prestige Worldwide,false,TE,Colston Loveland,CHI,TE,1.3,470.p.41795
2,CC Bowl XV CHAMPIONS LEAGUE,Prestige Worldwide,false,W/R/T,David Montgomery,HOU,RB,4.4,470.p.31905
2,CC Bowl XV CHAMPIONS LEAGUE,Prestige Worldwide,false,BN,Puka Nacua,LAR,WR,0,470.p.40168
2,CC Bowl XV CHAMPIONS LEAGUE,Prestige Worldwide,false,BN,Nico Collins,HOU,WR,0,470.p.33477
2,CC Bowl XV CHAMPIONS LEAGUE,Prestige Worldwide,false,BN,Brian Thomas Jr.,JAX,WR,7,470.p.40883
2,CC Bowl XV CHAMPIONS LEAGUE,Prestige Worldwide,false,BN,Bo Nix,DEN,QB,16.12,470.p.40875
2,CC Bowl XV CHAMPIONS LEAGUE,Prestige Worldwide,false,BN,Jeremiyah Love,ARI,RB,7.5,470.p.42625
2,CC Bowl XV CHAMPIONS LEAGUE,Prestige Worldwide,false,K,Jason Myers,SEA,K,7,470.p.28378
2,CC Bowl XV CHAMPIONS LEAGUE,Prestige Worldwide,false,DEF,Seahawks,SEA,DEF,15,470.p.100026
2,CC Bowl XV CHAMPIONS LEAGUE,Prestige Worldwide,false,D,Zack Baun,PHI,LB,3,470.p.32744
2,CC Bowl XV CHAMPIONS LEAGUE,Prestige Worldwide,false,D,Nakobe Dean,LV,LB,12,470.p.34039
2,CC Bowl XV CHAMPIONS LEAGUE,Ava's Mafia,false,QB,Joe Burrow,CIN,QB,20.18,470.p.32671
2,CC Bowl XV CHAMPIONS LEAGUE,Ava's Mafia,false,RB,Chase Brown,CIN,RB,11.2,470.p.40196
2,CC Bowl XV CHAMPIONS LEAGUE,Ava's Mafia,false,RB,De'Von Achane,MIA,RB,12.3,470.p.40118
2,CC Bowl XV CHAMPIONS LEAGUE,Ava's Mafia,false,WR,Ja'Marr Chase,CIN,WR,26.5,470.p.33393
2,CC Bowl XV CHAMPIONS LEAGUE,Ava's Mafia,false,WR,Jaylen Waddle,DEN,WR,22.8,470.p.33394
2,CC Bowl XV CHAMPIONS LEAGUE,Ava's Mafia,false,TE,Sam LaPorta,DET,TE,17.2,470.p.40064
2,CC Bowl XV CHAMPIONS LEAGUE,Ava's Mafia,false,W/R/T,Breece Hall,NYJ,RB,14.2,470.p.33991
2,CC Bowl XV CHAMPIONS LEAGUE,Ava's Mafia,false,BN,Jameson Williams,DET,WR,5.3,470.p.33967
2,CC Bowl XV CHAMPIONS LEAGUE,Ava's Mafia,false,BN,Parker Washington,JAX,WR,18.28,470.p.40234
2,CC Bowl XV CHAMPIONS LEAGUE,Ava's Mafia,false,BN,Jonathon Brooks,CAR,RB,2.1,470.p.40926
2,CC Bowl XV CHAMPIONS LEAGUE,Ava's Mafia,false,BN,Brock Purdy,SF,QB,32.48,470.p.34218
2,CC Bowl XV CHAMPIONS LEAGUE,Ava's Mafia,false,BN,Mark Andrews,BAL,TE,10.9,470.p.31056
2,CC Bowl XV CHAMPIONS LEAGUE,Ava's Mafia,false,K,Ka'imi Fairbairn,HOU,K,8,470.p.29792
2,CC Bowl XV CHAMPIONS LEAGUE,Ava's Mafia,false,DEF,Ravens,BAL,DEF,9,470.p.100033
2,CC Bowl XV CHAMPIONS LEAGUE,Ava's Mafia,false,D,Foyesade Oluokun,JAX,LB,6,470.p.31170
2,CC Bowl XV CHAMPIONS LEAGUE,Ava's Mafia,false,D,Divine Deablo,ATL,LB,1.5,470.p.33468
2,CC Bowl XV CHAMPIONS LEAGUE,Isotopes,false,QB,Drake Maye,NE,QB,8.02,470.p.40881
2,CC Bowl XV CHAMPIONS LEAGUE,Isotopes,false,RB,Christian McCaffrey,SF,RB,22.6,470.p.30121
2,CC Bowl XV CHAMPIONS LEAGUE,Isotopes,false,RB,Kenneth Walker III,KC,RB,25.8,470.p.33996
2,CC Bowl XV CHAMPIONS LEAGUE,Isotopes,false,WR,George Pickens,DAL,WR,10,470.p.34007
2,CC Bowl XV CHAMPIONS LEAGUE,Isotopes,false,WR,Tetairoa McMillan,CAR,WR,16.1,470.p.41793
2,CC Bowl XV CHAMPIONS LEAGUE,Isotopes,false,TE,Kyle Pitts Sr.,ATL,TE,3,470.p.33392
2,CC Bowl XV CHAMPIONS LEAGUE,Isotopes,false,W/R/T,Kyren Williams,LAR,RB,15.7,470.p.34120
2,CC Bowl XV CHAMPIONS LEAGUE,Isotopes,false,BN,Luther Burden III,CHI,WR,6.2,470.p.41824
2,CC Bowl XV CHAMPIONS LEAGUE,Isotopes,false,BN,Jadarian Price,SEA,RB,5,470.p.42654
2,CC Bowl XV CHAMPIONS LEAGUE,Isotopes,false,BN,Marvin Harrison Jr.,ARI,WR,0,470.p.40893
2,CC Bowl XV CHAMPIONS LEAGUE,Isotopes,false,BN,Jaxson Dart,NYG,QB,0.8,470.p.41810
2,CC Bowl XV CHAMPIONS LEAGUE,Isotopes,false,BN,Isaiah Likely,NYG,TE,8.3,470.p.34095
2,CC Bowl XV CHAMPIONS LEAGUE,Isotopes,false,K,Tyler Loop,BAL,K,7,470.p.41988
2,CC Bowl XV CHAMPIONS LEAGUE,Isotopes,false,DEF,Rams,LAR,DEF,19,470.p.100014
2,CC Bowl XV CHAMPIONS LEAGUE,Isotopes,false,D,Deonte Banks,NYG,CB,0,470.p.40053
2,CC Bowl XV CHAMPIONS LEAGUE,Isotopes,false,D,Dell Pettus,NE,S,0,470.p.41413
2,RFI XIX,Sheriff Of Paddy's,false,QB,Trevor Lawrence,JAX,QB,6.16,470.p.33389
2,RFI XIX,Sheriff Of Paddy's,false,RB,Jahmyr Gibbs,DET,RB,19.8,470.p.40059
2,RFI XIX,Sheriff Of Paddy's,false,RB,Breece Hall,NYJ,RB,10.2,470.p.33991
2,RFI XIX,Sheriff Of Paddy's,false,WR,Chris Olave,NO,WR,17.6,470.p.33966
2,RFI XIX,Sheriff Of Paddy's,false,WR,Davante Adams,LAR,WR,35,470.p.27581
2,RFI XIX,Sheriff Of Paddy's,false,TE,Isaiah Likely,NYG,TE,4.8,470.p.34095
2,RFI XIX,Sheriff Of Paddy's,false,W/R/T,Terry McLaurin,WAS,WR,6,470.p.31908
2,RFI XIX,Sheriff Of Paddy's,false,BN,Quinshon Judkins,CLE,RB,5.3,470.p.41821
2,RFI XIX,Sheriff Of Paddy's,false,BN,George Kittle,SF,TE,15.5,470.p.30259
2,RFI XIX,Sheriff Of Paddy's,false,BN,Michael Wilson,ARI,WR,2.3,470.p.40121
2,RFI XIX,Sheriff Of Paddy's,false,BN,Mike Washington Jr.,LV,RB,0.7,470.p.42744
2,RFI XIX,Sheriff Of Paddy's,false,BN,Baker Mayfield,TB,QB,14.18,470.p.30971
2,RFI XIX,Sheriff Of Paddy's,false,BN,Caleb Douglas,MIA,WR,2.9,470.p.42697
2,RFI XIX,Sheriff Of Paddy's,false,K,Jason Myers,SEA,K,7,470.p.28378
2,RFI XIX,Sheriff Of Paddy's,false,DEF,Packers,GB,DEF,5,470.p.100009
2,RFI XIX,Doug Exeter,false,QB,Lamar Jackson,BAL,QB,16.8,470.p.31002
2,RFI XIX,Doug Exeter,false,RB,Jeremiyah Love,ARI,RB,4.5,470.p.42625
2,RFI XIX,Doug Exeter,false,RB,Kyren Williams,LAR,RB,14.2,470.p.34120
2,RFI XIX,Doug Exeter,false,WR,Jaxon Smith-Njigba,SEA,WR,37.5,470.p.40041
2,RFI XIX,Doug Exeter,false,WR,Emeka Egbuka,TB,WR,7.8,470.p.41804
2,RFI XIX,Doug Exeter,false,TE,Dallas Goedert,PHI,TE,0.4,470.p.31019
2,RFI XIX,Doug Exeter,false,W/R/T,Matthew Golden,GB,WR,7.8,470.p.41808
2,RFI XIX,Doug Exeter,false,BN,Rome Odunze,CHI,WR,5.3,470.p.40901
2,RFI XIX,Doug Exeter,false,BN,Jonathon Brooks,CAR,RB,1.1,470.p.40926
2,RFI XIX,Doug Exeter,false,BN,Jacory Croskey-Merritt,WAS,RB,4.8,470.p.42010
2,RFI XIX,Doug Exeter,false,BN,Jared Goff,DET,QB,37.78,470.p.29235
2,RFI XIX,Doug Exeter,false,BN,Denzel Boston,CLE,WR,17,470.p.42661
2,RFI XIX,Doug Exeter,false,K,Trey Smack,GB,K,8,470.p.42838
2,RFI XIX,Doug Exeter,false,DEF,Patriots,NE,DEF,22,470.p.100017
2,RFI XIX,Doug Exeter,false,BN,Broncos,DEN,DEF,8,470.p.100007
2,RFI XIX,Fat Lazy AmAndicans,true,QB,Joe Burrow,CIN,QB,20.18,470.p.32671
2,RFI XIX,Fat Lazy AmAndicans,true,RB,D'Andre Swift,CHI,RB,8.9,470.p.32705
2,RFI XIX,Fat Lazy AmAndicans,true,RB,David Montgomery,HOU,RB,2.4,470.p.31905
2,RFI XIX,Fat Lazy AmAndicans,true,WR,Parker Washington,JAX,WR,11.78,470.p.40234
2,RFI XIX,Fat Lazy AmAndicans,true,WR,Deebo Samuel Sr.,SF,WR,5.16,470.p.31868
2,RFI XIX,Fat Lazy AmAndicans,true,TE,Dalton Kincaid,BUF,TE,18,470.p.40048
2,RFI XIX,Fat Lazy AmAndicans,true,W/R/T,Jonathan Taylor,IND,RB,26.7,470.p.32711
2,RFI XIX,Fat Lazy AmAndicans,true,BN,Quentin Johnston,LAC,WR,1.9,470.p.40051
2,RFI XIX,Fat Lazy AmAndicans,true,BN,Tucker Kraft,GB,TE,1.5,470.p.40102
2,RFI XIX,Fat Lazy AmAndicans,true,BN,A.J. Brown,NE,WR,0,470.p.31883
2,RFI XIX,Fat Lazy AmAndicans,true,BN,Jordan Mason,MIN,RB,0,470.p.34320
2,RFI XIX,Fat Lazy AmAndicans,true,BN,Xavier Worthy,KC,WR,9.5,470.p.40877
2,RFI XIX,Fat Lazy AmAndicans,true,BN,Dontayvion Wicks,PHI,WR,9.9,470.p.40201
2,RFI XIX,Fat Lazy AmAndicans,true,K,Eddy Pineiro,SF,K,5,470.p.31482
2,RFI XIX,Fat Lazy AmAndicans,true,DEF,Texans,HOU,DEF,6,470.p.100034
2,RFI XIX,NotSoNewlyWedz,false,QB,Dak Prescott,DAL,QB,37.76,470.p.29369
2,RFI XIX,NotSoNewlyWedz,false,RB,De'Von Achane,MIA,RB,9.8,470.p.40118
2,RFI XIX,NotSoNewlyWedz,false,RB,Bucky Irving,TB,RB,9,470.p.40993
2,RFI XIX,NotSoNewlyWedz,false,WR,CeeDee Lamb,DAL,WR,30.8,470.p.32687
2,RFI XIX,NotSoNewlyWedz,false,WR,Tee Higgins,CIN,WR,12,470.p.32703
2,RFI XIX,NotSoNewlyWedz,false,TE,Sam LaPorta,DET,TE,13.2,470.p.40064
2,RFI XIX,NotSoNewlyWedz,false,W/R/T,Jaylen Warren,PIT,RB,8.2,470.p.34447
2,RFI XIX,NotSoNewlyWedz,false,BN,Brian Thomas Jr.,JAX,WR,5.5,470.p.40883
2,RFI XIX,NotSoNewlyWedz,false,BN,Michael Pittman Jr.,PIT,WR,0,470.p.32704
2,RFI XIX,NotSoNewlyWedz,false,BN,Chris Rodriguez Jr.,JAX,RB,1.3,470.p.40231
2,RFI XIX,NotSoNewlyWedz,false,BN,Khalil Shakir,BUF,WR,5.24,470.p.34104
2,RFI XIX,NotSoNewlyWedz,false,BN,Jordan Love,GB,QB,17.8,470.p.32696
2,RFI XIX,NotSoNewlyWedz,false,BN,Alvin Kamara,NO,RB,2.2,470.p.30180
2,RFI XIX,NotSoNewlyWedz,false,K,Cairo Santos,CHI,K,4,470.p.28227
2,RFI XIX,NotSoNewlyWedz,false,DEF,Seahawks,SEA,DEF,8,470.p.100026
2,RFI XIX,Golden Domers 4 J&J,false,QB,Caleb Williams,CHI,QB,7.72,470.p.40900
2,RFI XIX,Golden Domers 4 J&J,false,RB,James Cook III,BUF,RB,19.9,470.p.34019
2,RFI XIX,Golden Domers 4 J&J,false,RB,Javonte Williams,DAL,RB,5,470.p.33423
2,RFI XIX,Golden Domers 4 J&J,false,WR,Rashee Rice,KC,WR,9.8,470.p.40084
2,RFI XIX,Golden Domers 4 J&J,false,WR,DK Metcalf,PIT,WR,3.2,470.p.31896
2,RFI XIX,Golden Domers 4 J&J,false,TE,Jake Ferguson,DAL,TE,17.8,470.p.34085
2,RFI XIX,Golden Domers 4 J&J,false,W/R/T,Jadarian Price,SEA,RB,4.5,470.p.42654
2,RFI XIX,Golden Domers 4 J&J,false,BN,Mark Andrews,BAL,TE,6.9,470.p.31056
2,RFI XIX,Golden Domers 4 J&J,false,BN,Courtland Sutton,DEN,WR,3,470.p.31010
2,RFI XIX,Golden Domers 4 J&J,false,BN,Jakobi Meyers,JAX,WR,3.3,470.p.32231
2,RFI XIX,Golden Domers 4 J&J,false,BN,Josh Jacobs,GB,RB,0,470.p.31856
2,RFI XIX,Golden Domers 4 J&J,false,BN,Jerry Jeudy,CLE,WR,0,470.p.32685
2,RFI XIX,Golden Domers 4 J&J,false,BN,Aaron Rodgers,PIT,QB,3.98,470.p.7200
2,RFI XIX,Golden Domers 4 J&J,false,K,Will Reichard,MIN,K,10,470.p.41093
2,RFI XIX,Golden Domers 4 J&J,false,DEF,Rams,LAR,DEF,12,470.p.100014
2,RFI XIX,CousinCamp,false,QB,Brock Purdy,SF,QB,32.48,470.p.34218
2,RFI XIX,CousinCamp,false,RB,Aaron Jones Sr.,MIN,RB,10.5,470.p.30295
2,RFI XIX,CousinCamp,false,RB,MarShawn Lloyd,GB,RB,7.1,470.p.40971
2,RFI XIX,CousinCamp,false,WR,Amon-Ra St. Brown,DET,WR,29.7,470.p.33500
2,RFI XIX,CousinCamp,false,WR,DJ Moore,BUF,WR,-0.1,470.p.30994
2,RFI XIX,CousinCamp,false,TE,Harold Fannin Jr.,CLE,TE,6.9,470.p.41877
2,RFI XIX,CousinCamp,false,W/R/T,Ashton Jeanty,LV,RB,6.3,470.p.41791
2,RFI XIX,CousinCamp,false,BN,Nico Collins,HOU,WR,0,470.p.33477
2,RFI XIX,CousinCamp,false,BN,Zay Flowers,BAL,WR,0,470.p.40039
2,RFI XIX,CousinCamp,false,BN,Bo Nix,DEN,QB,16.12,470.p.40875
2,RFI XIX,CousinCamp,false,BN,KC Concepcion Jr.,CLE,WR,2.7,470.p.42646
2,RFI XIX,CousinCamp,false,BN,Keaton Mitchell,LAC,RB,5.78,470.p.40641
2,RFI XIX,CousinCamp,false,BN,Chris Brooks,GB,RB,3.1,470.p.40625
2,RFI XIX,CousinCamp,false,K,Tyler Loop,BAL,K,6,470.p.41988
2,RFI XIX,CousinCamp,false,DEF,Ravens,BAL,DEF,3,470.p.100033
2,RFI XIX,Tremendous Slouch,false,QB,Josh Allen,BUF,QB,46.82,470.p.30977
2,RFI XIX,Tremendous Slouch,false,RB,Christian McCaffrey,SF,RB,20.6,470.p.30121
2,RFI XIX,Tremendous Slouch,false,RB,Bhayshul Tuten,JAX,RB,12.2,470.p.41900
2,RFI XIX,Tremendous Slouch,false,WR,DeVonta Smith,PHI,WR,21.2,470.p.33398
2,RFI XIX,Tremendous Slouch,false,WR,Christian Watson,GB,WR,11.1,470.p.33989
2,RFI XIX,Tremendous Slouch,false,TE,Colston Loveland,CHI,TE,0.3,470.p.41795
2,RFI XIX,Tremendous Slouch,false,W/R/T,Alec Pierce,IND,WR,1.6,470.p.34008
2,RFI XIX,Tremendous Slouch,false,BN,TreVeyon Henderson,NE,RB,13.6,470.p.41823
2,RFI XIX,Tremendous Slouch,false,BN,J.K. Dobbins,DEN,RB,3.6,470.p.32725
2,RFI XIX,Tremendous Slouch,false,BN,RJ Harvey,DEN,RB,0,470.p.41845
2,RFI XIX,Tremendous Slouch,false,BN,Jordyn Tyson,NO,WR,0,470.p.42630
2,RFI XIX,Tremendous Slouch,false,BN,Kaelon Black,SF,RB,2.5,470.p.42712
2,RFI XIX,Tremendous Slouch,false,BN,Devaughn Vele,NO,WR,7.9,470.p.41097
2,RFI XIX,Tremendous Slouch,false,K,Spencer Shrader,IND,K,14,470.p.41499
2,RFI XIX,Tremendous Slouch,false,DEF,Buccaneers,TB,DEF,2,470.p.100027
2,RFI XIX,Shrimp Gang,false,QB,Jayden Daniels,WAS,QB,16.74,470.p.40896
2,RFI XIX,Shrimp Gang,false,RB,Derrick Henry,BAL,RB,15.2,470.p.29279
2,RFI XIX,Shrimp Gang,false,RB,Cam Skattebo,NYG,RB,6,470.p.41922
2,RFI XIX,Shrimp Gang,false,WR,Justin Jefferson,MIN,WR,6.5,470.p.32692
2,RFI XIX,Shrimp Gang,false,WR,Tetairoa McMillan,CAR,WR,12.1,470.p.41793
2,RFI XIX,Shrimp Gang,false,TE,Travis Kelce,KC,TE,19.6,470.p.26686
2,RFI XIX,Shrimp Gang,false,W/R/T,Mike Evans,SF,WR,6.9,470.p.27535
2,RFI XIX,Shrimp Gang,false,BN,Blake Corum,LAR,RB,9.7,470.p.40962
2,RFI XIX,Shrimp Gang,false,BN,Chris Godwin Jr.,TB,WR,7.3,470.p.30197
2,RFI XIX,Shrimp Gang,false,BN,Kenny Gainwell,TB,RB,4.62,470.p.33538
2,RFI XIX,Shrimp Gang,false,BN,Romeo Doubs,NE,WR,10.6,470.p.34088
2,RFI XIX,Shrimp Gang,false,BN,Hunter Henry,NE,TE,4.5,470.p.29269
2,RFI XIX,Shrimp Gang,false,BN,Brian Robinson,ATL,RB,7.2,470.p.34054
2,RFI XIX,Shrimp Gang,false,K,Cameron Dicker,LAC,K,2,470.p.34344
2,RFI XIX,Shrimp Gang,false,DEF,Bills,BUF,DEF,3,470.p.100002
2,RFI XIX,Snookies Squad,false,QB,Justin Herbert,LAC,QB,9.88,470.p.32676
2,RFI XIX,Snookies Squad,false,RB,Bijan Robinson,ATL,RB,8.1,470.p.40055
2,RFI XIX,Snookies Squad,false,RB,Tony Pollard,TEN,RB,6.5,470.p.31960
2,RFI XIX,Snookies Squad,false,WR,George Pickens,DAL,WR,6,470.p.34007
2,RFI XIX,Snookies Squad,false,WR,Malik Nabers,NYG,WR,0.1,470.p.40899
2,RFI XIX,Snookies Squad,false,TE,Tyler Warren,IND,TE,8.9,470.p.41799
2,RFI XIX,Snookies Squad,false,W/R/T,Stefon Diggs,WAS,WR,18.7,470.p.28534
2,RFI XIX,Snookies Squad,false,BN,Luther Burden III,CHI,WR,3.7,470.p.41824
2,RFI XIX,Snookies Squad,false,BN,Josh Downs,IND,WR,10.2,470.p.40126
2,RFI XIX,Snookies Squad,false,BN,Jaxson Dart,NYG,QB,0.8,470.p.41810
2,RFI XIX,Snookies Squad,false,BN,Rachaad White,WAS,RB,8.8,470.p.34047
2,RFI XIX,Snookies Squad,false,BN,Dalton Schultz,HOU,TE,17,470.p.31107
2,RFI XIX,Snookies Squad,false,BN,Tre Tucker,LV,WR,19.9,470.p.40114
2,RFI XIX,Snookies Squad,false,K,Cam Little,JAX,K,8,470.p.41062
2,RFI XIX,Snookies Squad,false,DEF,Chargers,LAC,DEF,4,470.p.100024
2,RFI XIX,2026 Champ!,false,QB,Matthew Stafford,LAR,QB,34.98,470.p.9265
2,RFI XIX,2026 Champ!,false,RB,Saquon Barkley,PHI,RB,2.5,470.p.30972
2,RFI XIX,2026 Champ!,false,RB,Omarion Hampton,LAC,RB,16,470.p.41807
2,RFI XIX,2026 Champ!,false,WR,Jaylen Waddle,DEN,WR,16.8,470.p.33394
2,RFI XIX,2026 Champ!,false,WR,Konata Mumpfield,LAR,WR,1.7,470.p.42035
2,RFI XIX,2026 Champ!,false,TE,Trey McBride,ARI,TE,11.6,470.p.34010
2,RFI XIX,2026 Champ!,false,W/R/T,Chuba Hubbard,CAR,RB,12.9,470.p.33514
2,RFI XIX,2026 Champ!,false,BN,Puka Nacua,LAR,WR,0,470.p.40168
2,RFI XIX,2026 Champ!,false,BN,Marvin Harrison Jr.,ARI,WR,0,470.p.40893
2,RFI XIX,2026 Champ!,false,BN,Carnell Tate,TEN,WR,3.2,470.p.42626
2,RFI XIX,2026 Champ!,false,BN,De'Zhaun Stribling,SF,WR,0,470.p.42655
2,RFI XIX,2026 Champ!,false,BN,Patrick Mahomes,KC,QB,34.98,470.p.30123
2,RFI XIX,2026 Champ!,false,BN,Tank Bigsby,PHI,RB,9.8,470.p.40095
2,RFI XIX,2026 Champ!,false,K,Ka'imi Fairbairn,HOU,K,7,470.p.29792
2,RFI XIX,2026 Champ!,false,DEF,Eagles,PHI,DEF,3,470.p.100021
2,RFI XIX,Shanimals,false,QB,Drake Maye,NE,QB,8.02,470.p.40881
2,RFI XIX,Shanimals,false,RB,Travis Etienne Jr.,NO,RB,5.1,470.p.33413
2,RFI XIX,Shanimals,false,RB,Rhamondre Stevenson,NE,RB,2.6,470.p.33508
2,RFI XIX,Shanimals,false,WR,Ja'Marr Chase,CIN,WR,21,470.p.33393
2,RFI XIX,Shanimals,false,WR,Jameson Williams,DET,WR,4.3,470.p.33967
2,RFI XIX,Shanimals,false,TE,Juwan Johnson,NO,TE,7.6,470.p.33113
2,RFI XIX,Shanimals,false,W/R/T,Rico Dowdle,PIT,RB,5.4,470.p.33100
2,RFI XIX,Shanimals,false,BN,Brock Bowers,LV,TE,0,470.p.40878
2,RFI XIX,Shanimals,false,BN,Jayden Reed,GB,WR,0.4,470.p.40063
2,RFI XIX,Shanimals,false,BN,Kyle Monangai,CHI,RB,5.8,470.p.42025
2,RFI XIX,Shanimals,false,BN,Wan'Dale Robinson,TEN,WR,1.4,470.p.33998
2,RFI XIX,Shanimals,false,BN,Zach Charbonnet,SEA,RB,0,470.p.40075
2,RFI XIX,Shanimals,false,K,Evan McPherson,CIN,K,12,470.p.33537
2,RFI XIX,Shanimals,false,DEF,49ers,SF,DEF,8,470.p.100025
2,RFI XIX,Shanimals,false,BN,Steelers,PIT,DEF,8,470.p.100023
2,RFI XIX,Tough Nuts,false,QB,Jalen Hurts,PHI,QB,20.16,470.p.32723
2,RFI XIX,Tough Nuts,false,RB,Chase Brown,CIN,RB,8.2,470.p.40196
2,RFI XIX,Tough Nuts,false,RB,Kenneth Walker III,KC,RB,18.8,470.p.33996
2,RFI XIX,Tough Nuts,false,WR,Garrett Wilson,NYJ,WR,13.7,470.p.33965
2,RFI XIX,Tough Nuts,false,WR,Ladd McConkey,LAC,WR,4.5,470.p.40908
2,RFI XIX,Tough Nuts,false,TE,Kyle Pitts Sr.,ATL,TE,2,470.p.33392
2,RFI XIX,Tough Nuts,false,W/R/T,Drake London,ATL,WR,6.9,470.p.33963
2,RFI XIX,Tough Nuts,false,BN,Jalen Coker,CAR,WR,10.06,470.p.41293
2,RFI XIX,Tough Nuts,false,BN,Jordan Addison,MIN,WR,2.6,470.p.40042
2,RFI XIX,Tough Nuts,false,BN,Tyler Allgeier,ARI,RB,1.9,470.p.34107
2,RFI XIX,Tough Nuts,false,BN,Woody Marks,HOU,RB,5.6,470.p.41902
2,RFI XIX,Tough Nuts,false,BN,Emmett Johnson,KC,RB,5.36,470.p.42796
2,RFI XIX,Tough Nuts,false,BN,Kayshon Boutte,HOU,WR,4.2,470.p.40224
2,RFI XIX,Tough Nuts,false,K,Brandon Aubrey,DAL,K,16,470.p.40819
2,RFI XIX,Tough Nuts,false,DEF,Vikings,MIN,DEF,18,470.p.100016
3,2026 -  The League,Rafi Bomb Returns!,false,QB,Jordan Love,GB,QB,22.48,470.p.32696
3,2026 -  The League,Rafi Bomb Returns!,false,RB,Jahmyr Gibbs,DET,RB,37.9,470.p.40059
3,2026 -  The League,Rafi Bomb Returns!,false,RB,David Montgomery,HOU,RB,5.8,470.p.31905
3,2026 -  The League,Rafi Bomb Returns!,false,WR,Tee Higgins,CIN,WR,18,470.p.32703
3,2026 -  The League,Rafi Bomb Returns!,false,WR,Davante Adams,LAR,WR,17.2,470.p.27581
3,2026 -  The League,Rafi Bomb Returns!,false,TE,George Kittle,SF,TE,23.2,470.p.30259
3,2026 -  The League,Rafi Bomb Returns!,false,W/R,DJ Moore,BUF,WR,10.7,470.p.30994
3,2026 -  The League,Rafi Bomb Returns!,false,BN,Courtland Sutton,DEN,WR,6.1,470.p.31010
3,2026 -  The League,Rafi Bomb Returns!,false,BN,Justin Herbert,LAC,QB,14.74,470.p.32676
3,2026 -  The League,Rafi Bomb Returns!,false,BN,Jake Ferguson,DAL,TE,7.8,470.p.34085
3,2026 -  The League,Rafi Bomb Returns!,false,BN,Jordan Addison,MIN,WR,17.5,470.p.40042
3,2026 -  The League,Rafi Bomb Returns!,false,BN,Tyler Allgeier,ARI,RB,2.9,470.p.34107
3,2026 -  The League,Rafi Bomb Returns!,false,BN,Chris Brooks,GB,RB,1.9,470.p.40625
3,2026 -  The League,Rafi Bomb Returns!,false,K,Cairo Santos,CHI,K,10,470.p.28227
3,2026 -  The League,Rafi Bomb Returns!,false,D,Ernest Jones IV,SEA,LB,6.5,470.p.33491
3,2026 -  The League,Rafi Bomb Returns!,false,D,Jamien Sherwood,NYJ,LB,6.5,470.p.33534
3,2026 -  The League,Rafi Bomb Returns!,false,D,Foyesade Oluokun,JAX,LB,4,470.p.31170
3,2026 -  The League,I LIKE BIG TDS,false,QB,Patrick Mahomes,KC,QB,19.94,470.p.30123
3,2026 -  The League,I LIKE BIG TDS,false,RB,Jonathan Taylor,IND,RB,8.2,470.p.32711
3,2026 -  The League,I LIKE BIG TDS,false,RB,Chuba Hubbard,CAR,RB,13,470.p.33514
3,2026 -  The League,I LIKE BIG TDS,false,WR,Chris Olave,NO,WR,15.2,470.p.33966
3,2026 -  The League,I LIKE BIG TDS,false,WR,Xavier Worthy,KC,WR,4,470.p.40877
3,2026 -  The League,I LIKE BIG TDS,false,TE,Travis Kelce,KC,TE,12.9,470.p.26686
3,2026 -  The League,I LIKE BIG TDS,false,W/R,Rashod Bateman,BAL,WR,4.7,470.p.33415
3,2026 -  The League,I LIKE BIG TDS,false,BN,Luther Burden III,CHI,WR,16.3,470.p.41824
3,2026 -  The League,I LIKE BIG TDS,false,BN,Puka Nacua,LAR,WR,0,470.p.40168
3,2026 -  The League,I LIKE BIG TDS,false,BN,Jalen Hurts,PHI,QB,12.62,470.p.32723
3,2026 -  The League,I LIKE BIG TDS,false,BN,Sam LaPorta,DET,TE,5.9,470.p.40064
3,2026 -  The League,I LIKE BIG TDS,false,BN,RJ Harvey,DEN,RB,7.7,470.p.41845
3,2026 -  The League,I LIKE BIG TDS,false,BN,Alvin Kamara,NO,RB,4.6,470.p.30180
3,2026 -  The League,I LIKE BIG TDS,false,K,Tyler Bass,BUF,K,6,470.p.32858
3,2026 -  The League,I LIKE BIG TDS,false,D,Nakobe Dean,LV,LB,15,470.p.34039
3,2026 -  The League,I LIKE BIG TDS,false,D,Kevin Byard III,NE,S,4,470.p.29298
3,2026 -  The League,I LIKE BIG TDS,false,D,Aidan Hutchinson,DET,"DL,DE",2.5,470.p.33957
3,2026 -  The League,Berserker,false,QB,Lamar Jackson,BAL,QB,24.44,470.p.31002
3,2026 -  The League,Berserker,false,RB,Kenneth Walker III,KC,RB,20.3,470.p.33996
3,2026 -  The League,Berserker,false,RB,Javonte Williams,DAL,RB,17.3,470.p.33423
3,2026 -  The League,Berserker,false,WR,Christian Watson,GB,WR,19.1,470.p.33989
3,2026 -  The League,Berserker,false,WR,Rashee Rice,KC,WR,12.3,470.p.40084
3,2026 -  The League,Berserker,false,TE,Tyler Warren,IND,TE,10.2,470.p.41799
3,2026 -  The League,Berserker,false,W/R,Mike Evans,SF,WR,10.9,470.p.27535
3,2026 -  The League,Berserker,false,BN,Nico Collins,HOU,WR,0,470.p.33477
3,2026 -  The League,Berserker,false,BN,Jacory Croskey-Merritt,WAS,RB,4.8,470.p.42010
3,2026 -  The League,Berserker,false,BN,Emmett Johnson,KC,RB,1.7,470.p.42796
3,2026 -  The League,Berserker,false,BN,Cooper Kupp,SEA,WR,12.6,470.p.30182
3,2026 -  The League,Berserker,false,BN,Adonai Mitchell,NYJ,WR,0,470.p.40915
3,2026 -  The League,Berserker,false,BN,Zach Charbonnet,SEA,RB,0,470.p.40075
3,2026 -  The League,Berserker,false,K,Brandon Aubrey,DAL,K,11,470.p.40819
3,2026 -  The League,Berserker,false,D,Roquan Smith,BAL,LB,11.5,470.p.30978
3,2026 -  The League,Berserker,false,D,Sonny Styles,WAS,LB,11.5,470.p.42629
3,2026 -  The League,Berserker,false,D,Nate Landman,LAR,LB,2,470.p.34291
3,2026 -  The League,Fat Lazy Americans,true,QB,Joe Burrow,CIN,QB,28.58,470.p.32671
3,2026 -  The League,Fat Lazy Americans,true,RB,Derrick Henry,BAL,RB,21.4,470.p.29279
3,2026 -  The League,Fat Lazy Americans,true,RB,Omarion Hampton,LAC,RB,5.6,470.p.41807
3,2026 -  The League,Fat Lazy Americans,true,WR,Jaylen Waddle,DEN,WR,5.4,470.p.33394
3,2026 -  The League,Fat Lazy Americans,true,WR,Jaxon Smith-Njigba,SEA,WR,30.36,470.p.40041
3,2026 -  The League,Fat Lazy Americans,true,TE,Harold Fannin Jr.,CLE,TE,20.6,470.p.41877
3,2026 -  The League,Fat Lazy Americans,true,W/R,Jalen Coker,CAR,WR,2.8,470.p.41293
3,2026 -  The League,Fat Lazy Americans,true,BN,Rico Dowdle,PIT,RB,0,470.p.33100
3,2026 -  The League,Fat Lazy Americans,true,BN,Deebo Samuel Sr.,SF,WR,15.4,470.p.31868
3,2026 -  The League,Fat Lazy Americans,true,BN,Kaelon Black,SF,RB,1.7,470.p.42712
3,2026 -  The League,Fat Lazy Americans,true,BN,Denzel Boston,CLE,WR,7.1,470.p.42661
3,2026 -  The League,Fat Lazy Americans,true,BN,Terrance Ferguson,LAR,TE,1.4,470.p.41831
3,2026 -  The League,Fat Lazy Americans,true,BN,Kenyon Sadiq,NYJ,TE,20,470.p.42638
3,2026 -  The League,Fat Lazy Americans,true,K,Wil Lutz,DEN,K,2,470.p.29754
3,2026 -  The League,Fat Lazy Americans,true,D,Jordyn Brooks,MIA,LB,6.5,470.p.32697
3,2026 -  The League,Fat Lazy Americans,true,D,T.J. Edwards,CHI,LB,9,470.p.32403
3,2026 -  The League,Fat Lazy Americans,true,D,Terrel Bernard,BUF,LB,4,470.p.34045
3,2026 -  The League,Kona’s Kickers,false,QB,Jared Goff,DET,QB,23.36,470.p.29235
3,2026 -  The League,Kona’s Kickers,false,RB,Saquon Barkley,PHI,RB,8.5,470.p.30972
3,2026 -  The League,Kona’s Kickers,false,RB,Aaron Jones Sr.,MIN,RB,11.7,470.p.30295
3,2026 -  The League,Kona’s Kickers,false,WR,Stefon Diggs,WAS,WR,5.3,470.p.28534
3,2026 -  The League,Kona’s Kickers,false,WR,Tre Tucker,LV,WR,6.3,470.p.40114
3,2026 -  The League,Kona’s Kickers,false,TE,Darren Waller,CAR,TE,7.6,470.p.28592
3,2026 -  The League,Kona’s Kickers,false,W/R,Travis Etienne Jr.,NO,RB,8,470.p.33413
3,2026 -  The League,Kona’s Kickers,false,BN,Joshua Palmer,BUF,WR,0,470.p.33465
3,2026 -  The League,Kona’s Kickers,false,BN,Emanuel Wilson,SEA,RB,1.4,470.p.40707
3,2026 -  The League,Kona’s Kickers,false,BN,Zay Flowers,BAL,WR,12.9,470.p.40039
3,2026 -  The League,Kona’s Kickers,false,BN,A.J. Brown,NE,WR,0,470.p.31883
3,2026 -  The League,Kona’s Kickers,false,BN,J.K. Dobbins,DEN,RB,5.8,470.p.32725
3,2026 -  The League,Kona’s Kickers,false,BN,Demond Claiborne,MIN,RB,0.1,470.p.42820
3,2026 -  The League,Kona’s Kickers,false,K,Evan McPherson,CIN,K,11,470.p.33537
3,2026 -  The League,Kona’s Kickers,false,D,Kyle Hamilton,BAL,S,8.5,470.p.33969
3,2026 -  The League,Kona’s Kickers,false,D,Quentin Lake,LAR,"DB,S",5.5,470.p.34167
3,2026 -  The League,Kona’s Kickers,false,D,Greg Rousseau,BUF,"LB,DE",14.5,470.p.33418
3,2026 -  The League,Oroszlanok,false,QB,Brock Purdy,SF,QB,39.28,470.p.34218
3,2026 -  The League,Oroszlanok,false,RB,Bijan Robinson,ATL,RB,34.3,470.p.40055
3,2026 -  The League,Oroszlanok,false,RB,Kyren Williams,LAR,RB,18.8,470.p.34120
3,2026 -  The League,Oroszlanok,false,WR,Garrett Wilson,NYJ,WR,21.7,470.p.33965
3,2026 -  The League,Oroszlanok,false,WR,Parker Washington,JAX,WR,11.5,470.p.40234
3,2026 -  The League,Oroszlanok,false,TE,T.J. Hockenson,MIN,TE,2.1,470.p.31840
3,2026 -  The League,Oroszlanok,false,W/R,Quinshon Judkins,CLE,RB,8.9,470.p.41821
3,2026 -  The League,Oroszlanok,false,BN,Chig Okonkwo,WAS,TE,0,470.p.34099
3,2026 -  The League,Oroszlanok,false,BN,Terry McLaurin,WAS,WR,16.7,470.p.31908
3,2026 -  The League,Oroszlanok,false,BN,Malik Nabers,NYG,WR,5.1,470.p.40899
3,2026 -  The League,Oroszlanok,false,BN,DK Metcalf,PIT,WR,10.6,470.p.31896
3,2026 -  The League,Oroszlanok,false,BN,Chris Rodriguez Jr.,JAX,RB,9.7,470.p.40231
3,2026 -  The League,Oroszlanok,false,BN,Kyler Murray,MIN,QB,12.42,470.p.31833
3,2026 -  The League,Oroszlanok,false,K,Harrison Butker,KC,K,6,470.p.30346
3,2026 -  The League,Oroszlanok,false,D,Kam Curl,LAR,S,3,470.p.32886
3,2026 -  The League,Oroszlanok,false,D,Payton Wilson,PIT,LB,4,470.p.40975
3,2026 -  The League,Oroszlanok,false,D,Mack Wilson Sr.,ARI,LB,4,470.p.31987
3,2026 -  The League,Postino's Banditos,false,QB,Bryce Young,CAR,QB,15.64,470.p.40029
3,2026 -  The League,Postino's Banditos,false,RB,Ashton Jeanty,LV,RB,10.8,470.p.41791
3,2026 -  The League,Postino's Banditos,false,RB,Jaylen Warren,PIT,RB,19.1,470.p.34447
3,2026 -  The League,Postino's Banditos,false,WR,Justin Jefferson,MIN,WR,4.2,470.p.32692
3,2026 -  The League,Postino's Banditos,false,WR,DeVonta Smith,PHI,WR,9.5,470.p.33398
3,2026 -  The League,Postino's Banditos,false,TE,Mike Gesicki,CIN,TE,11.2,470.p.31012
3,2026 -  The League,Postino's Banditos,false,W/R,Josh Downs,IND,WR,10.2,470.p.40126
3,2026 -  The League,Postino's Banditos,false,BN,Caleb Williams,CHI,QB,0,470.p.40900
3,2026 -  The League,Postino's Banditos,false,BN,Chris Godwin Jr.,TB,WR,4,470.p.30197
3,2026 -  The League,Postino's Banditos,false,BN,Brock Bowers,LV,TE,22.6,470.p.40878
3,2026 -  The League,Postino's Banditos,false,BN,Michael Wilson,ARI,WR,20.4,470.p.40121
3,2026 -  The League,Postino's Banditos,false,BN,Woody Marks,HOU,RB,8.6,470.p.41902
3,2026 -  The League,Postino's Banditos,false,K,Jake Bates,DET,K,7,470.p.40835
3,2026 -  The League,Postino's Banditos,false,D,Nick Bolton,KC,LB,11,470.p.33446
3,2026 -  The League,Postino's Banditos,false,D,Robert Spillane,NE,LB,4.5,470.p.31708
3,2026 -  The League,Postino's Banditos,false,D,Demetrius Knight Jr.,CIN,LB,5.5,470.p.41834
3,2026 -  The League,Postino's Banditos,false,BN,Devin Lloyd,CAR,LB,0,470.p.33982
3,2026 -  The League,Billy Goat Tavern,false,QB,Tyler Shough,NO,QB,31.8,470.p.41825
3,2026 -  The League,Billy Goat Tavern,false,RB,Jadarian Price,SEA,RB,0.7,470.p.42654
3,2026 -  The League,Billy Goat Tavern,false,RB,Jeremiyah Love,ARI,RB,19.4,470.p.42625
3,2026 -  The League,Billy Goat Tavern,false,WR,Amon-Ra St. Brown,DET,WR,9.9,470.p.33500
3,2026 -  The League,Billy Goat Tavern,false,WR,Ladd McConkey,LAC,WR,8.6,470.p.40908
3,2026 -  The League,Billy Goat Tavern,false,TE,Juwan Johnson,NO,TE,22.3,470.p.33113
3,2026 -  The League,Billy Goat Tavern,false,W/R,Dontayvion Wicks,PHI,WR,4.2,470.p.40201
3,2026 -  The League,Billy Goat Tavern,false,BN,Matthew Stafford,LAR,QB,24.9,470.p.9265
3,2026 -  The League,Billy Goat Tavern,false,BN,Rhamondre Stevenson,NE,RB,5.3,470.p.33508
3,2026 -  The League,Billy Goat Tavern,false,BN,Blake Corum,LAR,RB,2.5,470.p.40962
3,2026 -  The League,Billy Goat Tavern,false,BN,Tank Bigsby,PHI,RB,-1,470.p.40095
3,2026 -  The League,Billy Goat Tavern,false,BN,Oronde Gadsden,LAC,TE,0,470.p.41951
3,2026 -  The League,Billy Goat Tavern,false,BN,Makai Lemon,PHI,WR,5.4,470.p.42642
3,2026 -  The League,Billy Goat Tavern,false,K,Ka'imi Fairbairn,HOU,K,5,470.p.29792
3,2026 -  The League,Billy Goat Tavern,false,D,Fred Warner,SF,LB,12.5,470.p.31040
3,2026 -  The League,Billy Goat Tavern,false,D,Blake Cashman,MIN,LB,10,470.p.31989
3,2026 -  The League,Billy Goat Tavern,false,D,Caleb Downs,DAL,S,2.5,470.p.42633
3,2026 -  The League,MombaMentality,false,QB,Josh Allen,BUF,QB,16.96,470.p.30977
3,2026 -  The League,MombaMentality,false,RB,James Cook III,BUF,RB,19.4,470.p.34019
3,2026 -  The League,MombaMentality,false,RB,Chase Brown,CIN,RB,7.9,470.p.40196
3,2026 -  The League,MombaMentality,false,WR,Carnell Tate,TEN,WR,8.8,470.p.42626
3,2026 -  The League,MombaMentality,false,WR,Jameson Williams,DET,WR,6.9,470.p.33967
3,2026 -  The League,MombaMentality,false,TE,Trey McBride,ARI,TE,12,470.p.34010
3,2026 -  The League,MombaMentality,false,W/R,Kyle Monangai,CHI,RB,3.1,470.p.42025
3,2026 -  The League,MombaMentality,false,BN,Quentin Johnston,LAC,WR,5.5,470.p.40051
3,2026 -  The League,MombaMentality,false,BN,KC Concepcion Jr.,CLE,WR,1.9,470.p.42646
3,2026 -  The League,MombaMentality,false,BN,Brian Thomas Jr.,JAX,WR,1.3,470.p.40883
3,2026 -  The League,MombaMentality,false,BN,Mark Andrews,BAL,TE,3.9,470.p.31056
3,2026 -  The League,MombaMentality,false,BN,Antonio Williams,WAS,WR,2.5,470.p.42693
3,2026 -  The League,MombaMentality,false,BN,Jonah Coleman,DEN,RB,0,470.p.42730
3,2026 -  The League,MombaMentality,false,K,Jason Myers,SEA,K,9,470.p.28378
3,2026 -  The League,MombaMentality,false,D,Dillon Thieneman,CHI,S,9,470.p.42647
3,2026 -  The League,MombaMentality,false,D,Malaki Starks,BAL,S,5,470.p.41812
3,2026 -  The League,MombaMentality,false,D,Drue Tranquill,KC,LB,5.5,470.p.31962
3,2026 -  The League,Dumpster Fire,false,QB,Trevor Lawrence,JAX,QB,25.78,470.p.33389
3,2026 -  The League,Dumpster Fire,false,RB,De'Von Achane,MIA,RB,1.7,470.p.40118
3,2026 -  The League,Dumpster Fire,false,RB,Bhayshul Tuten,JAX,RB,16,470.p.41900
3,2026 -  The League,Dumpster Fire,false,WR,CeeDee Lamb,DAL,WR,16.7,470.p.32687
3,2026 -  The League,Dumpster Fire,false,WR,Drake London,ATL,WR,24.9,470.p.33963
3,2026 -  The League,Dumpster Fire,false,TE,Tucker Kraft,GB,TE,4.6,470.p.40102
3,2026 -  The League,Dumpster Fire,false,W/R,Cam Skattebo,NYG,RB,11.5,470.p.41922
3,2026 -  The League,Dumpster Fire,false,BN,TreVeyon Henderson,NE,RB,3.4,470.p.41823
3,2026 -  The League,Dumpster Fire,false,BN,Jakobi Meyers,JAX,WR,16.4,470.p.32231
3,2026 -  The League,Dumpster Fire,false,BN,Josh Jacobs,GB,RB,0,470.p.31856
3,2026 -  The League,Dumpster Fire,false,BN,Romeo Doubs,NE,WR,6.4,470.p.34088
3,2026 -  The League,Dumpster Fire,false,BN,Jordyn Tyson,NO,WR,0,470.p.42630
3,2026 -  The League,Dumpster Fire,false,BN,Kayshon Boutte,HOU,WR,3.1,470.p.40224
3,2026 -  The League,Dumpster Fire,false,K,Eddy Pineiro,SF,K,8,470.p.31482
3,2026 -  The League,Dumpster Fire,false,D,Zack Baun,PHI,LB,9,470.p.32744
3,2026 -  The League,Dumpster Fire,false,D,Cooper DeJean,PHI,"DB,CB",5.5,470.p.40934
3,2026 -  The League,Dumpster Fire,false,D,Cedric Gray,TEN,LB,5,470.p.40988
3,2026 -  The League,No Talent Ass Clowns,false,QB,Drake Maye,NE,QB,4.76,470.p.40881
3,2026 -  The League,No Talent Ass Clowns,false,RB,Breece Hall,NYJ,RB,7,470.p.33991
3,2026 -  The League,No Talent Ass Clowns,false,RB,D'Andre Swift,CHI,RB,9.8,470.p.32705
3,2026 -  The League,No Talent Ass Clowns,false,WR,Ja'Marr Chase,CIN,WR,20.3,470.p.33393
3,2026 -  The League,No Talent Ass Clowns,false,WR,Emeka Egbuka,TB,WR,8.7,470.p.41804
3,2026 -  The League,No Talent Ass Clowns,false,TE,Dalton Kincaid,BUF,TE,2.8,470.p.40048
3,2026 -  The League,No Talent Ass Clowns,false,W/R,Khalil Shakir,BUF,WR,1.1,470.p.34104
3,2026 -  The League,No Talent Ass Clowns,false,BN,Rachaad White,WAS,RB,10.6,470.p.34047
3,2026 -  The League,No Talent Ass Clowns,false,BN,Isaiah Likely,NYG,TE,2.3,470.p.34095
3,2026 -  The League,No Talent Ass Clowns,false,BN,Michael Pittman Jr.,PIT,WR,2.6,470.p.32704
3,2026 -  The League,No Talent Ass Clowns,false,BN,Marvin Harrison Jr.,ARI,WR,5.5,470.p.40893
3,2026 -  The League,No Talent Ass Clowns,false,BN,Braelon Allen,NYJ,RB,4.2,470.p.40981
3,2026 -  The League,No Talent Ass Clowns,false,BN,Case Keenum,CHI,QB,28.48,470.p.26483
3,2026 -  The League,No Talent Ass Clowns,false,K,Cam Little,JAX,K,5,470.p.41062
3,2026 -  The League,No Talent Ass Clowns,false,D,Jack Campbell,DET,LB,7,470.p.40036
3,2026 -  The League,No Talent Ass Clowns,false,D,T.J. Watt,PIT,"LB,DE",0.5,470.p.30143
3,2026 -  The League,No Talent Ass Clowns,false,D,Alex Singleton,DEN,LB,6.5,470.p.28716
3,2026 -  The League,Wailin Raylans,false,QB,Dak Prescott,DAL,QB,20.94,470.p.29369
3,2026 -  The League,Wailin Raylans,false,RB,Christian McCaffrey,SF,RB,19.6,470.p.30121
3,2026 -  The League,Wailin Raylans,false,RB,Bucky Irving,TB,RB,6.8,470.p.40993
3,2026 -  The League,Wailin Raylans,false,WR,Tetairoa McMillan,CAR,WR,2.7,470.p.41793
3,2026 -  The League,Wailin Raylans,false,WR,George Pickens,DAL,WR,11.7,470.p.34007
3,2026 -  The League,Wailin Raylans,false,TE,Dalton Schultz,HOU,TE,4.5,470.p.31107
3,2026 -  The League,Wailin Raylans,false,W/R,Matthew Golden,GB,WR,18.5,470.p.41808
3,2026 -  The League,Wailin Raylans,false,BN,Tony Pollard,TEN,RB,11.6,470.p.31960
3,2026 -  The League,Wailin Raylans,false,BN,Colston Loveland,CHI,TE,5.1,470.p.41795
3,2026 -  The League,Wailin Raylans,false,BN,Rome Odunze,CHI,WR,5.9,470.p.40901
3,2026 -  The League,Wailin Raylans,false,BN,Jordan Mason,MIN,RB,0,470.p.34320
3,2026 -  The League,Wailin Raylans,false,BN,Wan'Dale Robinson,TEN,WR,15.2,470.p.33998
3,2026 -  The League,Wailin Raylans,false,BN,Malachi Fields,NYG,WR,2.9,470.p.42696
3,2026 -  The League,Wailin Raylans,false,K,Tyler Loop,BAL,K,12,470.p.41988
3,2026 -  The League,Wailin Raylans,false,D,Carson Schwesinger,CLE,LB,3.5,470.p.41818
3,2026 -  The League,Wailin Raylans,false,D,Quay Walker,LV,LB,5.5,470.p.33977
3,2026 -  The League,Wailin Raylans,false,D,Edgerrin Cooper,GB,LB,4.5,470.p.40938
3,The Honey Badgers,Dolphin Boobiez,false,QB,Josh Allen,BUF,QB,18.96,470.p.30977
3,The Honey Badgers,Dolphin Boobiez,false,RB,Jahmyr Gibbs,DET,RB,37.9,470.p.40059
3,The Honey Badgers,Dolphin Boobiez,false,RB,Bhayshul Tuten,JAX,RB,16,470.p.41900
3,The Honey Badgers,Dolphin Boobiez,false,WR,Tee Higgins,CIN,WR,18,470.p.32703
3,The Honey Badgers,Dolphin Boobiez,false,WR,Josh Downs,IND,WR,10.2,470.p.40126
3,The Honey Badgers,Dolphin Boobiez,false,TE,George Kittle,SF,TE,23.2,470.p.30259
3,The Honey Badgers,Dolphin Boobiez,false,W/R,Michael Wilson,ARI,WR,20.4,470.p.40121
3,The Honey Badgers,Dolphin Boobiez,false,BN,Luther Burden III,CHI,WR,16.3,470.p.41824
3,The Honey Badgers,Dolphin Boobiez,false,BN,Kyle Pitts Sr.,ATL,TE,1,470.p.33392
3,The Honey Badgers,Dolphin Boobiez,false,BN,Chris Godwin Jr.,TB,WR,4,470.p.30197
3,The Honey Badgers,Dolphin Boobiez,false,BN,Woody Marks,HOU,RB,8.6,470.p.41902
3,The Honey Badgers,Dolphin Boobiez,false,BN,Malik Willis,MIA,QB,13,470.p.34042
3,The Honey Badgers,Dolphin Boobiez,false,IR,Jonathon Brooks,CAR,RB,0,470.p.40926
3,The Honey Badgers,Dolphin Boobiez,false,K,Jason Myers,SEA,K,9,470.p.28378
3,The Honey Badgers,Dolphin Boobiez,false,D,Jack Campbell,DET,LB,10.5,470.p.40036
3,The Honey Badgers,Dolphin Boobiez,false,D,Cooper DeJean,PHI,"DB,CB",7.25,470.p.40934
3,The Honey Badgers,Dolphin Boobiez,false,D,Dillon Thieneman,CHI,S,12.5,470.p.42647
3,The Honey Badgers,Dolphin Boobiez,false,BN,Devin Lloyd,CAR,LB,0,470.p.33982
3,The Honey Badgers,The Curious Case of Cookus,false,QB,Brock Purdy,SF,QB,40.28,470.p.34218
3,The Honey Badgers,The Curious Case of Cookus,false,RB,Bijan Robinson,ATL,RB,34.3,470.p.40055
3,The Honey Badgers,The Curious Case of Cookus,false,RB,Chase Brown,CIN,RB,7.9,470.p.40196
3,The Honey Badgers,The Curious Case of Cookus,false,WR,DeVonta Smith,PHI,WR,9.5,470.p.33398
3,The Honey Badgers,The Curious Case of Cookus,false,WR,Garrett Wilson,NYJ,WR,21.7,470.p.33965
3,The Honey Badgers,The Curious Case of Cookus,false,TE,Colston Loveland,CHI,TE,5.1,470.p.41795
3,The Honey Badgers,The Curious Case of Cookus,false,W/R,Brian Thomas Jr.,JAX,WR,1.3,470.p.40883
3,The Honey Badgers,The Curious Case of Cookus,false,BN,Trevor Lawrence,JAX,QB,26.78,470.p.33389
3,The Honey Badgers,The Curious Case of Cookus,false,BN,Quentin Johnston,LAC,WR,5.5,470.p.40051
3,The Honey Badgers,The Curious Case of Cookus,false,BN,De'Zhaun Stribling,SF,WR,0,470.p.42655
3,The Honey Badgers,The Curious Case of Cookus,false,BN,Jordan Mason,MIN,RB,0,470.p.34320
3,The Honey Badgers,The Curious Case of Cookus,false,BN,Mike Washington Jr.,LV,RB,11.4,470.p.42744
3,The Honey Badgers,The Curious Case of Cookus,false,BN,Kaelon Black,SF,RB,1.7,470.p.42712
3,The Honey Badgers,The Curious Case of Cookus,false,K,Spencer Shrader,IND,K,17,470.p.41499
3,The Honey Badgers,The Curious Case of Cookus,false,D,Nakobe Dean,LV,LB,21.25,470.p.34039
3,The Honey Badgers,The Curious Case of Cookus,false,D,Ventrell Miller,JAX,LB,9.25,470.p.40155
3,The Honey Badgers,The Curious Case of Cookus,false,D,Terrel Bernard,BUF,LB,6,470.p.34045
3,The Honey Badgers,CopperTheBigRedDog,false,QB,Jalen Hurts,PHI,QB,13.62,470.p.32723
3,The Honey Badgers,CopperTheBigRedDog,false,RB,Kenneth Walker III,KC,RB,20.3,470.p.33996
3,The Honey Badgers,CopperTheBigRedDog,false,RB,Javonte Williams,DAL,RB,17.3,470.p.33423
3,The Honey Badgers,CopperTheBigRedDog,false,WR,Justin Jefferson,MIN,WR,4.2,470.p.32692
3,The Honey Badgers,CopperTheBigRedDog,false,WR,Christian Watson,GB,WR,19.1,470.p.33989
3,The Honey Badgers,CopperTheBigRedDog,false,TE,Tucker Kraft,GB,TE,4.6,470.p.40102
3,The Honey Badgers,CopperTheBigRedDog,false,W/R,Tony Pollard,TEN,RB,11.6,470.p.31960
3,The Honey Badgers,CopperTheBigRedDog,false,BN,Denzel Boston,CLE,WR,7.1,470.p.42661
3,The Honey Badgers,CopperTheBigRedDog,false,BN,Puka Nacua,LAR,WR,0,470.p.40168
3,The Honey Badgers,CopperTheBigRedDog,false,BN,Rachaad White,WAS,RB,10.6,470.p.34047
3,The Honey Badgers,CopperTheBigRedDog,false,BN,Josh Jacobs,GB,RB,0,470.p.31856
3,The Honey Badgers,CopperTheBigRedDog,false,BN,Jake Ferguson,DAL,TE,7.8,470.p.34085
3,The Honey Badgers,CopperTheBigRedDog,false,BN,C.J. Stroud,HOU,QB,13.68,470.p.40030
3,The Honey Badgers,CopperTheBigRedDog,false,IR,Jordyn Tyson,NO,WR,0,470.p.42630
3,The Honey Badgers,CopperTheBigRedDog,false,K,Brandon Aubrey,DAL,K,11,470.p.40819
3,The Honey Badgers,CopperTheBigRedDog,false,D,Blake Cashman,MIN,LB,12.25,470.p.31989
3,The Honey Badgers,CopperTheBigRedDog,false,D,Fred Warner,SF,LB,18,470.p.31040
3,The Honey Badgers,CopperTheBigRedDog,false,D,Jamien Sherwood,NYJ,LB,9,470.p.33534
3,The Honey Badgers,Comfy In Chair,false,QB,Bo Nix,DEN,QB,29.14,470.p.40875
3,The Honey Badgers,Comfy In Chair,false,RB,Jonathan Taylor,IND,RB,8.2,470.p.32711
3,The Honey Badgers,Comfy In Chair,false,RB,David Montgomery,HOU,RB,5.8,470.p.31905
3,The Honey Badgers,Comfy In Chair,false,WR,Chris Olave,NO,WR,15.2,470.p.33966
3,The Honey Badgers,Comfy In Chair,false,WR,Xavier Worthy,KC,WR,4.5,470.p.40877
3,The Honey Badgers,Comfy In Chair,false,TE,Tyler Warren,IND,TE,10.2,470.p.41799
3,The Honey Badgers,Comfy In Chair,false,W/R,Zay Flowers,BAL,WR,12.9,470.p.40039
3,The Honey Badgers,Comfy In Chair,false,BN,Aaron Jones Sr.,MIN,RB,11.7,470.p.30295
3,The Honey Badgers,Comfy In Chair,false,BN,Rico Dowdle,PIT,RB,0,470.p.33100
3,The Honey Badgers,Comfy In Chair,false,BN,Courtland Sutton,DEN,WR,6.1,470.p.31010
3,The Honey Badgers,Comfy In Chair,false,BN,Alvin Kamara,NO,RB,4.6,470.p.30180
3,The Honey Badgers,Comfy In Chair,false,BN,Romeo Doubs,NE,WR,6.4,470.p.34088
3,The Honey Badgers,Comfy In Chair,false,BN,Dallas Goedert,PHI,TE,0,470.p.31019
3,The Honey Badgers,Comfy In Chair,false,K,Tyler Loop,BAL,K,12,470.p.41988
3,The Honey Badgers,Comfy In Chair,false,D,Alex Singleton,DEN,LB,9.75,470.p.28716
3,The Honey Badgers,Comfy In Chair,false,D,Quincy Williams,CLE,LB,10.5,470.p.31930
3,The Honey Badgers,Comfy In Chair,false,D,Malaki Starks,BAL,S,7.5,470.p.41812
3,The Honey Badgers,The Trophy Wives,false,QB,Jordan Love,GB,QB,24.48,470.p.32696
3,The Honey Badgers,The Trophy Wives,false,RB,James Cook III,BUF,RB,19.4,470.p.34019
3,The Honey Badgers,The Trophy Wives,false,RB,Cam Skattebo,NYG,RB,11.5,470.p.41922
3,The Honey Badgers,The Trophy Wives,false,WR,Jalen Coker,CAR,WR,2.8,470.p.41293
3,The Honey Badgers,The Trophy Wives,false,WR,Rashee Rice,KC,WR,12.3,470.p.40084
3,The Honey Badgers,The Trophy Wives,false,TE,Trey McBride,ARI,TE,12,470.p.34010
3,The Honey Badgers,The Trophy Wives,false,W/R,Davante Adams,LAR,WR,17.2,470.p.27581
3,The Honey Badgers,The Trophy Wives,false,BN,Jayden Daniels,WAS,QB,0,470.p.40896
3,The Honey Badgers,The Trophy Wives,false,BN,MarShawn Lloyd,GB,RB,2.8,470.p.40971
3,The Honey Badgers,The Trophy Wives,false,BN,KC Concepcion Jr.,CLE,WR,1.9,470.p.42646
3,The Honey Badgers,The Trophy Wives,false,BN,Juwan Johnson,NO,TE,23.8,470.p.33113
3,The Honey Badgers,The Trophy Wives,false,BN,Devaughn Vele,NO,WR,5.4,470.p.41097
3,The Honey Badgers,The Trophy Wives,false,BN,Kyler Murray,MIN,QB,14.42,470.p.31833
3,The Honey Badgers,The Trophy Wives,false,IR,A.J. Brown,NE,WR,0,470.p.31883
3,The Honey Badgers,The Trophy Wives,false,K,Ka'imi Fairbairn,HOU,K,5,470.p.29792
3,The Honey Badgers,The Trophy Wives,false,D,Jordyn Brooks,MIA,LB,9.75,470.p.32697
3,The Honey Badgers,The Trophy Wives,false,D,Ernest Jones IV,SEA,LB,9.25,470.p.33491
3,The Honey Badgers,The Trophy Wives,false,D,Aidan Hutchinson,DET,"DL,DE",3,470.p.33957
3,The Honey Badgers,Olivators,false,QB,Lamar Jackson,BAL,QB,24.44,470.p.31002
3,The Honey Badgers,Olivators,false,RB,Ashton Jeanty,LV,RB,10.8,470.p.41791
3,The Honey Badgers,Olivators,false,RB,Kyren Williams,LAR,RB,18.8,470.p.34120
3,The Honey Badgers,Olivators,false,WR,Jameson Williams,DET,WR,6.9,470.p.33967
3,The Honey Badgers,Olivators,false,WR,Jaxon Smith-Njigba,SEA,WR,30.36,470.p.40041
3,The Honey Badgers,Olivators,false,TE,Dalton Schultz,HOU,TE,4.5,470.p.31107
3,The Honey Badgers,Olivators,false,W/R,Carnell Tate,TEN,WR,8.8,470.p.42626
3,The Honey Badgers,Olivators,false,BN,Jacory Croskey-Merritt,WAS,RB,4.8,470.p.42010
3,The Honey Badgers,Olivators,false,BN,Nico Collins,HOU,WR,0,470.p.33477
3,The Honey Badgers,Olivators,false,BN,Harold Fannin Jr.,CLE,TE,20.6,470.p.41877
3,The Honey Badgers,Olivators,false,BN,Kenny Gainwell,TB,RB,3.5,470.p.33538
3,The Honey Badgers,Olivators,false,BN,Jared Goff,DET,QB,24.36,470.p.29235
3,The Honey Badgers,Olivators,false,K,Cam Little,JAX,K,5,470.p.41062
3,The Honey Badgers,Olivators,false,D,Foyesade Oluokun,JAX,LB,6,470.p.31170
3,The Honey Badgers,Olivators,false,D,Edgerrin Cooper,GB,LB,6,470.p.40938
3,The Honey Badgers,Olivators,false,D,Cedric Gray,TEN,LB,7.5,470.p.40988
3,The Honey Badgers,Olivators,false,BN,Josiah Trotter,TB,LB,0,470.p.42668
3,The Honey Badgers,My Balls Are Afoot,false,QB,Joe Burrow,CIN,QB,28.58,470.p.32671
3,The Honey Badgers,My Balls Are Afoot,false,RB,Derrick Henry,BAL,RB,21.4,470.p.29279
3,The Honey Badgers,My Balls Are Afoot,false,RB,TreVeyon Henderson,NE,RB,3.4,470.p.41823
3,The Honey Badgers,My Balls Are Afoot,false,WR,Drake London,ATL,WR,25.4,470.p.33963
3,The Honey Badgers,My Balls Are Afoot,false,WR,Tetairoa McMillan,CAR,WR,2.7,470.p.41793
3,The Honey Badgers,My Balls Are Afoot,false,TE,Travis Kelce,KC,TE,12.9,470.p.26686
3,The Honey Badgers,My Balls Are Afoot,false,W/R,Deebo Samuel Sr.,SF,WR,15.4,470.p.31868
3,The Honey Badgers,My Balls Are Afoot,false,BN,Mike Evans,SF,WR,10.9,470.p.27535
3,The Honey Badgers,My Balls Are Afoot,false,BN,Kyle Monangai,CHI,RB,3.1,470.p.42025
3,The Honey Badgers,My Balls Are Afoot,false,BN,Stefon Diggs,WAS,WR,5.3,470.p.28534
3,The Honey Badgers,My Balls Are Afoot,false,BN,Michael Pittman Jr.,PIT,WR,2.6,470.p.32704
3,The Honey Badgers,My Balls Are Afoot,false,BN,Sam Darnold,SEA,QB,37.66,470.p.30973
3,The Honey Badgers,My Balls Are Afoot,false,BN,Brian Robinson,ATL,RB,11,470.p.34054
3,The Honey Badgers,My Balls Are Afoot,false,K,Cameron Dicker,LAC,K,10,470.p.34344
3,The Honey Badgers,My Balls Are Afoot,false,D,Nick Bolton,KC,LB,15.25,470.p.33446
3,The Honey Badgers,My Balls Are Afoot,false,D,Sonny Styles,WAS,LB,15.75,470.p.42629
3,The Honey Badgers,My Balls Are Afoot,false,D,Kaden Elliss,NO,LB,9.75,470.p.32076
3,The Honey Badgers,Fat Lazy Americans,true,QB,Bryce Young,CAR,QB,16.64,470.p.40029
3,The Honey Badgers,Fat Lazy Americans,true,RB,Breece Hall,NYJ,RB,7,470.p.33991
3,The Honey Badgers,Fat Lazy Americans,true,RB,Bucky Irving,TB,RB,6.8,470.p.40993
3,The Honey Badgers,Fat Lazy Americans,true,WR,Ja'Marr Chase,CIN,WR,20.3,470.p.33393
3,The Honey Badgers,Fat Lazy Americans,true,WR,Matthew Golden,GB,WR,18.5,470.p.41808
3,The Honey Badgers,Fat Lazy Americans,true,TE,Brock Bowers,LV,TE,22.6,470.p.40878
3,The Honey Badgers,Fat Lazy Americans,true,W/R,Jeremiyah Love,ARI,RB,19.4,470.p.42625
3,The Honey Badgers,Fat Lazy Americans,true,BN,Caleb Williams,CHI,QB,0,470.p.40900
3,The Honey Badgers,Fat Lazy Americans,true,BN,Rome Odunze,CHI,WR,5.9,470.p.40901
3,The Honey Badgers,Fat Lazy Americans,true,BN,Kenyon Sadiq,NYJ,TE,20,470.p.42638
3,The Honey Badgers,Fat Lazy Americans,true,BN,Terrance Ferguson,LAR,TE,1.4,470.p.41831
3,The Honey Badgers,Fat Lazy Americans,true,BN,RJ Harvey,DEN,RB,7.7,470.p.41845
3,The Honey Badgers,Fat Lazy Americans,true,BN,Jonah Coleman,DEN,RB,0,470.p.42730
3,The Honey Badgers,Fat Lazy Americans,true,IR,Zach Charbonnet,SEA,RB,0,470.p.40075
3,The Honey Badgers,Fat Lazy Americans,true,K,Harrison Butker,KC,K,6,470.p.30346
3,The Honey Badgers,Fat Lazy Americans,true,D,Carson Schwesinger,CLE,LB,5.25,470.p.41818
3,The Honey Badgers,Fat Lazy Americans,true,D,Zack Baun,PHI,LB,11.5,470.p.32744
3,The Honey Badgers,Fat Lazy Americans,true,D,Tremaine Edmunds,NYG,LB,13,470.p.30986
3,The Honey Badgers,JRZ,false,QB,Patrick Mahomes,KC,QB,21.94,470.p.30123
3,The Honey Badgers,JRZ,false,RB,Omarion Hampton,LAC,RB,5.6,470.p.41807
3,The Honey Badgers,JRZ,false,RB,Chuba Hubbard,CAR,RB,13,470.p.33514
3,The Honey Badgers,JRZ,false,WR,Amon-Ra St. Brown,DET,WR,9.9,470.p.33500
3,The Honey Badgers,JRZ,false,WR,Jaylen Waddle,DEN,WR,5.4,470.p.33394
3,The Honey Badgers,JRZ,false,TE,Sam LaPorta,DET,TE,5.9,470.p.40064
3,The Honey Badgers,JRZ,false,W/R,DJ Moore,BUF,WR,11.2,470.p.30994
3,The Honey Badgers,JRZ,false,BN,Travis Etienne Jr.,NO,RB,8,470.p.33413
3,The Honey Badgers,JRZ,false,BN,Justin Herbert,LAC,QB,15.74,470.p.32676
3,The Honey Badgers,JRZ,false,BN,Jordan Addison,MIN,WR,17.5,470.p.40042
3,The Honey Badgers,JRZ,false,BN,Wan'Dale Robinson,TEN,WR,15.2,470.p.33998
3,The Honey Badgers,JRZ,false,BN,Caleb Douglas,MIA,WR,0,470.p.42697
3,The Honey Badgers,JRZ,false,BN,Emanuel Wilson,SEA,RB,1.4,470.p.40707
3,The Honey Badgers,JRZ,false,IR,Alec Pierce,IND,WR,0,470.p.34008
3,The Honey Badgers,JRZ,false,K,Jake Bates,DET,K,7,470.p.40835
3,The Honey Badgers,JRZ,false,D,Demario Davis,NYJ,LB,15.75,470.p.25787
3,The Honey Badgers,JRZ,false,D,Budda Baker,ARI,S,3.75,470.p.30149
3,The Honey Badgers,JRZ,false,D,Quay Walker,LV,LB,7.5,470.p.33977
3,The Honey Badgers,Jesus take the wheel,false,QB,Tyler Shough,NO,QB,32.8,470.p.41825
3,The Honey Badgers,Jesus take the wheel,false,RB,Saquon Barkley,PHI,RB,8.5,470.p.30972
3,The Honey Badgers,Jesus take the wheel,false,RB,D'Andre Swift,CHI,RB,9.8,470.p.32705
3,The Honey Badgers,Jesus take the wheel,false,WR,Emeka Egbuka,TB,WR,8.7,470.p.41804
3,The Honey Badgers,Jesus take the wheel,false,WR,Khalil Shakir,BUF,WR,1.1,470.p.34104
3,The Honey Badgers,Jesus take the wheel,false,TE,Isaiah Likely,NYG,TE,2.3,470.p.34095
3,The Honey Badgers,Jesus take the wheel,false,W/R,Blake Corum,LAR,RB,2.5,470.p.40962
3,The Honey Badgers,Jesus take the wheel,false,BN,Parker Washington,JAX,WR,11.5,470.p.40234
3,The Honey Badgers,Jesus take the wheel,false,BN,Matthew Stafford,LAR,QB,28.9,470.p.9265
3,The Honey Badgers,Jesus take the wheel,false,BN,Jadarian Price,SEA,RB,0.7,470.p.42654
3,The Honey Badgers,Jesus take the wheel,false,BN,Chig Okonkwo,WAS,TE,0,470.p.34099
3,The Honey Badgers,Jesus take the wheel,false,BN,Rashod Bateman,BAL,WR,4.7,470.p.33415
3,The Honey Badgers,Jesus take the wheel,false,K,Eddy Pineiro,SF,K,8,470.p.31482
3,The Honey Badgers,Jesus take the wheel,false,D,Nate Landman,LAR,LB,3,470.p.34291
3,The Honey Badgers,Jesus take the wheel,false,D,Azeez Al-Shaair,HOU,LB,9.75,470.p.32318
3,The Honey Badgers,Jesus take the wheel,false,D,Demetrius Knight Jr.,CIN,LB,8.25,470.p.41834
3,The Honey Badgers,Jesus take the wheel,false,BN,Daiyan Henley,LAC,LB,19.5,470.p.40113
3,The Honey Badgers,Unicorn Love,false,QB,Baker Mayfield,TB,QB,15.28,470.p.30971
3,The Honey Badgers,Unicorn Love,false,RB,De'Von Achane,MIA,RB,1.7,470.p.40118
3,The Honey Badgers,Unicorn Love,false,RB,Jaylen Warren,PIT,RB,19.1,470.p.34447
3,The Honey Badgers,Unicorn Love,false,WR,CeeDee Lamb,DAL,WR,16.7,470.p.32687
3,The Honey Badgers,Unicorn Love,false,WR,Ladd McConkey,LAC,WR,8.6,470.p.40908
3,The Honey Badgers,Unicorn Love,false,TE,Mark Andrews,BAL,TE,3.9,470.p.31056
3,The Honey Badgers,Unicorn Love,false,W/R,Dontayvion Wicks,PHI,WR,4.2,470.p.40201
3,The Honey Badgers,Unicorn Love,false,BN,Drake Maye,NE,QB,7.26,470.p.40881
3,The Honey Badgers,Unicorn Love,false,BN,Rhamondre Stevenson,NE,RB,5.3,470.p.33508
3,The Honey Badgers,Unicorn Love,false,BN,Marvin Harrison Jr.,ARI,WR,5.5,470.p.40893
3,The Honey Badgers,Unicorn Love,false,BN,J.K. Dobbins,DEN,RB,5.8,470.p.32725
3,The Honey Badgers,Unicorn Love,false,BN,Hunter Henry,NE,TE,1,470.p.29269
3,The Honey Badgers,Unicorn Love,false,K,Harrison Mevis,LAR,K,16,470.p.41312
3,The Honey Badgers,Unicorn Love,false,D,Roquan Smith,BAL,LB,15,470.p.30978
3,The Honey Badgers,Unicorn Love,false,D,Kyle Hamilton,BAL,S,11,470.p.33969
3,The Honey Badgers,Unicorn Love,false,D,Robert Spillane,NE,LB,6.75,470.p.31708
3,The Honey Badgers,Unicorn Love,false,BN,Devin Bush,CHI,LB,6,470.p.31842
3,The Honey Badgers,Kryponite,false,QB,Dak Prescott,DAL,QB,21.94,470.p.29369
3,The Honey Badgers,Kryponite,false,RB,Christian McCaffrey,SF,RB,19.6,470.p.30121
3,The Honey Badgers,Kryponite,false,RB,Quinshon Judkins,CLE,RB,8.9,470.p.41821
3,The Honey Badgers,Kryponite,false,WR,George Pickens,DAL,WR,11.7,470.p.34007
3,The Honey Badgers,Kryponite,false,WR,Tre Tucker,LV,WR,6.3,470.p.40114
3,The Honey Badgers,Kryponite,false,TE,Dalton Kincaid,BUF,TE,2.8,470.p.40048
3,The Honey Badgers,Kryponite,false,W/R,Malik Nabers,NYG,WR,5.1,470.p.40899
3,The Honey Badgers,Kryponite,false,BN,DK Metcalf,PIT,WR,10.6,470.p.31896
3,The Honey Badgers,Kryponite,false,BN,Terry McLaurin,WAS,WR,16.7,470.p.31908
3,The Honey Badgers,Kryponite,false,BN,Tyjae Spears,TEN,RB,0.5,470.p.40119
3,The Honey Badgers,Kryponite,false,BN,Rashid Shaheed,SEA,WR,2.4,470.p.34659
3,The Honey Badgers,Kryponite,false,BN,Emmett Johnson,KC,RB,1.7,470.p.42796
3,The Honey Badgers,Kryponite,false,BN,Pat Freiermuth,PIT,TE,4.1,470.p.33443
3,The Honey Badgers,Kryponite,false,K,Tyler Bass,BUF,K,6,470.p.32858
3,The Honey Badgers,Kryponite,false,D,Quentin Lake,LAR,"DB,S",7.75,470.p.34167
3,The Honey Badgers,Kryponite,false,D,T.J. Watt,PIT,"LB,DE",0.75,470.p.30143
3,The Honey Badgers,Kryponite,false,D,Caleb Downs,DAL,S,3.75,470.p.42633
3,Rose Bowl XIX,Jukin Junies,false,QB,Josh Allen,BUF,QB,17.46,470.p.30977
3,Rose Bowl XIX,Jukin Junies,false,RB,Derrick Henry,BAL,RB,21.9,470.p.29279
3,Rose Bowl XIX,Jukin Junies,false,RB,D'Andre Swift,CHI,RB,10.8,470.p.32705
3,Rose Bowl XIX,Jukin Junies,false,WR,Amon-Ra St. Brown,DET,WR,11.9,470.p.33500
3,Rose Bowl XIX,Jukin Junies,false,WR,Christian Watson,GB,WR,22.6,470.p.33989
3,Rose Bowl XIX,Jukin Junies,false,TE,Travis Kelce,KC,TE,13.9,470.p.26686
3,Rose Bowl XIX,Jukin Junies,false,W/R,Terry McLaurin,WAS,WR,19.7,470.p.31908
3,Rose Bowl XIX,Jukin Junies,false,BN,Isaiah Likely,NYG,TE,3.3,470.p.34095
3,Rose Bowl XIX,Jukin Junies,false,BN,Rico Dowdle,PIT,RB,0,470.p.33100
3,Rose Bowl XIX,Jukin Junies,false,BN,Jonathon Brooks,CAR,RB,0,470.p.40926
3,Rose Bowl XIX,Jukin Junies,false,BN,Michael Pittman Jr.,PIT,WR,3.6,470.p.32704
3,Rose Bowl XIX,Jukin Junies,false,BN,Tyjae Spears,TEN,RB,0.5,470.p.40119
3,Rose Bowl XIX,Jukin Junies,false,BN,Braelon Allen,NYJ,RB,5.7,470.p.40981
3,Rose Bowl XIX,Jukin Junies,false,K,Tyler Loop,BAL,K,12,470.p.41988
3,Rose Bowl XIX,Jukin Junies,false,D,Blake Cashman,MIN,LB,9.5,470.p.31989
3,Rose Bowl XIX,Jukin Junies,false,D,Zack Baun,PHI,LB,8,470.p.32744
3,Rose Bowl XIX,Jukin Junies,false,D,Quay Walker,LV,LB,5,470.p.33977
3,Rose Bowl XIX,Concussion Protocol,false,QB,Jared Goff,DET,QB,23.36,470.p.29235
3,Rose Bowl XIX,Concussion Protocol,false,RB,Bijan Robinson,ATL,RB,35.3,470.p.40055
3,Rose Bowl XIX,Concussion Protocol,false,RB,David Montgomery,HOU,RB,6.8,470.p.31905
3,Rose Bowl XIX,Concussion Protocol,false,WR,Davante Adams,LAR,WR,20.7,470.p.27581
3,Rose Bowl XIX,Concussion Protocol,false,WR,Courtland Sutton,DEN,WR,7.6,470.p.31010
3,Rose Bowl XIX,Concussion Protocol,false,TE,Trey McBride,ARI,TE,16.5,470.p.34010
3,Rose Bowl XIX,Concussion Protocol,false,W/R,Tre Tucker,LV,WR,8.3,470.p.40114
3,Rose Bowl XIX,Concussion Protocol,false,BN,Carnell Tate,TEN,WR,11.8,470.p.42626
3,Rose Bowl XIX,Concussion Protocol,false,BN,Quentin Johnston,LAC,WR,7,470.p.40051
3,Rose Bowl XIX,Concussion Protocol,false,BN,Jacory Croskey-Merritt,WAS,RB,5.3,470.p.42010
3,Rose Bowl XIX,Concussion Protocol,false,BN,Caleb Williams,CHI,QB,0,470.p.40900
3,Rose Bowl XIX,Concussion Protocol,false,BN,A.J. Brown,NE,WR,0,470.p.31883
3,Rose Bowl XIX,Concussion Protocol,false,K,Harrison Mevis,LAR,K,16,470.p.41312
3,Rose Bowl XIX,Concussion Protocol,false,D,Nick Bolton,KC,LB,10.5,470.p.33446
3,Rose Bowl XIX,Concussion Protocol,false,D,Robert Spillane,NE,LB,4.5,470.p.31708
3,Rose Bowl XIX,Concussion Protocol,false,D,Barrett Carter,CIN,LB,5,470.p.41906
3,Rose Bowl XIX,Concussion Protocol,false,BN,Devin Lloyd,CAR,LB,0,470.p.33982
3,Rose Bowl XIX,Sir Nix A Lot,false,QB,Bo Nix,DEN,QB,28.14,470.p.40875
3,Rose Bowl XIX,Sir Nix A Lot,false,RB,Jonathan Taylor,IND,RB,9.2,470.p.32711
3,Rose Bowl XIX,Sir Nix A Lot,false,RB,Jeremiyah Love,ARI,RB,21.9,470.p.42625
3,Rose Bowl XIX,Sir Nix A Lot,false,WR,DJ Moore,BUF,WR,13.7,470.p.30994
3,Rose Bowl XIX,Sir Nix A Lot,false,WR,George Pickens,DAL,WR,15.2,470.p.34007
3,Rose Bowl XIX,Sir Nix A Lot,false,TE,Tyler Warren,IND,TE,14.7,470.p.41799
3,Rose Bowl XIX,Sir Nix A Lot,false,W/R,TreVeyon Henderson,NE,RB,3.9,470.p.41823
3,Rose Bowl XIX,Sir Nix A Lot,false,BN,MarShawn Lloyd,GB,RB,3.8,470.p.40971
3,Rose Bowl XIX,Sir Nix A Lot,false,BN,Stefon Diggs,WAS,WR,7.3,470.p.28534
3,Rose Bowl XIX,Sir Nix A Lot,false,BN,KC Concepcion Jr.,CLE,WR,2.94,470.p.42646
3,Rose Bowl XIX,Sir Nix A Lot,false,BN,Rachaad White,WAS,RB,12.62,470.p.34047
3,Rose Bowl XIX,Sir Nix A Lot,false,BN,Juwan Johnson,NO,TE,26.3,470.p.33113
3,Rose Bowl XIX,Sir Nix A Lot,false,BN,Isaac TeSlaa,DET,WR,9.6,470.p.41865
3,Rose Bowl XIX,Sir Nix A Lot,false,K,Jake Bates,DET,K,7,470.p.40835
3,Rose Bowl XIX,Sir Nix A Lot,false,D,Kyle Hamilton,BAL,S,8,470.p.33969
3,Rose Bowl XIX,Sir Nix A Lot,false,D,Nate Landman,LAR,LB,2,470.p.34291
3,Rose Bowl XIX,Sir Nix A Lot,false,D,Cooper DeJean,PHI,"DB,CB",5.5,470.p.40934
3,Rose Bowl XIX,CallinginSickMonday,false,QB,Patrick Mahomes,KC,QB,19.94,470.p.30123
3,Rose Bowl XIX,CallinginSickMonday,false,RB,Ashton Jeanty,LV,RB,12.3,470.p.41791
3,Rose Bowl XIX,CallinginSickMonday,false,RB,Breece Hall,NYJ,RB,8.5,470.p.33991
3,Rose Bowl XIX,CallinginSickMonday,false,WR,Jaxon Smith-Njigba,SEA,WR,35.36,470.p.40041
3,Rose Bowl XIX,CallinginSickMonday,false,WR,Tetairoa McMillan,CAR,WR,3.7,470.p.41793
3,Rose Bowl XIX,CallinginSickMonday,false,TE,Harold Fannin Jr.,CLE,TE,24.1,470.p.41877
3,Rose Bowl XIX,CallinginSickMonday,false,W/R,Quinshon Judkins,CLE,RB,9.9,470.p.41821
3,Rose Bowl XIX,CallinginSickMonday,false,BN,Dak Prescott,DAL,QB,20.94,470.p.29369
3,Rose Bowl XIX,CallinginSickMonday,false,BN,Rome Odunze,CHI,WR,7.4,470.p.40901
3,Rose Bowl XIX,CallinginSickMonday,false,BN,Brian Thomas Jr.,JAX,WR,1.8,470.p.40883
3,Rose Bowl XIX,CallinginSickMonday,false,BN,Josh Jacobs,GB,RB,0,470.p.31856
3,Rose Bowl XIX,CallinginSickMonday,false,BN,Brenton Strange,JAX,TE,6.2,470.p.40078
3,Rose Bowl XIX,CallinginSickMonday,false,BN,Romeo Doubs,NE,WR,7.9,470.p.34088
3,Rose Bowl XIX,CallinginSickMonday,false,K,Eddy Pineiro,SF,K,8,470.p.31482
3,Rose Bowl XIX,CallinginSickMonday,false,D,Jordyn Brooks,MIA,LB,6.5,470.p.32697
3,Rose Bowl XIX,CallinginSickMonday,false,D,Carson Schwesinger,CLE,LB,3.5,470.p.41818
3,Rose Bowl XIX,CallinginSickMonday,false,D,Roquan Smith,BAL,LB,11,470.p.30978
3,Rose Bowl XIX,Nabers of the Lost Ark,false,QB,Tyler Shough,NO,QB,31.8,470.p.41825
3,Rose Bowl XIX,Nabers of the Lost Ark,false,RB,Jahmyr Gibbs,DET,RB,41.4,470.p.40059
3,Rose Bowl XIX,Nabers of the Lost Ark,false,RB,Bhayshul Tuten,JAX,RB,17,470.p.41900
3,Rose Bowl XIX,Nabers of the Lost Ark,false,WR,Drake London,ATL,WR,29.4,470.p.33963
3,Rose Bowl XIX,Nabers of the Lost Ark,false,WR,Josh Downs,IND,WR,12.7,470.p.40126
3,Rose Bowl XIX,Nabers of the Lost Ark,false,TE,Sam LaPorta,DET,TE,7.4,470.p.40064
3,Rose Bowl XIX,Nabers of the Lost Ark,false,W/R,Garrett Wilson,NYJ,WR,26.7,470.p.33965
3,Rose Bowl XIX,Nabers of the Lost Ark,false,BN,Malik Nabers,NYG,WR,7.6,470.p.40899
3,Rose Bowl XIX,Nabers of the Lost Ark,false,BN,Jayden Daniels,WAS,QB,0,470.p.40896
3,Rose Bowl XIX,Nabers of the Lost Ark,false,BN,Wan'Dale Robinson,TEN,WR,18.7,470.p.33998
3,Rose Bowl XIX,Nabers of the Lost Ark,false,BN,Dalton Schultz,HOU,TE,6,470.p.31107
3,Rose Bowl XIX,Nabers of the Lost Ark,false,BN,Kenny Gainwell,TB,RB,10.4,470.p.33538
3,Rose Bowl XIX,Nabers of the Lost Ark,false,IR,Zach Charbonnet,SEA,RB,0,470.p.40075
3,Rose Bowl XIX,Nabers of the Lost Ark,false,K,Tyler Bass,BUF,K,6,470.p.32858
3,Rose Bowl XIX,Nabers of the Lost Ark,false,D,Derwin James Jr.,LAC,S,3.5,470.p.30987
3,Rose Bowl XIX,Nabers of the Lost Ark,false,D,Demetrius Knight Jr.,CIN,LB,5.5,470.p.41834
3,Rose Bowl XIX,Nabers of the Lost Ark,false,D,Malaki Starks,BAL,S,5,470.p.41812
3,Rose Bowl XIX,Nabers of the Lost Ark,false,BN,Julian Love,SEA,S,0,470.p.31940
3,Rose Bowl XIX,Panda XL,false,QB,Jalen Hurts,PHI,QB,12.62,470.p.32723
3,Rose Bowl XIX,Panda XL,false,RB,Kenneth Walker III,KC,RB,21.3,470.p.33996
3,Rose Bowl XIX,Panda XL,false,RB,Cam Skattebo,NYG,RB,13,470.p.41922
3,Rose Bowl XIX,Panda XL,false,WR,Parker Washington,JAX,WR,13,470.p.40234
3,Rose Bowl XIX,Panda XL,false,WR,Ladd McConkey,LAC,WR,10.6,470.p.40908
3,Rose Bowl XIX,Panda XL,false,TE,Darren Waller,CAR,TE,10.1,470.p.28592
3,Rose Bowl XIX,Panda XL,false,W/R,Justin Jefferson,MIN,WR,5.2,470.p.32692
3,Rose Bowl XIX,Panda XL,false,BN,Rashod Bateman,BAL,WR,5.7,470.p.33415
3,Rose Bowl XIX,Panda XL,false,BN,Chris Godwin Jr.,TB,WR,5.5,470.p.30197
3,Rose Bowl XIX,Panda XL,false,BN,J.K. Dobbins,DEN,RB,6.3,470.p.32725
3,Rose Bowl XIX,Panda XL,false,BN,Matthew Stafford,LAR,QB,24.9,470.p.9265
3,Rose Bowl XIX,Panda XL,false,BN,Tyler Allgeier,ARI,RB,4.9,470.p.34107
3,Rose Bowl XIX,Panda XL,false,BN,Rashid Shaheed,SEA,WR,7.08,470.p.34659
3,Rose Bowl XIX,Panda XL,false,K,Chris Boswell,PIT,K,13,470.p.28188
3,Rose Bowl XIX,Panda XL,false,D,Alex Singleton,DEN,LB,6.5,470.p.28716
3,Rose Bowl XIX,Panda XL,false,D,Aidan Hutchinson,DET,"DL,DE",2.5,470.p.33957
3,Rose Bowl XIX,Panda XL,false,D,Bobby Okereke,CAR,LB,2.5,470.p.31921
3,Rose Bowl XIX,Chubbtown Brownies,false,QB,Trevor Lawrence,JAX,QB,25.78,470.p.33389
3,Rose Bowl XIX,Chubbtown Brownies,false,RB,Chase Brown,CIN,RB,8.9,470.p.40196
3,Rose Bowl XIX,Chubbtown Brownies,false,RB,Travis Etienne Jr.,NO,RB,9,470.p.33413
3,Rose Bowl XIX,Chubbtown Brownies,false,WR,CeeDee Lamb,DAL,WR,20.2,470.p.32687
3,Rose Bowl XIX,Chubbtown Brownies,false,WR,Jaylen Waddle,DEN,WR,6.4,470.p.33394
3,Rose Bowl XIX,Chubbtown Brownies,false,TE,George Kittle,SF,TE,26.2,470.p.30259
3,Rose Bowl XIX,Chubbtown Brownies,false,W/R,Denzel Boston,CLE,WR,8.1,470.p.42661
3,Rose Bowl XIX,Chubbtown Brownies,false,BN,Woody Marks,HOU,RB,11.18,470.p.41902
3,Rose Bowl XIX,Chubbtown Brownies,false,BN,Jameson Williams,DET,WR,8.9,470.p.33967
3,Rose Bowl XIX,Chubbtown Brownies,false,BN,DK Metcalf,PIT,WR,12.1,470.p.31896
3,Rose Bowl XIX,Chubbtown Brownies,false,BN,Dallas Goedert,PHI,TE,0,470.p.31019
3,Rose Bowl XIX,Chubbtown Brownies,false,BN,Emmett Johnson,KC,RB,2.94,470.p.42796
3,Rose Bowl XIX,Chubbtown Brownies,false,BN,Tank Bigsby,PHI,RB,-0.5,470.p.40095
3,Rose Bowl XIX,Chubbtown Brownies,false,IR,Jordyn Tyson,NO,WR,0,470.p.42630
3,Rose Bowl XIX,Chubbtown Brownies,false,K,Ka'imi Fairbairn,HOU,K,5,470.p.29792
3,Rose Bowl XIX,Chubbtown Brownies,false,D,T.J. Watt,PIT,"LB,DE",0.5,470.p.30143
3,Rose Bowl XIX,Chubbtown Brownies,false,D,Maxx Crosby,LV,DE,6.5,470.p.31938
3,Rose Bowl XIX,Chubbtown Brownies,false,D,Azeez Al-Shaair,HOU,LB,6.5,470.p.32318
3,Rose Bowl XIX,L.V. Rosekillers,false,QB,Lamar Jackson,BAL,QB,24.44,470.p.31002
3,Rose Bowl XIX,L.V. Rosekillers,false,RB,Christian McCaffrey,SF,RB,21.6,470.p.30121
3,Rose Bowl XIX,L.V. Rosekillers,false,RB,Aaron Jones Sr.,MIN,RB,14.2,470.p.30295
3,Rose Bowl XIX,L.V. Rosekillers,false,WR,DeVonta Smith,PHI,WR,12.5,470.p.33398
3,Rose Bowl XIX,L.V. Rosekillers,false,WR,Devaughn Vele,NO,WR,6.9,470.p.41097
3,Rose Bowl XIX,L.V. Rosekillers,false,TE,Mark Andrews,BAL,TE,5.4,470.p.31056
3,Rose Bowl XIX,L.V. Rosekillers,false,W/R,Chuba Hubbard,CAR,RB,15,470.p.33514
3,Rose Bowl XIX,L.V. Rosekillers,false,BN,Michael Wilson,ARI,WR,25.9,470.p.40121
3,Rose Bowl XIX,L.V. Rosekillers,false,BN,Rhamondre Stevenson,NE,RB,6.8,470.p.33508
3,Rose Bowl XIX,L.V. Rosekillers,false,BN,Nico Collins,HOU,WR,0,470.p.33477
3,Rose Bowl XIX,L.V. Rosekillers,false,BN,Antonio Williams,WAS,WR,3.5,470.p.42693
3,Rose Bowl XIX,L.V. Rosekillers,false,BN,Kalif Raymond,CHI,WR,21.6,470.p.29631
3,Rose Bowl XIX,L.V. Rosekillers,false,BN,Joshua Palmer,BUF,WR,0,470.p.33465
3,Rose Bowl XIX,L.V. Rosekillers,false,K,Brandon Aubrey,DAL,K,11,470.p.40819
3,Rose Bowl XIX,L.V. Rosekillers,false,D,Quentin Lake,LAR,"DB,S",5.5,470.p.34167
3,Rose Bowl XIX,L.V. Rosekillers,false,D,Ventrell Miller,JAX,LB,6.5,470.p.40155
3,Rose Bowl XIX,L.V. Rosekillers,false,D,Greg Rousseau,BUF,"LB,DE",12.5,470.p.33418
3,Rose Bowl XIX,Waiting for Basketball,false,QB,Brock Purdy,SF,QB,39.28,470.p.34218
3,Rose Bowl XIX,Waiting for Basketball,false,RB,Saquon Barkley,PHI,RB,9,470.p.30972
3,Rose Bowl XIX,Waiting for Basketball,false,RB,De'Von Achane,MIA,RB,1.7,470.p.40118
3,Rose Bowl XIX,Waiting for Basketball,false,WR,Rashee Rice,KC,WR,15.8,470.p.40084
3,Rose Bowl XIX,Waiting for Basketball,false,WR,Deebo Samuel Sr.,SF,WR,18.56,470.p.31868
3,Rose Bowl XIX,Waiting for Basketball,false,TE,Jake Ferguson,DAL,TE,9.3,470.p.34085
3,Rose Bowl XIX,Waiting for Basketball,false,W/R,Jaylen Warren,PIT,RB,20.6,470.p.34447
3,Rose Bowl XIX,Waiting for Basketball,false,BN,Mike Evans,SF,WR,12.4,470.p.27535
3,Rose Bowl XIX,Waiting for Basketball,false,BN,Colston Loveland,CHI,TE,7.1,470.p.41795
3,Rose Bowl XIX,Waiting for Basketball,false,BN,Marvin Harrison Jr.,ARI,WR,7,470.p.40893
3,Rose Bowl XIX,Waiting for Basketball,false,BN,Alec Pierce,IND,WR,0,470.p.34008
3,Rose Bowl XIX,Waiting for Basketball,false,BN,Mike Washington Jr.,LV,RB,11.4,470.p.42744
3,Rose Bowl XIX,Waiting for Basketball,false,BN,Jauan Jennings,MIN,WR,1.1,470.p.32887
3,Rose Bowl XIX,Waiting for Basketball,false,K,Jason Myers,SEA,K,9,470.p.28378
3,Rose Bowl XIX,Waiting for Basketball,false,D,Fred Warner,SF,LB,12,470.p.31040
3,Rose Bowl XIX,Waiting for Basketball,false,D,Devin Bush,CHI,LB,4,470.p.31842
3,Rose Bowl XIX,Waiting for Basketball,false,D,Edgerrin Cooper,GB,LB,4,470.p.40938
3,Rose Bowl XIX,Bear Force One,false,QB,Jordan Love,GB,QB,22.48,470.p.32696
3,Rose Bowl XIX,Bear Force One,false,RB,Javonte Williams,DAL,RB,18.3,470.p.33423
3,Rose Bowl XIX,Bear Force One,false,RB,Tony Pollard,TEN,RB,13.6,470.p.31960
3,Rose Bowl XIX,Bear Force One,false,WR,Emeka Egbuka,TB,WR,11.2,470.p.41804
3,Rose Bowl XIX,Bear Force One,false,WR,Xavier Worthy,KC,WR,5,470.p.40877
3,Rose Bowl XIX,Bear Force One,false,TE,Brock Bowers,LV,TE,27.6,470.p.40878
3,Rose Bowl XIX,Bear Force One,false,W/R,Blake Corum,LAR,RB,3.5,470.p.40962
3,Rose Bowl XIX,Bear Force One,false,BN,Adonai Mitchell,NYJ,WR,0,470.p.40915
3,Rose Bowl XIX,Bear Force One,false,BN,Puka Nacua,LAR,WR,0,470.p.40168
3,Rose Bowl XIX,Bear Force One,false,BN,Bryce Young,CAR,QB,15.64,470.p.40029
3,Rose Bowl XIX,Bear Force One,false,BN,Drake Maye,NE,QB,4.76,470.p.40881
3,Rose Bowl XIX,Bear Force One,false,BN,Kaelon Black,SF,RB,1.7,470.p.42712
3,Rose Bowl XIX,Bear Force One,false,IR,Jordan Mason,MIN,RB,0,470.p.34320
3,Rose Bowl XIX,Bear Force One,false,K,Cam Little,JAX,K,5,470.p.41062
3,Rose Bowl XIX,Bear Force One,false,D,Jack Campbell,DET,LB,7,470.p.40036
3,Rose Bowl XIX,Bear Force One,false,D,Nakobe Dean,LV,LB,14.5,470.p.34039
3,Rose Bowl XIX,Bear Force One,false,D,Caleb Downs,DAL,S,2.5,470.p.42633
3,Rose Bowl XIX,Bear Force One,false,BN,Jihaad Campbell,PHI,LB,6.5,470.p.41816
3,Rose Bowl XIX,Fat Lazy Americans,true,QB,Justin Herbert,LAC,QB,14.74,470.p.32676
3,Rose Bowl XIX,Fat Lazy Americans,true,RB,Kyren Williams,LAR,RB,21.8,470.p.34120
3,Rose Bowl XIX,Fat Lazy Americans,true,RB,Bucky Irving,TB,RB,7.8,470.p.40993
3,Rose Bowl XIX,Fat Lazy Americans,true,WR,Ja'Marr Chase,CIN,WR,24.8,470.p.33393
3,Rose Bowl XIX,Fat Lazy Americans,true,WR,Matthew Golden,GB,WR,21,470.p.41808
3,Rose Bowl XIX,Fat Lazy Americans,true,TE,Tucker Kraft,GB,TE,6.6,470.p.40102
3,Rose Bowl XIX,Fat Lazy Americans,true,W/R,Chris Olave,NO,WR,19.7,470.p.33966
3,Rose Bowl XIX,Fat Lazy Americans,true,BN,Luther Burden III,CHI,WR,19.8,470.p.41824
3,Rose Bowl XIX,Fat Lazy Americans,true,BN,RJ Harvey,DEN,RB,10.7,470.p.41845
3,Rose Bowl XIX,Fat Lazy Americans,true,BN,Kyle Monangai,CHI,RB,3.1,470.p.42025
3,Rose Bowl XIX,Fat Lazy Americans,true,BN,Jalen Coker,CAR,WR,3.8,470.p.41293
3,Rose Bowl XIX,Fat Lazy Americans,true,BN,Dontayvion Wicks,PHI,WR,5.2,470.p.40201
3,Rose Bowl XIX,Fat Lazy Americans,true,K,Harrison Butker,KC,K,6,470.p.30346
3,Rose Bowl XIX,Fat Lazy Americans,true,D,Jamien Sherwood,NYJ,LB,6,470.p.33534
3,Rose Bowl XIX,Fat Lazy Americans,true,D,Ernest Jones IV,SEA,LB,6.5,470.p.33491
3,Rose Bowl XIX,Fat Lazy Americans,true,D,Cedric Gray,TEN,LB,5,470.p.40988
3,Rose Bowl XIX,Fat Lazy Americans,true,BN,Josiah Trotter,TB,LB,0,470.p.42668
3,Rose Bowl XIX,OUTLAWS,false,QB,Joe Burrow,CIN,QB,28.58,470.p.32671
3,Rose Bowl XIX,OUTLAWS,false,RB,James Cook III,BUF,RB,19.4,470.p.34019
3,Rose Bowl XIX,OUTLAWS,false,RB,Omarion Hampton,LAC,RB,5.6,470.p.41807
3,Rose Bowl XIX,OUTLAWS,false,WR,Tee Higgins,CIN,WR,21,470.p.32703
3,Rose Bowl XIX,OUTLAWS,false,WR,Zay Flowers,BAL,WR,15.4,470.p.40039
3,Rose Bowl XIX,OUTLAWS,false,TE,Dalton Kincaid,BUF,TE,3.8,470.p.40048
3,Rose Bowl XIX,OUTLAWS,false,W/R,Jadarian Price,SEA,RB,1.2,470.p.42654
3,Rose Bowl XIX,OUTLAWS,false,BN,Makai Lemon,PHI,WR,6.9,470.p.42642
3,Rose Bowl XIX,OUTLAWS,false,BN,Jaxson Dart,NYG,QB,0,470.p.41810
3,Rose Bowl XIX,OUTLAWS,false,BN,Jakobi Meyers,JAX,WR,19.9,470.p.32231
3,Rose Bowl XIX,OUTLAWS,false,BN,Keaton Mitchell,LAC,RB,15.78,470.p.40641
3,Rose Bowl XIX,OUTLAWS,false,BN,Chig Okonkwo,WAS,TE,0,470.p.34099
3,Rose Bowl XIX,OUTLAWS,false,K,Will Reichard,MIN,K,16,470.p.41093
3,Rose Bowl XIX,OUTLAWS,false,D,Marcus Jones,NE,"DB,CB",9.54,470.p.34041
3,Rose Bowl XIX,OUTLAWS,false,D,Juanyeh Thomas,DAL,S,0,470.p.34595
3,Rose Bowl XIX,OUTLAWS,false,D,Josh Blackwell,CHI,"DB,CB",0,470.p.34375
3,Rose Bowl XIX,OUTLAWS,false,BN,Malachi Moore,NYJ,S,1,470.p.41895
3,CC Bowl XV CHAMPIONS LEAGUE,Fat Lazy Americans,true,QB,Josh Allen,BUF,QB,17.46,470.p.30977
3,CC Bowl XV CHAMPIONS LEAGUE,Fat Lazy Americans,true,RB,Bijan Robinson,ATL,RB,40.3,470.p.40055
3,CC Bowl XV CHAMPIONS LEAGUE,Fat Lazy Americans,true,RB,Bucky Irving,TB,RB,7.8,470.p.40993
3,CC Bowl XV CHAMPIONS LEAGUE,Fat Lazy Americans,true,WR,Drake London,ATL,WR,32.4,470.p.33963
3,CC Bowl XV CHAMPIONS LEAGUE,Fat Lazy Americans,true,WR,Garrett Wilson,NYJ,WR,27.7,470.p.33965
3,CC Bowl XV CHAMPIONS LEAGUE,Fat Lazy Americans,true,TE,Trey McBride,ARI,TE,16.5,470.p.34010
3,CC Bowl XV CHAMPIONS LEAGUE,Fat Lazy Americans,true,W/R/T,Rashee Rice,KC,WR,15.8,470.p.40084
3,CC Bowl XV CHAMPIONS LEAGUE,Fat Lazy Americans,true,BN,Brock Bowers,LV,TE,28.6,470.p.40878
3,CC Bowl XV CHAMPIONS LEAGUE,Fat Lazy Americans,true,BN,Davante Adams,LAR,WR,21.7,470.p.27581
3,CC Bowl XV CHAMPIONS LEAGUE,Fat Lazy Americans,true,BN,Quinshon Judkins,CLE,RB,9.9,470.p.41821
3,CC Bowl XV CHAMPIONS LEAGUE,Fat Lazy Americans,true,BN,Dak Prescott,DAL,QB,20.94,470.p.29369
3,CC Bowl XV CHAMPIONS LEAGUE,Fat Lazy Americans,true,K,Cairo Santos,CHI,K,10,470.p.28227
3,CC Bowl XV CHAMPIONS LEAGUE,Fat Lazy Americans,true,DEF,Jaguars,JAX,DEF,25,470.p.100030
3,CC Bowl XV CHAMPIONS LEAGUE,Fat Lazy Americans,true,D,Jordyn Brooks,MIA,LB,6.5,470.p.32697
3,CC Bowl XV CHAMPIONS LEAGUE,Fat Lazy Americans,true,D,Jack Campbell,DET,LB,8,470.p.40036
3,CC Bowl XV CHAMPIONS LEAGUE,Fat Lazy Americans,true,BN,Carson Schwesinger,CLE,LB,3.5,470.p.41818
3,CC Bowl XV CHAMPIONS LEAGUE,CallingInSickMonday,false,QB,Lamar Jackson,BAL,QB,24.44,470.p.31002
3,CC Bowl XV CHAMPIONS LEAGUE,CallingInSickMonday,false,RB,Saquon Barkley,PHI,RB,9,470.p.30972
3,CC Bowl XV CHAMPIONS LEAGUE,CallingInSickMonday,false,RB,Chuba Hubbard,CAR,RB,15,470.p.33514
3,CC Bowl XV CHAMPIONS LEAGUE,CallingInSickMonday,false,WR,Amon-Ra St. Brown,DET,WR,11.9,470.p.33500
3,CC Bowl XV CHAMPIONS LEAGUE,CallingInSickMonday,false,WR,DeVonta Smith,PHI,WR,12.5,470.p.33398
3,CC Bowl XV CHAMPIONS LEAGUE,CallingInSickMonday,false,TE,Travis Kelce,KC,TE,13.9,470.p.26686
3,CC Bowl XV CHAMPIONS LEAGUE,CallingInSickMonday,false,W/R/T,Jaylen Warren,PIT,RB,22.6,470.p.34447
3,CC Bowl XV CHAMPIONS LEAGUE,CallingInSickMonday,false,BN,Mike Evans,SF,WR,12.4,470.p.27535
3,CC Bowl XV CHAMPIONS LEAGUE,CallingInSickMonday,false,BN,George Kittle,SF,TE,26.2,470.p.30259
3,CC Bowl XV CHAMPIONS LEAGUE,CallingInSickMonday,false,BN,Travis Etienne Jr.,NO,RB,9,470.p.33413
3,CC Bowl XV CHAMPIONS LEAGUE,CallingInSickMonday,false,BN,Emeka Egbuka,TB,WR,11.2,470.p.41804
3,CC Bowl XV CHAMPIONS LEAGUE,CallingInSickMonday,false,IR,A.J. Brown,NE,WR,0,470.p.31883
3,CC Bowl XV CHAMPIONS LEAGUE,CallingInSickMonday,false,K,Brandon Aubrey,DAL,K,11,470.p.40819
3,CC Bowl XV CHAMPIONS LEAGUE,CallingInSickMonday,false,DEF,Chiefs,KC,DEF,16,470.p.100012
3,CC Bowl XV CHAMPIONS LEAGUE,CallingInSickMonday,false,BN,Steelers,PIT,DEF,9,470.p.100023
3,CC Bowl XV CHAMPIONS LEAGUE,CallingInSickMonday,false,D,Roquan Smith,BAL,LB,12,470.p.30978
3,CC Bowl XV CHAMPIONS LEAGUE,CallingInSickMonday,false,D,Fred Warner,SF,LB,12,470.p.31040
3,CC Bowl XV CHAMPIONS LEAGUE,KC Masterpiece,false,QB,Justin Herbert,LAC,QB,14.74,470.p.32676
3,CC Bowl XV CHAMPIONS LEAGUE,KC Masterpiece,false,RB,James Cook III,BUF,RB,24.4,470.p.34019
3,CC Bowl XV CHAMPIONS LEAGUE,KC Masterpiece,false,RB,D'Andre Swift,CHI,RB,10.8,470.p.32705
3,CC Bowl XV CHAMPIONS LEAGUE,KC Masterpiece,false,WR,Jaxon Smith-Njigba,SEA,WR,36.36,470.p.40041
3,CC Bowl XV CHAMPIONS LEAGUE,KC Masterpiece,false,WR,Chris Olave,NO,WR,20.7,470.p.33966
3,CC Bowl XV CHAMPIONS LEAGUE,KC Masterpiece,false,TE,Tyler Warren,IND,TE,14.7,470.p.41799
3,CC Bowl XV CHAMPIONS LEAGUE,KC Masterpiece,false,W/R/T,Malik Nabers,NYG,WR,7.6,470.p.40899
3,CC Bowl XV CHAMPIONS LEAGUE,KC Masterpiece,false,BN,Ladd McConkey,LAC,WR,10.6,470.p.40908
3,CC Bowl XV CHAMPIONS LEAGUE,KC Masterpiece,false,BN,Rhamondre Stevenson,NE,RB,6.8,470.p.33508
3,CC Bowl XV CHAMPIONS LEAGUE,KC Masterpiece,false,BN,TreVeyon Henderson,NE,RB,3.9,470.p.41823
3,CC Bowl XV CHAMPIONS LEAGUE,KC Masterpiece,false,BN,Dallas Goedert,PHI,TE,0,470.p.31019
3,CC Bowl XV CHAMPIONS LEAGUE,KC Masterpiece,false,BN,Jared Goff,DET,QB,23.36,470.p.29235
3,CC Bowl XV CHAMPIONS LEAGUE,KC Masterpiece,false,K,Will Reichard,MIN,K,16,470.p.41093
3,CC Bowl XV CHAMPIONS LEAGUE,KC Masterpiece,false,DEF,Texans,HOU,DEF,20,470.p.100034
3,CC Bowl XV CHAMPIONS LEAGUE,KC Masterpiece,false,D,Marcus Jones,NE,"DB,CB",9.54,470.p.34041
3,CC Bowl XV CHAMPIONS LEAGUE,KC Masterpiece,false,D,Jalen Reeves-Maybin,CHI,LB,0,470.p.30237
3,CC Bowl XV CHAMPIONS LEAGUE,Ninja Goblins,false,QB,Kyler Murray,MIN,QB,12.42,470.p.31833
3,CC Bowl XV CHAMPIONS LEAGUE,Ninja Goblins,false,RB,Ashton Jeanty,LV,RB,12.3,470.p.41791
3,CC Bowl XV CHAMPIONS LEAGUE,Ninja Goblins,false,RB,Jonathan Taylor,IND,RB,9.2,470.p.32711
3,CC Bowl XV CHAMPIONS LEAGUE,Ninja Goblins,false,WR,CeeDee Lamb,DAL,WR,21.2,470.p.32687
3,CC Bowl XV CHAMPIONS LEAGUE,Ninja Goblins,false,WR,Quentin Johnston,LAC,WR,7,470.p.40051
3,CC Bowl XV CHAMPIONS LEAGUE,Ninja Goblins,false,TE,Dalton Kincaid,BUF,TE,3.8,470.p.40048
3,CC Bowl XV CHAMPIONS LEAGUE,Ninja Goblins,false,W/R/T,Kenny Gainwell,TB,RB,13.4,470.p.33538
3,CC Bowl XV CHAMPIONS LEAGUE,Ninja Goblins,false,BN,Jalen Hurts,PHI,QB,12.62,470.p.32723
3,CC Bowl XV CHAMPIONS LEAGUE,Ninja Goblins,false,BN,Harold Fannin Jr.,CLE,TE,24.1,470.p.41877
3,CC Bowl XV CHAMPIONS LEAGUE,Ninja Goblins,false,BN,DJ Moore,BUF,WR,13.7,470.p.30994
3,CC Bowl XV CHAMPIONS LEAGUE,Ninja Goblins,false,BN,Bhayshul Tuten,JAX,RB,17,470.p.41900
3,CC Bowl XV CHAMPIONS LEAGUE,Ninja Goblins,false,BN,MarShawn Lloyd,GB,RB,3.8,470.p.40971
3,CC Bowl XV CHAMPIONS LEAGUE,Ninja Goblins,false,K,Cam Little,JAX,K,5,470.p.41062
3,CC Bowl XV CHAMPIONS LEAGUE,Ninja Goblins,false,DEF,Broncos,DEN,DEF,21,470.p.100007
3,CC Bowl XV CHAMPIONS LEAGUE,Ninja Goblins,false,D,Nick Bolton,KC,LB,10.5,470.p.33446
3,CC Bowl XV CHAMPIONS LEAGUE,Ninja Goblins,false,D,Nate Landman,LAR,LB,2,470.p.34291
3,CC Bowl XV CHAMPIONS LEAGUE,The Omen,false,QB,Bryce Young,CAR,QB,15.64,470.p.40029
3,CC Bowl XV CHAMPIONS LEAGUE,The Omen,false,RB,Jahmyr Gibbs,DET,RB,41.4,470.p.40059
3,CC Bowl XV CHAMPIONS LEAGUE,The Omen,false,RB,Omarion Hampton,LAC,RB,5.6,470.p.41807
3,CC Bowl XV CHAMPIONS LEAGUE,The Omen,false,WR,Christian Watson,GB,WR,22.6,470.p.33989
3,CC Bowl XV CHAMPIONS LEAGUE,The Omen,false,WR,Stefon Diggs,WAS,WR,7.3,470.p.28534
3,CC Bowl XV CHAMPIONS LEAGUE,The Omen,false,TE,Tucker Kraft,GB,TE,6.6,470.p.40102
3,CC Bowl XV CHAMPIONS LEAGUE,The Omen,false,W/R/T,Derrick Henry,BAL,RB,21.9,470.p.29279
3,CC Bowl XV CHAMPIONS LEAGUE,The Omen,false,BN,Zay Flowers,BAL,WR,15.4,470.p.40039
3,CC Bowl XV CHAMPIONS LEAGUE,The Omen,false,BN,Tee Higgins,CIN,WR,21,470.p.32703
3,CC Bowl XV CHAMPIONS LEAGUE,The Omen,false,BN,Trevor Lawrence,JAX,QB,25.78,470.p.33389
3,CC Bowl XV CHAMPIONS LEAGUE,The Omen,false,BN,Tony Pollard,TEN,RB,13.6,470.p.31960
3,CC Bowl XV CHAMPIONS LEAGUE,The Omen,false,BN,Jake Ferguson,DAL,TE,9.3,470.p.34085
3,CC Bowl XV CHAMPIONS LEAGUE,The Omen,false,K,Evan McPherson,CIN,K,11,470.p.33537
3,CC Bowl XV CHAMPIONS LEAGUE,The Omen,false,DEF,Bengals,CIN,DEF,4,470.p.100004
3,CC Bowl XV CHAMPIONS LEAGUE,The Omen,false,D,Greg Rousseau,BUF,"LB,DE",12.5,470.p.33418
3,CC Bowl XV CHAMPIONS LEAGUE,The Omen,false,D,Jihaad Campbell,PHI,LB,6.5,470.p.41816
3,CC Bowl XV CHAMPIONS LEAGUE,The Omen,false,IR,Devin Lloyd,CAR,LB,0,470.p.33982
3,CC Bowl XV CHAMPIONS LEAGUE,Prestige Worldwide,false,QB,Patrick Mahomes,KC,QB,19.94,470.p.30123
3,CC Bowl XV CHAMPIONS LEAGUE,Prestige Worldwide,false,RB,Javonte Williams,DAL,RB,18.3,470.p.33423
3,CC Bowl XV CHAMPIONS LEAGUE,Prestige Worldwide,false,RB,Cam Skattebo,NYG,RB,13,470.p.41922
3,CC Bowl XV CHAMPIONS LEAGUE,Prestige Worldwide,false,WR,Justin Jefferson,MIN,WR,5.2,470.p.32692
3,CC Bowl XV CHAMPIONS LEAGUE,Prestige Worldwide,false,WR,Jalen Coker,CAR,WR,3.8,470.p.41293
3,CC Bowl XV CHAMPIONS LEAGUE,Prestige Worldwide,false,TE,Colston Loveland,CHI,TE,7.1,470.p.41795
3,CC Bowl XV CHAMPIONS LEAGUE,Prestige Worldwide,false,W/R/T,David Montgomery,HOU,RB,6.8,470.p.31905
3,CC Bowl XV CHAMPIONS LEAGUE,Prestige Worldwide,false,BN,Puka Nacua,LAR,WR,0,470.p.40168
3,CC Bowl XV CHAMPIONS LEAGUE,Prestige Worldwide,false,BN,Terry McLaurin,WAS,WR,19.7,470.p.31908
3,CC Bowl XV CHAMPIONS LEAGUE,Prestige Worldwide,false,BN,Caleb Williams,CHI,QB,0,470.p.40900
3,CC Bowl XV CHAMPIONS LEAGUE,Prestige Worldwide,false,BN,Nico Collins,HOU,WR,0,470.p.33477
3,CC Bowl XV CHAMPIONS LEAGUE,Prestige Worldwide,false,BN,Jeremiyah Love,ARI,RB,21.9,470.p.42625
3,CC Bowl XV CHAMPIONS LEAGUE,Prestige Worldwide,false,K,Jason Myers,SEA,K,9,470.p.28378
3,CC Bowl XV CHAMPIONS LEAGUE,Prestige Worldwide,false,DEF,Seahawks,SEA,DEF,7,470.p.100026
3,CC Bowl XV CHAMPIONS LEAGUE,Prestige Worldwide,false,D,Zack Baun,PHI,LB,8,470.p.32744
3,CC Bowl XV CHAMPIONS LEAGUE,Prestige Worldwide,false,D,Nakobe Dean,LV,LB,15.5,470.p.34039
3,CC Bowl XV CHAMPIONS LEAGUE,Ava's Mafia,false,QB,Joe Burrow,CIN,QB,28.58,470.p.32671
3,CC Bowl XV CHAMPIONS LEAGUE,Ava's Mafia,false,RB,Chase Brown,CIN,RB,8.9,470.p.40196
3,CC Bowl XV CHAMPIONS LEAGUE,Ava's Mafia,false,RB,De'Von Achane,MIA,RB,1.7,470.p.40118
3,CC Bowl XV CHAMPIONS LEAGUE,Ava's Mafia,false,WR,Ja'Marr Chase,CIN,WR,24.8,470.p.33393
3,CC Bowl XV CHAMPIONS LEAGUE,Ava's Mafia,false,WR,Jaylen Waddle,DEN,WR,6.4,470.p.33394
3,CC Bowl XV CHAMPIONS LEAGUE,Ava's Mafia,false,TE,Sam LaPorta,DET,TE,7.4,470.p.40064
3,CC Bowl XV CHAMPIONS LEAGUE,Ava's Mafia,false,W/R/T,Breece Hall,NYJ,RB,8.5,470.p.33991
3,CC Bowl XV CHAMPIONS LEAGUE,Ava's Mafia,false,BN,Jameson Williams,DET,WR,8.9,470.p.33967
3,CC Bowl XV CHAMPIONS LEAGUE,Ava's Mafia,false,BN,Parker Washington,JAX,WR,13,470.p.40234
3,CC Bowl XV CHAMPIONS LEAGUE,Ava's Mafia,false,BN,Jonathon Brooks,CAR,RB,0,470.p.40926
3,CC Bowl XV CHAMPIONS LEAGUE,Ava's Mafia,false,BN,Brock Purdy,SF,QB,39.28,470.p.34218
3,CC Bowl XV CHAMPIONS LEAGUE,Ava's Mafia,false,BN,Mark Andrews,BAL,TE,5.4,470.p.31056
3,CC Bowl XV CHAMPIONS LEAGUE,Ava's Mafia,false,K,Ka'imi Fairbairn,HOU,K,5,470.p.29792
3,CC Bowl XV CHAMPIONS LEAGUE,Ava's Mafia,false,DEF,Ravens,BAL,DEF,7,470.p.100033
3,CC Bowl XV CHAMPIONS LEAGUE,Ava's Mafia,false,D,Foyesade Oluokun,JAX,LB,4,470.p.31170
3,CC Bowl XV CHAMPIONS LEAGUE,Ava's Mafia,false,D,Divine Deablo,ATL,LB,2.5,470.p.33468
3,CC Bowl XV CHAMPIONS LEAGUE,Isotopes,false,QB,Drake Maye,NE,QB,4.76,470.p.40881
3,CC Bowl XV CHAMPIONS LEAGUE,Isotopes,false,RB,Christian McCaffrey,SF,RB,21.6,470.p.30121
3,CC Bowl XV CHAMPIONS LEAGUE,Isotopes,false,RB,Kenneth Walker III,KC,RB,21.3,470.p.33996
3,CC Bowl XV CHAMPIONS LEAGUE,Isotopes,false,WR,George Pickens,DAL,WR,15.2,470.p.34007
3,CC Bowl XV CHAMPIONS LEAGUE,Isotopes,false,WR,Tetairoa McMillan,CAR,WR,3.7,470.p.41793
3,CC Bowl XV CHAMPIONS LEAGUE,Isotopes,false,TE,Kyle Pitts Sr.,ATL,TE,1.5,470.p.33392
3,CC Bowl XV CHAMPIONS LEAGUE,Isotopes,false,W/R/T,Kyren Williams,LAR,RB,21.8,470.p.34120
3,CC Bowl XV CHAMPIONS LEAGUE,Isotopes,false,BN,Luther Burden III,CHI,WR,19.8,470.p.41824
3,CC Bowl XV CHAMPIONS LEAGUE,Isotopes,false,BN,Jadarian Price,SEA,RB,1.2,470.p.42654
3,CC Bowl XV CHAMPIONS LEAGUE,Isotopes,false,BN,Marvin Harrison Jr.,ARI,WR,7,470.p.40893
3,CC Bowl XV CHAMPIONS LEAGUE,Isotopes,false,BN,Jaxson Dart,NYG,QB,0,470.p.41810
3,CC Bowl XV CHAMPIONS LEAGUE,Isotopes,false,BN,Isaiah Likely,NYG,TE,3.3,470.p.34095
3,CC Bowl XV CHAMPIONS LEAGUE,Isotopes,false,K,Tyler Loop,BAL,K,12,470.p.41988
3,CC Bowl XV CHAMPIONS LEAGUE,Isotopes,false,DEF,Rams,LAR,DEF,7,470.p.100014
3,CC Bowl XV CHAMPIONS LEAGUE,Isotopes,false,D,Deonte Banks,NYG,CB,0,470.p.40053
3,CC Bowl XV CHAMPIONS LEAGUE,Isotopes,false,D,Dell Pettus,NE,S,0,470.p.41413
3,RFI XIX,Sheriff Of Paddy's,false,QB,Trevor Lawrence,JAX,QB,25.78,470.p.33389
3,RFI XIX,Sheriff Of Paddy's,false,RB,Jahmyr Gibbs,DET,RB,36.4,470.p.40059
3,RFI XIX,Sheriff Of Paddy's,false,RB,Breece Hall,NYJ,RB,6,470.p.33991
3,RFI XIX,Sheriff Of Paddy's,false,WR,Chris Olave,NO,WR,14.2,470.p.33966
3,RFI XIX,Sheriff Of Paddy's,false,WR,Davante Adams,LAR,WR,15.7,470.p.27581
3,RFI XIX,Sheriff Of Paddy's,false,TE,George Kittle,SF,TE,23.2,470.p.30259
3,RFI XIX,Sheriff Of Paddy's,false,W/R/T,Quinshon Judkins,CLE,RB,7.9,470.p.41821
3,RFI XIX,Sheriff Of Paddy's,false,BN,Terry McLaurin,WAS,WR,16.2,470.p.31908
3,RFI XIX,Sheriff Of Paddy's,false,BN,Isaiah Likely,NYG,TE,1.8,470.p.34095
3,RFI XIX,Sheriff Of Paddy's,false,BN,Michael Wilson,ARI,WR,18.4,470.p.40121
3,RFI XIX,Sheriff Of Paddy's,false,BN,Mike Washington Jr.,LV,RB,11.4,470.p.42744
3,RFI XIX,Sheriff Of Paddy's,false,BN,Baker Mayfield,TB,QB,13.28,470.p.30971
3,RFI XIX,Sheriff Of Paddy's,false,BN,Caleb Douglas,MIA,WR,0,470.p.42697
3,RFI XIX,Sheriff Of Paddy's,false,K,Jason Myers,SEA,K,9,470.p.28378
3,RFI XIX,Sheriff Of Paddy's,false,DEF,Packers,GB,DEF,-2,470.p.100009
3,RFI XIX,Doug Exeter,false,QB,Lamar Jackson,BAL,QB,24.44,470.p.31002
3,RFI XIX,Doug Exeter,false,RB,Jeremiyah Love,ARI,RB,17.9,470.p.42625
3,RFI XIX,Doug Exeter,false,RB,Kyren Williams,LAR,RB,17.8,470.p.34120
3,RFI XIX,Doug Exeter,false,WR,Jaxon Smith-Njigba,SEA,WR,29.86,470.p.40041
3,RFI XIX,Doug Exeter,false,WR,Emeka Egbuka,TB,WR,7.2,470.p.41804
3,RFI XIX,Doug Exeter,false,TE,Kenyon Sadiq,NYJ,TE,18.5,470.p.42638
3,RFI XIX,Doug Exeter,false,W/R/T,Matthew Golden,GB,WR,18,470.p.41808
3,RFI XIX,Doug Exeter,false,BN,Rome Odunze,CHI,WR,5.4,470.p.40901
3,RFI XIX,Doug Exeter,false,BN,Jacory Croskey-Merritt,WAS,RB,4.3,470.p.42010
3,RFI XIX,Doug Exeter,false,BN,Jared Goff,DET,QB,23.36,470.p.29235
3,RFI XIX,Doug Exeter,false,BN,Denzel Boston,CLE,WR,7.1,470.p.42661
3,RFI XIX,Doug Exeter,false,K,Trey Smack,GB,K,2,470.p.42838
3,RFI XIX,Doug Exeter,false,DEF,Giants,NYG,DEF,8,470.p.100019
3,RFI XIX,Doug Exeter,false,BN,Patriots,NE,DEF,-1,470.p.100017
3,RFI XIX,Doug Exeter,false,BN,Broncos,DEN,DEF,14,470.p.100007
3,RFI XIX,Fat Lazy AmAndicans,true,QB,Joe Burrow,CIN,QB,28.58,470.p.32671
3,RFI XIX,Fat Lazy AmAndicans,true,RB,D'Andre Swift,CHI,RB,9.3,470.p.32705
3,RFI XIX,Fat Lazy AmAndicans,true,RB,Jonathan Taylor,IND,RB,7.2,470.p.32711
3,RFI XIX,Fat Lazy AmAndicans,true,WR,Parker Washington,JAX,WR,11,470.p.40234
3,RFI XIX,Fat Lazy AmAndicans,true,WR,Deebo Samuel Sr.,SF,WR,18.56,470.p.31868
3,RFI XIX,Fat Lazy AmAndicans,true,TE,Dalton Kincaid,BUF,TE,2.3,470.p.40048
3,RFI XIX,Fat Lazy AmAndicans,true,W/R/T,David Montgomery,HOU,RB,5.3,470.p.31905
3,RFI XIX,Fat Lazy AmAndicans,true,BN,Quentin Johnston,LAC,WR,5,470.p.40051
3,RFI XIX,Fat Lazy AmAndicans,true,BN,Tucker Kraft,GB,TE,3.1,470.p.40102
3,RFI XIX,Fat Lazy AmAndicans,true,BN,A.J. Brown,NE,WR,0,470.p.31883
3,RFI XIX,Fat Lazy AmAndicans,true,BN,Jordan Mason,MIN,RB,0,470.p.34320
3,RFI XIX,Fat Lazy AmAndicans,true,BN,Xavier Worthy,KC,WR,2.5,470.p.40877
3,RFI XIX,Fat Lazy AmAndicans,true,BN,Dontayvion Wicks,PHI,WR,4.2,470.p.40201
3,RFI XIX,Fat Lazy AmAndicans,true,K,Eddy Pineiro,SF,K,6,470.p.31482
3,RFI XIX,Fat Lazy AmAndicans,true,DEF,Texans,HOU,DEF,11,470.p.100034
3,RFI XIX,NotSoNewlyWedz,false,QB,Dak Prescott,DAL,QB,20.94,470.p.29369
3,RFI XIX,NotSoNewlyWedz,false,RB,De'Von Achane,MIA,RB,1.7,470.p.40118
3,RFI XIX,NotSoNewlyWedz,false,RB,Bucky Irving,TB,RB,6.3,470.p.40993
3,RFI XIX,NotSoNewlyWedz,false,WR,CeeDee Lamb,DAL,WR,15.7,470.p.32687
3,RFI XIX,NotSoNewlyWedz,false,WR,Tee Higgins,CIN,WR,17,470.p.32703
3,RFI XIX,NotSoNewlyWedz,false,TE,Sam LaPorta,DET,TE,4.9,470.p.40064
3,RFI XIX,NotSoNewlyWedz,false,W/R/T,Jaylen Warren,PIT,RB,18.6,470.p.34447
3,RFI XIX,NotSoNewlyWedz,false,BN,Brian Thomas Jr.,JAX,WR,0.8,470.p.40883
3,RFI XIX,NotSoNewlyWedz,false,BN,Michael Pittman Jr.,PIT,WR,2.1,470.p.32704
3,RFI XIX,NotSoNewlyWedz,false,BN,Chris Rodriguez Jr.,JAX,RB,9.7,470.p.40231
3,RFI XIX,NotSoNewlyWedz,false,BN,Khalil Shakir,BUF,WR,1.1,470.p.34104
3,RFI XIX,NotSoNewlyWedz,false,BN,Jordan Love,GB,QB,22.48,470.p.32696
3,RFI XIX,NotSoNewlyWedz,false,BN,Alvin Kamara,NO,RB,4.1,470.p.30180
3,RFI XIX,NotSoNewlyWedz,false,K,Harrison Butker,KC,K,6,470.p.30346
3,RFI XIX,NotSoNewlyWedz,false,DEF,Seahawks,SEA,DEF,2,470.p.100026
3,RFI XIX,Golden Domers 4 J&J,false,QB,Bryce Young,CAR,QB,15.64,470.p.40029
3,RFI XIX,Golden Domers 4 J&J,false,RB,James Cook III,BUF,RB,24.4,470.p.34019
3,RFI XIX,Golden Domers 4 J&J,false,RB,Javonte Williams,DAL,RB,16.8,470.p.33423
3,RFI XIX,Golden Domers 4 J&J,false,WR,Rashee Rice,KC,WR,9.8,470.p.40084
3,RFI XIX,Golden Domers 4 J&J,false,WR,DK Metcalf,PIT,WR,10.6,470.p.31896
3,RFI XIX,Golden Domers 4 J&J,false,TE,Jake Ferguson,DAL,TE,6.8,470.p.34085
3,RFI XIX,Golden Domers 4 J&J,false,W/R/T,Jadarian Price,SEA,RB,0.2,470.p.42654
3,RFI XIX,Golden Domers 4 J&J,false,BN,Mark Andrews,BAL,TE,2.9,470.p.31056
3,RFI XIX,Golden Domers 4 J&J,false,BN,Courtland Sutton,DEN,WR,6.1,470.p.31010
3,RFI XIX,Golden Domers 4 J&J,false,BN,Aaron Rodgers,PIT,QB,28.68,470.p.7200
3,RFI XIX,Golden Domers 4 J&J,false,BN,Caleb Williams,CHI,QB,0,470.p.40900
3,RFI XIX,Golden Domers 4 J&J,false,BN,Jakobi Meyers,JAX,WR,14.9,470.p.32231
3,RFI XIX,Golden Domers 4 J&J,false,BN,Josh Jacobs,GB,RB,0,470.p.31856
3,RFI XIX,Golden Domers 4 J&J,false,K,Will Reichard,MIN,K,16,470.p.41093
3,RFI XIX,Golden Domers 4 J&J,false,DEF,Rams,LAR,DEF,3,470.p.100014
3,RFI XIX,CousinCamp,false,QB,Brock Purdy,SF,QB,39.28,470.p.34218
3,RFI XIX,CousinCamp,false,RB,Aaron Jones Sr.,MIN,RB,9.7,470.p.30295
3,RFI XIX,CousinCamp,false,RB,Ashton Jeanty,LV,RB,10.3,470.p.41791
3,RFI XIX,CousinCamp,false,WR,Amon-Ra St. Brown,DET,WR,8.9,470.p.33500
3,RFI XIX,CousinCamp,false,WR,DJ Moore,BUF,WR,8.7,470.p.30994
3,RFI XIX,CousinCamp,false,TE,Harold Fannin Jr.,CLE,TE,18.6,470.p.41877
3,RFI XIX,CousinCamp,false,W/R/T,Zay Flowers,BAL,WR,12.9,470.p.40039
3,RFI XIX,CousinCamp,false,BN,Nico Collins,HOU,WR,0,470.p.33477
3,RFI XIX,CousinCamp,false,BN,MarShawn Lloyd,GB,RB,1.8,470.p.40971
3,RFI XIX,CousinCamp,false,BN,Bo Nix,DEN,QB,28.14,470.p.40875
3,RFI XIX,CousinCamp,false,BN,KC Concepcion Jr.,CLE,WR,1.44,470.p.42646
3,RFI XIX,CousinCamp,false,BN,Emanuel Wilson,SEA,RB,1.4,470.p.40707
3,RFI XIX,CousinCamp,false,BN,Rashod Bateman,BAL,WR,4.2,470.p.33415
3,RFI XIX,CousinCamp,false,K,Tyler Loop,BAL,K,12,470.p.41988
3,RFI XIX,CousinCamp,false,DEF,Chiefs,KC,DEF,8,470.p.100012
3,RFI XIX,Tremendous Slouch,false,QB,Josh Allen,BUF,QB,16.46,470.p.30977
3,RFI XIX,Tremendous Slouch,false,RB,Christian McCaffrey,SF,RB,19.1,470.p.30121
3,RFI XIX,Tremendous Slouch,false,RB,Bhayshul Tuten,JAX,RB,15.5,470.p.41900
3,RFI XIX,Tremendous Slouch,false,WR,DeVonta Smith,PHI,WR,7.5,470.p.33398
3,RFI XIX,Tremendous Slouch,false,WR,Christian Watson,GB,WR,18.1,470.p.33989
3,RFI XIX,Tremendous Slouch,false,TE,Colston Loveland,CHI,TE,4.6,470.p.41795
3,RFI XIX,Tremendous Slouch,false,W/R/T,TreVeyon Henderson,NE,RB,2.9,470.p.41823
3,RFI XIX,Tremendous Slouch,false,BN,Alec Pierce,IND,WR,0,470.p.34008
3,RFI XIX,Tremendous Slouch,false,BN,J.K. Dobbins,DEN,RB,5.3,470.p.32725
3,RFI XIX,Tremendous Slouch,false,BN,RJ Harvey,DEN,RB,5.2,470.p.41845
3,RFI XIX,Tremendous Slouch,false,BN,Jordyn Tyson,NO,WR,0,470.p.42630
3,RFI XIX,Tremendous Slouch,false,BN,Kaelon Black,SF,RB,1.7,470.p.42712
3,RFI XIX,Tremendous Slouch,false,BN,Devaughn Vele,NO,WR,5.4,470.p.41097
3,RFI XIX,Tremendous Slouch,false,K,Spencer Shrader,IND,K,17,470.p.41499
3,RFI XIX,Tremendous Slouch,false,DEF,Bengals,CIN,DEF,3,470.p.100004
3,RFI XIX,Shrimp Gang,false,QB,C.J. Stroud,HOU,QB,13.68,470.p.40030
3,RFI XIX,Shrimp Gang,false,RB,Derrick Henry,BAL,RB,20.9,470.p.29279
3,RFI XIX,Shrimp Gang,false,RB,Cam Skattebo,NYG,RB,10.5,470.p.41922
3,RFI XIX,Shrimp Gang,false,WR,Justin Jefferson,MIN,WR,3.7,470.p.32692
3,RFI XIX,Shrimp Gang,false,WR,Tetairoa McMillan,CAR,WR,2.2,470.p.41793
3,RFI XIX,Shrimp Gang,false,TE,Travis Kelce,KC,TE,12.9,470.p.26686
3,RFI XIX,Shrimp Gang,false,W/R/T,Mike Evans,SF,WR,10.9,470.p.27535
3,RFI XIX,Shrimp Gang,false,BN,Jayden Daniels,WAS,QB,0,470.p.40896
3,RFI XIX,Shrimp Gang,false,BN,Blake Corum,LAR,RB,1.5,470.p.40962
3,RFI XIX,Shrimp Gang,false,BN,Chris Godwin Jr.,TB,WR,2.5,470.p.30197
3,RFI XIX,Shrimp Gang,false,BN,Romeo Doubs,NE,WR,5.9,470.p.34088
3,RFI XIX,Shrimp Gang,false,BN,Hunter Henry,NE,TE,0.5,470.p.29269
3,RFI XIX,Shrimp Gang,false,BN,Brian Robinson,ATL,RB,13.16,470.p.34054
3,RFI XIX,Shrimp Gang,false,K,Cameron Dicker,LAC,K,10,470.p.34344
3,RFI XIX,Shrimp Gang,false,DEF,Bills,BUF,DEF,5,470.p.100002
3,RFI XIX,Snookies Squad,false,QB,Kyler Murray,MIN,QB,12.42,470.p.31833
3,RFI XIX,Snookies Squad,false,RB,Bijan Robinson,ATL,RB,38.8,470.p.40055
3,RFI XIX,Snookies Squad,false,RB,Tony Pollard,TEN,RB,10.1,470.p.31960
3,RFI XIX,Snookies Squad,false,WR,George Pickens,DAL,WR,10.2,470.p.34007
3,RFI XIX,Snookies Squad,false,WR,Malik Nabers,NYG,WR,3.6,470.p.40899
3,RFI XIX,Snookies Squad,false,TE,Tyler Warren,IND,TE,6.7,470.p.41799
3,RFI XIX,Snookies Squad,false,W/R/T,Tre Tucker,LV,WR,5.3,470.p.40114
3,RFI XIX,Snookies Squad,false,BN,Stefon Diggs,WAS,WR,4.3,470.p.28534
3,RFI XIX,Snookies Squad,false,BN,Justin Herbert,LAC,QB,14.74,470.p.32676
3,RFI XIX,Snookies Squad,false,BN,Luther Burden III,CHI,WR,14.3,470.p.41824
3,RFI XIX,Snookies Squad,false,BN,Josh Downs,IND,WR,9.7,470.p.40126
3,RFI XIX,Snookies Squad,false,BN,Rachaad White,WAS,RB,12.12,470.p.34047
3,RFI XIX,Snookies Squad,false,BN,Dalton Schultz,HOU,TE,3.5,470.p.31107
3,RFI XIX,Snookies Squad,false,K,Cam Little,JAX,K,5,470.p.41062
3,RFI XIX,Snookies Squad,false,DEF,Lions,DET,DEF,7,470.p.100008
3,RFI XIX,2026 Champ!,false,QB,Patrick Mahomes,KC,QB,19.94,470.p.30123
3,RFI XIX,2026 Champ!,false,RB,Saquon Barkley,PHI,RB,8,470.p.30972
3,RFI XIX,2026 Champ!,false,RB,Omarion Hampton,LAC,RB,5.6,470.p.41807
3,RFI XIX,2026 Champ!,false,WR,Jaylen Waddle,DEN,WR,4.9,470.p.33394
3,RFI XIX,2026 Champ!,false,WR,Carnell Tate,TEN,WR,7.3,470.p.42626
3,RFI XIX,2026 Champ!,false,TE,Trey McBride,ARI,TE,9,470.p.34010
3,RFI XIX,2026 Champ!,false,W/R/T,Chuba Hubbard,CAR,RB,11.5,470.p.33514
3,RFI XIX,2026 Champ!,false,BN,Adonai Mitchell,NYJ,WR,0,470.p.40915
3,RFI XIX,2026 Champ!,false,BN,Matthew Stafford,LAR,QB,24.9,470.p.9265
3,RFI XIX,2026 Champ!,false,BN,Puka Nacua,LAR,WR,0,470.p.40168
3,RFI XIX,2026 Champ!,false,BN,Marvin Harrison Jr.,ARI,WR,5.5,470.p.40893
3,RFI XIX,2026 Champ!,false,BN,De'Zhaun Stribling,SF,WR,0,470.p.42655
3,RFI XIX,2026 Champ!,false,BN,Tank Bigsby,PHI,RB,-1.5,470.p.40095
3,RFI XIX,2026 Champ!,false,K,Ka'imi Fairbairn,HOU,K,5,470.p.29792
3,RFI XIX,2026 Champ!,false,DEF,Eagles,PHI,DEF,0,470.p.100021
3,RFI XIX,Shanimals,false,QB,Drake Maye,NE,QB,3.76,470.p.40881
3,RFI XIX,Shanimals,false,RB,Travis Etienne Jr.,NO,RB,7.5,470.p.33413
3,RFI XIX,Shanimals,false,RB,Rhamondre Stevenson,NE,RB,3.8,470.p.33508
3,RFI XIX,Shanimals,false,WR,Ja'Marr Chase,CIN,WR,18.8,470.p.33393
3,RFI XIX,Shanimals,false,WR,Jameson Williams,DET,WR,5.9,470.p.33967
3,RFI XIX,Shanimals,false,TE,Juwan Johnson,NO,TE,17.8,470.p.33113
3,RFI XIX,Shanimals,false,W/R/T,Brock Bowers,LV,TE,21.1,470.p.40878
3,RFI XIX,Shanimals,false,BN,Rico Dowdle,PIT,RB,0,470.p.33100
3,RFI XIX,Shanimals,false,BN,Kyle Monangai,CHI,RB,3.1,470.p.42025
3,RFI XIX,Shanimals,false,BN,Zach Charbonnet,SEA,RB,0,470.p.40075
3,RFI XIX,Shanimals,false,BN,Jonah Coleman,DEN,RB,0,470.p.42730
3,RFI XIX,Shanimals,false,BN,Tyler Shough,NO,QB,31.8,470.p.41825
3,RFI XIX,Shanimals,false,K,Evan McPherson,CIN,K,11,470.p.33537
3,RFI XIX,Shanimals,false,DEF,49ers,SF,DEF,1,470.p.100025
3,RFI XIX,Shanimals,false,BN,Steelers,PIT,DEF,5,470.p.100023
3,RFI XIX,Tough Nuts,false,QB,Jalen Hurts,PHI,QB,12.62,470.p.32723
3,RFI XIX,Tough Nuts,false,RB,Chase Brown,CIN,RB,7.4,470.p.40196
3,RFI XIX,Tough Nuts,false,RB,Kenneth Walker III,KC,RB,19.8,470.p.33996
3,RFI XIX,Tough Nuts,false,WR,Garrett Wilson,NYJ,WR,19.7,470.p.33965
3,RFI XIX,Tough Nuts,false,WR,Ladd McConkey,LAC,WR,8.1,470.p.40908
3,RFI XIX,Tough Nuts,false,TE,Kyle Pitts Sr.,ATL,TE,0.5,470.p.33392
3,RFI XIX,Tough Nuts,false,W/R/T,Drake London,ATL,WR,21.9,470.p.33963
3,RFI XIX,Tough Nuts,false,BN,Jalen Coker,CAR,WR,2.3,470.p.41293
3,RFI XIX,Tough Nuts,false,BN,Jordan Addison,MIN,WR,16.5,470.p.40042
3,RFI XIX,Tough Nuts,false,BN,Tyler Allgeier,ARI,RB,1.4,470.p.34107
3,RFI XIX,Tough Nuts,false,BN,Woody Marks,HOU,RB,10.18,470.p.41902
3,RFI XIX,Tough Nuts,false,BN,Emmett Johnson,KC,RB,2.94,470.p.42796
3,RFI XIX,Tough Nuts,false,BN,Kayshon Boutte,HOU,WR,2.6,470.p.40224
3,RFI XIX,Tough Nuts,false,K,Brandon Aubrey,DAL,K,11,470.p.40819
3,RFI XIX,Tough Nuts,false,DEF,Vikings,MIN,DEF,17,470.p.100016
4,2026 -  The League,Rafi Bomb Returns!,false,QB,C.J. Stroud,HOU,QB,27.08,470.p.40030
4,2026 -  The League,Rafi Bomb Returns!,false,RB,Jahmyr Gibbs,DET,RB,15.7,470.p.40059
4,2026 -  The League,Rafi Bomb Returns!,false,RB,David Montgomery,HOU,RB,4.3,470.p.31905
4,2026 -  The League,Rafi Bomb Returns!,false,WR,Tee Higgins,CIN,WR,21.2,470.p.32703
4,2026 -  The League,Rafi Bomb Returns!,false,WR,Davante Adams,LAR,WR,5.2,470.p.27581
4,2026 -  The League,Rafi Bomb Returns!,false,TE,George Kittle,SF,TE,15,470.p.30259
4,2026 -  The League,Rafi Bomb Returns!,false,W/R,Jordan Addison,MIN,WR,7.1,470.p.40042
4,2026 -  The League,Rafi Bomb Returns!,false,BN,DJ Moore,BUF,WR,2.2,470.p.30994
4,2026 -  The League,Rafi Bomb Returns!,false,BN,Jordan Love,GB,QB,17.08,470.p.32696
4,2026 -  The League,Rafi Bomb Returns!,false,BN,Courtland Sutton,DEN,WR,0.9,470.p.31010
4,2026 -  The League,Rafi Bomb Returns!,false,BN,Jake Ferguson,DAL,TE,2.6,470.p.34085
4,2026 -  The League,Rafi Bomb Returns!,false,BN,Tyler Allgeier,ARI,RB,11.9,470.p.34107
4,2026 -  The League,Rafi Bomb Returns!,false,BN,Chris Brooks,GB,RB,4,470.p.40625
4,2026 -  The League,Rafi Bomb Returns!,false,K,Cairo Santos,CHI,K,11,470.p.28227
4,2026 -  The League,Rafi Bomb Returns!,false,D,Ernest Jones IV,SEA,LB,16.5,470.p.33491
4,2026 -  The League,Rafi Bomb Returns!,false,D,Jamien Sherwood,NYJ,LB,12,470.p.33534
4,2026 -  The League,Rafi Bomb Returns!,false,D,Foyesade Oluokun,JAX,LB,12.5,470.p.31170
4,2026 -  The League,I LIKE BIG TDS,false,QB,Patrick Mahomes,KC,QB,21,470.p.30123
4,2026 -  The League,I LIKE BIG TDS,false,RB,Jonathan Taylor,IND,RB,22.2,470.p.32711
4,2026 -  The League,I LIKE BIG TDS,false,RB,Chuba Hubbard,CAR,RB,25.4,470.p.33514
4,2026 -  The League,I LIKE BIG TDS,false,WR,Chris Olave,NO,WR,15.6,470.p.33966
4,2026 -  The League,I LIKE BIG TDS,false,WR,Luther Burden III,CHI,WR,9.4,470.p.41824
4,2026 -  The League,I LIKE BIG TDS,false,TE,Sam LaPorta,DET,TE,18.4,470.p.40064
4,2026 -  The League,I LIKE BIG TDS,false,W/R,Puka Nacua,LAR,WR,23.2,470.p.40168
4,2026 -  The League,I LIKE BIG TDS,false,BN,Travis Kelce,KC,TE,2.5,470.p.26686
4,2026 -  The League,I LIKE BIG TDS,false,BN,Rashod Bateman,BAL,WR,5.6,470.p.33415
4,2026 -  The League,I LIKE BIG TDS,false,BN,Xavier Worthy,KC,WR,9,470.p.40877
4,2026 -  The League,I LIKE BIG TDS,false,BN,Jalen Hurts,PHI,QB,17.52,470.p.32723
4,2026 -  The League,I LIKE BIG TDS,false,BN,RJ Harvey,DEN,RB,14.3,470.p.41845
4,2026 -  The League,I LIKE BIG TDS,false,BN,Alvin Kamara,NO,RB,20.3,470.p.30180
4,2026 -  The League,I LIKE BIG TDS,false,K,Tyler Bass,BUF,K,8,470.p.32858
4,2026 -  The League,I LIKE BIG TDS,false,D,Nakobe Dean,LV,LB,4,470.p.34039
4,2026 -  The League,I LIKE BIG TDS,false,D,Kevin Byard III,NE,S,3,470.p.29298
4,2026 -  The League,I LIKE BIG TDS,false,D,Aidan Hutchinson,DET,"DL,DE",2.5,470.p.33957
4,2026 -  The League,Berserker,false,QB,Lamar Jackson,BAL,QB,22.88,470.p.31002
4,2026 -  The League,Berserker,false,RB,Kenneth Walker III,KC,RB,30.4,470.p.33996
4,2026 -  The League,Berserker,false,RB,Javonte Williams,DAL,RB,28.8,470.p.33423
4,2026 -  The League,Berserker,false,WR,Christian Watson,GB,WR,6.2,470.p.33989
4,2026 -  The League,Berserker,false,WR,Nico Collins,HOU,WR,27.3,470.p.33477
4,2026 -  The League,Berserker,false,TE,Tyler Warren,IND,TE,6.6,470.p.41799
4,2026 -  The League,Berserker,false,W/R,Rashee Rice,KC,WR,0,470.p.40084
4,2026 -  The League,Berserker,false,BN,Mike Evans,SF,WR,10.1,470.p.27535
4,2026 -  The League,Berserker,false,BN,Jacory Croskey-Merritt,WAS,RB,6,470.p.42010
4,2026 -  The League,Berserker,false,BN,Emmett Johnson,KC,RB,1.5,470.p.42796
4,2026 -  The League,Berserker,false,BN,Cooper Kupp,SEA,WR,1.8,470.p.30182
4,2026 -  The League,Berserker,false,BN,Adonai Mitchell,NYJ,WR,0,470.p.40915
4,2026 -  The League,Berserker,false,BN,Zach Charbonnet,SEA,RB,0,470.p.40075
4,2026 -  The League,Berserker,false,K,Brandon Aubrey,DAL,K,12,470.p.40819
4,2026 -  The League,Berserker,false,D,Roquan Smith,BAL,LB,3.5,470.p.30978
4,2026 -  The League,Berserker,false,D,Sonny Styles,WAS,LB,6,470.p.42629
4,2026 -  The League,Berserker,false,D,Nate Landman,LAR,LB,7,470.p.34291
4,2026 -  The League,Fat Lazy Americans,true,QB,Joe Burrow,CIN,QB,25.72,470.p.32671
4,2026 -  The League,Fat Lazy Americans,true,RB,Derrick Henry,BAL,RB,14.9,470.p.29279
4,2026 -  The League,Fat Lazy Americans,true,RB,Omarion Hampton,LAC,RB,12.3,470.p.41807
4,2026 -  The League,Fat Lazy Americans,true,WR,Jaylen Waddle,DEN,WR,12,470.p.33394
4,2026 -  The League,Fat Lazy Americans,true,WR,Jaxon Smith-Njigba,SEA,WR,10.1,470.p.40041
4,2026 -  The League,Fat Lazy Americans,true,TE,Harold Fannin Jr.,CLE,TE,10.2,470.p.41877
4,2026 -  The League,Fat Lazy Americans,true,W/R,Deebo Samuel Sr.,SF,WR,15.5,470.p.31868
4,2026 -  The League,Fat Lazy Americans,true,BN,Jalen Coker,CAR,WR,0,470.p.41293
4,2026 -  The League,Fat Lazy Americans,true,BN,Rico Dowdle,PIT,RB,0,470.p.33100
4,2026 -  The League,Fat Lazy Americans,true,BN,Kaelon Black,SF,RB,1.3,470.p.42712
4,2026 -  The League,Fat Lazy Americans,true,BN,Denzel Boston,CLE,WR,11.9,470.p.42661
4,2026 -  The League,Fat Lazy Americans,true,BN,Kenyon Sadiq,NYJ,TE,0,470.p.42638
4,2026 -  The League,Fat Lazy Americans,true,BN,Bo Nix,DEN,QB,15.56,470.p.40875
4,2026 -  The League,Fat Lazy Americans,true,K,Wil Lutz,DEN,K,9,470.p.29754
4,2026 -  The League,Fat Lazy Americans,true,D,Jordyn Brooks,MIA,LB,10,470.p.32697
4,2026 -  The League,Fat Lazy Americans,true,D,T.J. Edwards,CHI,LB,2.5,470.p.32403
4,2026 -  The League,Fat Lazy Americans,true,D,Terrel Bernard,BUF,LB,6,470.p.34045
4,2026 -  The League,Kona’s Kickers,false,QB,Jared Goff,DET,QB,22.48,470.p.29235
4,2026 -  The League,Kona’s Kickers,false,RB,Saquon Barkley,PHI,RB,1.5,470.p.30972
4,2026 -  The League,Kona’s Kickers,false,RB,Aaron Jones Sr.,MIN,RB,14.8,470.p.30295
4,2026 -  The League,Kona’s Kickers,false,WR,Stefon Diggs,WAS,WR,6,470.p.28534
4,2026 -  The League,Kona’s Kickers,false,WR,Tre Tucker,LV,WR,6.4,470.p.40114
4,2026 -  The League,Kona’s Kickers,false,TE,Darren Waller,CAR,TE,5.1,470.p.28592
4,2026 -  The League,Kona’s Kickers,false,W/R,Zay Flowers,BAL,WR,21.8,470.p.40039
4,2026 -  The League,Kona’s Kickers,false,BN,Travis Etienne Jr.,NO,RB,0,470.p.33413
4,2026 -  The League,Kona’s Kickers,false,BN,Joshua Palmer,BUF,WR,1.8,470.p.33465
4,2026 -  The League,Kona’s Kickers,false,BN,Emanuel Wilson,SEA,RB,26.5,470.p.40707
4,2026 -  The League,Kona’s Kickers,false,BN,A.J. Brown,NE,WR,0,470.p.31883
4,2026 -  The League,Kona’s Kickers,false,BN,J.K. Dobbins,DEN,RB,6.2,470.p.32725
4,2026 -  The League,Kona’s Kickers,false,BN,Demond Claiborne,MIN,RB,1.2,470.p.42820
4,2026 -  The League,Kona’s Kickers,false,K,Evan McPherson,CIN,K,6,470.p.33537
4,2026 -  The League,Kona’s Kickers,false,D,Kyle Hamilton,BAL,S,10,470.p.33969
4,2026 -  The League,Kona’s Kickers,false,D,Quentin Lake,LAR,"DB,S",4,470.p.34167
4,2026 -  The League,Kona’s Kickers,false,D,Greg Rousseau,BUF,"LB,DE",5,470.p.33418
4,2026 -  The League,Oroszlanok,false,QB,Brock Purdy,SF,QB,23.62,470.p.34218
4,2026 -  The League,Oroszlanok,false,RB,Bijan Robinson,ATL,RB,27.2,470.p.40055
4,2026 -  The League,Oroszlanok,false,RB,Kyren Williams,LAR,RB,32.7,470.p.34120
4,2026 -  The League,Oroszlanok,false,WR,Garrett Wilson,NYJ,WR,4.2,470.p.33965
4,2026 -  The League,Oroszlanok,false,WR,Parker Washington,JAX,WR,1.5,470.p.40234
4,2026 -  The League,Oroszlanok,false,TE,T.J. Hockenson,MIN,TE,18.4,470.p.31840
4,2026 -  The League,Oroszlanok,false,W/R,Malik Nabers,NYG,WR,20.2,470.p.40899
4,2026 -  The League,Oroszlanok,false,BN,Quinshon Judkins,CLE,RB,18.6,470.p.41821
4,2026 -  The League,Oroszlanok,false,BN,Chig Okonkwo,WAS,TE,1.5,470.p.34099
4,2026 -  The League,Oroszlanok,false,BN,Terry McLaurin,WAS,WR,0,470.p.31908
4,2026 -  The League,Oroszlanok,false,BN,DK Metcalf,PIT,WR,14,470.p.31896
4,2026 -  The League,Oroszlanok,false,BN,Chris Rodriguez Jr.,JAX,RB,9.5,470.p.40231
4,2026 -  The League,Oroszlanok,false,BN,Kyler Murray,MIN,QB,11.48,470.p.31833
4,2026 -  The League,Oroszlanok,false,K,Harrison Butker,KC,K,6,470.p.30346
4,2026 -  The League,Oroszlanok,false,D,Kam Curl,LAR,S,4.5,470.p.32886
4,2026 -  The League,Oroszlanok,false,D,Payton Wilson,PIT,LB,11.5,470.p.40975
4,2026 -  The League,Oroszlanok,false,D,Mack Wilson Sr.,ARI,LB,8,470.p.31987
4,2026 -  The League,Postino's Banditos,false,QB,Bryce Young,CAR,QB,25.46,470.p.40029
4,2026 -  The League,Postino's Banditos,false,RB,Ashton Jeanty,LV,RB,15.6,470.p.41791
4,2026 -  The League,Postino's Banditos,false,RB,Jaylen Warren,PIT,RB,14.1,470.p.34447
4,2026 -  The League,Postino's Banditos,false,WR,Michael Wilson,ARI,WR,13,470.p.40121
4,2026 -  The League,Postino's Banditos,false,WR,Chris Godwin Jr.,TB,WR,6.1,470.p.30197
4,2026 -  The League,Postino's Banditos,false,TE,Brock Bowers,LV,TE,17.6,470.p.40878
4,2026 -  The League,Postino's Banditos,false,W/R,Josh Downs,IND,WR,3.1,470.p.40126
4,2026 -  The League,Postino's Banditos,false,BN,DeVonta Smith,PHI,WR,0,470.p.33398
4,2026 -  The League,Postino's Banditos,false,BN,Justin Jefferson,MIN,WR,0,470.p.32692
4,2026 -  The League,Postino's Banditos,false,BN,Mike Gesicki,CIN,TE,11.5,470.p.31012
4,2026 -  The League,Postino's Banditos,false,BN,Caleb Williams,CHI,QB,0,470.p.40900
4,2026 -  The League,Postino's Banditos,false,BN,Woody Marks,HOU,RB,8.2,470.p.41902
4,2026 -  The League,Postino's Banditos,false,K,Jake Bates,DET,K,18,470.p.40835
4,2026 -  The League,Postino's Banditos,false,D,Nick Bolton,KC,LB,6.5,470.p.33446
4,2026 -  The League,Postino's Banditos,false,D,Demetrius Knight Jr.,CIN,LB,5,470.p.41834
4,2026 -  The League,Postino's Banditos,false,D,Devin Lloyd,CAR,LB,7.5,470.p.33982
4,2026 -  The League,Postino's Banditos,false,BN,Robert Spillane,NE,LB,8.5,470.p.31708
4,2026 -  The League,Billy Goat Tavern,false,QB,Tyler Shough,NO,QB,17.94,470.p.41825
4,2026 -  The League,Billy Goat Tavern,false,RB,Jeremiyah Love,ARI,RB,6,470.p.42625
4,2026 -  The League,Billy Goat Tavern,false,RB,Rhamondre Stevenson,NE,RB,16.9,470.p.33508
4,2026 -  The League,Billy Goat Tavern,false,WR,Amon-Ra St. Brown,DET,WR,11.5,470.p.33500
4,2026 -  The League,Billy Goat Tavern,false,WR,Dontayvion Wicks,PHI,WR,3.3,470.p.40201
4,2026 -  The League,Billy Goat Tavern,false,TE,Juwan Johnson,NO,TE,8.9,470.p.33113
4,2026 -  The League,Billy Goat Tavern,false,W/R,Brycen Tremayne,CAR,WR,5.2,470.p.40407
4,2026 -  The League,Billy Goat Tavern,false,BN,Ladd McConkey,LAC,WR,0,470.p.40908
4,2026 -  The League,Billy Goat Tavern,false,BN,Blake Corum,LAR,RB,2.6,470.p.40962
4,2026 -  The League,Billy Goat Tavern,false,BN,Jadarian Price,SEA,RB,0,470.p.42654
4,2026 -  The League,Billy Goat Tavern,false,BN,Matthew Stafford,LAR,QB,9.68,470.p.9265
4,2026 -  The League,Billy Goat Tavern,false,BN,Keaton Mitchell,LAC,RB,8.8,470.p.40641
4,2026 -  The League,Billy Goat Tavern,false,BN,Mike Washington Jr.,LV,RB,2.2,470.p.42744
4,2026 -  The League,Billy Goat Tavern,false,K,Ka'imi Fairbairn,HOU,K,16,470.p.29792
4,2026 -  The League,Billy Goat Tavern,false,D,Fred Warner,SF,LB,7,470.p.31040
4,2026 -  The League,Billy Goat Tavern,false,D,Blake Cashman,MIN,LB,7.5,470.p.31989
4,2026 -  The League,Billy Goat Tavern,false,D,Jack Campbell,DET,LB,10,470.p.40036
4,2026 -  The League,MombaMentality,false,QB,Josh Allen,BUF,QB,20.52,470.p.30977
4,2026 -  The League,MombaMentality,false,RB,James Cook III,BUF,RB,15.3,470.p.34019
4,2026 -  The League,MombaMentality,false,RB,Chase Brown,CIN,RB,14.6,470.p.40196
4,2026 -  The League,MombaMentality,false,WR,Malik Washington,MIA,WR,9.5,470.p.41058
4,2026 -  The League,MombaMentality,false,WR,Devaughn Vele,NO,WR,14.4,470.p.41097
4,2026 -  The League,MombaMentality,false,TE,Trey McBride,ARI,TE,6.6,470.p.34010
4,2026 -  The League,MombaMentality,false,W/R,Kyle Monangai,CHI,RB,27.5,470.p.42025
4,2026 -  The League,MombaMentality,false,BN,Carnell Tate,TEN,WR,17,470.p.42626
4,2026 -  The League,MombaMentality,false,BN,Jameson Williams,DET,WR,13.2,470.p.33967
4,2026 -  The League,MombaMentality,false,BN,KC Concepcion Jr.,CLE,WR,8.9,470.p.42646
4,2026 -  The League,MombaMentality,false,BN,Mark Andrews,BAL,TE,11.2,470.p.31056
4,2026 -  The League,MombaMentality,false,BN,Jonah Coleman,DEN,RB,0,470.p.42730
4,2026 -  The League,MombaMentality,false,BN,Brian Robinson,ATL,RB,25.2,470.p.34054
4,2026 -  The League,MombaMentality,false,K,Spencer Shrader,IND,K,16,470.p.41499
4,2026 -  The League,MombaMentality,false,D,Dillon Thieneman,CHI,S,3.5,470.p.42647
4,2026 -  The League,MombaMentality,false,D,Drue Tranquill,KC,LB,8,470.p.31962
4,2026 -  The League,MombaMentality,false,D,Mason Graham,CLE,DT,0,470.p.41790
4,2026 -  The League,Dumpster Fire,false,QB,Trevor Lawrence,JAX,QB,15.08,470.p.33389
4,2026 -  The League,Dumpster Fire,false,RB,Bhayshul Tuten,JAX,RB,10.1,470.p.41900
4,2026 -  The League,Dumpster Fire,false,RB,Cam Skattebo,NYG,RB,7.1,470.p.41922
4,2026 -  The League,Dumpster Fire,false,WR,CeeDee Lamb,DAL,WR,32.8,470.p.32687
4,2026 -  The League,Dumpster Fire,false,WR,Drake London,ATL,WR,12.1,470.p.33963
4,2026 -  The League,Dumpster Fire,false,TE,Tucker Kraft,GB,TE,14.5,470.p.40102
4,2026 -  The League,Dumpster Fire,false,W/R,Jakobi Meyers,JAX,WR,4.8,470.p.32231
4,2026 -  The League,Dumpster Fire,false,BN,TreVeyon Henderson,NE,RB,4.2,470.p.41823
4,2026 -  The League,Dumpster Fire,false,BN,Josh Jacobs,GB,RB,0,470.p.31856
4,2026 -  The League,Dumpster Fire,false,BN,Jordyn Tyson,NO,WR,0,470.p.42630
4,2026 -  The League,Dumpster Fire,false,BN,Ollie Gordon II,MIA,RB,17,470.p.41969
4,2026 -  The League,Dumpster Fire,false,BN,Jaylen Wright,MIA,RB,0.7,470.p.41010
4,2026 -  The League,Dumpster Fire,false,BN,Kalif Raymond,CHI,WR,1.6,470.p.29631
4,2026 -  The League,Dumpster Fire,false,K,Eddy Pineiro,SF,K,6,470.p.31482
4,2026 -  The League,Dumpster Fire,false,D,Will Anderson Jr.,HOU,DE,8,470.p.40031
4,2026 -  The League,Dumpster Fire,false,D,Jeffery Simmons,TEN,"DT,DE",4,470.p.31851
4,2026 -  The League,Dumpster Fire,false,D,Derrick Barnes,DET,LB,1,470.p.33501
4,2026 -  The League,No Talent Ass Clowns,false,QB,Kirk Cousins,LV,QB,26.6,470.p.25812
4,2026 -  The League,No Talent Ass Clowns,false,RB,D'Andre Swift,CHI,RB,6.4,470.p.32705
4,2026 -  The League,No Talent Ass Clowns,false,RB,Braelon Allen,NYJ,RB,7.7,470.p.40981
4,2026 -  The League,No Talent Ass Clowns,false,WR,Ja'Marr Chase,CIN,WR,4.2,470.p.33393
4,2026 -  The League,No Talent Ass Clowns,false,WR,Khalil Shakir,BUF,WR,9.7,470.p.34104
4,2026 -  The League,No Talent Ass Clowns,false,TE,Dalton Kincaid,BUF,TE,1.2,470.p.40048
4,2026 -  The League,No Talent Ass Clowns,false,W/R,Emeka Egbuka,TB,WR,2.3,470.p.41804
4,2026 -  The League,No Talent Ass Clowns,false,BN,Michael Pittman Jr.,PIT,WR,3.5,470.p.32704
4,2026 -  The League,No Talent Ass Clowns,false,BN,Breece Hall,NYJ,RB,0,470.p.33991
4,2026 -  The League,No Talent Ass Clowns,false,BN,Rachaad White,WAS,RB,0,470.p.34047
4,2026 -  The League,No Talent Ass Clowns,false,BN,Isaiah Likely,NYG,TE,10.1,470.p.34095
4,2026 -  The League,No Talent Ass Clowns,false,BN,Austin Ekeler,WAS,RB,4.5,470.p.30423
4,2026 -  The League,No Talent Ass Clowns,false,BN,Tyreek Hill,MIA,WR,0,470.p.29399
4,2026 -  The League,No Talent Ass Clowns,false,K,Cam Little,JAX,K,14,470.p.41062
4,2026 -  The League,No Talent Ass Clowns,false,D,T.J. Watt,PIT,"LB,DE",13,470.p.30143
4,2026 -  The League,No Talent Ass Clowns,false,D,Alex Singleton,DEN,LB,11,470.p.28716
4,2026 -  The League,No Talent Ass Clowns,false,D,Josiah Trotter,TB,LB,8,470.p.42668
4,2026 -  The League,Wailin Raylans,false,QB,Dak Prescott,DAL,QB,20.1,470.p.29369
4,2026 -  The League,Wailin Raylans,false,RB,Christian McCaffrey,SF,RB,14.5,470.p.30121
4,2026 -  The League,Wailin Raylans,false,RB,Bucky Irving,TB,RB,6.1,470.p.40993
4,2026 -  The League,Wailin Raylans,false,WR,George Pickens,DAL,WR,8.5,470.p.34007
4,2026 -  The League,Wailin Raylans,false,WR,Matthew Golden,GB,WR,10.2,470.p.41808
4,2026 -  The League,Wailin Raylans,false,TE,Dalton Schultz,HOU,TE,1.9,470.p.31107
4,2026 -  The League,Wailin Raylans,false,W/R,Tetairoa McMillan,CAR,WR,38.2,470.p.41793
4,2026 -  The League,Wailin Raylans,false,BN,Tony Pollard,TEN,RB,12,470.p.31960
4,2026 -  The League,Wailin Raylans,false,BN,Colston Loveland,CHI,TE,8.7,470.p.41795
4,2026 -  The League,Wailin Raylans,false,BN,Rome Odunze,CHI,WR,12.4,470.p.40901
4,2026 -  The League,Wailin Raylans,false,BN,Jordan Mason,MIN,RB,0,470.p.34320
4,2026 -  The League,Wailin Raylans,false,BN,Wan'Dale Robinson,TEN,WR,9.5,470.p.33998
4,2026 -  The League,Wailin Raylans,false,BN,Malachi Fields,NYG,WR,13.2,470.p.42696
4,2026 -  The League,Wailin Raylans,false,K,Tyler Loop,BAL,K,8,470.p.41988
4,2026 -  The League,Wailin Raylans,false,D,Carson Schwesinger,CLE,LB,6,470.p.41818
4,2026 -  The League,Wailin Raylans,false,D,Quay Walker,LV,LB,8.5,470.p.33977
4,2026 -  The League,Wailin Raylans,false,D,Edgerrin Cooper,GB,LB,13.5,470.p.40938
4,The Honey Badgers,Dolphin Boobiez,false,QB,Josh Allen,BUF,QB,22.52,470.p.30977
4,The Honey Badgers,Dolphin Boobiez,false,RB,Jahmyr Gibbs,DET,RB,15.7,470.p.40059
4,The Honey Badgers,Dolphin Boobiez,false,RB,Bhayshul Tuten,JAX,RB,10.1,470.p.41900
4,The Honey Badgers,Dolphin Boobiez,false,WR,Tee Higgins,CIN,WR,21.2,470.p.32703
4,The Honey Badgers,Dolphin Boobiez,false,WR,Josh Downs,IND,WR,3.1,470.p.40126
4,The Honey Badgers,Dolphin Boobiez,false,TE,George Kittle,SF,TE,15,470.p.30259
4,The Honey Badgers,Dolphin Boobiez,false,W/R,Michael Wilson,ARI,WR,13,470.p.40121
4,The Honey Badgers,Dolphin Boobiez,false,BN,Luther Burden III,CHI,WR,9.4,470.p.41824
4,The Honey Badgers,Dolphin Boobiez,false,BN,Kyle Pitts Sr.,ATL,TE,6.2,470.p.33392
4,The Honey Badgers,Dolphin Boobiez,false,BN,Chris Godwin Jr.,TB,WR,6.1,470.p.30197
4,The Honey Badgers,Dolphin Boobiez,false,BN,Woody Marks,HOU,RB,8.2,470.p.41902
4,The Honey Badgers,Dolphin Boobiez,false,BN,Malik Willis,MIA,QB,2.5,470.p.34042
4,The Honey Badgers,Dolphin Boobiez,false,IR,Jonathon Brooks,CAR,RB,0,470.p.40926
4,The Honey Badgers,Dolphin Boobiez,false,K,Jason Myers,SEA,K,6,470.p.28378
4,The Honey Badgers,Dolphin Boobiez,false,D,Jack Campbell,DET,LB,15,470.p.40036
4,The Honey Badgers,Dolphin Boobiez,false,D,Dillon Thieneman,CHI,S,5.25,470.p.42647
4,The Honey Badgers,Dolphin Boobiez,false,D,Devin Lloyd,CAR,LB,10.5,470.p.33982
4,The Honey Badgers,Dolphin Boobiez,false,BN,Cooper DeJean,PHI,"DB,CB",12,470.p.40934
4,The Honey Badgers,The Curious Case of Cookus,false,QB,Brock Purdy,SF,QB,24.62,470.p.34218
4,The Honey Badgers,The Curious Case of Cookus,false,RB,Bijan Robinson,ATL,RB,27.2,470.p.40055
4,The Honey Badgers,The Curious Case of Cookus,false,RB,Chase Brown,CIN,RB,15.1,470.p.40196
4,The Honey Badgers,The Curious Case of Cookus,false,WR,Garrett Wilson,NYJ,WR,4.2,470.p.33965
4,The Honey Badgers,The Curious Case of Cookus,false,WR,Brian Thomas Jr.,JAX,WR,8.7,470.p.40883
4,The Honey Badgers,The Curious Case of Cookus,false,TE,Colston Loveland,CHI,TE,8.7,470.p.41795
4,The Honey Badgers,The Curious Case of Cookus,false,W/R,Quentin Johnston,LAC,WR,4.5,470.p.40051
4,The Honey Badgers,The Curious Case of Cookus,false,BN,DeVonta Smith,PHI,WR,0,470.p.33398
4,The Honey Badgers,The Curious Case of Cookus,false,BN,Trevor Lawrence,JAX,QB,15.08,470.p.33389
4,The Honey Badgers,The Curious Case of Cookus,false,BN,De'Zhaun Stribling,SF,WR,0,470.p.42655
4,The Honey Badgers,The Curious Case of Cookus,false,BN,Jordan Mason,MIN,RB,0,470.p.34320
4,The Honey Badgers,The Curious Case of Cookus,false,BN,Mike Washington Jr.,LV,RB,2.2,470.p.42744
4,The Honey Badgers,The Curious Case of Cookus,false,BN,Kaelon Black,SF,RB,1.3,470.p.42712
4,The Honey Badgers,The Curious Case of Cookus,false,K,Spencer Shrader,IND,K,16,470.p.41499
4,The Honey Badgers,The Curious Case of Cookus,false,D,Nakobe Dean,LV,LB,6,470.p.34039
4,The Honey Badgers,The Curious Case of Cookus,false,D,Ventrell Miller,JAX,LB,6.75,470.p.40155
4,The Honey Badgers,The Curious Case of Cookus,false,D,Terrel Bernard,BUF,LB,9,470.p.34045
4,The Honey Badgers,CopperTheBigRedDog,false,QB,Jalen Hurts,PHI,QB,17.52,470.p.32723
4,The Honey Badgers,CopperTheBigRedDog,false,RB,Kenneth Walker III,KC,RB,30.4,470.p.33996
4,The Honey Badgers,CopperTheBigRedDog,false,RB,Javonte Williams,DAL,RB,28.8,470.p.33423
4,The Honey Badgers,CopperTheBigRedDog,false,WR,Christian Watson,GB,WR,6.2,470.p.33989
4,The Honey Badgers,CopperTheBigRedDog,false,WR,Puka Nacua,LAR,WR,23.2,470.p.40168
4,The Honey Badgers,CopperTheBigRedDog,false,TE,Tucker Kraft,GB,TE,15,470.p.40102
4,The Honey Badgers,CopperTheBigRedDog,false,W/R,Tony Pollard,TEN,RB,12,470.p.31960
4,The Honey Badgers,CopperTheBigRedDog,false,BN,Justin Jefferson,MIN,WR,0,470.p.32692
4,The Honey Badgers,CopperTheBigRedDog,false,BN,C.J. Stroud,HOU,QB,29.08,470.p.40030
4,The Honey Badgers,CopperTheBigRedDog,false,BN,Denzel Boston,CLE,WR,12.4,470.p.42661
4,The Honey Badgers,CopperTheBigRedDog,false,BN,Josh Jacobs,GB,RB,0,470.p.31856
4,The Honey Badgers,CopperTheBigRedDog,false,BN,Jake Ferguson,DAL,TE,2.6,470.p.34085
4,The Honey Badgers,CopperTheBigRedDog,false,IR,Jordyn Tyson,NO,WR,0,470.p.42630
4,The Honey Badgers,CopperTheBigRedDog,false,K,Brandon Aubrey,DAL,K,12,470.p.40819
4,The Honey Badgers,CopperTheBigRedDog,false,D,Blake Cashman,MIN,LB,11.25,470.p.31989
4,The Honey Badgers,CopperTheBigRedDog,false,D,Fred Warner,SF,LB,9.5,470.p.31040
4,The Honey Badgers,CopperTheBigRedDog,false,D,Jihaad Campbell,PHI,LB,13.5,470.p.41816
4,The Honey Badgers,CopperTheBigRedDog,false,BN,Jamien Sherwood,NYJ,LB,17.5,470.p.33534
4,The Honey Badgers,Comfy In Chair,false,QB,Bo Nix,DEN,QB,15.56,470.p.40875
4,The Honey Badgers,Comfy In Chair,false,RB,Jonathan Taylor,IND,RB,22.2,470.p.32711
4,The Honey Badgers,Comfy In Chair,false,RB,David Montgomery,HOU,RB,4.3,470.p.31905
4,The Honey Badgers,Comfy In Chair,false,WR,Chris Olave,NO,WR,15.6,470.p.33966
4,The Honey Badgers,Comfy In Chair,false,WR,Zay Flowers,BAL,WR,21.8,470.p.40039
4,The Honey Badgers,Comfy In Chair,false,TE,Tyler Warren,IND,TE,6.6,470.p.41799
4,The Honey Badgers,Comfy In Chair,false,W/R,Aaron Jones Sr.,MIN,RB,14.8,470.p.30295
4,The Honey Badgers,Comfy In Chair,false,BN,Xavier Worthy,KC,WR,9,470.p.40877
4,The Honey Badgers,Comfy In Chair,false,BN,Rico Dowdle,PIT,RB,0,470.p.33100
4,The Honey Badgers,Comfy In Chair,false,BN,Courtland Sutton,DEN,WR,0.9,470.p.31010
4,The Honey Badgers,Comfy In Chair,false,BN,Alvin Kamara,NO,RB,20.3,470.p.30180
4,The Honey Badgers,Comfy In Chair,false,BN,Romeo Doubs,NE,WR,20.8,470.p.34088
4,The Honey Badgers,Comfy In Chair,false,BN,Dallas Goedert,PHI,TE,0,470.p.31019
4,The Honey Badgers,Comfy In Chair,false,K,Tyler Loop,BAL,K,8,470.p.41988
4,The Honey Badgers,Comfy In Chair,false,D,Alex Singleton,DEN,LB,15.75,470.p.28716
4,The Honey Badgers,Comfy In Chair,false,D,Quincy Williams,CLE,LB,4,470.p.31930
4,The Honey Badgers,Comfy In Chair,false,D,Talanoa Hufanga,DEN,S,4.5,470.p.33568
4,The Honey Badgers,The Trophy Wives,false,QB,Jordan Love,GB,QB,18.08,470.p.32696
4,The Honey Badgers,The Trophy Wives,false,RB,James Cook III,BUF,RB,15.3,470.p.34019
4,The Honey Badgers,The Trophy Wives,false,RB,Cam Skattebo,NYG,RB,7.1,470.p.41922
4,The Honey Badgers,The Trophy Wives,false,WR,Rashee Rice,KC,WR,0,470.p.40084
4,The Honey Badgers,The Trophy Wives,false,WR,Davante Adams,LAR,WR,5.2,470.p.27581
4,The Honey Badgers,The Trophy Wives,false,TE,Trey McBride,ARI,TE,6.6,470.p.34010
4,The Honey Badgers,The Trophy Wives,false,W/R,Devaughn Vele,NO,WR,14.4,470.p.41097
4,The Honey Badgers,The Trophy Wives,false,BN,Jalen Coker,CAR,WR,0,470.p.41293
4,The Honey Badgers,The Trophy Wives,false,BN,Jayden Daniels,WAS,QB,0,470.p.40896
4,The Honey Badgers,The Trophy Wives,false,BN,Juwan Johnson,NO,TE,8.9,470.p.33113
4,The Honey Badgers,The Trophy Wives,false,BN,Kyler Murray,MIN,QB,11.48,470.p.31833
4,The Honey Badgers,The Trophy Wives,false,BN,Jaylen Wright,MIA,RB,0.7,470.p.41010
4,The Honey Badgers,The Trophy Wives,false,IR,A.J. Brown,NE,WR,0,470.p.31883
4,The Honey Badgers,The Trophy Wives,false,K,Evan McPherson,CIN,K,6.5,470.p.33537
4,The Honey Badgers,The Trophy Wives,false,BN,Ka'imi Fairbairn,HOU,K,16,470.p.29792
4,The Honey Badgers,The Trophy Wives,false,D,Jordyn Brooks,MIA,LB,14.5,470.p.32697
4,The Honey Badgers,The Trophy Wives,false,D,Ernest Jones IV,SEA,LB,21.5,470.p.33491
4,The Honey Badgers,The Trophy Wives,false,D,Jacob Rodriguez,MIA,LB,20.25,470.p.42665
4,The Honey Badgers,Olivators,false,QB,Lamar Jackson,BAL,QB,23.88,470.p.31002
4,The Honey Badgers,Olivators,false,RB,Ashton Jeanty,LV,RB,15.6,470.p.41791
4,The Honey Badgers,Olivators,false,RB,Kyren Williams,LAR,RB,33.2,470.p.34120
4,The Honey Badgers,Olivators,false,WR,Jaxon Smith-Njigba,SEA,WR,10.1,470.p.40041
4,The Honey Badgers,Olivators,false,WR,Nico Collins,HOU,WR,27.3,470.p.33477
4,The Honey Badgers,Olivators,false,TE,Harold Fannin Jr.,CLE,TE,10.2,470.p.41877
4,The Honey Badgers,Olivators,false,W/R,Jameson Williams,DET,WR,13.2,470.p.33967
4,The Honey Badgers,Olivators,false,BN,Carnell Tate,TEN,WR,17,470.p.42626
4,The Honey Badgers,Olivators,false,BN,Dalton Schultz,HOU,TE,1.9,470.p.31107
4,The Honey Badgers,Olivators,false,BN,Jacory Croskey-Merritt,WAS,RB,6,470.p.42010
4,The Honey Badgers,Olivators,false,BN,Kenny Gainwell,TB,RB,9.7,470.p.33538
4,The Honey Badgers,Olivators,false,BN,Jared Goff,DET,QB,24.48,470.p.29235
4,The Honey Badgers,Olivators,false,K,Cam Little,JAX,K,14,470.p.41062
4,The Honey Badgers,Olivators,false,D,Foyesade Oluokun,JAX,LB,17.75,470.p.31170
4,The Honey Badgers,Olivators,false,D,Edgerrin Cooper,GB,LB,17.75,470.p.40938
4,The Honey Badgers,Olivators,false,D,Cedric Gray,TEN,LB,6,470.p.40988
4,The Honey Badgers,Olivators,false,BN,Josiah Trotter,TB,LB,12,470.p.42668
4,The Honey Badgers,My Balls Are Afoot,false,QB,Joe Burrow,CIN,QB,27.72,470.p.32671
4,The Honey Badgers,My Balls Are Afoot,false,RB,Derrick Henry,BAL,RB,14.9,470.p.29279
4,The Honey Badgers,My Balls Are Afoot,false,RB,TreVeyon Henderson,NE,RB,4.2,470.p.41823
4,The Honey Badgers,My Balls Are Afoot,false,WR,Drake London,ATL,WR,12.1,470.p.33963
4,The Honey Badgers,My Balls Are Afoot,false,WR,Tetairoa McMillan,CAR,WR,38.2,470.p.41793
4,The Honey Badgers,My Balls Are Afoot,false,TE,Travis Kelce,KC,TE,2.5,470.p.26686
4,The Honey Badgers,My Balls Are Afoot,false,W/R,Deebo Samuel Sr.,SF,WR,15.5,470.p.31868
4,The Honey Badgers,My Balls Are Afoot,false,BN,Mike Evans,SF,WR,10.1,470.p.27535
4,The Honey Badgers,My Balls Are Afoot,false,BN,Kyle Monangai,CHI,RB,27.5,470.p.42025
4,The Honey Badgers,My Balls Are Afoot,false,BN,Stefon Diggs,WAS,WR,6,470.p.28534
4,The Honey Badgers,My Balls Are Afoot,false,BN,Michael Pittman Jr.,PIT,WR,4,470.p.32704
4,The Honey Badgers,My Balls Are Afoot,false,BN,Sam Darnold,SEA,QB,18.32,470.p.30973
4,The Honey Badgers,My Balls Are Afoot,false,BN,Brian Robinson,ATL,RB,25.2,470.p.34054
4,The Honey Badgers,My Balls Are Afoot,false,K,Cameron Dicker,LAC,K,12,470.p.34344
4,The Honey Badgers,My Balls Are Afoot,false,D,Nick Bolton,KC,LB,9.75,470.p.33446
4,The Honey Badgers,My Balls Are Afoot,false,D,Sonny Styles,WAS,LB,9,470.p.42629
4,The Honey Badgers,My Balls Are Afoot,false,D,Akeem Davis-Gaither,IND,LB,9.75,470.p.32777
4,The Honey Badgers,Fat Lazy Americans,true,QB,Bryce Young,CAR,QB,25.46,470.p.40029
4,The Honey Badgers,Fat Lazy Americans,true,RB,Bucky Irving,TB,RB,6.1,470.p.40993
4,The Honey Badgers,Fat Lazy Americans,true,RB,Jeremiyah Love,ARI,RB,6,470.p.42625
4,The Honey Badgers,Fat Lazy Americans,true,WR,Ja'Marr Chase,CIN,WR,4.2,470.p.33393
4,The Honey Badgers,Fat Lazy Americans,true,WR,Matthew Golden,GB,WR,10.2,470.p.41808
4,The Honey Badgers,Fat Lazy Americans,true,TE,Brock Bowers,LV,TE,17.6,470.p.40878
4,The Honey Badgers,Fat Lazy Americans,true,W/R,Braelon Allen,NYJ,RB,7.7,470.p.40981
4,The Honey Badgers,Fat Lazy Americans,true,BN,RJ Harvey,DEN,RB,14.3,470.p.41845
4,The Honey Badgers,Fat Lazy Americans,true,BN,Breece Hall,NYJ,RB,0,470.p.33991
4,The Honey Badgers,Fat Lazy Americans,true,BN,Caleb Williams,CHI,QB,0,470.p.40900
4,The Honey Badgers,Fat Lazy Americans,true,BN,Rome Odunze,CHI,WR,12.4,470.p.40901
4,The Honey Badgers,Fat Lazy Americans,true,BN,Kenyon Sadiq,NYJ,TE,0,470.p.42638
4,The Honey Badgers,Fat Lazy Americans,true,IR,Zach Charbonnet,SEA,RB,0,470.p.40075
4,The Honey Badgers,Fat Lazy Americans,true,K,Harrison Butker,KC,K,6,470.p.30346
4,The Honey Badgers,Fat Lazy Americans,true,D,Carson Schwesinger,CLE,LB,9,470.p.41818
4,The Honey Badgers,Fat Lazy Americans,true,D,Tremaine Edmunds,NYG,LB,15.75,470.p.30986
4,The Honey Badgers,Fat Lazy Americans,true,D,Derrick Barnes,DET,LB,1.5,470.p.33501
4,The Honey Badgers,Fat Lazy Americans,true,BN,Zack Baun,PHI,LB,0,470.p.32744
4,The Honey Badgers,JRZ,false,QB,Patrick Mahomes,KC,QB,24,470.p.30123
4,The Honey Badgers,JRZ,false,RB,Omarion Hampton,LAC,RB,12.3,470.p.41807
4,The Honey Badgers,JRZ,false,RB,Chuba Hubbard,CAR,RB,25.4,470.p.33514
4,The Honey Badgers,JRZ,false,WR,Amon-Ra St. Brown,DET,WR,11.5,470.p.33500
4,The Honey Badgers,JRZ,false,WR,Jordan Addison,MIN,WR,7.1,470.p.40042
4,The Honey Badgers,JRZ,false,TE,Sam LaPorta,DET,TE,18.4,470.p.40064
4,The Honey Badgers,JRZ,false,W/R,DJ Moore,BUF,WR,2.2,470.p.30994
4,The Honey Badgers,JRZ,false,BN,Jaylen Waddle,DEN,WR,12,470.p.33394
4,The Honey Badgers,JRZ,false,BN,Travis Etienne Jr.,NO,RB,0,470.p.33413
4,The Honey Badgers,JRZ,false,BN,Justin Herbert,LAC,QB,15.31,470.p.32676
4,The Honey Badgers,JRZ,false,BN,Wan'Dale Robinson,TEN,WR,9.5,470.p.33998
4,The Honey Badgers,JRZ,false,BN,Emanuel Wilson,SEA,RB,27,470.p.40707
4,The Honey Badgers,JRZ,false,BN,Ollie Gordon II,MIA,RB,17,470.p.41969
4,The Honey Badgers,JRZ,false,IR,Alec Pierce,IND,WR,0,470.p.34008
4,The Honey Badgers,JRZ,false,K,Jake Bates,DET,K,18,470.p.40835
4,The Honey Badgers,JRZ,false,D,Demario Davis,NYJ,LB,14.25,470.p.25787
4,The Honey Badgers,JRZ,false,D,Budda Baker,ARI,S,11.25,470.p.30149
4,The Honey Badgers,JRZ,false,D,Quay Walker,LV,LB,10.5,470.p.33977
4,The Honey Badgers,Jesus take the wheel,false,QB,Tyler Shough,NO,QB,18.94,470.p.41825
4,The Honey Badgers,Jesus take the wheel,false,RB,Saquon Barkley,PHI,RB,1.5,470.p.30972
4,The Honey Badgers,Jesus take the wheel,false,RB,D'Andre Swift,CHI,RB,6.4,470.p.32705
4,The Honey Badgers,Jesus take the wheel,false,WR,Parker Washington,JAX,WR,1.5,470.p.40234
4,The Honey Badgers,Jesus take the wheel,false,WR,Khalil Shakir,BUF,WR,9.7,470.p.34104
4,The Honey Badgers,Jesus take the wheel,false,TE,Isaiah Likely,NYG,TE,10.1,470.p.34095
4,The Honey Badgers,Jesus take the wheel,false,W/R,Blake Corum,LAR,RB,2.6,470.p.40962
4,The Honey Badgers,Jesus take the wheel,false,BN,Emeka Egbuka,TB,WR,2.3,470.p.41804
4,The Honey Badgers,Jesus take the wheel,false,BN,Matthew Stafford,LAR,QB,11.68,470.p.9265
4,The Honey Badgers,Jesus take the wheel,false,BN,Chig Okonkwo,WAS,TE,1.5,470.p.34099
4,The Honey Badgers,Jesus take the wheel,false,BN,Rashod Bateman,BAL,WR,5.6,470.p.33415
4,The Honey Badgers,Jesus take the wheel,false,BN,George Holani,SEA,RB,2.5,470.p.41344
4,The Honey Badgers,Jesus take the wheel,false,IR,Jadarian Price,SEA,RB,0,470.p.42654
4,The Honey Badgers,Jesus take the wheel,false,K,Eddy Pineiro,SF,K,6,470.p.31482
4,The Honey Badgers,Jesus take the wheel,false,D,Nate Landman,LAR,LB,10.5,470.p.34291
4,The Honey Badgers,Jesus take the wheel,false,D,Demetrius Knight Jr.,CIN,LB,6.75,470.p.41834
4,The Honey Badgers,Jesus take the wheel,false,D,Daiyan Henley,LAC,LB,6.75,470.p.40113
4,The Honey Badgers,Jesus take the wheel,false,BN,Azeez Al-Shaair,HOU,LB,0,470.p.32318
4,The Honey Badgers,Unicorn Love,false,QB,Kirk Cousins,LV,QB,27.6,470.p.25812
4,The Honey Badgers,Unicorn Love,false,RB,Jaylen Warren,PIT,RB,14.1,470.p.34447
4,The Honey Badgers,Unicorn Love,false,RB,Rhamondre Stevenson,NE,RB,16.9,470.p.33508
4,The Honey Badgers,Unicorn Love,false,WR,CeeDee Lamb,DAL,WR,32.8,470.p.32687
4,The Honey Badgers,Unicorn Love,false,WR,Dontayvion Wicks,PHI,WR,3.3,470.p.40201
4,The Honey Badgers,Unicorn Love,false,TE,Mark Andrews,BAL,TE,11.2,470.p.31056
4,The Honey Badgers,Unicorn Love,false,W/R,Jakobi Meyers,JAX,WR,4.8,470.p.32231
4,The Honey Badgers,Unicorn Love,false,BN,Ladd McConkey,LAC,WR,0,470.p.40908
4,The Honey Badgers,Unicorn Love,false,BN,Drake Maye,NE,QB,33.16,470.p.40881
4,The Honey Badgers,Unicorn Love,false,BN,J.K. Dobbins,DEN,RB,6.2,470.p.32725
4,The Honey Badgers,Unicorn Love,false,BN,Rachaad White,WAS,RB,0,470.p.34047
4,The Honey Badgers,Unicorn Love,false,BN,Mike Gesicki,CIN,TE,11.5,470.p.31012
4,The Honey Badgers,Unicorn Love,false,IR,Baker Mayfield,TB,QB,0,470.p.30971
4,The Honey Badgers,Unicorn Love,false,K,Harrison Mevis,LAR,K,7,470.p.41312
4,The Honey Badgers,Unicorn Love,false,D,Roquan Smith,BAL,LB,5.25,470.p.30978
4,The Honey Badgers,Unicorn Love,false,D,Kyle Hamilton,BAL,S,13.75,470.p.33969
4,The Honey Badgers,Unicorn Love,false,D,Greg Rousseau,BUF,"LB,DE",6.5,470.p.33418
4,The Honey Badgers,Unicorn Love,false,BN,Will Anderson Jr.,HOU,DE,9.5,470.p.40031
4,The Honey Badgers,Kryponite,false,QB,Dak Prescott,DAL,QB,21.1,470.p.29369
4,The Honey Badgers,Kryponite,false,RB,Christian McCaffrey,SF,RB,14.5,470.p.30121
4,The Honey Badgers,Kryponite,false,RB,Quinshon Judkins,CLE,RB,18.6,470.p.41821
4,The Honey Badgers,Kryponite,false,WR,George Pickens,DAL,WR,8.5,470.p.34007
4,The Honey Badgers,Kryponite,false,WR,Terry McLaurin,WAS,WR,0,470.p.31908
4,The Honey Badgers,Kryponite,false,TE,Dalton Kincaid,BUF,TE,1.2,470.p.40048
4,The Honey Badgers,Kryponite,false,W/R,Keenan Allen,IND,WR,0,470.p.26699
4,The Honey Badgers,Kryponite,false,BN,DK Metcalf,PIT,WR,14,470.p.31896
4,The Honey Badgers,Kryponite,false,BN,Malik Nabers,NYG,WR,20.2,470.p.40899
4,The Honey Badgers,Kryponite,false,BN,Tyjae Spears,TEN,RB,1.1,470.p.40119
4,The Honey Badgers,Kryponite,false,BN,Rashid Shaheed,SEA,WR,11.8,470.p.34659
4,The Honey Badgers,Kryponite,false,BN,Emmett Johnson,KC,RB,1.5,470.p.42796
4,The Honey Badgers,Kryponite,false,BN,Pat Freiermuth,PIT,TE,9.2,470.p.33443
4,The Honey Badgers,Kryponite,false,K,Tyler Bass,BUF,K,8,470.p.32858
4,The Honey Badgers,Kryponite,false,D,Quentin Lake,LAR,"DB,S",6,470.p.34167
4,The Honey Badgers,Kryponite,false,D,Caleb Downs,DAL,S,9,470.p.42633
4,The Honey Badgers,Kryponite,false,D,Arvell Reese,NYG,LB,20.5,470.p.42627
4,Rose Bowl XIX,Jukin Junies,false,QB,Josh Allen,BUF,QB,20.52,470.p.30977
4,Rose Bowl XIX,Jukin Junies,false,RB,Derrick Henry,BAL,RB,15.9,470.p.29279
4,Rose Bowl XIX,Jukin Junies,false,RB,D'Andre Swift,CHI,RB,7.4,470.p.32705
4,Rose Bowl XIX,Jukin Junies,false,WR,Amon-Ra St. Brown,DET,WR,15.5,470.p.33500
4,Rose Bowl XIX,Jukin Junies,false,WR,Christian Watson,GB,WR,7.7,470.p.33989
4,Rose Bowl XIX,Jukin Junies,false,TE,Travis Kelce,KC,TE,3.5,470.p.26686
4,Rose Bowl XIX,Jukin Junies,false,W/R,Terry McLaurin,WAS,WR,0,470.p.31908
4,Rose Bowl XIX,Jukin Junies,false,BN,Isaiah Likely,NYG,TE,13.6,470.p.34095
4,Rose Bowl XIX,Jukin Junies,false,BN,Rico Dowdle,PIT,RB,0,470.p.33100
4,Rose Bowl XIX,Jukin Junies,false,BN,Jonathon Brooks,CAR,RB,0,470.p.40926
4,Rose Bowl XIX,Jukin Junies,false,BN,Michael Pittman Jr.,PIT,WR,4.5,470.p.32704
4,Rose Bowl XIX,Jukin Junies,false,BN,Braelon Allen,NYJ,RB,8.7,470.p.40981
4,Rose Bowl XIX,Jukin Junies,false,K,Tyler Loop,BAL,K,14,470.p.41988
4,Rose Bowl XIX,Jukin Junies,false,D,Blake Cashman,MIN,LB,7.5,470.p.31989
4,Rose Bowl XIX,Jukin Junies,false,D,Quay Walker,LV,LB,8,470.p.33977
4,Rose Bowl XIX,Jukin Junies,false,D,Jihaad Campbell,PHI,LB,9,470.p.41816
4,Rose Bowl XIX,Jukin Junies,false,BN,Zack Baun,PHI,LB,0,470.p.32744
4,Rose Bowl XIX,Concussion Protocol,false,QB,Jared Goff,DET,QB,22.48,470.p.29235
4,Rose Bowl XIX,Concussion Protocol,false,RB,Bijan Robinson,ATL,RB,27.7,470.p.40055
4,Rose Bowl XIX,Concussion Protocol,false,RB,David Montgomery,HOU,RB,4.3,470.p.31905
4,Rose Bowl XIX,Concussion Protocol,false,WR,Davante Adams,LAR,WR,7.2,470.p.27581
4,Rose Bowl XIX,Concussion Protocol,false,WR,Courtland Sutton,DEN,WR,1.4,470.p.31010
4,Rose Bowl XIX,Concussion Protocol,false,TE,Trey McBride,ARI,TE,10.1,470.p.34010
4,Rose Bowl XIX,Concussion Protocol,false,W/R,Tre Tucker,LV,WR,8.4,470.p.40114
4,Rose Bowl XIX,Concussion Protocol,false,BN,Carnell Tate,TEN,WR,21.5,470.p.42626
4,Rose Bowl XIX,Concussion Protocol,false,BN,Quentin Johnston,LAC,WR,5,470.p.40051
4,Rose Bowl XIX,Concussion Protocol,false,BN,Jacory Croskey-Merritt,WAS,RB,7,470.p.42010
4,Rose Bowl XIX,Concussion Protocol,false,BN,Caleb Williams,CHI,QB,0,470.p.40900
4,Rose Bowl XIX,Concussion Protocol,false,BN,A.J. Brown,NE,WR,0,470.p.31883
4,Rose Bowl XIX,Concussion Protocol,false,K,Harrison Mevis,LAR,K,7,470.p.41312
4,Rose Bowl XIX,Concussion Protocol,false,D,Nick Bolton,KC,LB,6.5,470.p.33446
4,Rose Bowl XIX,Concussion Protocol,false,D,Robert Spillane,NE,LB,8.5,470.p.31708
4,Rose Bowl XIX,Concussion Protocol,false,D,Devin Lloyd,CAR,LB,7,470.p.33982
4,Rose Bowl XIX,Concussion Protocol,false,BN,Barrett Carter,CIN,LB,9,470.p.41906
4,Rose Bowl XIX,Sir Nix A Lot,false,QB,Bo Nix,DEN,QB,15.56,470.p.40875
4,Rose Bowl XIX,Sir Nix A Lot,false,RB,Jonathan Taylor,IND,RB,22.7,470.p.32711
4,Rose Bowl XIX,Sir Nix A Lot,false,RB,Jeremiyah Love,ARI,RB,6.5,470.p.42625
4,Rose Bowl XIX,Sir Nix A Lot,false,WR,DJ Moore,BUF,WR,2.7,470.p.30994
4,Rose Bowl XIX,Sir Nix A Lot,false,WR,George Pickens,DAL,WR,9.5,470.p.34007
4,Rose Bowl XIX,Sir Nix A Lot,false,TE,Tyler Warren,IND,TE,9.1,470.p.41799
4,Rose Bowl XIX,Sir Nix A Lot,false,W/R,TreVeyon Henderson,NE,RB,4.2,470.p.41823
4,Rose Bowl XIX,Sir Nix A Lot,false,BN,MarShawn Lloyd,GB,RB,9.9,470.p.40971
4,Rose Bowl XIX,Sir Nix A Lot,false,BN,Stefon Diggs,WAS,WR,8.5,470.p.28534
4,Rose Bowl XIX,Sir Nix A Lot,false,BN,KC Concepcion Jr.,CLE,WR,11.8,470.p.42646
4,Rose Bowl XIX,Sir Nix A Lot,false,BN,Rachaad White,WAS,RB,0,470.p.34047
4,Rose Bowl XIX,Sir Nix A Lot,false,BN,Juwan Johnson,NO,TE,11.9,470.p.33113
4,Rose Bowl XIX,Sir Nix A Lot,false,BN,Isaac TeSlaa,DET,WR,13.5,470.p.41865
4,Rose Bowl XIX,Sir Nix A Lot,false,K,Jake Bates,DET,K,18,470.p.40835
4,Rose Bowl XIX,Sir Nix A Lot,false,D,Kyle Hamilton,BAL,S,9.5,470.p.33969
4,Rose Bowl XIX,Sir Nix A Lot,false,D,Nate Landman,LAR,LB,7,470.p.34291
4,Rose Bowl XIX,Sir Nix A Lot,false,D,Talanoa Hufanga,DEN,S,3,470.p.33568
4,Rose Bowl XIX,CallinginSickMonday,false,QB,Patrick Mahomes,KC,QB,21,470.p.30123
4,Rose Bowl XIX,CallinginSickMonday,false,RB,Ashton Jeanty,LV,RB,18.6,470.p.41791
4,Rose Bowl XIX,CallinginSickMonday,false,RB,Quinshon Judkins,CLE,RB,21.6,470.p.41821
4,Rose Bowl XIX,CallinginSickMonday,false,WR,Jaxon Smith-Njigba,SEA,WR,12.6,470.p.40041
4,Rose Bowl XIX,CallinginSickMonday,false,WR,Tetairoa McMillan,CAR,WR,45.2,470.p.41793
4,Rose Bowl XIX,CallinginSickMonday,false,TE,Harold Fannin Jr.,CLE,TE,11.7,470.p.41877
4,Rose Bowl XIX,CallinginSickMonday,false,W/R,Jordan Addison,MIN,WR,9.1,470.p.40042
4,Rose Bowl XIX,CallinginSickMonday,false,BN,Dak Prescott,DAL,QB,20.1,470.p.29369
4,Rose Bowl XIX,CallinginSickMonday,false,BN,Rome Odunze,CHI,WR,15.4,470.p.40901
4,Rose Bowl XIX,CallinginSickMonday,false,BN,Brian Thomas Jr.,JAX,WR,9.7,470.p.40883
4,Rose Bowl XIX,CallinginSickMonday,false,BN,Josh Jacobs,GB,RB,0,470.p.31856
4,Rose Bowl XIX,CallinginSickMonday,false,BN,Brenton Strange,JAX,TE,16.5,470.p.40078
4,Rose Bowl XIX,CallinginSickMonday,false,BN,Kendre Miller,NO,RB,1.9,470.p.40108
4,Rose Bowl XIX,CallinginSickMonday,false,IR,Breece Hall,NYJ,RB,0,470.p.33991
4,Rose Bowl XIX,CallinginSickMonday,false,K,Eddy Pineiro,SF,K,6,470.p.31482
4,Rose Bowl XIX,CallinginSickMonday,false,D,Jordyn Brooks,MIA,LB,10,470.p.32697
4,Rose Bowl XIX,CallinginSickMonday,false,D,Carson Schwesinger,CLE,LB,6,470.p.41818
4,Rose Bowl XIX,CallinginSickMonday,false,D,Roquan Smith,BAL,LB,3.5,470.p.30978
4,Rose Bowl XIX,Nabers of the Lost Ark,false,QB,Tyler Shough,NO,QB,17.94,470.p.41825
4,Rose Bowl XIX,Nabers of the Lost Ark,false,RB,Jahmyr Gibbs,DET,RB,17.7,470.p.40059
4,Rose Bowl XIX,Nabers of the Lost Ark,false,RB,Bhayshul Tuten,JAX,RB,11.1,470.p.41900
4,Rose Bowl XIX,Nabers of the Lost Ark,false,WR,Drake London,ATL,WR,14.6,470.p.33963
4,Rose Bowl XIX,Nabers of the Lost Ark,false,WR,Josh Downs,IND,WR,4.6,470.p.40126
4,Rose Bowl XIX,Nabers of the Lost Ark,false,TE,Sam LaPorta,DET,TE,22.4,470.p.40064
4,Rose Bowl XIX,Nabers of the Lost Ark,false,W/R,Garrett Wilson,NYJ,WR,5.7,470.p.33965
4,Rose Bowl XIX,Nabers of the Lost Ark,false,BN,Malik Nabers,NYG,WR,23.2,470.p.40899
4,Rose Bowl XIX,Nabers of the Lost Ark,false,BN,Jayden Daniels,WAS,QB,0,470.p.40896
4,Rose Bowl XIX,Nabers of the Lost Ark,false,BN,Wan'Dale Robinson,TEN,WR,11,470.p.33998
4,Rose Bowl XIX,Nabers of the Lost Ark,false,BN,Dalton Schultz,HOU,TE,2.9,470.p.31107
4,Rose Bowl XIX,Nabers of the Lost Ark,false,BN,Kenny Gainwell,TB,RB,10.7,470.p.33538
4,Rose Bowl XIX,Nabers of the Lost Ark,false,IR,Zach Charbonnet,SEA,RB,0,470.p.40075
4,Rose Bowl XIX,Nabers of the Lost Ark,false,K,Tyler Bass,BUF,K,8,470.p.32858
4,Rose Bowl XIX,Nabers of the Lost Ark,false,D,Demetrius Knight Jr.,CIN,LB,4.5,470.p.41834
4,Rose Bowl XIX,Nabers of the Lost Ark,false,D,Malaki Starks,BAL,S,8,470.p.41812
4,Rose Bowl XIX,Nabers of the Lost Ark,false,D,Julian Love,SEA,S,5,470.p.31940
4,Rose Bowl XIX,Nabers of the Lost Ark,false,BN,Derwin James Jr.,LAC,S,0,470.p.30987
4,Rose Bowl XIX,Panda XL,false,QB,Matthew Stafford,LAR,QB,9.68,470.p.9265
4,Rose Bowl XIX,Panda XL,false,RB,Kenneth Walker III,KC,RB,30.9,470.p.33996
4,Rose Bowl XIX,Panda XL,false,RB,Cam Skattebo,NYG,RB,7.6,470.p.41922
4,Rose Bowl XIX,Panda XL,false,WR,Rashid Shaheed,SEA,WR,16.1,470.p.34659
4,Rose Bowl XIX,Panda XL,false,WR,Parker Washington,JAX,WR,2.12,470.p.40234
4,Rose Bowl XIX,Panda XL,false,TE,Darren Waller,CAR,TE,6.6,470.p.28592
4,Rose Bowl XIX,Panda XL,false,W/R,J.K. Dobbins,DEN,RB,7.2,470.p.32725
4,Rose Bowl XIX,Panda XL,false,BN,Rashod Bateman,BAL,WR,6.6,470.p.33415
4,Rose Bowl XIX,Panda XL,false,BN,Jalen Hurts,PHI,QB,17.52,470.p.32723
4,Rose Bowl XIX,Panda XL,false,BN,Tyler Allgeier,ARI,RB,12.9,470.p.34107
4,Rose Bowl XIX,Panda XL,false,BN,Ladd McConkey,LAC,WR,0,470.p.40908
4,Rose Bowl XIX,Panda XL,false,BN,Justin Jefferson,MIN,WR,0,470.p.32692
4,Rose Bowl XIX,Panda XL,false,BN,Chris Godwin Jr.,TB,WR,9.1,470.p.30197
4,Rose Bowl XIX,Panda XL,false,K,Chris Boswell,PIT,K,4,470.p.28188
4,Rose Bowl XIX,Panda XL,false,D,Alex Singleton,DEN,LB,10.5,470.p.28716
4,Rose Bowl XIX,Panda XL,false,D,Aidan Hutchinson,DET,"DL,DE",2.5,470.p.33957
4,Rose Bowl XIX,Panda XL,false,D,Bobby Okereke,CAR,LB,6.5,470.p.31921
4,Rose Bowl XIX,Chubbtown Brownies,false,QB,Trevor Lawrence,JAX,QB,15.08,470.p.33389
4,Rose Bowl XIX,Chubbtown Brownies,false,RB,Chase Brown,CIN,RB,20.1,470.p.40196
4,Rose Bowl XIX,Chubbtown Brownies,false,RB,Alvin Kamara,NO,RB,22.8,470.p.30180
4,Rose Bowl XIX,Chubbtown Brownies,false,WR,CeeDee Lamb,DAL,WR,41.3,470.p.32687
4,Rose Bowl XIX,Chubbtown Brownies,false,WR,Jaylen Waddle,DEN,WR,14.5,470.p.33394
4,Rose Bowl XIX,Chubbtown Brownies,false,TE,George Kittle,SF,TE,17,470.p.30259
4,Rose Bowl XIX,Chubbtown Brownies,false,W/R,Jameson Williams,DET,WR,16.2,470.p.33967
4,Rose Bowl XIX,Chubbtown Brownies,false,BN,Denzel Boston,CLE,WR,13.9,470.p.42661
4,Rose Bowl XIX,Chubbtown Brownies,false,BN,Woody Marks,HOU,RB,8.2,470.p.41902
4,Rose Bowl XIX,Chubbtown Brownies,false,BN,DK Metcalf,PIT,WR,16.5,470.p.31896
4,Rose Bowl XIX,Chubbtown Brownies,false,BN,Dallas Goedert,PHI,TE,0,470.p.31019
4,Rose Bowl XIX,Chubbtown Brownies,false,BN,Emmett Johnson,KC,RB,3.96,470.p.42796
4,Rose Bowl XIX,Chubbtown Brownies,false,BN,Jordyn Tyson,NO,WR,0,470.p.42630
4,Rose Bowl XIX,Chubbtown Brownies,false,IR,Travis Etienne Jr.,NO,RB,0,470.p.33413
4,Rose Bowl XIX,Chubbtown Brownies,false,K,Chase McLaughlin,TB,K,2,470.p.32417
4,Rose Bowl XIX,Chubbtown Brownies,false,D,T.J. Watt,PIT,"LB,DE",12,470.p.30143
4,Rose Bowl XIX,Chubbtown Brownies,false,D,Sonny Styles,WAS,LB,6,470.p.42629
4,Rose Bowl XIX,Chubbtown Brownies,false,D,Chuck Clark,DET,"DB,S",5.5,470.p.30299
4,Rose Bowl XIX,L.V. Rosekillers,false,QB,Lamar Jackson,BAL,QB,22.88,470.p.31002
4,Rose Bowl XIX,L.V. Rosekillers,false,RB,Christian McCaffrey,SF,RB,16,470.p.30121
4,Rose Bowl XIX,L.V. Rosekillers,false,RB,Aaron Jones Sr.,MIN,RB,16.8,470.p.30295
4,Rose Bowl XIX,L.V. Rosekillers,false,WR,Nico Collins,HOU,WR,30.8,470.p.33477
4,Rose Bowl XIX,L.V. Rosekillers,false,WR,Michael Wilson,ARI,WR,16.5,470.p.40121
4,Rose Bowl XIX,L.V. Rosekillers,false,TE,Kenyon Sadiq,NYJ,TE,0,470.p.42638
4,Rose Bowl XIX,L.V. Rosekillers,false,W/R,Chuba Hubbard,CAR,RB,25.9,470.p.33514
4,Rose Bowl XIX,L.V. Rosekillers,false,BN,DeVonta Smith,PHI,WR,0,470.p.33398
4,Rose Bowl XIX,L.V. Rosekillers,false,BN,Mark Andrews,BAL,TE,13.7,470.p.31056
4,Rose Bowl XIX,L.V. Rosekillers,false,BN,Devaughn Vele,NO,WR,17.4,470.p.41097
4,Rose Bowl XIX,L.V. Rosekillers,false,BN,Rhamondre Stevenson,NE,RB,18.4,470.p.33508
4,Rose Bowl XIX,L.V. Rosekillers,false,BN,Kalif Raymond,CHI,WR,3.24,470.p.29631
4,Rose Bowl XIX,L.V. Rosekillers,false,BN,Tre' Harris,LAC,WR,9,470.p.41840
4,Rose Bowl XIX,L.V. Rosekillers,false,K,Brandon Aubrey,DAL,K,12,470.p.40819
4,Rose Bowl XIX,L.V. Rosekillers,false,D,Quentin Lake,LAR,"DB,S",4,470.p.34167
4,Rose Bowl XIX,L.V. Rosekillers,false,D,Greg Rousseau,BUF,"LB,DE",5,470.p.33418
4,Rose Bowl XIX,L.V. Rosekillers,false,D,Will Anderson Jr.,HOU,DE,8.5,470.p.40031
4,Rose Bowl XIX,Waiting for Basketball,false,QB,Brock Purdy,SF,QB,23.62,470.p.34218
4,Rose Bowl XIX,Waiting for Basketball,false,RB,Saquon Barkley,PHI,RB,2,470.p.30972
4,Rose Bowl XIX,Waiting for Basketball,false,RB,Jaylen Warren,PIT,RB,15.6,470.p.34447
4,Rose Bowl XIX,Waiting for Basketball,false,WR,Rashee Rice,KC,WR,0,470.p.40084
4,Rose Bowl XIX,Waiting for Basketball,false,WR,Deebo Samuel Sr.,SF,WR,19.96,470.p.31868
4,Rose Bowl XIX,Waiting for Basketball,false,TE,Colston Loveland,CHI,TE,11.7,470.p.41795
4,Rose Bowl XIX,Waiting for Basketball,false,W/R,Jauan Jennings,MIN,WR,1.8,470.p.32887
4,Rose Bowl XIX,Waiting for Basketball,false,BN,Mike Evans,SF,WR,12.6,470.p.27535
4,Rose Bowl XIX,Waiting for Basketball,false,BN,Jake Ferguson,DAL,TE,4.1,470.p.34085
4,Rose Bowl XIX,Waiting for Basketball,false,BN,Marvin Harrison Jr.,ARI,WR,9.2,470.p.40893
4,Rose Bowl XIX,Waiting for Basketball,false,BN,Mike Washington Jr.,LV,RB,2.7,470.p.42744
4,Rose Bowl XIX,Waiting for Basketball,false,BN,Kyle Monangai,CHI,RB,28,470.p.42025
4,Rose Bowl XIX,Waiting for Basketball,false,BN,De'Von Achane,MIA,RB,0,470.p.40118
4,Rose Bowl XIX,Waiting for Basketball,false,IR,Alec Pierce,IND,WR,0,470.p.34008
4,Rose Bowl XIX,Waiting for Basketball,false,K,Jason Myers,SEA,K,6,470.p.28378
4,Rose Bowl XIX,Waiting for Basketball,false,D,Fred Warner,SF,LB,7,470.p.31040
4,Rose Bowl XIX,Waiting for Basketball,false,D,Devin Bush,CHI,LB,6,470.p.31842
4,Rose Bowl XIX,Waiting for Basketball,false,D,Edgerrin Cooper,GB,LB,13.5,470.p.40938
4,Rose Bowl XIX,Bear Force One,false,QB,Bryce Young,CAR,QB,25.46,470.p.40029
4,Rose Bowl XIX,Bear Force One,false,RB,Javonte Williams,DAL,RB,31.3,470.p.33423
4,Rose Bowl XIX,Bear Force One,false,RB,Tony Pollard,TEN,RB,13,470.p.31960
4,Rose Bowl XIX,Bear Force One,false,WR,Puka Nacua,LAR,WR,27.7,470.p.40168
4,Rose Bowl XIX,Bear Force One,false,WR,Malik Washington,MIA,WR,12,470.p.41058
4,Rose Bowl XIX,Bear Force One,false,TE,Brock Bowers,LV,TE,20.6,470.p.40878
4,Rose Bowl XIX,Bear Force One,false,W/R,Emanuel Wilson,SEA,RB,28,470.p.40707
4,Rose Bowl XIX,Bear Force One,false,BN,Blake Corum,LAR,RB,3.1,470.p.40962
4,Rose Bowl XIX,Bear Force One,false,BN,Keenan Allen,IND,WR,0,470.p.26699
4,Rose Bowl XIX,Bear Force One,false,BN,Emeka Egbuka,TB,WR,3.3,470.p.41804
4,Rose Bowl XIX,Bear Force One,false,BN,Drake Maye,NE,QB,32.16,470.p.40881
4,Rose Bowl XIX,Bear Force One,false,BN,Kaelon Black,SF,RB,1.3,470.p.42712
4,Rose Bowl XIX,Bear Force One,false,BN,Ollie Gordon II,MIA,RB,18,470.p.41969
4,Rose Bowl XIX,Bear Force One,false,IR,Jordan Mason,MIN,RB,0,470.p.34320
4,Rose Bowl XIX,Bear Force One,false,K,Spencer Shrader,IND,K,16,470.p.41499
4,Rose Bowl XIX,Bear Force One,false,D,Jack Campbell,DET,LB,10,470.p.40036
4,Rose Bowl XIX,Bear Force One,false,D,Nakobe Dean,LV,LB,4,470.p.34039
4,Rose Bowl XIX,Bear Force One,false,D,Dillon Thieneman,CHI,S,3.5,470.p.42647
4,Rose Bowl XIX,Fat Lazy Americans,true,QB,Sam Darnold,SEA,QB,17.32,470.p.30973
4,Rose Bowl XIX,Fat Lazy Americans,true,RB,Kyren Williams,LAR,RB,37.7,470.p.34120
4,Rose Bowl XIX,Fat Lazy Americans,true,RB,Bucky Irving,TB,RB,6.1,470.p.40993
4,Rose Bowl XIX,Fat Lazy Americans,true,WR,Ja'Marr Chase,CIN,WR,5.7,470.p.33393
4,Rose Bowl XIX,Fat Lazy Americans,true,WR,Luther Burden III,CHI,WR,11.4,470.p.41824
4,Rose Bowl XIX,Fat Lazy Americans,true,TE,Tucker Kraft,GB,TE,17.5,470.p.40102
4,Rose Bowl XIX,Fat Lazy Americans,true,W/R,Chris Olave,NO,WR,19.6,470.p.33966
4,Rose Bowl XIX,Fat Lazy Americans,true,BN,Justin Herbert,LAC,QB,12.06,470.p.32676
4,Rose Bowl XIX,Fat Lazy Americans,true,BN,Matthew Golden,GB,WR,11.7,470.p.41808
4,Rose Bowl XIX,Fat Lazy Americans,true,BN,RJ Harvey,DEN,RB,21.86,470.p.41845
4,Rose Bowl XIX,Fat Lazy Americans,true,BN,Jalen Coker,CAR,WR,0,470.p.41293
4,Rose Bowl XIX,Fat Lazy Americans,true,BN,Dontayvion Wicks,PHI,WR,4.8,470.p.40201
4,Rose Bowl XIX,Fat Lazy Americans,true,K,Harrison Butker,KC,K,6,470.p.30346
4,Rose Bowl XIX,Fat Lazy Americans,true,D,Jamien Sherwood,NYJ,LB,12,470.p.33534
4,Rose Bowl XIX,Fat Lazy Americans,true,D,Ernest Jones IV,SEA,LB,16,470.p.33491
4,Rose Bowl XIX,Fat Lazy Americans,true,D,Josiah Trotter,TB,LB,8,470.p.42668
4,Rose Bowl XIX,Fat Lazy Americans,true,BN,Cedric Gray,TEN,LB,4,470.p.40988
4,Rose Bowl XIX,OUTLAWS,false,QB,Joe Burrow,CIN,QB,25.72,470.p.32671
4,Rose Bowl XIX,OUTLAWS,false,RB,James Cook III,BUF,RB,16.3,470.p.34019
4,Rose Bowl XIX,OUTLAWS,false,RB,Omarion Hampton,LAC,RB,13.3,470.p.41807
4,Rose Bowl XIX,OUTLAWS,false,WR,Tee Higgins,CIN,WR,26.7,470.p.32703
4,Rose Bowl XIX,OUTLAWS,false,WR,Zay Flowers,BAL,WR,25.8,470.p.40039
4,Rose Bowl XIX,OUTLAWS,false,TE,Dalton Kincaid,BUF,TE,1.7,470.p.40048
4,Rose Bowl XIX,OUTLAWS,false,W/R,Jadarian Price,SEA,RB,0,470.p.42654
4,Rose Bowl XIX,OUTLAWS,false,BN,Makai Lemon,PHI,WR,5.7,470.p.42642
4,Rose Bowl XIX,OUTLAWS,false,BN,Jaxson Dart,NYG,QB,0,470.p.41810
4,Rose Bowl XIX,OUTLAWS,false,BN,Jakobi Meyers,JAX,WR,6.3,470.p.32231
4,Rose Bowl XIX,OUTLAWS,false,BN,Keaton Mitchell,LAC,RB,12.42,470.p.40641
4,Rose Bowl XIX,OUTLAWS,false,BN,Chig Okonkwo,WAS,TE,2.5,470.p.34099
4,Rose Bowl XIX,OUTLAWS,false,K,Will Reichard,MIN,K,19,470.p.41093
4,Rose Bowl XIX,OUTLAWS,false,D,Marcus Jones,NE,"DB,CB",6.22,470.p.34041
4,Rose Bowl XIX,OUTLAWS,false,D,Juanyeh Thomas,DAL,S,0,470.p.34595
4,Rose Bowl XIX,OUTLAWS,false,D,Josh Blackwell,CHI,"DB,CB",0,470.p.34375
4,Rose Bowl XIX,OUTLAWS,false,BN,Malachi Moore,NYJ,S,1,470.p.41895
4,CC Bowl XV CHAMPIONS LEAGUE,Fat Lazy Americans,true,QB,Josh Allen,BUF,QB,20.52,470.p.30977
4,CC Bowl XV CHAMPIONS LEAGUE,Fat Lazy Americans,true,RB,Bijan Robinson,ATL,RB,29.7,470.p.40055
4,CC Bowl XV CHAMPIONS LEAGUE,Fat Lazy Americans,true,RB,Bucky Irving,TB,RB,6.1,470.p.40993
4,CC Bowl XV CHAMPIONS LEAGUE,Fat Lazy Americans,true,WR,Drake London,ATL,WR,14.6,470.p.33963
4,CC Bowl XV CHAMPIONS LEAGUE,Fat Lazy Americans,true,WR,Garrett Wilson,NYJ,WR,5.7,470.p.33965
4,CC Bowl XV CHAMPIONS LEAGUE,Fat Lazy Americans,true,TE,Trey McBride,ARI,TE,10.1,470.p.34010
4,CC Bowl XV CHAMPIONS LEAGUE,Fat Lazy Americans,true,W/R/T,Brock Bowers,LV,TE,20.6,470.p.40878
4,CC Bowl XV CHAMPIONS LEAGUE,Fat Lazy Americans,true,BN,Rashee Rice,KC,WR,0,470.p.40084
4,CC Bowl XV CHAMPIONS LEAGUE,Fat Lazy Americans,true,BN,Davante Adams,LAR,WR,7.2,470.p.27581
4,CC Bowl XV CHAMPIONS LEAGUE,Fat Lazy Americans,true,BN,Quinshon Judkins,CLE,RB,21.6,470.p.41821
4,CC Bowl XV CHAMPIONS LEAGUE,Fat Lazy Americans,true,BN,Dak Prescott,DAL,QB,22.1,470.p.29369
4,CC Bowl XV CHAMPIONS LEAGUE,Fat Lazy Americans,true,K,Cairo Santos,CHI,K,11,470.p.28227
4,CC Bowl XV CHAMPIONS LEAGUE,Fat Lazy Americans,true,DEF,Jaguars,JAX,DEF,15,470.p.100030
4,CC Bowl XV CHAMPIONS LEAGUE,Fat Lazy Americans,true,D,Jordyn Brooks,MIA,LB,10,470.p.32697
4,CC Bowl XV CHAMPIONS LEAGUE,Fat Lazy Americans,true,D,Jack Campbell,DET,LB,10,470.p.40036
4,CC Bowl XV CHAMPIONS LEAGUE,Fat Lazy Americans,true,BN,Carson Schwesinger,CLE,LB,6,470.p.41818
4,CC Bowl XV CHAMPIONS LEAGUE,CallingInSickMonday,false,QB,Lamar Jackson,BAL,QB,22.88,470.p.31002
4,CC Bowl XV CHAMPIONS LEAGUE,CallingInSickMonday,false,RB,Saquon Barkley,PHI,RB,2,470.p.30972
4,CC Bowl XV CHAMPIONS LEAGUE,CallingInSickMonday,false,RB,Jaylen Warren,PIT,RB,15.6,470.p.34447
4,CC Bowl XV CHAMPIONS LEAGUE,CallingInSickMonday,false,WR,Amon-Ra St. Brown,DET,WR,15.5,470.p.33500
4,CC Bowl XV CHAMPIONS LEAGUE,CallingInSickMonday,false,WR,Josh Downs,IND,WR,4.6,470.p.40126
4,CC Bowl XV CHAMPIONS LEAGUE,CallingInSickMonday,false,TE,Travis Kelce,KC,TE,3.5,470.p.26686
4,CC Bowl XV CHAMPIONS LEAGUE,CallingInSickMonday,false,W/R/T,Chuba Hubbard,CAR,RB,27.9,470.p.33514
4,CC Bowl XV CHAMPIONS LEAGUE,CallingInSickMonday,false,BN,George Kittle,SF,TE,17,470.p.30259
4,CC Bowl XV CHAMPIONS LEAGUE,CallingInSickMonday,false,BN,Mike Evans,SF,WR,12.6,470.p.27535
4,CC Bowl XV CHAMPIONS LEAGUE,CallingInSickMonday,false,BN,DeVonta Smith,PHI,WR,0,470.p.33398
4,CC Bowl XV CHAMPIONS LEAGUE,CallingInSickMonday,false,BN,Travis Etienne Jr.,NO,RB,0,470.p.33413
4,CC Bowl XV CHAMPIONS LEAGUE,CallingInSickMonday,false,IR,A.J. Brown,NE,WR,0,470.p.31883
4,CC Bowl XV CHAMPIONS LEAGUE,CallingInSickMonday,false,K,Brandon Aubrey,DAL,K,12,470.p.40819
4,CC Bowl XV CHAMPIONS LEAGUE,CallingInSickMonday,false,DEF,Steelers,PIT,DEF,11,470.p.100023
4,CC Bowl XV CHAMPIONS LEAGUE,CallingInSickMonday,false,BN,Chiefs,KC,DEF,8,470.p.100012
4,CC Bowl XV CHAMPIONS LEAGUE,CallingInSickMonday,false,D,Roquan Smith,BAL,LB,3.5,470.p.30978
4,CC Bowl XV CHAMPIONS LEAGUE,CallingInSickMonday,false,D,Fred Warner,SF,LB,7,470.p.31040
4,CC Bowl XV CHAMPIONS LEAGUE,KC Masterpiece,false,QB,Justin Herbert,LAC,QB,12.06,470.p.32676
4,CC Bowl XV CHAMPIONS LEAGUE,KC Masterpiece,false,RB,James Cook III,BUF,RB,16.3,470.p.34019
4,CC Bowl XV CHAMPIONS LEAGUE,KC Masterpiece,false,RB,D'Andre Swift,CHI,RB,7.4,470.p.32705
4,CC Bowl XV CHAMPIONS LEAGUE,KC Masterpiece,false,WR,Jaxon Smith-Njigba,SEA,WR,12.6,470.p.40041
4,CC Bowl XV CHAMPIONS LEAGUE,KC Masterpiece,false,WR,Chris Olave,NO,WR,20.6,470.p.33966
4,CC Bowl XV CHAMPIONS LEAGUE,KC Masterpiece,false,TE,Tyler Warren,IND,TE,9.1,470.p.41799
4,CC Bowl XV CHAMPIONS LEAGUE,KC Masterpiece,false,W/R/T,Malik Nabers,NYG,WR,24.2,470.p.40899
4,CC Bowl XV CHAMPIONS LEAGUE,KC Masterpiece,false,BN,Ladd McConkey,LAC,WR,0,470.p.40908
4,CC Bowl XV CHAMPIONS LEAGUE,KC Masterpiece,false,BN,Rhamondre Stevenson,NE,RB,18.4,470.p.33508
4,CC Bowl XV CHAMPIONS LEAGUE,KC Masterpiece,false,BN,TreVeyon Henderson,NE,RB,4.2,470.p.41823
4,CC Bowl XV CHAMPIONS LEAGUE,KC Masterpiece,false,BN,Dallas Goedert,PHI,TE,0,470.p.31019
4,CC Bowl XV CHAMPIONS LEAGUE,KC Masterpiece,false,BN,Jared Goff,DET,QB,27.48,470.p.29235
4,CC Bowl XV CHAMPIONS LEAGUE,KC Masterpiece,false,K,Will Reichard,MIN,K,19,470.p.41093
4,CC Bowl XV CHAMPIONS LEAGUE,KC Masterpiece,false,DEF,Texans,HOU,DEF,8,470.p.100034
4,CC Bowl XV CHAMPIONS LEAGUE,KC Masterpiece,false,D,Marcus Jones,NE,"DB,CB",6.22,470.p.34041
4,CC Bowl XV CHAMPIONS LEAGUE,KC Masterpiece,false,D,Jalen Reeves-Maybin,CHI,LB,0,470.p.30237
4,CC Bowl XV CHAMPIONS LEAGUE,Ninja Goblins,false,QB,Kyler Murray,MIN,QB,11.48,470.p.31833
4,CC Bowl XV CHAMPIONS LEAGUE,Ninja Goblins,false,RB,Ashton Jeanty,LV,RB,18.6,470.p.41791
4,CC Bowl XV CHAMPIONS LEAGUE,Ninja Goblins,false,RB,Kenny Gainwell,TB,RB,10.7,470.p.33538
4,CC Bowl XV CHAMPIONS LEAGUE,Ninja Goblins,false,WR,CeeDee Lamb,DAL,WR,44.3,470.p.32687
4,CC Bowl XV CHAMPIONS LEAGUE,Ninja Goblins,false,WR,DJ Moore,BUF,WR,2.7,470.p.30994
4,CC Bowl XV CHAMPIONS LEAGUE,Ninja Goblins,false,TE,Dalton Kincaid,BUF,TE,1.7,470.p.40048
4,CC Bowl XV CHAMPIONS LEAGUE,Ninja Goblins,false,W/R/T,Harold Fannin Jr.,CLE,TE,11.7,470.p.41877
4,CC Bowl XV CHAMPIONS LEAGUE,Ninja Goblins,false,BN,Quentin Johnston,LAC,WR,5,470.p.40051
4,CC Bowl XV CHAMPIONS LEAGUE,Ninja Goblins,false,BN,Jonathan Taylor,IND,RB,22.7,470.p.32711
4,CC Bowl XV CHAMPIONS LEAGUE,Ninja Goblins,false,BN,Jalen Hurts,PHI,QB,17.52,470.p.32723
4,CC Bowl XV CHAMPIONS LEAGUE,Ninja Goblins,false,BN,Bhayshul Tuten,JAX,RB,11.1,470.p.41900
4,CC Bowl XV CHAMPIONS LEAGUE,Ninja Goblins,false,BN,MarShawn Lloyd,GB,RB,9.9,470.p.40971
4,CC Bowl XV CHAMPIONS LEAGUE,Ninja Goblins,false,K,Cam Little,JAX,K,14,470.p.41062
4,CC Bowl XV CHAMPIONS LEAGUE,Ninja Goblins,false,DEF,Broncos,DEN,DEF,8,470.p.100007
4,CC Bowl XV CHAMPIONS LEAGUE,Ninja Goblins,false,D,Nick Bolton,KC,LB,6.5,470.p.33446
4,CC Bowl XV CHAMPIONS LEAGUE,Ninja Goblins,false,D,Nate Landman,LAR,LB,7,470.p.34291
4,CC Bowl XV CHAMPIONS LEAGUE,The Omen,false,QB,Bryce Young,CAR,QB,27.46,470.p.40029
4,CC Bowl XV CHAMPIONS LEAGUE,The Omen,false,RB,Derrick Henry,BAL,RB,15.9,470.p.29279
4,CC Bowl XV CHAMPIONS LEAGUE,The Omen,false,RB,Aaron Jones Sr.,MIN,RB,16.8,470.p.30295
4,CC Bowl XV CHAMPIONS LEAGUE,The Omen,false,WR,Christian Watson,GB,WR,7.7,470.p.33989
4,CC Bowl XV CHAMPIONS LEAGUE,The Omen,false,WR,Zay Flowers,BAL,WR,26.8,470.p.40039
4,CC Bowl XV CHAMPIONS LEAGUE,The Omen,false,TE,Juwan Johnson,NO,TE,11.9,470.p.33113
4,CC Bowl XV CHAMPIONS LEAGUE,The Omen,false,W/R/T,Jahmyr Gibbs,DET,RB,17.7,470.p.40059
4,CC Bowl XV CHAMPIONS LEAGUE,The Omen,false,BN,Tyler Shough,NO,QB,17.94,470.p.41825
4,CC Bowl XV CHAMPIONS LEAGUE,The Omen,false,BN,Tee Higgins,CIN,WR,29.7,470.p.32703
4,CC Bowl XV CHAMPIONS LEAGUE,The Omen,false,BN,Tucker Kraft,GB,TE,17.5,470.p.40102
4,CC Bowl XV CHAMPIONS LEAGUE,The Omen,false,BN,Omarion Hampton,LAC,RB,13.3,470.p.41807
4,CC Bowl XV CHAMPIONS LEAGUE,The Omen,false,BN,Trevor Lawrence,JAX,QB,15.08,470.p.33389
4,CC Bowl XV CHAMPIONS LEAGUE,The Omen,false,K,Evan McPherson,CIN,K,6,470.p.33537
4,CC Bowl XV CHAMPIONS LEAGUE,The Omen,false,DEF,Vikings,MIN,DEF,15,470.p.100016
4,CC Bowl XV CHAMPIONS LEAGUE,The Omen,false,D,Greg Rousseau,BUF,"LB,DE",5,470.p.33418
4,CC Bowl XV CHAMPIONS LEAGUE,The Omen,false,D,Devin Lloyd,CAR,LB,7,470.p.33982
4,CC Bowl XV CHAMPIONS LEAGUE,Prestige Worldwide,false,QB,Patrick Mahomes,KC,QB,21,470.p.30123
4,CC Bowl XV CHAMPIONS LEAGUE,Prestige Worldwide,false,RB,Cam Skattebo,NYG,RB,7.6,470.p.41922
4,CC Bowl XV CHAMPIONS LEAGUE,Prestige Worldwide,false,RB,Jeremiyah Love,ARI,RB,6.5,470.p.42625
4,CC Bowl XV CHAMPIONS LEAGUE,Prestige Worldwide,false,WR,Puka Nacua,LAR,WR,28.7,470.p.40168
4,CC Bowl XV CHAMPIONS LEAGUE,Prestige Worldwide,false,WR,Matthew Golden,GB,WR,11.7,470.p.41808
4,CC Bowl XV CHAMPIONS LEAGUE,Prestige Worldwide,false,TE,Colston Loveland,CHI,TE,11.7,470.p.41795
4,CC Bowl XV CHAMPIONS LEAGUE,Prestige Worldwide,false,W/R/T,Nico Collins,HOU,WR,31.8,470.p.33477
4,CC Bowl XV CHAMPIONS LEAGUE,Prestige Worldwide,false,BN,Justin Jefferson,MIN,WR,0,470.p.32692
4,CC Bowl XV CHAMPIONS LEAGUE,Prestige Worldwide,false,BN,Javonte Williams,DAL,RB,31.3,470.p.33423
4,CC Bowl XV CHAMPIONS LEAGUE,Prestige Worldwide,false,BN,David Montgomery,HOU,RB,4.3,470.p.31905
4,CC Bowl XV CHAMPIONS LEAGUE,Prestige Worldwide,false,BN,Terry McLaurin,WAS,WR,0,470.p.31908
4,CC Bowl XV CHAMPIONS LEAGUE,Prestige Worldwide,false,BN,Caleb Williams,CHI,QB,0,470.p.40900
4,CC Bowl XV CHAMPIONS LEAGUE,Prestige Worldwide,false,K,Jason Myers,SEA,K,6,470.p.28378
4,CC Bowl XV CHAMPIONS LEAGUE,Prestige Worldwide,false,DEF,Seahawks,SEA,DEF,19,470.p.100026
4,CC Bowl XV CHAMPIONS LEAGUE,Prestige Worldwide,false,D,Zack Baun,PHI,LB,0,470.p.32744
4,CC Bowl XV CHAMPIONS LEAGUE,Prestige Worldwide,false,D,Nakobe Dean,LV,LB,4,470.p.34039
4,CC Bowl XV CHAMPIONS LEAGUE,Ava's Mafia,false,QB,Joe Burrow,CIN,QB,30.72,470.p.32671
4,CC Bowl XV CHAMPIONS LEAGUE,Ava's Mafia,false,RB,Chase Brown,CIN,RB,20.1,470.p.40196
4,CC Bowl XV CHAMPIONS LEAGUE,Ava's Mafia,false,WR,Ja'Marr Chase,CIN,WR,5.7,470.p.33393
4,CC Bowl XV CHAMPIONS LEAGUE,Ava's Mafia,false,WR,Jaylen Waddle,DEN,WR,14.5,470.p.33394
4,CC Bowl XV CHAMPIONS LEAGUE,Ava's Mafia,false,TE,Sam LaPorta,DET,TE,22.4,470.p.40064
4,CC Bowl XV CHAMPIONS LEAGUE,Ava's Mafia,false,W/R/T,Parker Washington,JAX,WR,2.12,470.p.40234
4,CC Bowl XV CHAMPIONS LEAGUE,Ava's Mafia,false,BN,Breece Hall,NYJ,RB,0,470.p.33991
4,CC Bowl XV CHAMPIONS LEAGUE,Ava's Mafia,false,BN,Jameson Williams,DET,WR,17.2,470.p.33967
4,CC Bowl XV CHAMPIONS LEAGUE,Ava's Mafia,false,BN,Jonathon Brooks,CAR,RB,0,470.p.40926
4,CC Bowl XV CHAMPIONS LEAGUE,Ava's Mafia,false,BN,Brock Purdy,SF,QB,23.62,470.p.34218
4,CC Bowl XV CHAMPIONS LEAGUE,Ava's Mafia,false,BN,Mark Andrews,BAL,TE,13.7,470.p.31056
4,CC Bowl XV CHAMPIONS LEAGUE,Ava's Mafia,false,IR,De'Von Achane,MIA,RB,0,470.p.40118
4,CC Bowl XV CHAMPIONS LEAGUE,Ava's Mafia,false,K,Ka'imi Fairbairn,HOU,K,16,470.p.29792
4,CC Bowl XV CHAMPIONS LEAGUE,Ava's Mafia,false,DEF,Ravens,BAL,DEF,13,470.p.100033
4,CC Bowl XV CHAMPIONS LEAGUE,Ava's Mafia,false,D,Foyesade Oluokun,JAX,LB,13.5,470.p.31170
4,CC Bowl XV CHAMPIONS LEAGUE,Ava's Mafia,false,D,Divine Deablo,ATL,LB,3,470.p.33468
4,CC Bowl XV CHAMPIONS LEAGUE,Isotopes,false,QB,Drake Maye,NE,QB,32.16,470.p.40881
4,CC Bowl XV CHAMPIONS LEAGUE,Isotopes,false,RB,Christian McCaffrey,SF,RB,16,470.p.30121
4,CC Bowl XV CHAMPIONS LEAGUE,Isotopes,false,RB,Kenneth Walker III,KC,RB,35.9,470.p.33996
4,CC Bowl XV CHAMPIONS LEAGUE,Isotopes,false,WR,George Pickens,DAL,WR,9.5,470.p.34007
4,CC Bowl XV CHAMPIONS LEAGUE,Isotopes,false,WR,Tetairoa McMillan,CAR,WR,48.2,470.p.41793
4,CC Bowl XV CHAMPIONS LEAGUE,Isotopes,false,TE,Kyle Pitts Sr.,ATL,TE,7.7,470.p.33392
4,CC Bowl XV CHAMPIONS LEAGUE,Isotopes,false,W/R/T,Kyren Williams,LAR,RB,37.7,470.p.34120
4,CC Bowl XV CHAMPIONS LEAGUE,Isotopes,false,BN,Luther Burden III,CHI,WR,11.4,470.p.41824
4,CC Bowl XV CHAMPIONS LEAGUE,Isotopes,false,BN,Jadarian Price,SEA,RB,0,470.p.42654
4,CC Bowl XV CHAMPIONS LEAGUE,Isotopes,false,BN,Marvin Harrison Jr.,ARI,WR,9.2,470.p.40893
4,CC Bowl XV CHAMPIONS LEAGUE,Isotopes,false,BN,Jaxson Dart,NYG,QB,0,470.p.41810
4,CC Bowl XV CHAMPIONS LEAGUE,Isotopes,false,BN,Isaiah Likely,NYG,TE,13.6,470.p.34095
4,CC Bowl XV CHAMPIONS LEAGUE,Isotopes,false,K,Tyler Loop,BAL,K,8,470.p.41988
4,CC Bowl XV CHAMPIONS LEAGUE,Isotopes,false,DEF,Rams,LAR,DEF,17,470.p.100014
4,CC Bowl XV CHAMPIONS LEAGUE,Isotopes,false,D,Deonte Banks,NYG,CB,15.5,470.p.40053
4,CC Bowl XV CHAMPIONS LEAGUE,Isotopes,false,D,Dell Pettus,NE,S,0,470.p.41413
4,RFI XIX,Sheriff Of Paddy's,false,QB,Trevor Lawrence,JAX,QB,15.08,470.p.33389
4,RFI XIX,Sheriff Of Paddy's,false,RB,Jahmyr Gibbs,DET,RB,13.7,470.p.40059
4,RFI XIX,Sheriff Of Paddy's,false,RB,Quinshon Judkins,CLE,RB,17.1,470.p.41821
4,RFI XIX,Sheriff Of Paddy's,false,WR,Chris Olave,NO,WR,14.1,470.p.33966
4,RFI XIX,Sheriff Of Paddy's,false,WR,Davante Adams,LAR,WR,4.2,470.p.27581
4,RFI XIX,Sheriff Of Paddy's,false,TE,George Kittle,SF,TE,13.5,470.p.30259
4,RFI XIX,Sheriff Of Paddy's,false,W/R/T,Michael Wilson,ARI,WR,12.5,470.p.40121
4,RFI XIX,Sheriff Of Paddy's,false,BN,Breece Hall,NYJ,RB,0,470.p.33991
4,RFI XIX,Sheriff Of Paddy's,false,BN,Terry McLaurin,WAS,WR,0,470.p.31908
4,RFI XIX,Sheriff Of Paddy's,false,BN,Isaiah Likely,NYG,TE,8.1,470.p.34095
4,RFI XIX,Sheriff Of Paddy's,false,BN,Mike Washington Jr.,LV,RB,1.7,470.p.42744
4,RFI XIX,Sheriff Of Paddy's,false,BN,Caleb Douglas,MIA,WR,0,470.p.42697
4,RFI XIX,Sheriff Of Paddy's,false,BN,Braelon Allen,NYJ,RB,7.2,470.p.40981
4,RFI XIX,Sheriff Of Paddy's,false,K,Jason Myers,SEA,K,5,470.p.28378
4,RFI XIX,Sheriff Of Paddy's,false,DEF,Packers,GB,DEF,8,470.p.100009
4,RFI XIX,Doug Exeter,false,QB,Lamar Jackson,BAL,QB,22.88,470.p.31002
4,RFI XIX,Doug Exeter,false,RB,Jeremiyah Love,ARI,RB,5.5,470.p.42625
4,RFI XIX,Doug Exeter,false,RB,Kyren Williams,LAR,RB,28.2,470.p.34120
4,RFI XIX,Doug Exeter,false,WR,Jaxon Smith-Njigba,SEA,WR,9.1,470.p.40041
4,RFI XIX,Doug Exeter,false,WR,Matthew Golden,GB,WR,9.2,470.p.41808
4,RFI XIX,Doug Exeter,false,TE,Kenyon Sadiq,NYJ,TE,0,470.p.42638
4,RFI XIX,Doug Exeter,false,W/R/T,Jacory Croskey-Merritt,WAS,RB,5.5,470.p.42010
4,RFI XIX,Doug Exeter,false,BN,Emeka Egbuka,TB,WR,1.8,470.p.41804
4,RFI XIX,Doug Exeter,false,BN,Rome Odunze,CHI,WR,11.4,470.p.40901
4,RFI XIX,Doug Exeter,false,BN,Jared Goff,DET,QB,27.48,470.p.29235
4,RFI XIX,Doug Exeter,false,BN,Denzel Boston,CLE,WR,10.4,470.p.42661
4,RFI XIX,Doug Exeter,false,BN,Kenny Gainwell,TB,RB,9.2,470.p.33538
4,RFI XIX,Doug Exeter,false,K,Trey Smack,GB,K,7,470.p.42838
4,RFI XIX,Doug Exeter,false,DEF,Browns,CLE,DEF,9,470.p.100005
4,RFI XIX,Doug Exeter,false,BN,Broncos,DEN,DEF,2,470.p.100007
4,RFI XIX,Fat Lazy AmAndicans,true,QB,Joe Burrow,CIN,QB,30.72,470.p.32671
4,RFI XIX,Fat Lazy AmAndicans,true,RB,D'Andre Swift,CHI,RB,5.9,470.p.32705
4,RFI XIX,Fat Lazy AmAndicans,true,RB,Jonathan Taylor,IND,RB,21.7,470.p.32711
4,RFI XIX,Fat Lazy AmAndicans,true,WR,Parker Washington,JAX,WR,1.12,470.p.40234
4,RFI XIX,Fat Lazy AmAndicans,true,WR,Deebo Samuel Sr.,SF,WR,15.46,470.p.31868
4,RFI XIX,Fat Lazy AmAndicans,true,TE,Dalton Kincaid,BUF,TE,0.7,470.p.40048
4,RFI XIX,Fat Lazy AmAndicans,true,W/R/T,David Montgomery,HOU,RB,4.3,470.p.31905
4,RFI XIX,Fat Lazy AmAndicans,true,BN,Quentin Johnston,LAC,WR,4.5,470.p.40051
4,RFI XIX,Fat Lazy AmAndicans,true,BN,Tucker Kraft,GB,TE,12,470.p.40102
4,RFI XIX,Fat Lazy AmAndicans,true,BN,A.J. Brown,NE,WR,0,470.p.31883
4,RFI XIX,Fat Lazy AmAndicans,true,BN,Jordan Mason,MIN,RB,0,470.p.34320
4,RFI XIX,Fat Lazy AmAndicans,true,BN,Dontayvion Wicks,PHI,WR,2.3,470.p.40201
4,RFI XIX,Fat Lazy AmAndicans,true,BN,Sam Darnold,SEA,QB,17.32,470.p.30973
4,RFI XIX,Fat Lazy AmAndicans,true,K,Eddy Pineiro,SF,K,6,470.p.31482
4,RFI XIX,Fat Lazy AmAndicans,true,DEF,Texans,HOU,DEF,4,470.p.100034
4,RFI XIX,NotSoNewlyWedz,false,QB,Dak Prescott,DAL,QB,20.1,470.p.29369
4,RFI XIX,NotSoNewlyWedz,false,RB,Bucky Irving,TB,RB,6.1,470.p.40993
4,RFI XIX,NotSoNewlyWedz,false,RB,Alvin Kamara,NO,RB,18.3,470.p.30180
4,RFI XIX,NotSoNewlyWedz,false,WR,CeeDee Lamb,DAL,WR,29.8,470.p.32687
4,RFI XIX,NotSoNewlyWedz,false,WR,Tee Higgins,CIN,WR,19.7,470.p.32703
4,RFI XIX,NotSoNewlyWedz,false,TE,Sam LaPorta,DET,TE,16.9,470.p.40064
4,RFI XIX,NotSoNewlyWedz,false,W/R/T,Jaylen Warren,PIT,RB,13.1,470.p.34447
4,RFI XIX,NotSoNewlyWedz,false,BN,Brian Thomas Jr.,JAX,WR,8.2,470.p.40883
4,RFI XIX,NotSoNewlyWedz,false,BN,Michael Pittman Jr.,PIT,WR,1.5,470.p.32704
4,RFI XIX,NotSoNewlyWedz,false,BN,Chris Rodriguez Jr.,JAX,RB,9.5,470.p.40231
4,RFI XIX,NotSoNewlyWedz,false,BN,Khalil Shakir,BUF,WR,7.2,470.p.34104
4,RFI XIX,NotSoNewlyWedz,false,BN,Jordan Love,GB,QB,17.08,470.p.32696
4,RFI XIX,NotSoNewlyWedz,false,BN,Keaton Mitchell,LAC,RB,8.42,470.p.40641
4,RFI XIX,NotSoNewlyWedz,false,K,Harrison Butker,KC,K,6,470.p.30346
4,RFI XIX,NotSoNewlyWedz,false,DEF,Seahawks,SEA,DEF,12,470.p.100026
4,RFI XIX,Golden Domers 4 J&J,false,QB,Bryce Young,CAR,QB,25.46,470.p.40029
4,RFI XIX,Golden Domers 4 J&J,false,RB,James Cook III,BUF,RB,14.3,470.p.34019
4,RFI XIX,Golden Domers 4 J&J,false,RB,Javonte Williams,DAL,RB,26.8,470.p.33423
4,RFI XIX,Golden Domers 4 J&J,false,WR,Rashee Rice,KC,WR,0,470.p.40084
4,RFI XIX,Golden Domers 4 J&J,false,WR,DK Metcalf,PIT,WR,14,470.p.31896
4,RFI XIX,Golden Domers 4 J&J,false,TE,Jake Ferguson,DAL,TE,1.6,470.p.34085
4,RFI XIX,Golden Domers 4 J&J,false,W/R/T,Jakobi Meyers,JAX,WR,4.3,470.p.32231
4,RFI XIX,Golden Domers 4 J&J,false,BN,Jadarian Price,SEA,RB,0,470.p.42654
4,RFI XIX,Golden Domers 4 J&J,false,BN,Mark Andrews,BAL,TE,9.7,470.p.31056
4,RFI XIX,Golden Domers 4 J&J,false,BN,Courtland Sutton,DEN,WR,0.9,470.p.31010
4,RFI XIX,Golden Domers 4 J&J,false,BN,Aaron Rodgers,PIT,QB,27.96,470.p.7200
4,RFI XIX,Golden Domers 4 J&J,false,BN,Caleb Williams,CHI,QB,0,470.p.40900
4,RFI XIX,Golden Domers 4 J&J,false,BN,Josh Jacobs,GB,RB,0,470.p.31856
4,RFI XIX,Golden Domers 4 J&J,false,K,Will Reichard,MIN,K,19,470.p.41093
4,RFI XIX,Golden Domers 4 J&J,false,DEF,Rams,LAR,DEF,5,470.p.100014
4,RFI XIX,CousinCamp,false,QB,Brock Purdy,SF,QB,23.62,470.p.34218
4,RFI XIX,CousinCamp,false,RB,Aaron Jones Sr.,MIN,RB,13.8,470.p.30295
4,RFI XIX,CousinCamp,false,RB,Ashton Jeanty,LV,RB,14.1,470.p.41791
4,RFI XIX,CousinCamp,false,WR,Zay Flowers,BAL,WR,19.8,470.p.40039
4,RFI XIX,CousinCamp,false,WR,Nico Collins,HOU,WR,26.3,470.p.33477
4,RFI XIX,CousinCamp,false,TE,Harold Fannin Jr.,CLE,TE,9.7,470.p.41877
4,RFI XIX,CousinCamp,false,W/R/T,Amon-Ra St. Brown,DET,WR,9.5,470.p.33500
4,RFI XIX,CousinCamp,false,BN,DJ Moore,BUF,WR,2.2,470.p.30994
4,RFI XIX,CousinCamp,false,BN,Bo Nix,DEN,QB,15.56,470.p.40875
4,RFI XIX,CousinCamp,false,BN,KC Concepcion Jr.,CLE,WR,7.8,470.p.42646
4,RFI XIX,CousinCamp,false,BN,Emanuel Wilson,SEA,RB,25,470.p.40707
4,RFI XIX,CousinCamp,false,BN,Jaylen Wright,MIA,RB,4.58,470.p.41010
4,RFI XIX,CousinCamp,false,BN,Kendre Miller,NO,RB,-0.1,470.p.40108
4,RFI XIX,CousinCamp,false,K,Tyler Loop,BAL,K,8,470.p.41988
4,RFI XIX,CousinCamp,false,DEF,Chiefs,KC,DEF,4,470.p.100012
4,RFI XIX,Tremendous Slouch,false,QB,Josh Allen,BUF,QB,20.52,470.p.30977
4,RFI XIX,Tremendous Slouch,false,RB,Christian McCaffrey,SF,RB,13,470.p.30121
4,RFI XIX,Tremendous Slouch,false,RB,Bhayshul Tuten,JAX,RB,9.1,470.p.41900
4,RFI XIX,Tremendous Slouch,false,WR,Christian Watson,GB,WR,5.7,470.p.33989
4,RFI XIX,Tremendous Slouch,false,WR,Kalif Raymond,CHI,WR,1.24,470.p.29631
4,RFI XIX,Tremendous Slouch,false,TE,Colston Loveland,CHI,TE,7.7,470.p.41795
4,RFI XIX,Tremendous Slouch,false,W/R/T,TreVeyon Henderson,NE,RB,4.2,470.p.41823
4,RFI XIX,Tremendous Slouch,false,BN,DeVonta Smith,PHI,WR,0,470.p.33398
4,RFI XIX,Tremendous Slouch,false,BN,Alec Pierce,IND,WR,0,470.p.34008
4,RFI XIX,Tremendous Slouch,false,BN,J.K. Dobbins,DEN,RB,5.7,470.p.32725
4,RFI XIX,Tremendous Slouch,false,BN,RJ Harvey,DEN,RB,12.86,470.p.41845
4,RFI XIX,Tremendous Slouch,false,BN,Jordyn Tyson,NO,WR,0,470.p.42630
4,RFI XIX,Tremendous Slouch,false,BN,Kaelon Black,SF,RB,1.3,470.p.42712
4,RFI XIX,Tremendous Slouch,false,K,Spencer Shrader,IND,K,16,470.p.41499
4,RFI XIX,Tremendous Slouch,false,DEF,Ravens,BAL,DEF,6,470.p.100033
4,RFI XIX,Shrimp Gang,false,QB,C.J. Stroud,HOU,QB,27.08,470.p.40030
4,RFI XIX,Shrimp Gang,false,RB,Derrick Henry,BAL,RB,13.9,470.p.29279
4,RFI XIX,Shrimp Gang,false,RB,Cam Skattebo,NYG,RB,7.1,470.p.41922
4,RFI XIX,Shrimp Gang,false,WR,Tetairoa McMillan,CAR,WR,35.2,470.p.41793
4,RFI XIX,Shrimp Gang,false,WR,Romeo Doubs,NE,WR,20.3,470.p.34088
4,RFI XIX,Shrimp Gang,false,TE,Travis Kelce,KC,TE,2,470.p.26686
4,RFI XIX,Shrimp Gang,false,W/R/T,Mike Evans,SF,WR,9.6,470.p.27535
4,RFI XIX,Shrimp Gang,false,BN,Justin Jefferson,MIN,WR,0,470.p.32692
4,RFI XIX,Shrimp Gang,false,BN,Jayden Daniels,WAS,QB,0,470.p.40896
4,RFI XIX,Shrimp Gang,false,BN,Blake Corum,LAR,RB,2.1,470.p.40962
4,RFI XIX,Shrimp Gang,false,BN,Chris Godwin Jr.,TB,WR,4.1,470.p.30197
4,RFI XIX,Shrimp Gang,false,BN,Hunter Henry,NE,TE,8.2,470.p.29269
4,RFI XIX,Shrimp Gang,false,BN,Brian Robinson,ATL,RB,24.7,470.p.34054
4,RFI XIX,Shrimp Gang,false,K,Cameron Dicker,LAC,K,12,470.p.34344
4,RFI XIX,Shrimp Gang,false,DEF,Bills,BUF,DEF,4,470.p.100002
4,RFI XIX,Snookies Squad,false,QB,Kyler Murray,MIN,QB,11.48,470.p.31833
4,RFI XIX,Snookies Squad,false,RB,Bijan Robinson,ATL,RB,26.7,470.p.40055
4,RFI XIX,Snookies Squad,false,RB,Tony Pollard,TEN,RB,11,470.p.31960
4,RFI XIX,Snookies Squad,false,WR,George Pickens,DAL,WR,8.5,470.p.34007
4,RFI XIX,Snookies Squad,false,WR,Luther Burden III,CHI,WR,8.9,470.p.41824
4,RFI XIX,Snookies Squad,false,TE,Tyler Warren,IND,TE,5.1,470.p.41799
4,RFI XIX,Snookies Squad,false,W/R/T,Josh Downs,IND,WR,1.6,470.p.40126
4,RFI XIX,Snookies Squad,false,BN,Tre Tucker,LV,WR,5.4,470.p.40114
4,RFI XIX,Snookies Squad,false,BN,Malik Nabers,NYG,WR,19.2,470.p.40899
4,RFI XIX,Snookies Squad,false,BN,Stefon Diggs,WAS,WR,4,470.p.28534
4,RFI XIX,Snookies Squad,false,BN,Justin Herbert,LAC,QB,11.56,470.p.32676
4,RFI XIX,Snookies Squad,false,BN,Rachaad White,WAS,RB,0,470.p.34047
4,RFI XIX,Snookies Squad,false,BN,Dalton Schultz,HOU,TE,1.4,470.p.31107
4,RFI XIX,Snookies Squad,false,K,Cam Little,JAX,K,14,470.p.41062
4,RFI XIX,Snookies Squad,false,DEF,Lions,DET,DEF,2,470.p.100008
4,RFI XIX,2026 Champ!,false,QB,Patrick Mahomes,KC,QB,21,470.p.30123
4,RFI XIX,2026 Champ!,false,RB,Saquon Barkley,PHI,RB,1,470.p.30972
4,RFI XIX,2026 Champ!,false,RB,Omarion Hampton,LAC,RB,11.3,470.p.41807
4,RFI XIX,2026 Champ!,false,WR,Puka Nacua,LAR,WR,21.2,470.p.40168
4,RFI XIX,2026 Champ!,false,WR,Jaylen Waddle,DEN,WR,10,470.p.33394
4,RFI XIX,2026 Champ!,false,TE,Trey McBride,ARI,TE,3.1,470.p.34010
4,RFI XIX,2026 Champ!,false,W/R/T,Chuba Hubbard,CAR,RB,25.4,470.p.33514
4,RFI XIX,2026 Champ!,false,BN,Carnell Tate,TEN,WR,15.5,470.p.42626
4,RFI XIX,2026 Champ!,false,BN,Adonai Mitchell,NYJ,WR,0,470.p.40915
4,RFI XIX,2026 Champ!,false,BN,Matthew Stafford,LAR,QB,9.68,470.p.9265
4,RFI XIX,2026 Champ!,false,BN,Marvin Harrison Jr.,ARI,WR,7.7,470.p.40893
4,RFI XIX,2026 Champ!,false,BN,Tank Bigsby,PHI,RB,5.5,470.p.40095
4,RFI XIX,2026 Champ!,false,K,Ka'imi Fairbairn,HOU,K,16,470.p.29792
4,RFI XIX,2026 Champ!,false,DEF,Bears,CHI,DEF,7,470.p.100003
4,RFI XIX,2026 Champ!,false,BN,Eagles,PHI,DEF,5,470.p.100021
4,RFI XIX,Shanimals,false,QB,Tyler Shough,NO,QB,17.94,470.p.41825
4,RFI XIX,Shanimals,false,RB,Rhamondre Stevenson,NE,RB,15.4,470.p.33508
4,RFI XIX,Shanimals,false,RB,Kyle Monangai,CHI,RB,27,470.p.42025
4,RFI XIX,Shanimals,false,WR,Ja'Marr Chase,CIN,WR,3.2,470.p.33393
4,RFI XIX,Shanimals,false,WR,Jameson Williams,DET,WR,13.2,470.p.33967
4,RFI XIX,Shanimals,false,TE,Brock Bowers,LV,TE,17.1,470.p.40878
4,RFI XIX,Shanimals,false,W/R/T,Juwan Johnson,NO,TE,7.4,470.p.33113
4,RFI XIX,Shanimals,false,BN,Drake Maye,NE,QB,32.16,470.p.40881
4,RFI XIX,Shanimals,false,BN,Travis Etienne Jr.,NO,RB,0,470.p.33413
4,RFI XIX,Shanimals,false,BN,Rico Dowdle,PIT,RB,0,470.p.33100
4,RFI XIX,Shanimals,false,BN,Zach Charbonnet,SEA,RB,0,470.p.40075
4,RFI XIX,Shanimals,false,BN,Ollie Gordon II,MIA,RB,16,470.p.41969
4,RFI XIX,Shanimals,false,K,Evan McPherson,CIN,K,5,470.p.33537
4,RFI XIX,Shanimals,false,DEF,Steelers,PIT,DEF,6,470.p.100023
4,RFI XIX,Shanimals,false,BN,49ers,SF,DEF,3,470.p.100025
4,RFI XIX,Tough Nuts,false,QB,Jalen Hurts,PHI,QB,17.52,470.p.32723
4,RFI XIX,Tough Nuts,false,RB,Chase Brown,CIN,RB,9.1,470.p.40196
4,RFI XIX,Tough Nuts,false,RB,Kenneth Walker III,KC,RB,34.9,470.p.33996
4,RFI XIX,Tough Nuts,false,WR,Garrett Wilson,NYJ,WR,3.2,470.p.33965
4,RFI XIX,Tough Nuts,false,WR,Ladd McConkey,LAC,WR,0,470.p.40908
4,RFI XIX,Tough Nuts,false,TE,Darren Waller,CAR,TE,5.1,470.p.28592
4,RFI XIX,Tough Nuts,false,W/R/T,Drake London,ATL,WR,12.1,470.p.33963
4,RFI XIX,Tough Nuts,false,BN,Jalen Coker,CAR,WR,0,470.p.41293
4,RFI XIX,Tough Nuts,false,BN,Jordan Addison,MIN,WR,6.6,470.p.40042
4,RFI XIX,Tough Nuts,false,BN,Tyler Allgeier,ARI,RB,10.9,470.p.34107
4,RFI XIX,Tough Nuts,false,BN,Woody Marks,HOU,RB,8.2,470.p.41902
4,RFI XIX,Tough Nuts,false,BN,Emmett Johnson,KC,RB,3.46,470.p.42796
4,RFI XIX,Tough Nuts,false,BN,Kayshon Boutte,HOU,WR,4.1,470.p.40224
4,RFI XIX,Tough Nuts,false,K,Brandon Aubrey,DAL,K,12,470.p.40819
4,RFI XIX,Tough Nuts,false,DEF,Vikings,MIN,DEF,8,470.p.100016
