week,event_id,date_utc,team,opp,home_away,espn_athlete_id,nflverse_id,player,jersey,pass_cmp,pass_att,pass_yds,pass_td,pass_int,sacks_taken,sack_yds_lost,qbr,passer_rtg,rush_car,rush_yds,rush_td,rush_long,rec,targets,rec_yds,rec_td,rec_long,fum,fum_lost,tackles,solo,sacks,tfl,pass_def,qb_hits,def_td,def_int,int_ret_yds,int_td,kr,kr_yds,kr_td,pr,pr_yds,pr_td,fg_made,fg_att,fg_long,xp_made,xp_att,kick_pts,punts,punt_yds,tds_total,first_td,source_file
1,401872656,2026-09-10T00:20Z,NE,SEA,away,4431452,00-0039851,Drake Maye,10,23,33,178,1,3,3,10,61.2,54.9,7,47,0,16,,,,,,,,,,,,,,,,,,,,,,,,,,,,,,,,0,0,espn-401872656.json
1,401872656,2026-09-10T00:20Z,NE,SEA,away,4569173,00-0036875,Rhamondre Stevenson,38,,,,,,,,,,18,51,0,12,5,6,44,0,17,,,,,,,,,,,,,,,,,,,,,,,,,,,0,0,espn-401872656.json
1,401872656,2026-09-10T00:20Z,NE,SEA,away,4431431,00-0040556,Corey Kiner,9,,,,,,,,,,6,11,0,7,,,,,,,,,,,,,,,,,,,,,,,,,,,,,,,,0,0,espn-401872656.json
1,401872656,2026-09-10T00:20Z,NE,SEA,away,2991662,00-0033555,Mack Hollins,13,,,,,,,,,,,,,,4,5,51,0,19,,,,,,,,,,,,,,,,,,,,,,,,,,,0,0,espn-401872656.json
1,401872656,2026-09-10T00:20Z,NE,SEA,away,3046439,00-0033090,Hunter Henry,85,,,,,,,,,,,,,,3,3,26,0,13,,,,,,,,,,,,,,,,,,,,,,,,,,,0,0,espn-401872656.json
1,401872656,2026-09-10T00:20Z,NE,SEA,away,4047646,00-0035676,A.J. Brown,1,,,,,,,,,,,,,,3,4,26,0,14,,,,,,,,,,,,,,,,,,,,,,,,,,,0,0,espn-401872656.json
1,401872656,2026-09-10T00:20Z,NE,SEA,away,4427095,00-0038621,DeMario Douglas,3,,,,,,,,,,,,,,5,7,20,0,8,,,1,1,0,0,0,0,0,,,,,,,,,,,,,,,,,,0,0,espn-401872656.json
1,401872656,2026-09-10T00:20Z,NE,SEA,away,4698253,00-0040568,Lan Larison,34,,,,,,,,,,,,,,2,2,9,0,11,,,,,,,,,,,,,2,49,0,,,,,,,,,,,,0,0,espn-401872656.json
1,401872656,2026-09-10T00:20Z,NE,SEA,away,4831959,00-0041395,Eli Raridon,82,,,,,,,,,,,,,,1,1,2,1,2,,,,,,,,,,,,,,,,,,,,,,,,,,,1,1,espn-401872656.json
1,401872656,2026-09-10T00:20Z,NE,SEA,away,4361432,00-0037816,Romeo Doubs,87,,,,,,,,,,,,,,0,3,0,0,0,,,,,,,,,,,,,,,,,,,,,,,,,,,0,0,espn-401872656.json
1,401872656,2026-09-10T00:20Z,NE,SEA,away,3129446,00-0034720,Robert Spillane,14,,,,,,,,,,,,,,,,,,,,,8,7,0,0,0,0,0,,,,,,,,,,,,,,,,,,0,0,espn-401872656.json
1,401872656,2026-09-10T00:20Z,NE,SEA,away,4428930,00-0040716,Craig Woodson,4,,,,,,,,,,,,,,,,,,,,,5,5,0,0,0,0,0,,,,,,,,,,,,,,,,,,0,0,espn-401872656.json
1,401872656,2026-09-10T00:20Z,NE,SEA,away,2574056,00-0033132,Kevin Byard,31,,,,,,,,,,,,,,,,,,,,,5,2,0,0,0,0,0,,,,,,,,,,,,,,,,,,0,0,espn-401872656.json
1,401872656,2026-09-10T00:20Z,NE,SEA,away,4241720,00-0037253,Marcus Jones,25,,,,,,,,,,,,,,,,,,,,,4,3,0,0,0,0,0,,,,,,,,,,,,,,,,,,0,0,espn-401872656.json
1,401872656,2026-09-10T00:20Z,NE,SEA,away,4245273,00-0036813,Christian Elliss,53,,,,,,,,,,,,,,,,,,,,,4,3,0,0,0,0,0,,,,,,,,,,,,,,,,,,0,0,espn-401872656.json
1,401872656,2026-09-10T00:20Z,NE,SEA,away,4837244,00-0041569,Gabe Jacas,50,,,,,,,,,,,,,,,,,,,,,3,3,1,2,0,1,0,,,,,,,,,,,,,,,,,,0,0,espn-401872656.json
1,401872656,2026-09-10T00:20Z,NE,SEA,away,3916923,00-0034778,Carlton Davis III,7,,,,,,,,,,,,,,,,,,,,,3,2,0,0,0,0,0,,,,,,,,,,,,,,,,,,0,0,espn-401872656.json
1,401872656,2026-09-10T00:20Z,NE,SEA,away,4239699,00-0036916,Milton Williams,97,,,,,,,,,,,,,,,,,,,,,3,2,0,0,0,0,0,,,,,,,,,,,,,,,,,,0,0,espn-401872656.json
1,401872656,2026-09-10T00:20Z,NE,SEA,away,5085407,00-0041109,Namdi Obiazor,48,,,,,,,,,,,,,,,,,,,,,3,2,0,0,0,0,0,,,,,,,,,,,,,,,,,,0,0,espn-401872656.json
1,401872656,2026-09-10T00:20Z,NE,SEA,away,4428232,00-0039692,Dell Pettus,24,,,,,,,,,,,,,,,,,,,,,2,2,0,0,0,0,0,,,,,,,,,,,,,,,,,,0,0,espn-401872656.json
1,401872656,2026-09-10T00:20Z,NE,SEA,away,4686772,00-0039147,Christian Gonzalez,0,,,,,,,,,,,,,,,,,,,,,2,2,0,0,2,0,0,,,,,,,,,,,,,,,,,,0,0,espn-401872656.json
1,401872656,2026-09-10T00:20Z,NE,SEA,away,3915525,00-0035678,Dre'Mont Jones,5,,,,,,,,,,,,,,,,,,,,,2,1,1,1,0,4,0,,,,,,,,,,,,,,,,,,0,0,espn-401872656.json
1,401872656,2026-09-10T00:20Z,NE,SEA,away,4240042,00-0038653,Cory Durden,94,,,,,,,,,,,,,,,,,,,,,2,0,0,0,0,0,0,,,,,,,,,,,,,,,,,,0,0,espn-401872656.json
1,401872656,2026-09-10T00:20Z,NE,SEA,away,4688432,00-0040574,Elijah Ponder,91,,,,,,,,,,,,,,,,,,,,,2,0,0,0,0,0,0,,,,,,,,,,,,,,,,,,0,0,espn-401872656.json
1,401872656,2026-09-10T00:20Z,NE,SEA,away,4368113,00-0039770,Charles Woods,22,,,,,,,,,,,,,,,,,,,,,1,1,0,0,0,0,0,,,,,,,,,,,,,,,,,,0,0,espn-401872656.json
1,401872656,2026-09-10T00:20Z,NE,SEA,away,4372030,00-0036981,Christian Barmore,90,,,,,,,,,,,,,,,,,,,,,1,1,0,0,0,1,0,,,,,,,,,,,,,,,,,,0,0,espn-401872656.json
1,401872656,2026-09-10T00:20Z,NE,SEA,away,4599198,00-0040147,Jared Wilson,55,,,,,,,,,,,,,,,,,,,,,1,1,0,0,0,0,0,,,,,,,,,,,,,,,,,,0,0,espn-401872656.json
1,401872656,2026-09-10T00:20Z,NE,SEA,away,4613202,00-0040131,Kyle Williams,18,,,,,,,,,,,,,,,,,,,,,,,,,,,,,,,2,58,0,,,,,,,,,,,,0,0,espn-401872656.json
1,401872656,2026-09-10T00:20Z,NE,SEA,away,4569923,00-0040200,Andy Borregales,8,,,,,,,,,,,,,,,,,,,,,,,,,,,,,,,,,,,,,1,1,50,1,1,4,,,0,0,espn-401872656.json
1,401872656,2026-09-10T00:20Z,NE,SEA,away,4035685,00-0034941,Mitch Wishnowsky,19,,,,,,,,,,,,,,,,,,,,,,,,,,,,,,,,,,,,,,,,,,,4,177,0,0,espn-401872656.json
1,401872656,2026-09-10T00:20Z,SEA,NE,home,3924327,00-0035704,Drew Lock,2,16,22,187,1,0,1,7,80.6,113.3,2,13,0,14,,,,,,,,,,,,,,,,,,,,,,,,,,,,,,,,0,0,espn-401872656.json
1,401872656,2026-09-10T00:20Z,SEA,NE,home,3912547,00-0034869,Sam Darnold,14,1,2,13,0,0,1,5,2.9,70.8,,,,,,,,,,,,,,,,,,,,,,,,,,,,,,,,,,,,0,0,espn-401872656.json
1,401872656,2026-09-10T00:20Z,SEA,NE,home,4685512,00-0041512,Jadarian Price,8,,,,,,,,,,10,52,0,13,2,2,6,0,4,,,,,,,,,,,,,,,,,,,,,,,,,,,0,0,espn-401872656.json
1,401872656,2026-09-10T00:20Z,SEA,NE,home,4429835,00-0039299,George Holani,36,,,,,,,,,,8,29,0,9,0,1,0,0,0,,,,,,,,,,,,,,,,,,,,,,,,,,,0,0,espn-401872656.json
1,401872656,2026-09-10T00:20Z,SEA,NE,home,4887558,00-0038797,Emanuel Wilson,23,,,,,,,,,,2,3,0,3,,,,,,,,,,,,,,,,,,,,,,,,,,,,,,,,0,0,espn-401872656.json
1,401872656,2026-09-10T00:20Z,SEA,NE,home,4430878,00-0038543,Jaxon Smith-Njigba,11,,,,,,,,,,,,,,8,11,122,1,45,,,,,,,,,,,,,,,,,,,,,,,,,,,1,0,espn-401872656.json
1,401872656,2026-09-10T00:20Z,SEA,NE,home,2977187,00-0033908,Cooper Kupp,10,,,,,,,,,,,,,,2,3,35,0,24,,,,,,,,,,,,,,,,,,,,,,,,,,,0,0,espn-401872656.json
1,401872656,2026-09-10T00:20Z,SEA,NE,home,4243176,00-0038488,Brady Russell,38,,,,,,,,,,,,,,2,2,20,0,13,,,1,0,0,0,0,0,0,,,,,,,,,,,,,,,,,,0,0,espn-401872656.json
1,401872656,2026-09-10T00:20Z,SEA,NE,home,4576297,00-0039793,AJ Barner,88,,,,,,,,,,,,,,2,2,13,0,9,,,,,,,,,,,,,,,,,,,,,,,,,,,0,0,espn-401872656.json
1,401872656,2026-09-10T00:20Z,SEA,NE,home,4032473,00-0037545,Rashid Shaheed,22,,,,,,,,,,,,,,1,3,4,0,4,,,,,,,,,,,,,3,80,0,1,9,0,,,,,,,,,0,0,espn-401872656.json
1,401872656,2026-09-10T00:20Z,SEA,NE,home,4362851,00-0036994,Ernest Jones IV,13,,,,,,,,,,,,,,,,,,,,,13,8,0,0,0,0,0,,,,,,,,,,,,,,,,,,0,0,espn-401872656.json
1,401872656,2026-09-10T00:20Z,SEA,NE,home,4428659,00-0038922,Drake Thomas,32,,,,,,,,,,,,,,,,,,,,,9,3,1,1,0,1,0,,,,,,,,,,,,,,,,,,0,0,espn-401872656.json
1,401872656,2026-09-10T00:20Z,SEA,NE,home,4372020,00-0037137,Josh Jobe,29,,,,,,,,,,,,,,,,,,,,,6,5,0,1,1,0,0,1,0,0,,,,,,,,,,,,,,,0,0,espn-401872656.json
1,401872656,2026-09-10T00:20Z,SEA,NE,home,4567222,00-0039795,Nehemiah Pritchett,28,,,,,,,,,,,,,,,,,,,,,6,5,0,0,2,0,0,1,30,0,,,,,,,,,,,,,,,0,0,espn-401872656.json
1,401872656,2026-09-10T00:20Z,SEA,NE,home,4046675,00-0034974,Julian Love,20,,,,,,,,,,,,,,,,,,,,,6,4,0,2,1,0,0,1,0,0,,,,,,,,,,,,,,,0,0,espn-401872656.json
1,401872656,2026-09-10T00:20Z,SEA,NE,home,3120358,00-0034350,Uchenna Nwosu,7,,,,,,,,,,,,,,,,,,,,,5,4,0,1,1,0,0,,,,,,,,,,,,,,,,,,0,0,espn-401872656.json
1,401872656,2026-09-10T00:20Z,SEA,NE,home,4575431,00-0039169,Devon Witherspoon,21,,,,,,,,,,,,,,,,,,,,,5,0,0,0,0,1,0,,,,,,,,,,,,,,,,,,0,0,espn-401872656.json
1,401872656,2026-09-10T00:20Z,SEA,NE,home,2971622,00-0031933,Leonard Williams,99,,,,,,,,,,,,,,,,,,,,,4,3,1,1,0,1,0,,,,,,,,,,,,,,,,,,0,0,espn-401872656.json
1,401872656,2026-09-10T00:20Z,SEA,NE,home,4248455,00-0037323,Rodney Thomas II,24,,,,,,,,,,,,,,,,,,,,,4,3,0,0,1,0,0,,,,,,,,,,,,,,,,,,0,0,espn-401872656.json
1,401872656,2026-09-10T00:20Z,SEA,NE,home,16802,00-0031411,DeMarcus Lawrence,0,,,,,,,,,,,,,,,,,,,,,3,1,0,0,0,1,0,,,,,,,,,,,,,,,,,,0,0,espn-401872656.json
1,401872656,2026-09-10T00:20Z,SEA,NE,home,4430838,00-0040647,Rylie Mills,98,,,,,,,,,,,,,,,,,,,,,2,2,0,1,0,0,0,,,,,,,,,,,,,,,,,,0,0,espn-401872656.json
1,401872656,2026-09-10T00:20Z,SEA,NE,home,4570040,00-0039309,Byron Murphy II,91,,,,,,,,,,,,,,,,,,,,,2,2,0,1,0,0,0,,,,,,,,,,,,,,,,,,0,0,espn-401872656.json
1,401872656,2026-09-10T00:20Z,SEA,NE,home,4567226,00-0039047,Derick Hall,58,,,,,,,,,,,,,,,,,,,,,2,1,1,1,0,1,0,,,,,,,,,,,,,,,,,,0,0,espn-401872656.json
1,401872656,2026-09-10T00:20Z,SEA,NE,home,4037521,00-0037003,Chazz Surratt,44,,,,,,,,,,,,,,,,,,,,,2,1,0,0,0,0,0,,,,,,,,,,,,,,,,,,0,0,espn-401872656.json
1,401872656,2026-09-10T00:20Z,SEA,NE,home,3115312,00-0032387,Jarran Reed,90,,,,,,,,,,,,,,,,,,,,,1,1,0,0,0,0,0,,,,,,,,,,,,,,,,,,0,0,espn-401872656.json
1,401872656,2026-09-10T00:20Z,SEA,NE,home,4600597,00-0040621,Montorie Foster Jr.,87,,,,,,,,,,,,,,,,,,,,,1,1,0,0,0,0,0,,,,,,,,,,,,,,,,,,0,0,espn-401872656.json
1,401872656,2026-09-10T00:20Z,SEA,NE,home,4364623,00-0038764,Patrick O'Connell,52,,,,,,,,,,,,,,,,,,,,,1,0,0,0,0,0,0,,,,,,,,,,,,,,,,,,0,0,espn-401872656.json
1,401872656,2026-09-10T00:20Z,SEA,NE,home,4605491,00-0040061,Connor O'Toole,57,,,,,,,,,,,,,,,,,,,,,1,0,0,0,0,0,0,,,,,,,,,,,,,,,,,,0,0,espn-401872656.json
1,401872656,2026-09-10T00:20Z,SEA,NE,home,2473037,00-0031492,Jason Myers,5,,,,,,,,,,,,,,,,,,,,,,,,,,,,,,,,,,,,,2,2,30,1,1,7,,,0,0,espn-401872656.json
1,401872656,2026-09-10T00:20Z,SEA,NE,home,3929851,00-0034160,Michael Dickson,4,,,,,,,,,,,,,,,,,,,,,,,,,,,,,,,,,,,,,,,,,,,5,227,0,0,espn-401872656.json
1,401872657,2026-09-11T00:35Z,SF,LAR,away,4361741,00-0037834,Brock Purdy,13,25,34,205,3,1,0,0,85.1,105.6,5,29,0,18,,,,,,,,,,,,,,,,,,,,,,,,,,,,,,,,0,0,espn-401872657.json
1,401872657,2026-09-11T00:35Z,SF,LAR,away,3117251,00-0033280,Christian McCaffrey,23,,,,,,,,,,10,68,0,16,5,8,20,0,8,,,,,,,,,,,,,,,,,,,,,,,,,,,0,0,espn-401872657.json
1,401872657,2026-09-11T00:35Z,SF,LAR,away,4696044,00-0041052,Kaelon Black,26,,,,,,,,,,14,65,0,14,1,1,5,0,5,,,,,,,,,,,,,,,,,,,,,,,,,,,0,0,espn-401872657.json
1,401872657,2026-09-11T00:35Z,SF,LAR,away,3126486,00-0035719,Deebo Samuel Sr.,19,,,,,,,,,,1,12,0,12,6,7,48,1,15,,,,,,,,,,,,,2,74,0,,,,,,,,,,,,1,0,espn-401872657.json
1,401872657,2026-09-11T00:35Z,SF,LAR,away,3043116,00-0032775,Demarcus Robinson,11,,,,,,,,,,,,,,2,3,50,1,39,,,,,,,,,,,,,,,,,,,,,,,,,,,1,0,espn-401872657.json
1,401872657,2026-09-11T00:35Z,SF,LAR,away,16737,00-0031408,Mike Evans,5,,,,,,,,,,,,,,6,7,49,1,13,,,,,,,,,,,,,,,,,,,,,,,,,,,1,0,espn-401872657.json
1,401872657,2026-09-11T00:35Z,SF,LAR,away,4040612,00-0036887,Luke Farrell,89,,,,,,,,,,,,,,2,2,19,0,14,,,,,,,,,,,,,,,,,,,,,,,,,,,0,0,espn-401872657.json
1,401872657,2026-09-11T00:35Z,SF,LAR,away,3040151,00-0033288,George Kittle,85,,,,,,,,,,,,,,2,5,12,0,6,,,1,1,0,0,0,0,0,,,,,,,,,,,,,,,,,,0,0,espn-401872657.json
1,401872657,2026-09-11T00:35Z,SF,LAR,away,2577185,00-0032701,Jake Brendel,64,,,,,,,,,,,,,,1,1,2,0,2,,,,,,,,,,,,,,,,,,,,,,,,,,,0,0,espn-401872657.json
1,401872657,2026-09-11T00:35Z,SF,LAR,away,4243493,00-0039148,Keion White,56,,,,,,,,,,,,,,,,,,,0,0,,,,,,,,,,,,,,,,,,,,,,,,,0,0,espn-401872657.json
1,401872657,2026-09-11T00:35Z,SF,LAR,away,3138826,00-0034815,Fred Warner,54,,,,,,,,,,,,,,,,,,,,,11,5,0,0,1,0,0,,,,,,,,,,,,,,,,,,0,0,espn-401872657.json
1,401872657,2026-09-11T00:35Z,SF,LAR,away,4693337,00-0040185,Marques Sigle,36,,,,,,,,,,,,,,,,,,,,,9,4,0,0,0,0,0,,,,,,,,,,,,,,,,,,0,0,espn-401872657.json
1,401872657,2026-09-11T00:35Z,SF,LAR,away,4242488,00-0036563,Deommodore Lenoir,2,,,,,,,,,,,,,,,,,,,,,6,3,0,0,0,0,0,,,,,,,,,,,,,,,,,,0,0,espn-401872657.json
1,401872657,2026-09-11T00:35Z,SF,LAR,away,3916903,00-0034982,Dre Greenlaw,57,,,,,,,,,,,,,,,,,,,,,6,1,0,0,0,0,0,,,,,,,,,,,,,,,,,,0,0,espn-401872657.json
1,401872657,2026-09-11T00:35Z,SF,LAR,away,5086161,00-0041078,Jaden Dugger,53,,,,,,,,,,,,,,,,,,,,,5,1,0,0,0,0,0,,,,,,,,,,,,,,,,,,0,0,espn-401872657.json
1,401872657,2026-09-11T00:35Z,SF,LAR,away,4040605,00-0035717,Nick Bosa,97,,,,,,,,,,,,,,,,,,,,,4,3,0,2,0,1,0,,,,,,,,,,,,,,,,,,0,0,espn-401872657.json
1,401872657,2026-09-11T00:35Z,SF,LAR,away,4693644,00-0038554,Ji'Ayir Brown,27,,,,,,,,,,,,,,,,,,,,,4,2,0,0,0,0,0,,,,,,,,,,,,,,,,,,0,0,espn-401872657.json
1,401872657,2026-09-11T00:35Z,SF,LAR,away,4427325,00-0039345,Renardo Green,0,,,,,,,,,,,,,,,,,,,,,3,2,0,0,1,0,0,1,0,0,,,,,,,,,,,,,,,0,0,espn-401872657.json
1,401872657,2026-09-11T00:35Z,SF,LAR,away,4696211,00-0039360,Malik Mustapha,6,,,,,,,,,,,,,,,,,,,,,3,2,0,0,0,0,0,,,,,,,,,,,,,,,,,,0,0,espn-401872657.json
1,401872657,2026-09-11T00:35Z,SF,LAR,away,4241807,00-0036844,Garret Wallow,49,,,,,,,,,,,,,,,,,,,,,2,2,0,0,0,0,0,,,,,,,,,,,,,,,,,,0,0,espn-401872657.json
1,401872657,2026-09-11T00:35Z,SF,LAR,away,4565200,00-0040152,Upton Stout,20,,,,,,,,,,,,,,,,,,,,,2,2,0,0,0,1,0,,,,,,,,,,,,,,,,,,0,0,espn-401872657.json
1,401872657,2026-09-11T00:35Z,SF,LAR,away,3047876,00-0034854,KhaDarel Hodge,86,,,,,,,,,,,,,,,,,,,,,2,1,0,0,0,0,0,,,,,,,,,,,,,,,,,,0,0,espn-401872657.json
1,401872657,2026-09-11T00:35Z,SF,LAR,away,4035840,00-0036942,Osa Odighizuwa,92,,,,,,,,,,,,,,,,,,,,,2,1,0,0,0,4,0,,,,,,,,,,,,,,,,,,0,0,espn-401872657.json
1,401872657,2026-09-11T00:35Z,SF,LAR,away,4039029,00-0036341,Khalid Kareem,47,,,,,,,,,,,,,,,,,,,,,2,1,0,0,0,0,0,,,,,,,,,,,,,,,,,,0,0,espn-401872657.json
1,401872657,2026-09-11T00:35Z,SF,LAR,away,4686308,00-0040711,C.J. West,99,,,,,,,,,,,,,,,,,,,,,2,1,0,0,0,1,0,,,,,,,,,,,,,,,,,,0,0,espn-401872657.json
1,401872657,2026-09-11T00:35Z,SF,LAR,away,3858271,00-0036329,Ashtyn Davis,24,,,,,,,,,,,,,,,,,,,,,2,0,0,0,0,0,0,,,,,,,,,,,,,,,,,,0,0,espn-401872657.json
1,401872657,2026-09-11T00:35Z,SF,LAR,away,4693371,00-0041363,James Thompson Jr.,96,,,,,,,,,,,,,,,,,,,,,2,0,0,0,0,0,0,,,,,,,,,,,,,,,,,,0,0,espn-401872657.json
1,401872657,2026-09-11T00:35Z,SF,LAR,away,3057524,00-0034391,Siran Neal,33,,,,,,,,,,,,,,,,,,,,,1,1,0,0,0,0,0,,,,,,,,,,,,,,,,,,0,0,espn-401872657.json
1,401872657,2026-09-11T00:35Z,SF,LAR,away,3052667,00-0034807,Ogbo Okoronkwo,59,,,,,,,,,,,,,,,,,,,,,0,0,0,0,0,1,0,,,,,,,,,,,,,,,,,,0,0,espn-401872657.json
1,401872657,2026-09-11T00:35Z,SF,LAR,away,4035686,00-0038039,Jack Jones,25,,,,,,,,,,,,,,,,,,,,,0,0,0,0,2,0,0,,,,,,,,,,,,,,,,,,0,0,espn-401872657.json
1,401872657,2026-09-11T00:35Z,SF,LAR,away,4575665,00-0039365,Jacob Cowing,4,,,,,,,,,,,,,,,,,,,,,,,,,,,,,,,,,,2,17,0,,,,,,,,,0,0,espn-401872657.json
1,401872657,2026-09-11T00:35Z,SF,LAR,away,4034949,00-0034173,Eddy Pineiro,18,,,,,,,,,,,,,,,,,,,,,,,,,,,,,,,,,,,,,2,3,56,3,3,9,,,0,0,espn-401872657.json
1,401872657,2026-09-11T00:35Z,SF,LAR,away,3125280,00-0035821,Corliss Waitman,15,,,,,,,,,,,,,,,,,,,,,,,,,,,,,,,,,,,,,,,,,,,2,94,0,0,espn-401872657.json
1,401872657,2026-09-11T00:35Z,LAR,SF,home,12483,00-0026498,Matthew Stafford,9,15,25,155,0,1,0,0,31.7,61.2,2,-1,0,0,,,,,,,,,,,,,,,,,,,,,,,,,,,,,,,,0,0,espn-401872657.json
1,401872657,2026-09-11T00:35Z,LAR,SF,home,4259553,00-0039107,Stetson Bennett IV,13,2,3,13,0,0,0,0,81.5,75.7,1,9,0,9,,,,,,,,,,,,,,,,,,,,,,,,,,,,,,,,0,0,espn-401872657.json
1,401872657,2026-09-11T00:35Z,LAR,SF,home,4429096,00-0039738,Blake Corum,24,,,,,,,,,,10,54,0,13,,,,,,,,,,,,,,,,,,,,,,,,,,,,,,,,0,0,espn-401872657.json
1,401872657,2026-09-11T00:35Z,LAR,SF,home,4430737,00-0037840,Kyren Williams,23,,,,,,,,,,11,41,1,8,3,3,24,0,16,,,,,,,,,,,,,,,,,,,,,,,,,,,1,1,espn-401872657.json
1,401872657,2026-09-11T00:35Z,LAR,SF,home,4243003,00-0037557,Ronnie Rivers,20,,,,,,,,,,5,19,0,7,1,1,5,0,5,,,,,,,,,,,,,,,,,,,,,,,,,,,0,0,espn-401872657.json
1,401872657,2026-09-11T00:35Z,LAR,SF,home,4426515,00-0039075,Puka Nacua,12,,,,,,,,,,,,,,5,9,74,0,41,,,1,1,0,0,0,0,0,,,,,,,,,,,,,,,,,,0,0,espn-401872657.json
1,401872657,2026-09-11T00:35Z,LAR,SF,home,16800,00-0031381,Davante Adams,17,,,,,,,,,,,,,,3,6,26,0,13,,,,,,,,,,,,,,,,,,,,,,,,,,,0,0,espn-401872657.json
1,401872657,2026-09-11T00:35Z,LAR,SF,home,4426553,00-0039074,Davis Allen,87,,,,,,,,,,,,,,1,1,13,0,13,,,,,,,,,,,,,,,,,,,,,,,,,,,0,0,espn-401872657.json
1,401872657,2026-09-11T00:35Z,LAR,SF,home,2573401,00-0033110,Tyler Higbee,89,,,,,,,,,,,,,,2,2,12,0,8,1,1,,,,,,,,,,,,,,,,,,,,,,,,,0,0,espn-401872657.json
1,401872657,2026-09-11T00:35Z,LAR,SF,home,4569382,00-0039751,Jordan Whittington,88,,,,,,,,,,,,,,1,1,8,0,8,1,0,,,,,,,,,,,4,94,0,,,,,,,,,,,,0,0,espn-401872657.json
1,401872657,2026-09-11T00:35Z,LAR,SF,home,4242557,00-0036244,Colby Parkinson,84,,,,,,,,,,,,,,1,2,6,0,6,,,,,,,,,,,,,,,,,,,,,,,,,,,0,0,espn-401872657.json
1,401872657,2026-09-11T00:35Z,LAR,SF,home,4570037,00-0040737,Terrance Ferguson,18,,,,,,,,,,,,,,0,1,0,0,0,,,,,,,,,,,,,,,,,,,,,,,,,,,0,0,espn-401872657.json
1,401872657,2026-09-11T00:35Z,LAR,SF,home,4710855,00-0040590,Konata Mumpfield,4,,,,,,,,,,,,,,0,1,0,0,0,,,,,,,,,,,,,,,,,,,,,,,,,,,0,0,espn-401872657.json
1,401872657,2026-09-11T00:35Z,LAR,SF,home,4249128,00-0037841,Quentin Lake,37,,,,,,,,,,,,,,,,,,,,,10,7,0,0,3,0,0,1,0,0,,,,,,,,,,,,,,,0,0,espn-401872657.json
1,401872657,2026-09-11T00:35Z,LAR,SF,home,4596363,00-0039834,Kamren Kinchens,5,,,,,,,,,,,,,,,,,,,,,9,3,0,0,0,0,0,,,,,,,,,,,,,,,,,,0,0,espn-401872657.json
1,401872657,2026-09-11T00:35Z,LAR,SF,home,4243181,00-0037587,Nate Landman,53,,,,,,,,,,,,,,,,,,,,,8,5,0,0,1,1,0,,,,,,,,,,,,,,,,,,0,0,espn-401872657.json
1,401872657,2026-09-11T00:35Z,LAR,SF,home,4250621,00-0039138,Kobie Turner,91,,,,,,,,,,,,,,,,,,,,,7,2,0,0,0,0,0,,,,,,,,,,,,,,,,,,0,0,espn-401872657.json
1,401872657,2026-09-11T00:35Z,LAR,SF,home,4568217,00-0039749,Tyler Davis,90,,,,,,,,,,,,,,,,,,,,,7,2,0,0,0,0,0,,,,,,,,,,,,,,,,,,0,0,espn-401872657.json
1,401872657,2026-09-11T00:35Z,LAR,SF,home,4427120,00-0039776,Jaylen McCollough,2,,,,,,,,,,,,,,,,,,,,,6,3,0,0,0,0,0,,,,,,,,,,,,,,,,,,0,0,espn-401872657.json
1,401872657,2026-09-11T00:35Z,LAR,SF,home,4693848,00-0040613,Shaun Dolac,56,,,,,,,,,,,,,,,,,,,,,6,3,0,0,0,0,0,,,,,,,,,,,,,,,,,,0,0,espn-401872657.json
1,401872657,2026-09-11T00:35Z,LAR,SF,home,4682983,00-0040580,Josaiah Stewart,10,,,,,,,,,,,,,,,,,,,,,6,2,0,0,0,1,0,,,,,,,,,,,,,,,,,,0,0,espn-401872657.json
1,401872657,2026-09-11T00:35Z,LAR,SF,home,4426405,00-0037191,Trent McDuffie,22,,,,,,,,,,,,,,,,,,,,,4,4,0,1,2,0,0,,,,,,,,,,,,,,,,,,0,0,espn-401872657.json
1,401872657,2026-09-11T00:35Z,LAR,SF,home,4697639,00-0037195,Jaylen Watson,35,,,,,,,,,,,,,,,,,,,,,4,2,0,0,0,0,0,,,,,,,,,,,,,,,,,,0,0,espn-401872657.json
1,401872657,2026-09-11T00:35Z,LAR,SF,home,4242154,00-0036349,Kam Curl,3,,,,,,,,,,,,,,,,,,,,,3,1,0,0,0,0,0,,,,,,,,,,,,,,,,,,0,0,espn-401872657.json
1,401872657,2026-09-11T00:35Z,LAR,SF,home,4362245,00-0039734,Braden Fiske,55,,,,,,,,,,,,,,,,,,,,,2,1,0,0,0,0,0,,,,,,,,,,,,,,,,,,0,0,espn-401872657.json
1,401872657,2026-09-11T00:35Z,LAR,SF,home,4428550,00-0039774,Omar Speights,48,,,,,,,,,,,,,,,,,,,,,2,0,0,0,1,0,0,,,,,,,,,,,,,,,,,,0,0,espn-401872657.json
1,401872657,2026-09-11T00:35Z,LAR,SF,home,4362294,00-0039061,Desjuan Johnson,94,,,,,,,,,,,,,,,,,,,,,1,0,0,0,0,0,0,,,,,,,,,,,,,,,,,,0,0,espn-401872657.json
1,401872657,2026-09-11T00:35Z,LAR,SF,home,4431118,00-0040585,Ty Hamilton,57,,,,,,,,,,,,,,,,,,,,,1,0,0,0,0,0,0,,,,,,,,,,,,,,,,,,0,0,espn-401872657.json
1,401872657,2026-09-11T00:35Z,LAR,SF,home,4875196,00-0039137,Byron Young,0,,,,,,,,,,,,,,,,,,,,,1,0,0,0,0,0,0,,,,,,,,,,,,,,,,,,0,0,espn-401872657.json
1,401872657,2026-09-11T00:35Z,LAR,SF,home,4386544,00-0038359,Xavier Smith,19,,,,,,,,,,,,,,,,,,,,,,,,,,,,,,,1,25,0,1,11,0,,,,,,,,,0,0,espn-401872657.json
1,401872657,2026-09-11T00:35Z,LAR,SF,home,4574716,00-0039498,Harrison Mevis,92,,,,,,,,,,,,,,,,,,,,,,,,,,,,,,,,,,,,,0,0,0,1,1,1,,,0,0,espn-401872657.json
1,401872657,2026-09-11T00:35Z,LAR,SF,home,5125875,00-0039059,Ethan Evans,42,,,,,,,,,,,,,,,,,,,,,,,,,,,,,,,,,,,,,,,,,,,3,145,0,0,espn-401872657.json
1,401872658,2026-09-13T17:00Z,ATL,PIT,away,2972515,00-0033662,Cooper Rush,13,12,22,143,1,2,4,25,3.0,51.9,,,,,,,,,,,,,,,,,,,,,,,,,,,,,,,,,,,,0,0,espn-401872658.json
1,401872658,2026-09-13T17:00Z,ATL,PIT,away,4430807,00-0038542,Bijan Robinson,7,,,,,,,,,,21,83,0,20,8,10,90,1,24,2,0,,,,,,,,,,,,,,,,,,,,,,,,,1,1,espn-401872658.json
1,401872658,2026-09-13T17:00Z,ATL,PIT,away,4241474,00-0037746,Brian Robinson Jr.,15,,,,,,,,,,9,31,0,14,,,,,,,,,,,,,,,,,,2,64,0,,,,,,,,,,,,0,0,espn-401872658.json
1,401872658,2026-09-13T17:00Z,ATL,PIT,away,4426502,00-0037238,Drake London,5,,,,,,,,,,1,6,0,6,2,5,29,0,21,,,,,,,,,,,,,,,,,,,,,,,,,,,0,0,espn-401872658.json
1,401872658,2026-09-13T17:00Z,ATL,PIT,away,4361409,00-0037741,Jahan Dotson,4,,,,,,,,,,,,,,1,4,19,0,19,0,0,,,,,,,,,,,,,,,,,,,,,,,,,0,0,espn-401872658.json
1,401872658,2026-09-13T17:00Z,ATL,PIT,away,3917914,00-0035208,Olamide Zaccheaus,14,,,,,,,,,,,,,,1,1,5,0,5,,,,,,,,,,,,,1,29,0,,,,,,,,,,,,0,0,espn-401872658.json
1,401872658,2026-09-13T17:00Z,ATL,PIT,away,4360248,00-0036970,Kyle Pitts Sr.,8,,,,,,,,,,,,,,0,1,0,0,0,,,,,,,,,,,,,,,,,,,,,,,,,,,0,0,espn-401872658.json
1,401872658,2026-09-13T17:00Z,ATL,PIT,away,4037626,00-0036990,Divine Deablo,0,,,,,,,,,,,,,,,,,,,0,0,7,3,0,1,0,0,0,,,,,,,,,,,,,,,,,,0,0,espn-401872658.json
1,401872658,2026-09-13T17:00Z,ATL,PIT,away,4360386,00-0039002,Sydney Brown,29,,,,,,,,,,,,,,,,,,,,,7,4,0,0,0,0,0,,,,,,,,,,,,,,,,,,0,0,espn-401872658.json
1,401872658,2026-09-13T17:00Z,ATL,PIT,away,3919512,00-0034675,Jessie Bates III,3,,,,,,,,,,,,,,,,,,,,,6,3,0,0,0,0,0,,,,,,,,,,,,,,,,,,0,0,espn-401872658.json
1,401872658,2026-09-13T17:00Z,ATL,PIT,away,4239995,00-0036285,A.J. Terrell Jr.,24,,,,,,,,,,,,,,,,,,,,,5,2,0,0,1,0,0,,,,,,,,,,,,,,,,,,0,0,espn-401872658.json
1,401872658,2026-09-13T17:00Z,ATL,PIT,away,4431005,00-0040148,Xavier Watts,31,,,,,,,,,,,,,,,,,,,,,4,2,0,0,0,0,0,,,,,,,,,,,,,,,,,,0,0,espn-401872658.json
1,401872658,2026-09-13T17:00Z,ATL,PIT,away,4595343,00-0041066,Kendal Daniels,53,,,,,,,,,,,,,,,,,,,,,4,1,0,0,0,0,0,,,,,,,,,,,,,,,,,,0,0,espn-401872658.json
1,401872658,2026-09-13T17:00Z,ATL,PIT,away,3043168,00-0031576,Za'Darius Smith,55,,,,,,,,,,,,,,,,,,,,,3,3,2,3,0,2,0,,,,,,,,,,,,,,,,,,0,0,espn-401872658.json
1,401872658,2026-09-13T17:00Z,ATL,PIT,away,3895841,00-0034843,Mike Hughes,21,,,,,,,,,,,,,,,,,,,,,3,3,0,0,2,0,0,,,,,,,,,,,,,,,,,,0,0,espn-401872658.json
1,401872658,2026-09-13T17:00Z,ATL,PIT,away,4427090,00-0039859,Brandon Dorlus,54,,,,,,,,,,,,,,,,,,,,,3,3,0,0,0,0,0,,,,,,,,,,,,,,,,,,0,0,espn-401872658.json
1,401872658,2026-09-13T17:00Z,ATL,PIT,away,4376288,00-0036204,LaCale London,94,,,,,,,,,,,,,,,,,,,,,3,1,0,0,0,0,0,,,,,,,,,,,,,,,,,,0,0,espn-401872658.json
1,401872658,2026-09-13T17:00Z,ATL,PIT,away,4429014,00-0039070,Gervon Dexter Sr.,95,,,,,,,,,,,,,,,,,,,,,3,1,0,0,0,0,0,,,,,,,,,,,,,,,,,,0,0,espn-401872658.json
1,401872658,2026-09-13T17:00Z,ATL,PIT,away,3050916,00-0034639,Mike Ford Jr.,28,,,,,,,,,,,,,,,,,,,,,2,2,0,0,0,1,0,,,,,,,,,,,,,,,,,,0,0,espn-401872658.json
1,401872658,2026-09-13T17:00Z,ATL,PIT,away,4605478,00-0040056,Jared Ivey,51,,,,,,,,,,,,,,,,,,,,,2,0,0,0,0,0,0,,,,,,,,,,,,,,,,,,0,0,espn-401872658.json
1,401872658,2026-09-13T17:00Z,ATL,PIT,away,3128303,00-0034801,Josh Woods,42,,,,,,,,,,,,,,,,,,,,,1,1,0,0,0,0,0,,,,,,,,,,,,,,,,,,0,0,espn-401872658.json
1,401872658,2026-09-13T17:00Z,ATL,PIT,away,4240596,00-0036281,C.J. Henderson,26,,,,,,,,,,,,,,,,,,,,,1,1,0,0,1,0,0,,,,,,,,,,,,,,,,,,0,0,espn-401872658.json
1,401872658,2026-09-13T17:00Z,ATL,PIT,away,4428713,00-0039837,Bralen Trice,48,,,,,,,,,,,,,,,,,,,,,1,1,0,0,0,0,0,,,,,,,,,,,,,,,,,,0,0,espn-401872658.json
1,401872658,2026-09-13T17:00Z,ATL,PIT,away,4567111,00-0038628,DeMarcco Hellams,23,,,,,,,,,,,,,,,,,,,,,1,1,0,0,0,0,0,,,,,,,,,,,,,,,,,,0,0,espn-401872658.json
1,401872658,2026-09-13T17:00Z,ATL,PIT,away,4568510,00-0039048,Matthew Bergeron,65,,,,,,,,,,,,,,,,,,,,,1,1,0,0,0,0,0,,,,,,,,,,,,,,,,,,0,0,espn-401872658.json
1,401872658,2026-09-13T17:00Z,ATL,PIT,away,4685502,00-0041112,Harold Perkins Jr.,56,,,,,,,,,,,,,,,,,,,,,1,1,0,0,0,0,0,,,,,,,,,,,,,,,,,,0,0,espn-401872658.json
1,401872658,2026-09-13T17:00Z,ATL,PIT,away,4870988,00-0041469,Avieon Terrell,12,,,,,,,,,,,,,,,,,,,,,1,1,0,0,0,0,0,,,,,,,,,,,,,,,,,,0,0,espn-401872658.json
1,401872658,2026-09-13T17:00Z,ATL,PIT,away,3045527,00-0033945,Samson Ebukam,52,,,,,,,,,,,,,,,,,,,,,1,0,0,0,0,2,0,,,,,,,,,,,,,,,,,,0,0,espn-401872658.json
1,401872658,2026-09-13T17:00Z,ATL,PIT,away,4249624,00-0037317,Nick Muse,87,,,,,,,,,,,,,,,,,,,,,1,0,0,0,0,0,0,,,,,,,,,,,,,,,,,,0,0,espn-401872658.json
1,401872658,2026-09-13T17:00Z,ATL,PIT,away,4361510,00-0037815,Cameron Thomas,99,,,,,,,,,,,,,,,,,,,,,1,0,0,0,0,1,0,,,,,,,,,,,,,,,,,,0,0,espn-401872658.json
1,401872658,2026-09-13T17:00Z,ATL,PIT,away,4369886,00-0036463,Chris Blair,19,,,,,,,,,,,,,,,,,,,,,1,0,0,0,0,0,0,,,,,,,,,,,,,,,,,,0,0,espn-401872658.json
1,401872658,2026-09-13T17:00Z,ATL,PIT,away,4431567,00-0039889,Maason Smith,92,,,,,,,,,,,,,,,,,,,,,0,0,0,0,1,0,0,,,,,,,,,,,,,,,,,,0,0,espn-401872658.json
1,401872658,2026-09-13T17:00Z,ATL,PIT,away,4870612,00-0041044,Zachariah Branch,17,,,,,,,,,,,,,,,,,,,,,,,,,,,,,,,1,30,0,3,33,0,,,,,,,,,0,0,espn-401872658.json
1,401872658,2026-09-13T17:00Z,ATL,PIT,away,10621,00-0025565,Nick Folk,6,,,,,,,,,,,,,,,,,,,,,,,,,,,,,,,,,,,,,2,4,51,1,1,7,,,0,0,espn-401872658.json
1,401872658,2026-09-13T17:00Z,ATL,PIT,away,3931395,00-0035280,Jake Bailey,16,,,,,,,,,,,,,,,,,,,,,,,,,,,,,,,,,,,,,,,,,,,6,289,0,0,espn-401872658.json
1,401872658,2026-09-13T17:00Z,PIT,ATL,home,8439,00-0023459,Aaron Rodgers,8,24,40,221,1,0,2,15,41.1,83.4,3,-3,0,-1,,,,,,,,,,,,,,,,,,,,,,,,,,,,,,,,0,0,espn-401872658.json
1,401872658,2026-09-13T17:00Z,PIT,ATL,home,3051397,00-0033729,Cameron Johnston,19,0,1,0,0,0,0,0,--,39.6,,,,,,,,,,,,,,,,,,,,,,,,,,,,,,,,,,4,194,0,0,espn-401872658.json
1,401872658,2026-09-13T17:00Z,PIT,ATL,home,4569987,00-0037228,Jaylen Warren,30,,,,,,,,,,10,46,0,17,5,6,27,0,18,1,1,,,,,,,,,,,,,,,,,,,,,,,,,0,0,espn-401872658.json
1,401872658,2026-09-13T17:00Z,PIT,ATL,home,4038815,00-0036139,Rico Dowdle,13,,,,,,,,,,8,15,0,6,2,5,6,0,4,,,,,,,,,,,,,,,,,,,,,,,,,,,0,0,espn-401872658.json
1,401872658,2026-09-13T17:00Z,PIT,ATL,home,4035687,00-0036252,Michael Pittman Jr.,11,,,,,,,,,,,,,,3,3,58,0,28,,,,,,,,,,,,,,,,,,,,,,,,,,,0,0,espn-401872658.json
1,401872658,2026-09-13T17:00Z,PIT,ATL,home,4361411,00-0036894,Pat Freiermuth,88,,,,,,,,,,,,,,5,5,46,1,19,,,,,,,,,,,,,,,,,,,,,,,,,,,1,0,espn-401872658.json
1,401872658,2026-09-13T17:00Z,PIT,ATL,home,4047650,00-0035640,DK Metcalf,4,,,,,,,,,,,,,,4,10,40,0,14,,,,,,,,,,,,,,,,,,,,,,,,,,,0,0,espn-401872658.json
1,401872658,2026-09-13T17:00Z,PIT,ATL,home,4431492,00-0039739,Roman Wilson,14,,,,,,,,,,,,,,3,6,26,0,20,,,,,,,,,,,,,,,,,,,,,,,,,,,0,0,espn-401872658.json
1,401872658,2026-09-13T17:00Z,PIT,ATL,home,4430802,00-0038558,Darnell Washington,80,,,,,,,,,,,,,,2,2,18,0,15,,,,,,,,,,,,,,,,,,,,,,,,,,,0,0,espn-401872658.json
1,401872658,2026-09-13T17:00Z,PIT,ATL,home,4361652,00-0039741,Payton Wilson,41,,,,,,,,,,,,,,,,,,,,,13,4,0,2,0,0,0,,,,,,,,,,,,,,,,,,0,0,espn-401872658.json
1,401872658,2026-09-13T17:00Z,PIT,ATL,home,4242207,00-0036323,Patrick Queen,6,,,,,,,,,,,,,,,,,,,,,8,2,0,0,0,0,0,,,,,,,,,,,,,,,,,,0,0,espn-401872658.json
1,401872658,2026-09-13T17:00Z,PIT,ATL,home,4570044,00-0038135,Jaquan Brisker,3,,,,,,,,,,,,,,,,,,,,,6,4,0,0,1,0,0,1,10,0,,,,,,,,,,,,,,,0,0,espn-401872658.json
1,401872658,2026-09-13T17:00Z,PIT,ATL,home,3873935,00-0035699,Jamel Dean,35,,,,,,,,,,,,,,,,,,,,,5,3,0,0,0,0,0,,,,,,,,,,,,,,,,,,0,0,espn-401872658.json
1,401872658,2026-09-13T17:00Z,PIT,ATL,home,3045282,00-0033886,T.J. Watt,90,,,,,,,,,,,,,,,,,,,,,4,4,2,3,1,2,1,1,35,1,,,,,,,,,,,,,,,1,0,espn-401872658.json
1,401872658,2026-09-13T17:00Z,PIT,ATL,home,3045373,00-0033055,Jalen Ramsey,5,,,,,,,,,,,,,,,,,,,,,4,3,0,0,1,0,0,,,,,,,,,,,,,,,,,,0,0,espn-401872658.json
1,401872658,2026-09-13T17:00Z,PIT,ATL,home,4431590,00-0040160,Jack Sawyer,33,,,,,,,,,,,,,,,,,,,,,4,1,0,0,0,0,0,,,,,,,,,,,,,,,,,,0,0,espn-401872658.json
1,401872658,2026-09-13T17:00Z,PIT,ATL,home,4037333,00-0036333,Alex Highsmith,56,,,,,,,,,,,,,,,,,,,,,3,2,2,2,0,2,0,,,,,,,,,,,,,,,,,,0,0,espn-401872658.json
1,401872658,2026-09-13T17:00Z,PIT,ATL,home,13977,00-0027969,Cameron Heyward,97,,,,,,,,,,,,,,,,,,,,,3,2,0,0,3,0,0,,,,,,,,,,,,,,,,,,0,0,espn-401872658.json
1,401872658,2026-09-13T17:00Z,PIT,ATL,home,4426694,00-0039110,Keeanu Benton,95,,,,,,,,,,,,,,,,,,,,,3,2,0,0,0,0,0,,,,,,,,,,,,,,,,,,0,0,espn-401872658.json
1,401872658,2026-09-13T17:00Z,PIT,ATL,home,4682980,00-0040678,Derrick Harmon,99,,,,,,,,,,,,,,,,,,,,,3,1,0,0,0,0,0,,,,,,,,,,,,,,,,,,0,0,espn-401872658.json
1,401872658,2026-09-13T17:00Z,PIT,ATL,home,4820584,00-0041401,Robert Spears-Jennings,28,,,,,,,,,,,,,,,,,,,,,3,1,0,0,0,0,0,,,,,,,,,,,,,,,,,,0,0,espn-401872658.json
1,401872658,2026-09-13T17:00Z,PIT,ATL,home,2969961,00-0033941,Rayshawn Jenkins,20,,,,,,,,,,,,,,,,,,,,,2,1,0,0,0,0,0,,,,,,,,,,,,,,,,,,0,0,espn-401872658.json
1,401872658,2026-09-13T17:00Z,PIT,ATL,home,3047495,00-0034810,Sebastian Joseph-Day,69,,,,,,,,,,,,,,,,,,,,,2,1,0,0,0,0,0,,,,,,,,,,,,,,,,,,0,0,espn-401872658.json
1,401872658,2026-09-13T17:00Z,PIT,ATL,home,4429164,00-0038577,Nick Herbig,51,,,,,,,,,,,,,,,,,,,,,2,1,0,0,0,1,0,,,,,,,,,,,,,,,,,,0,0,espn-401872658.json
1,401872658,2026-09-13T17:00Z,PIT,ATL,home,4429490,00-0040231,Carson Bruener,44,,,,,,,,,,,,,,,,,,,,,2,1,0,0,0,0,0,,,,,,,,,,,,,,,,,,0,0,espn-401872658.json
1,401872658,2026-09-13T17:00Z,PIT,ATL,home,4693370,00-0041398,Riley Nowakowski,37,,,,,,,,,,,,,,,,,,,,,2,1,0,0,0,0,0,,,,,,,,,,,,,,,,,,0,0,espn-401872658.json
1,401872658,2026-09-13T17:00Z,PIT,ATL,home,4363034,00-0036617,Asante Samuel Jr.,22,,,,,,,,,,,,,,,,,,,,,1,1,0,0,0,0,0,,,,,,,,,,,,,,,,,,0,0,espn-401872658.json
1,401872658,2026-09-13T17:00Z,PIT,ATL,home,4685327,00-0041393,Daylen Everette,23,,,,,,,,,,,,,,,,,,,,,1,1,0,0,0,0,0,,,,,,,,,,,,,,,,,,0,0,espn-401872658.json
1,401872658,2026-09-13T17:00Z,PIT,ATL,home,3116689,00-0035286,Cole Holcomb,55,,,,,,,,,,,,,,,,,,,,,1,0,0,0,0,0,0,,,,,,,,,,,,,,,,,,0,0,espn-401872658.json
1,401872658,2026-09-13T17:00Z,PIT,ATL,home,5081508,00-0041490,Eli Heidenreich,29,,,,,,,,,,,,,,,,,,,,,,,,,,,,,,,2,47,0,,,,,,,,,,,,0,0,espn-401872658.json
1,401872658,2026-09-13T17:00Z,PIT,ATL,home,5081338,00-0041397,Kaden Wetjen,10,,,,,,,,,,,,,,,,,,,,,,,,,,,,,,,1,27,0,2,13,0,,,,,,,,,0,0,espn-401872658.json
1,401872658,2026-09-13T17:00Z,PIT,ATL,home,17372,00-0031136,Chris Boswell,9,,,,,,,,,,,,,,,,,,,,,,,,,,,,,,,,,,,,,2,3,43,2,2,8,,,0,0,espn-401872658.json
1,401872659,2026-09-13T17:00Z,BAL,IND,away,3916387,00-0034796,Lamar Jackson,8,17,25,324,1,0,2,20,75.0,124.2,7,40,1,19,,,,,,1,1,,,,,,,,,,,,,,,,,,,,,,,,,1,0,espn-401872659.json
1,401872659,2026-09-13T17:00Z,BAL,IND,away,3043078,00-0032764,Derrick Henry,22,,,,,,,,,,24,144,3,32,1,1,19,0,19,,,,,,,,,,,,,,,,,,,,,,,,,,,3,0,espn-401872659.json
1,401872659,2026-09-13T17:00Z,BAL,IND,away,4038441,00-0034975,Justice Hill,43,,,,,,,,,,6,18,0,7,1,1,10,0,10,,,,,,,,,,,,,,,,,,,,,,,,,,,0,0,espn-401872659.json
1,401872659,2026-09-13T17:00Z,BAL,IND,away,4429615,00-0039064,Zay Flowers,4,,,,,,,,,,,,,,5,6,150,1,54,,,,,,,,,,,,,,,,,,,,,,,,,,,1,0,espn-401872659.json
1,401872659,2026-09-13T17:00Z,BAL,IND,away,2576581,00-0032398,Chris Moore,17,,,,,,,,,,,,,,1,2,53,0,53,,,1,1,0,0,0,0,0,,,,4,121,0,,,,,,,,,,,,0,0,espn-401872659.json
1,401872659,2026-09-13T17:00Z,BAL,IND,away,3116365,00-0034753,Mark Andrews,89,,,,,,,,,,,,,,4,6,49,0,17,,,,,,,,,,,,,,,,,,,,,,,,,,,0,0,espn-401872659.json
1,401872659,2026-09-13T17:00Z,BAL,IND,away,4690143,00-0040075,LaJohntay Wester,10,,,,,,,,,,,,,,2,2,15,0,9,,,,,,,,,,,,,1,30,0,3,30,0,,,,,,,,,0,0,espn-401872659.json
1,401872659,2026-09-13T17:00Z,BAL,IND,away,4432260,00-0040879,Matthew Hibner,88,,,,,,,,,,,,,,1,1,13,0,13,,,,,,,,,,,,,,,,,,,,,,,,,,,0,0,espn-401872659.json
1,401872659,2026-09-13T17:00Z,BAL,IND,away,4870847,00-0040870,Ja'Kobi Lane,6,,,,,,,,,,,,,,1,3,11,0,11,,,,,,,,,,,,,,,,,,,,,,,,,,,0,0,espn-401872659.json
1,401872659,2026-09-13T17:00Z,BAL,IND,away,3052897,00-0034798,Durham Smythe,80,,,,,,,,,,,,,,1,1,4,0,4,,,,,,,,,,,,,,,,,,,,,,,,,,,0,0,espn-401872659.json
1,401872659,2026-09-13T17:00Z,BAL,IND,away,4360939,00-0036550,Rashod Bateman,7,,,,,,,,,,,,,,0,1,0,0,0,,,,,,,,,,,,,,,,,,,,,,,,,,,0,0,espn-401872659.json
1,401872659,2026-09-13T17:00Z,BAL,IND,away,3126356,00-0033281,Marlon Humphrey,44,,,,,,,,,,,,,,,,,,,0,0,4,3,0,0,1,0,0,,,,,,,,,,,,,,,,,,0,0,espn-401872659.json
1,401872659,2026-09-13T17:00Z,BAL,IND,away,3915189,00-0034874,Roquan Smith,0,,,,,,,,,,,,,,,,,,,,,11,5,0,0,2,1,0,1,1,0,,,,,,,,,,,,,,,0,0,espn-401872659.json
1,401872659,2026-09-13T17:00Z,BAL,IND,away,4685530,00-0040688,Malaki Starks,24,,,,,,,,,,,,,,,,,,,,,7,2,1,1,0,2,0,,,,,,,,,,,,,,,,,,0,0,espn-401872659.json
1,401872659,2026-09-13T17:00Z,BAL,IND,away,4575517,00-0038038,Kyle Hamilton,14,,,,,,,,,,,,,,,,,,,,,5,3,0,0,0,1,0,,,,,,,,,,,,,,,,,,0,0,espn-401872659.json
1,401872659,2026-09-13T17:00Z,BAL,IND,away,4362139,00-0037756,Travis Jones,98,,,,,,,,,,,,,,,,,,,,,4,3,0,2,0,0,0,,,,,,,,,,,,,,,,,,0,0,espn-401872659.json
1,401872659,2026-09-13T17:00Z,BAL,IND,away,4430831,00-0038504,Trenton Simpson,32,,,,,,,,,,,,,,,,,,,,,4,3,0,2,0,0,0,,,,,,,,,,,,,,,,,,0,0,espn-401872659.json
1,401872659,2026-09-13T17:00Z,BAL,IND,away,4601278,00-0039232,Nate Wiggins,2,,,,,,,,,,,,,,,,,,,,,4,3,0,0,1,0,0,,,,,,,,,,,,,,,,,,0,0,espn-401872659.json
1,401872659,2026-09-13T17:00Z,BAL,IND,away,4690179,00-0038505,Tavius Robinson,95,,,,,,,,,,,,,,,,,,,,,3,1,1,1,0,4,0,,,,,,,,,,,,,,,,,,0,0,espn-401872659.json
1,401872659,2026-09-13T17:00Z,BAL,IND,away,4569428,00-0039460,Carl Jones,48,,,,,,,,,,,,,,,,,,,,,2,2,0,0,0,0,0,,,,,,,,,,,,,,,,,,0,0,espn-401872659.json
1,401872659,2026-09-13T17:00Z,BAL,IND,away,4694334,00-0040636,Keyon Martin,38,,,,,,,,,,,,,,,,,,,,,2,2,0,0,0,0,0,,,,,,,,,,,,,,,,,,0,0,espn-401872659.json
1,401872659,2026-09-13T17:00Z,BAL,IND,away,3858276,00-0036302,Jaylinn Hawkins,21,,,,,,,,,,,,,,,,,,,,,2,1,0,0,0,0,0,,,,,,,,,,,,,,,,,,0,0,espn-401872659.json
1,401872659,2026-09-13T17:00Z,BAL,IND,away,11284,00-0026190,Calais Campbell,93,,,,,,,,,,,,,,,,,,,,,2,0,0,0,0,0,0,,,,,,,,,,,,,,,,,,0,0,espn-401872659.json
1,401872659,2026-09-13T17:00Z,BAL,IND,away,2980153,00-0032965,Ronnie Stanley,79,,,,,,,,,,,,,,,,,,,,,1,1,0,0,0,0,0,,,,,,,,,,,,,,,,,,0,0,espn-401872659.json
1,401872659,2026-09-13T17:00Z,BAL,IND,away,3052743,00-0033935,Trey Hendrickson,91,,,,,,,,,,,,,,,,,,,,,1,1,0,0,0,0,0,,,,,,,,,,,,,,,,,,0,0,espn-401872659.json
1,401872659,2026-09-13T17:00Z,BAL,IND,away,3915837,00-0036081,Broderick Washington Jr.,96,,,,,,,,,,,,,,,,,,,,,1,1,0,0,1,0,0,,,,,,,,,,,,,,,,,,0,0,espn-401872659.json
1,401872659,2026-09-13T17:00Z,BAL,IND,away,4697745,00-0040074,Tyler Loop,33,,,,,,,,,,,,,,,,,,,,,1,1,0,0,0,0,0,,,,,,,,,,2,2,57,5,5,11,,,0,0,espn-401872659.json
1,401872659,2026-09-13T17:00Z,BAL,IND,away,4565350,00-0040100,Jay Higgins IV,49,,,,,,,,,,,,,,,,,,,,,1,0,0,0,0,0,0,,,,,,,,,,,,,,,,,,0,0,espn-401872659.json
1,401872659,2026-09-13T17:00Z,BAL,IND,away,4575483,00-0039234,T.J. Tampa,27,,,,,,,,,,,,,,,,,,,,,1,0,0,0,0,0,0,,,,,,,,,,,,,,,,,,0,0,espn-401872659.json
1,401872659,2026-09-13T17:00Z,BAL,IND,away,4690013,00-0039796,Rasheen Ali,26,,,,,,,,,,,,,,,,,,,,,1,0,0,0,0,0,0,,,,,,,,,,,,,,,,,,0,0,espn-401872659.json
1,401872659,2026-09-13T17:00Z,BAL,IND,away,4565311,00-0040076,Aeneas Peebles,90,,,,,,,,,,,,,,,,,,,,,0,0,0,0,0,1,0,,,,,,,,,,,,,,,,,,0,0,espn-401872659.json
1,401872659,2026-09-13T17:00Z,BAL,IND,away,5084956,00-0040898,Ryan Eckley,30,,,,,,,,,,,,,,,,,,,,,,,,,,,,,,,,,,,,,,,,,,,3,140,0,0,espn-401872659.json
1,401872659,2026-09-13T17:00Z,IND,BAL,home,3917792,00-0035710,Daniel Jones,17,19,31,166,1,1,2,17,27.7,72.8,1,4,0,4,,,,,,,,,,,,,,,,,,,,,,,,,,,,,,,,0,0,espn-401872659.json
1,401872659,2026-09-13T17:00Z,IND,BAL,home,4242335,00-0036223,Jonathan Taylor,28,,,,,,,,,,19,98,2,21,3,4,23,0,13,1,1,,,,,,,,,,,,,,,,,,,,,,,,,2,1,espn-401872659.json
1,401872659,2026-09-13T17:00Z,IND,BAL,home,4360078,00-0037664,Alec Pierce,14,,,,,,,,,,,,,,4,6,61,0,23,,,,,,,,,,,,,,,,,,,,,,,,,,,0,0,espn-401872659.json
1,401872659,2026-09-13T17:00Z,IND,BAL,home,4688813,00-0038997,Josh Downs,2,,,,,,,,,,,,,,2,4,37,0,25,,,1,1,0,0,0,0,0,,,,,,,,,,,,,,,,,,0,0,espn-401872659.json
1,401872659,2026-09-13T17:00Z,IND,BAL,home,15818,00-0030279,Keenan Allen,10,,,,,,,,,,,,,,6,6,32,0,9,,,,,,,,,,,,,,,,,,,,,,,,,,,0,0,espn-401872659.json
1,401872659,2026-09-13T17:00Z,IND,BAL,home,4431459,00-0040128,Tyler Warren,84,,,,,,,,,,,,,,3,5,13,1,9,,,,,,,,,,,,,,,,,,,,,,,,,,,1,0,espn-401872659.json
1,401872659,2026-09-13T17:00Z,IND,BAL,home,3051889,00-0032951,Laquon Treadwell,13,,,,,,,,,,,,,,0,1,0,0,0,,,,,,,,,,,,,,,,,,,,,,,,,,,0,0,espn-401872659.json
1,401872659,2026-09-13T17:00Z,IND,BAL,home,4061956,00-0035021,Ashton Dulin,16,,,,,,,,,,,,,,0,1,0,0,0,,,2,2,0,0,0,0,0,,,,1,33,0,,,,,,,,,,,,0,0,espn-401872659.json
1,401872659,2026-09-13T17:00Z,IND,BAL,home,4686468,00-0041125,Seth McGowan,20,,,,,,,,,,,,,,1,1,0,0,0,,,,,,,,,,,,,5,164,0,,,,,,,,,,,,0,0,espn-401872659.json
1,401872659,2026-09-13T17:00Z,IND,BAL,home,4722908,,Drew Ogletree,85,,,,,,,,,,,,,,0,1,0,0,0,,,,,,,,,,,,,,,,,,,,,,,,,,,0,0,espn-401872659.json
1,401872659,2026-09-13T17:00Z,IND,BAL,home,2971282,00-0032378,DeForest Buckner,99,,,,,,,,,,,,,,,,,,,0,0,2,0,0.5,0,0,1,0,,,,,,,,,,,,,,,,,,0,0,espn-401872659.json
1,401872659,2026-09-13T17:00Z,IND,BAL,home,3917142,00-0036298,Akeem Davis-Gaither,51,,,,,,,,,,,,,,,,,,,,,8,5,0,0,0,0,0,,,,,,,,,,,,,,,,,,0,0,espn-401872659.json
1,401872659,2026-09-13T17:00Z,IND,BAL,home,4035861,,Cam Bynum,0,,,,,,,,,,,,,,,,,,,,,7,7,0,0,0,0,0,,,,,,,,,,,,,,,,,,0,0,espn-401872659.json
1,401872659,2026-09-13T17:00Z,IND,BAL,home,4905664,00-0041043,A.J. Haulcy,25,,,,,,,,,,,,,,,,,,,,,7,4,0,0,0,0,0,,,,,,,,,,,,,,,,,,0,0,espn-401872659.json
1,401872659,2026-09-13T17:00Z,IND,BAL,home,5088571,00-0041518,Bryce Boettcher,50,,,,,,,,,,,,,,,,,,,,,7,2,0,0,0,0,0,,,,,,,,,,,,,,,,,,0,0,espn-401872659.json
1,401872659,2026-09-13T17:00Z,IND,BAL,home,4682909,00-0040139,Justin Walley,27,,,,,,,,,,,,,,,,,,,,,6,5,0,0,0,0,0,,,,,,,,,,,,,,,,,,0,0,espn-401872659.json
1,401872659,2026-09-13T17:00Z,IND,BAL,home,4426473,00-0039340,Laiatu Latu,97,,,,,,,,,,,,,,,,,,,,,6,4,0.5,0,0,0,0,,,,,,,,,,,,,,,,,,0,0,espn-401872659.json
1,401872659,2026-09-13T17:00Z,IND,BAL,home,3843843,00-0034825,Arden Key,98,,,,,,,,,,,,,,,,,,,,,5,3,0.5,0,0,1,0,,,,,,,,,,,,,,,,,,0,0,espn-401872659.json
1,401872659,2026-09-13T17:00Z,IND,BAL,home,4427635,00-0039031,Adetomiwa Adebawore,95,,,,,,,,,,,,,,,,,,,,,4,1,0,0,0,0,0,,,,,,,,,,,,,,,,,,0,0,espn-401872659.json
1,401872659,2026-09-13T17:00Z,IND,BAL,home,3863182,00-0035674,Jerry Tillery,94,,,,,,,,,,,,,,,,,,,,,3,1,0,0,0,0,0,,,,,,,,,,,,,,,,,,0,0,espn-401872659.json
1,401872659,2026-09-13T17:00Z,IND,BAL,home,4037361,00-0034573,Charvarius Ward,7,,,,,,,,,,,,,,,,,,,,,2,2,0,0,0,0,0,,,,,,,,,,,,,,,,,,0,0,espn-401872659.json
1,401872659,2026-09-13T17:00Z,IND,BAL,home,4692033,00-0040207,Tim Smith,93,,,,,,,,,,,,,,,,,,,,,2,1,0,0,0,0,0,,,,,,,,,,,,,,,,,,0,0,espn-401872659.json
1,401872659,2026-09-13T17:00Z,IND,BAL,home,4331768,00-0034485,Jonathan Owens,38,,,,,,,,,,,,,,,,,,,,,1,1,0,0,0,0,0,,,,,,,,,,,,,,,,,,0,0,espn-401872659.json
1,401872659,2026-09-13T17:00Z,IND,BAL,home,4427250,00-0037190,Sauce Gardner,1,,,,,,,,,,,,,,,,,,,,,1,1,0,0,0,0,0,,,,,,,,,,,,,,,,,,0,0,espn-401872659.json
1,401872659,2026-09-13T17:00Z,IND,BAL,home,4566154,00-0040744,Jaylahn Tuimoloau,91,,,,,,,,,,,,,,,,,,,,,1,1,0,0,0,1,0,,,,,,,,,,,,,,,,,,0,0,espn-401872659.json
1,401872659,2026-09-13T17:00Z,IND,BAL,home,4685970,00-0041320,Kenneth Harris,33,,,,,,,,,,,,,,,,,,,,,1,1,0,0,0,0,0,,,,,,,,,,,,,,,,,,0,0,espn-401872659.json
1,401872659,2026-09-13T17:00Z,IND,BAL,home,4692638,00-0041227,Tahj Chambers,44,,,,,,,,,,,,,,,,,,,,,1,1,0,0,0,0,0,,,,,,,,,,,,,,,,,,0,0,espn-401872659.json
1,401872659,2026-09-13T17:00Z,IND,BAL,home,2566045,00-0032753,Luke Rhodes,46,,,,,,,,,,,,,,,,,,,,,1,0,0,0,0,0,0,,,,,,,,,,,,,,,,,,0,0,espn-401872659.json
1,401872659,2026-09-13T17:00Z,IND,BAL,home,4058825,00-0033952,Grover Stewart,90,,,,,,,,,,,,,,,,,,,,,1,0,0.5,0,0,1,0,,,,,,,,,,,,,,,,,,0,0,espn-401872659.json
1,401872659,2026-09-13T17:00Z,IND,BAL,home,4571557,00-0039576,Spencer Shrader,3,,,,,,,,,,,,,,,,,,,,,1,0,0,0,0,0,0,,,,,,,,,,1,1,58,2,3,5,,,0,0,espn-401872659.json
1,401872659,2026-09-13T17:00Z,IND,BAL,home,4685324,00-0041111,Caden Curry,55,,,,,,,,,,,,,,,,,,,,,1,0,0,0,0,0,0,,,,,,,,,,,,,,,,,,0,0,espn-401872659.json
1,401872659,2026-09-13T17:00Z,IND,BAL,home,3914922,00-0033269,Rigoberto Sanchez,8,,,,,,,,,,,,,,,,,,,,,,,,,,,,,,,,,,,,,,,,,,,5,263,0,0,espn-401872659.json
1,401872660,2026-09-13T17:00Z,BUF,HOU,away,3918298,00-0034857,Josh Allen,17,20,29,334,2,0,2,11,80.1,130.5,6,23,2,21,,,,,,1,0,,,,,,,,,,,,,,,,,,,,,,,,,2,0,espn-401872660.json
1,401872660,2026-09-13T17:00Z,BUF,HOU,away,4379399,00-0037248,James Cook III,4,,,,,,,,,,13,57,0,12,3,4,12,0,6,1,0,,,,,,,,,,,,,,,,,,,,,,,,,0,0,espn-401872660.json
1,401872660,2026-09-13T17:00Z,BUF,HOU,away,4429501,00-0039875,Ray Davis,7,,,,,,,,,,1,3,0,3,,,,,,,,,,,,,,,,,,2,51,0,,,,,,,,,,,,0,0,espn-401872660.json
1,401872660,2026-09-13T17:00Z,BUF,HOU,away,4429805,00-0039471,Frank Gore Jr.,20,,,,,,,,,,1,3,0,3,,,,,,,,,,,,,,,,,,,,,,,,,,,,,,,,0,0,espn-401872660.json
1,401872660,2026-09-13T17:00Z,BUF,HOU,away,4385690,00-0038933,Dalton Kincaid,86,,,,,,,,,,,,,,5,6,130,0,40,,,,,,,,,,,,,,,,,,,,,,,,,,,0,0,espn-401872660.json
1,401872660,2026-09-13T17:00Z,BUF,HOU,away,3915416,00-0034827,DJ Moore,2,,,,,,,,,,,,,,5,8,100,1,43,,,,,,,,,,,,,,,,,,,,,,,,,,,1,0,espn-401872660.json
1,401872660,2026-09-13T17:00Z,BUF,HOU,away,4373678,00-0037261,Khalil Shakir,10,,,,,,,,,,,,,,4,6,50,0,19,,,,,,,,,,,,,,,,,,,,,,,,,,,0,0,espn-401872660.json
1,401872660,2026-09-13T17:00Z,BUF,HOU,away,4242433,,Joshua Palmer,5,,,,,,,,,,,,,,1,2,34,1,34,,,,,,,,,,,,,,,,,,,,,,,,,,,1,0,espn-401872660.json
1,401872660,2026-09-13T17:00Z,BUF,HOU,away,3930086,00-0035689,Dawson Knox,88,,,,,,,,,,,,,,1,1,7,0,7,,,,,,,,,,,,,,,,,,,,,,,,,,,0,0,espn-401872660.json
1,401872660,2026-09-13T17:00Z,BUF,HOU,away,4635008,00-0039901,Keon Coleman,0,,,,,,,,,,,,,,1,1,1,0,1,,,,,,,,,,,,,,,,,,,,,,,,,,,0,0,espn-401872660.json
1,401872660,2026-09-13T17:00Z,BUF,HOU,away,4039303,00-0035230,Ed Oliver,91,,,,,,,,,,,,,,,,,,,0,0,5,2,0,1,0,1,0,,,,,,,,,,,,,,,,,,0,0,espn-401872660.json
1,401872660,2026-09-13T17:00Z,BUF,HOU,away,4259166,00-0037254,Terrel Bernard,8,,,,,,,,,,,,,,,,,,,0,0,12,6,0,1,0,0,0,,,,,,,,,,,,,,,,,,0,0,espn-401872660.json
1,401872660,2026-09-13T17:00Z,BUF,HOU,away,4428696,00-0038548,O'Cyrus Torrence,64,,,,,,,,,,,,,,,,,,,0,0,,,,,,,,,,,,,,,,,,,,,,,,,0,0,espn-401872660.json
1,401872660,2026-09-13T17:00Z,BUF,HOU,away,4568624,00-0038557,Dorian Williams,42,,,,,,,,,,,,,,,,,,,,,9,4,0,1,0,0,0,,,,,,,,,,,,,,,,,,0,0,espn-401872660.json
1,401872660,2026-09-13T17:00Z,BUF,HOU,away,4034953,00-0035253,C.J. Gardner-Johnson,22,,,,,,,,,,,,,,,,,,,,,8,6,0,0,0,0,0,,,,,,,,,,,,,,,,,,0,0,espn-401872660.json
1,401872660,2026-09-13T17:00Z,BUF,HOU,away,4676004,00-0039872,Cole Bishop,24,,,,,,,,,,,,,,,,,,,,,7,2,0,0,0,0,0,,,,,,,,,,,,,,,,,,0,0,espn-401872660.json
1,401872660,2026-09-13T17:00Z,BUF,HOU,away,4831989,00-0040710,Deone Walker,96,,,,,,,,,,,,,,,,,,,,,6,3,1,2,0,1,0,,,,,,,,,,,,,,,,,,0,0,espn-401872660.json
1,401872660,2026-09-13T17:00Z,BUF,HOU,away,4379778,00-0037288,Christian Benford,47,,,,,,,,,,,,,,,,,,,,,5,3,0,0,0,0,0,,,,,,,,,,,,,,,,,,0,0,espn-401872660.json
1,401872660,2026-09-13T17:00Z,BUF,HOU,away,4033234,00-0035933,Michael Hoecht,55,,,,,,,,,,,,,,,,,,,,,5,1,0,0,0,0,0,,,,,,,,,,,,,,,,,,0,0,espn-401872660.json
1,401872660,2026-09-13T17:00Z,BUF,HOU,away,4362506,00-0036914,Greg Rousseau,15,,,,,,,,,,,,,,,,,,,,,4,4,2,2,1,5,0,,,,,,,,,,,,,,,,,,0,0,espn-401872660.json
1,401872660,2026-09-13T17:00Z,BUF,HOU,away,4428548,00-0039879,Javon Solomon,56,,,,,,,,,,,,,,,,,,,,,4,1,0,0,0,0,0,,,,,,,,,,,,,,,,,,0,0,espn-401872660.json
1,401872660,2026-09-13T17:00Z,BUF,HOU,away,3116733,00-0034832,Bradley Chubb,9,,,,,,,,,,,,,,,,,,,,,4,0,0,0,0,2,0,,,,,,,,,,,,,,,,,,0,0,espn-401872660.json
1,401872660,2026-09-13T17:00Z,BUF,HOU,away,4688931,00-0040709,Maxwell Hairston,1,,,,,,,,,,,,,,,,,,,,,3,2,0,0,0,0,0,,,,,,,,,,,,,,,,,,0,0,espn-401872660.json
1,401872660,2026-09-13T17:00Z,BUF,HOU,away,4366349,00-0039763,Joe Andreessen,44,,,,,,,,,,,,,,,,,,,,,3,1,0,0,0,0,0,,,,,,,,,,,,,,,,,,0,0,espn-401872660.json
1,401872660,2026-09-13T17:00Z,BUF,HOU,away,3127294,00-0035667,Greg Gaines,97,,,,,,,,,,,,,,,,,,,,,2,1,0,0,0,0,0,,,,,,,,,,,,,,,,,,0,0,espn-401872660.json
1,401872660,2026-09-13T17:00Z,BUF,HOU,away,4426883,00-0039873,DeWayne Carter,90,,,,,,,,,,,,,,,,,,,,,2,1,0,1,0,0,0,,,,,,,,,,,,,,,,,,0,0,espn-401872660.json
1,401872660,2026-09-13T17:00Z,BUF,HOU,away,4688552,00-0040363,Keleki Latu,83,,,,,,,,,,,,,,,,,,,,,2,1,0,0,0,0,0,,,,,,,,,,,,,,,,,,0,0,espn-401872660.json
1,401872660,2026-09-13T17:00Z,BUF,HOU,away,4832035,00-0041391,Davison Igbinosun,21,,,,,,,,,,,,,,,,,,,,,2,1,0,0,1,0,0,,,,,,,,,,,,,,,,,,0,0,espn-401872660.json
1,401872660,2026-09-13T17:00Z,BUF,HOU,away,4036060,00-0036888,Damar Hamlin,3,,,,,,,,,,,,,,,,,,,,,2,0,0,0,0,0,0,,,,,,,,,,,,,,,,,,0,0,espn-401872660.json
1,401872660,2026-09-13T17:00Z,BUF,HOU,away,4401823,00-0037034,Dee Alford,23,,,,,,,,,,,,,,,,,,,,,2,0,0,0,0,0,0,,,,,,,,,,,,,,,,,,0,0,espn-401872660.json
1,401872660,2026-09-13T17:00Z,BUF,HOU,away,4594321,00-0041444,Kaleb Elarms-Orr,52,,,,,,,,,,,,,,,,,,,,,2,0,0,0,0,0,0,,,,,,,,,,,,,,,,,,0,0,espn-401872660.json
1,401872660,2026-09-13T17:00Z,BUF,HOU,away,4870886,00-0041036,TJ Parker,99,,,,,,,,,,,,,,,,,,,,,2,0,0,0,0,0,0,,,,,,,,,,,,,,,,,,0,0,espn-401872660.json
1,401872660,2026-09-13T17:00Z,BUF,HOU,away,4432715,00-0040132,Landon Jackson,94,,,,,,,,,,,,,,,,,,,,,1,1,0,0,0,0,0,,,,,,,,,,,,,,,,,,0,0,espn-401872660.json
1,401872660,2026-09-13T17:00Z,BUF,HOU,away,4037235,00-0035500,Greg Dortch,19,,,,,,,,,,,,,,,,,,,,,,,,,,,,,,,3,82,0,2,10,0,,,,,,,,,0,0,espn-401872660.json
1,401872660,2026-09-13T17:00Z,BUF,HOU,away,3917232,00-0036162,Tyler Bass,16,,,,,,,,,,,,,,,,,,,,,,,,,,,,,,,,,,,,,3,3,46,3,3,12,,,0,0,espn-401872660.json
1,401872660,2026-09-13T17:00Z,BUF,HOU,away,4682758,00-0041126,Tommy Doman Jr.,39,,,,,,,,,,,,,,,,,,,,,,,,,,,,,,,,,,,,,,,,,,,2,109,0,0,espn-401872660.json
1,401872660,2026-09-13T17:00Z,HOU,BUF,home,4432577,00-0039163,C.J. Stroud,7,26,38,274,2,0,3,17,70.2,106.7,2,15,0,15,,,,,,2,2,,,,,,,,,,,,,,,,,,,,,,,,,0,0,espn-401872660.json
1,401872660,2026-09-13T17:00Z,HOU,BUF,home,4035538,00-0035685,David Montgomery,32,,,,,,,,,,20,60,2,18,3,3,19,1,9,,,,,,,,,,,,,,,,,,,,,,,,,,,3,1,espn-401872660.json
1,401872660,2026-09-13T17:00Z,HOU,BUF,home,4429059,00-0040583,Woody Marks,4,,,,,,,,,,9,42,0,12,1,1,-2,0,-2,,,,,,,,,,,,,3,78,0,,,,,,,,,,,,0,0,espn-401872660.json
1,401872660,2026-09-13T17:00Z,HOU,BUF,home,4258173,00-0036554,Nico Collins,12,,,,,,,,,,1,7,0,7,7,10,75,1,25,,,,,,,,,,,,,,,,,,,,,,,,,,,1,0,espn-401872660.json
1,401872660,2026-09-13T17:00Z,HOU,BUF,home,4586312,00-0040138,Jaylin Noel,13,,,,,,,,,,,,,,2,2,53,0,35,,,,,,,,,,,,,3,70,0,,,,,,,,,,,,0,0,espn-401872660.json
1,401872660,2026-09-13T17:00Z,HOU,BUF,home,3117256,00-0034383,Dalton Schultz,86,,,,,,,,,,,,,,4,8,35,0,18,,,,,,,,,,,,,,,,,,,,,,,,,,,0,0,espn-401872660.json
1,401872660,2026-09-13T17:00Z,HOU,BUF,home,4686422,00-0038618,Xavier Hutchinson,19,,,,,,,,,,,,,,3,6,32,0,20,,,,,,,,,,,,,,,,,,,,,,,,,,,0,0,espn-401872660.json
1,401872660,2026-09-13T17:00Z,HOU,BUF,home,4429022,00-0038608,Kayshon Boutte,14,,,,,,,,,,,,,,1,2,21,0,21,,,,,,,,,,,,,,,,,,,,,,,,,,,0,0,espn-401872660.json
1,401872660,2026-09-13T17:00Z,HOU,BUF,home,4695705,00-0041472,Marlin Klein,83,,,,,,,,,,,,,,1,1,16,0,16,,,,,,,,,,,,,,,,,,,,,,,,,,,0,0,espn-401872660.json
1,401872660,2026-09-13T17:00Z,HOU,BUF,home,3843945,00-0034981,Foster Moreau,87,,,,,,,,,,,,,,2,2,15,0,9,,,,,,,,,,,,,,,,,,,,,,,,,,,0,0,espn-401872660.json
1,401872660,2026-09-13T17:00Z,HOU,BUF,home,4430681,00-0038728,Jared Wayne,17,,,,,,,,,,,,,,1,1,12,0,12,,,,,,,,,,,,,,,,,,,,,,,,,,,0,0,espn-401872660.json
1,401872660,2026-09-13T17:00Z,HOU,BUF,home,4426496,00-0039359,Cade Stover,8,,,,,,,,,,,,,,1,1,-2,0,-2,,,2,0,0,0,0,0,0,,,,,,,,,,,,,,,,,,0,0,espn-401872660.json
1,401872660,2026-09-13T17:00Z,HOU,BUF,home,3919117,00-0035166,Azeez Al-Shaair,0,,,,,,,,,,,,,,,,,,,,,8,5,0,1,0,0,0,,,,,,,,,,,,,,,,,,0,0,espn-401872660.json
1,401872660,2026-09-13T17:00Z,HOU,BUF,home,4243956,00-0037130,Reed Blankenship,6,,,,,,,,,,,,,,,,,,,,,7,4,0,0,0,0,0,,,,,,,,,,,,,,,,,,0,0,espn-401872660.json
1,401872660,2026-09-13T17:00Z,HOU,BUF,home,4431517,00-0039838,Calen Bullock,2,,,,,,,,,,,,,,,,,,,,,6,5,0,0,1,0,0,,,,,,,,,,,,,,,,,,0,0,espn-401872660.json
1,401872660,2026-09-13T17:00Z,HOU,BUF,home,4241223,00-0037246,Jalen Pitre,5,,,,,,,,,,,,,,,,,,,,,6,4,0,0,1,0,0,,,,,,,,,,,,,,,,,,0,0,espn-401872660.json
1,401872660,2026-09-13T17:00Z,HOU,BUF,home,4426434,00-0037237,Derek Stingley Jr.,24,,,,,,,,,,,,,,,,,,,,,4,4,0,0,0,0,0,,,,,,,,,,,,,,,,,,0,0,espn-401872660.json
1,401872660,2026-09-13T17:00Z,HOU,BUF,home,4602699,00-0039343,Kamari Lassiter,3,,,,,,,,,,,,,,,,,,,,,3,1,0,1,1,0,0,,,,,,,,,,,,,,,,,,0,0,espn-401872660.json
1,401872660,2026-09-13T17:00Z,HOU,BUF,home,4685724,00-0039108,Will Anderson Jr.,51,,,,,,,,,,,,,,,,,,,,,3,1,0.5,0,0,1,0,,,,,,,,,,,,,,,,,,0,0,espn-401872660.json
1,401872660,2026-09-13T17:00Z,HOU,BUF,home,2970204,00-0032759,Sheldon Rankins,98,,,,,,,,,,,,,,,,,,,,,3,0,0,0,1,0,0,,,,,,,,,,,,,,,,,,0,0,espn-401872660.json
1,401872660,2026-09-13T17:00Z,HOU,BUF,home,4361366,00-0036883,Tommy Togiai,72,,,,,,,,,,,,,,,,,,,,,2,1,0,0,0,0,0,,,,,,,,,,,,,,,,,,0,0,espn-401872660.json
1,401872660,2026-09-13T17:00Z,HOU,BUF,home,4426350,00-0038599,Henry To'oTo'o,39,,,,,,,,,,,,,,,,,,,,,2,1,0,0,0,0,0,,,,,,,,,,,,,,,,,,0,0,espn-401872660.json
1,401872660,2026-09-13T17:00Z,HOU,BUF,home,4033812,00-0037457,Jake Hansen,35,,,,,,,,,,,,,,,,,,,,,2,0,0,0,0,0,0,,,,,,,,,,,,,,,,,,0,0,espn-401872660.json
1,401872660,2026-09-13T17:00Z,HOU,BUF,home,16734,00-0031364,Jadeveon Clowney,90,,,,,,,,,,,,,,,,,,,,,1,1,1,1,0,2,0,,,,,,,,,,,,,,,,,,0,0,espn-401872660.json
1,401872660,2026-09-13T17:00Z,HOU,BUF,home,3134448,00-0034278,Tremon Smith,11,,,,,,,,,,,,,,,,,,,,,1,1,0,0,0,0,0,,,,2,54,0,,,,,,,,,,,,0,0,espn-401872660.json
1,401872660,2026-09-13T17:00Z,HOU,BUF,home,4594277,00-0040149,Jaylin Smith,22,,,,,,,,,,,,,,,,,,,,,1,1,0,0,0,0,0,,,,,,,,,,,,,,,,,,0,0,espn-401872660.json
1,401872660,2026-09-13T17:00Z,HOU,BUF,home,2969921,00-0032265,Mario Edwards Jr.,97,,,,,,,,,,,,,,,,,,,,,1,0,0.5,0,0,1,0,,,,,,,,,,,,,,,,,,0,0,espn-401872660.json
1,401872660,2026-09-13T17:00Z,HOU,BUF,home,2971573,00-0032726,Ka'imi Fairbairn,15,,,,,,,,,,,,,,,,,,,,,1,0,0,0,0,0,0,,,,,,,,,,1,1,58,4,4,7,,,0,0,espn-401872660.json
1,401872660,2026-09-13T17:00Z,HOU,BUF,home,3050199,00-0034091,George Odum,36,,,,,,,,,,,,,,,,,,,,,1,0,0,0,0,0,0,,,,,,,,,,,,,,,,,,0,0,espn-401872660.json
1,401872660,2026-09-13T17:00Z,HOU,BUF,home,4244300,00-0037082,Dominique Robinson,94,,,,,,,,,,,,,,,,,,,,,1,0,0,0,0,0,0,,,,,,,,,,,,,,,,,,0,0,espn-401872660.json
1,401872660,2026-09-13T17:00Z,HOU,BUF,home,4699802,00-0041305,Sabastian Harsh,54,,,,,,,,,,,,,,,,,,,,,1,0,0,0,0,0,0,,,,,,,,,,,,,,,,,,0,0,espn-401872660.json
1,401872660,2026-09-13T17:00Z,HOU,BUF,home,4837286,00-0041465,Wade Woodaz,30,,,,,,,,,,,,,,,,,,,,,1,0,0,0,0,0,0,,,,,,,,,,,,,,,,,,0,0,espn-401872660.json
1,401872660,2026-09-13T17:00Z,HOU,BUF,home,2976560,00-0031565,Danielle Hunter,55,,,,,,,,,,,,,,,,,,,,,0,0,0,0,1,0,0,,,,,,,,,,,,,,,,,,0,0,espn-401872660.json
1,401872660,2026-09-13T17:00Z,HOU,BUF,home,4570033,00-0040654,Kai Kroeger,38,,,,,,,,,,,,,,,,,,,,,,,,,,,,,,,,,,,,,,,,,,,4,208,0,0,espn-401872660.json
1,401872661,2026-09-13T17:00Z,CHI,CAR,away,4431611,00-0039918,Caleb Williams,18,21,29,269,2,0,2,8,93.1,124.1,10,65,2,29,,,,,,,,,,,,,,,,,,,,,,,,,,,,,,,,2,0,espn-401872661.json
1,401872661,2026-09-13T17:00Z,CHI,CAR,away,4259545,00-0036275,D'Andre Swift,4,,,,,,,,,,18,124,3,32,1,1,10,0,10,,,,,,,,,,,,,,,,,,,,,,,,,,,3,0,espn-401872661.json
1,401872661,2026-09-13T17:00Z,CHI,CAR,away,4608686,00-0040236,Kyle Monangai,25,,,,,,,,,,10,100,1,61,2,2,24,0,19,,,,,,,,,,,,,,,,,,,,,,,,,,,1,0,espn-401872661.json
1,401872661,2026-09-13T17:00Z,CHI,CAR,away,4685278,00-0040735,Luther Burden III,10,,,,,,,,,,1,2,0,2,5,5,63,0,24,1,1,,,,,,,,,,,,,,,,,,,,,,,,,0,0,espn-401872661.json
1,401872661,2026-09-13T17:00Z,CHI,CAR,away,2973405,00-0032464,Kalif Raymond,14,,,,,,,,,,,,,,8,9,84,0,28,,,,,,,,,,,,,,,,1,23,0,,,,,,,,,0,0,espn-401872661.json
1,401872661,2026-09-13T17:00Z,CHI,CAR,away,4431299,00-0039919,Rome Odunze,15,,,,,,,,,,,,,,2,3,52,0,47,,,,,,,,,,,,,,,,,,,,,,,,,,,0,0,espn-401872661.json
1,401872661,2026-09-13T17:00Z,CHI,CAR,away,4258595,00-0036290,Cole Kmet,85,,,,,,,,,,,,,,2,3,35,1,22,,,,,,,,,,,,,,,,,,,,,,,,,,,1,0,espn-401872661.json
1,401872661,2026-09-13T17:00Z,CHI,CAR,away,5160110,00-0040277,Jahdae Walker,9,,,,,,,,,,,,,,1,1,1,1,1,,,2,0,0,0,0,0,0,,,,,,,,,,,,,,,,,,1,0,espn-401872661.json
1,401872661,2026-09-13T17:00Z,CHI,CAR,away,4723086,00-0040126,Colston Loveland,84,,,,,,,,,,,,,,0,2,0,0,0,,,,,,,,,,,,,,,,,,,,,,,,,,,0,0,espn-401872661.json
1,401872661,2026-09-13T17:00Z,CHI,CAR,away,4036261,00-0035525,Devin Bush,12,,,,,,,,,,,,,,,,,,,0,0,6,2,0,0,0,1,0,,,,,,,,,,,,,,,,,,0,0,espn-401872661.json
1,401872661,2026-09-13T17:00Z,CHI,CAR,away,5065495,00-0037380,Kaden Davis,81,,,,,,,,,,,,,,,,,,,0,0,,,,,,,,,,,,,,,,,,,,,,,,,0,0,espn-401872661.json
1,401872661,2026-09-13T17:00Z,CHI,CAR,away,4954445,00-0041538,Dillon Thieneman,31,,,,,,,,,,,,,,,,,,,,,10,8,0,0,1,1,0,,,,,,,,,,,,,,,,,,0,0,espn-401872661.json
1,401872661,2026-09-13T17:00Z,CHI,CAR,away,4426374,00-0039071,Tyrique Stevenson Sr.,29,,,,,,,,,,,,,,,,,,,,,9,6,0,0,0,0,0,,,,,,,,,,,,,,,,,,0,0,espn-401872661.json
1,401872661,2026-09-13T17:00Z,CHI,CAR,away,3916577,00-0035357,Cam Lewis,21,,,,,,,,,,,,,,,,,,,,,6,5,0,0,0,0,0,,,,,,,,,,,,,,,,,,0,0,espn-401872661.json
1,401872661,2026-09-13T17:00Z,CHI,CAR,away,4426386,00-0039021,Roschon Johnson,23,,,,,,,,,,,,,,,,,,,,,4,0,0,0,0,0,0,,,,,,,,,,,,,,,,,,0,0,espn-401872661.json
1,401872661,2026-09-13T17:00Z,CHI,CAR,away,4259181,00-0036337,James Lynch,97,,,,,,,,,,,,,,,,,,,,,3,2,0,0,0,0,0,,,,,,,,,,,,,,,,,,0,0,espn-401872661.json
1,401872661,2026-09-13T17:00Z,CHI,CAR,away,4870953,00-0041060,Malik Muhammad II,24,,,,,,,,,,,,,,,,,,,,,3,2,0,0,2,0,0,1,0,0,,,,,,,,,,,,,,,0,0,espn-401872661.json
1,401872661,2026-09-13T17:00Z,CHI,CAR,away,4243253,00-0036292,Jaylon Johnson,1,,,,,,,,,,,,,,,,,,,,,3,1,0,0,0,0,0,,,,,,,,,,,,,,,,,,0,0,espn-401872661.json
1,401872661,2026-09-13T17:00Z,CHI,CAR,away,2576492,00-0031583,Grady Jarrett,50,,,,,,,,,,,,,,,,,,,,,3,0,0,0,0,1,0,,,,,,,,,,,,,,,,,,0,0,espn-401872661.json
1,401872661,2026-09-13T17:00Z,CHI,CAR,away,3116726,00-0034320,Kentavius Street,93,,,,,,,,,,,,,,,,,,,,,2,1,1,1,0,1,0,,,,,,,,,,,,,,,,,,0,0,espn-401872661.json
1,401872661,2026-09-13T17:00Z,CHI,CAR,away,3134690,00-0035647,Montez Sweat,98,,,,,,,,,,,,,,,,,,,,,2,1,1,1,0,1,0,,,,,,,,,,,,,,,,,,0,0,espn-401872661.json
1,401872661,2026-09-13T17:00Z,CHI,CAR,away,4683553,00-0039840,Austin Booker,94,,,,,,,,,,,,,,,,,,,,,2,1,0,0,0,0,0,,,,,,,,,,,,,,,,,,0,0,espn-401872661.json
1,401872661,2026-09-13T17:00Z,CHI,CAR,away,4241007,00-0037271,D'Marco Jackson,48,,,,,,,,,,,,,,,,,,,,,2,0,0,0,0,0,0,,,,,,,,,,,,,,,,,,0,0,espn-401872661.json
1,401872661,2026-09-13T17:00Z,CHI,CAR,away,4240459,00-0037129,Josh Blackwell,39,,,,,,,,,,,,,,,,,,,,,1,1,0,0,0,0,0,,,,4,85,0,,,,,,,,,,,,0,0,espn-401872661.json
1,401872661,2026-09-13T17:00Z,CHI,CAR,away,4242659,00-0036480,Dayo Odeyingbo,55,,,,,,,,,,,,,,,,,,,,,1,1,0,0,0,0,0,,,,,,,,,,,,,,,,,,0,0,espn-401872661.json
1,401872661,2026-09-13T17:00Z,CHI,CAR,away,3121544,00-0035386,T.J. Edwards,53,,,,,,,,,,,,,,,,,,,,,1,0,0,0,0,0,0,,,,,,,,,,,,,,,,,,0,0,espn-401872661.json
1,401872661,2026-09-13T17:00Z,CHI,CAR,away,3892883,00-0036366,Neville Gallimore,90,,,,,,,,,,,,,,,,,,,,,1,0,0,0,0,0,0,,,,,,,,,,,,,,,,,,0,0,espn-401872661.json
1,401872661,2026-09-13T17:00Z,CHI,CAR,away,4242402,00-0037096,Elijah Hicks,22,,,,,,,,,,,,,,,,,,,,,1,0,0,0,0,0,0,,,,,,,,,,,,,,,,,,0,0,espn-401872661.json
1,401872661,2026-09-13T17:00Z,CHI,CAR,away,4365629,00-0037843,Daniel Hardy,92,,,,,,,,,,,,,,,,,,,,,1,0,0,0,0,0,0,,,,,,,,,,,,,,,,,,0,0,espn-401872661.json
1,401872661,2026-09-13T17:00Z,CHI,CAR,away,4696723,00-0041167,Beau Gardner,45,,,,,,,,,,,,,,,,,,,,,1,0,0,0,0,0,0,,,,,,,,,,,,,,,,,,0,0,espn-401872661.json
1,401872661,2026-09-13T17:00Z,CHI,CAR,away,4879561,00-0041175,Skyler Thomas,38,,,,,,,,,,,,,,,,,,,,,1,0,0,0,0,0,0,,,,,,,,,,,,,,,,,,0,0,espn-401872661.json
1,401872661,2026-09-13T17:00Z,CHI,CAR,away,17427,00-0031203,Cairo Santos,8,,,,,,,,,,,,,,,,,,,,,,,,,,,,,,,,,,,,,1,1,40,8,8,11,,,0,0,espn-401872661.json
1,401872661,2026-09-13T17:00Z,CHI,CAR,away,4686889,00-0039745,Tory Taylor,19,,,,,,,,,,,,,,,,,,,,,,,,,,,,,,,,,,,,,,,,,,,2,102,0,0,espn-401872661.json
1,401872661,2026-09-13T17:00Z,CAR,CHI,home,4685720,00-0039150,Bryce Young,9,23,37,361,3,1,2,8,71.1,110.3,2,10,1,7,,,,,,,,,,,,,,,,,,,,,,,,,,,,,,,,1,0,espn-401872661.json
1,401872661,2026-09-13T17:00Z,CAR,CHI,home,4240703,00-0038102,Kenny Pickett,12,0,1,0,0,0,0,0,100.0,39.6,1,24,0,24,,,,,,,,,,,,,,,,,,,,,,,,,,,,,,,,0,0,espn-401872661.json
1,401872661,2026-09-13T17:00Z,CAR,CHI,home,4241416,00-0036555,Chuba Hubbard,30,,,,,,,,,,10,49,1,11,3,3,38,1,29,,,,,,,,,,,,,,,,,,,,,,,,,,,2,1,espn-401872661.json
1,401872661,2026-09-13T17:00Z,CAR,CHI,home,4239934,00-0036265,AJ Dillon,28,,,,,,,,,,5,28,0,11,,,,,,,,,,,,,,,,,,,,,,,,,,,,,,,,0,0,espn-401872661.json
1,401872661,2026-09-13T17:00Z,CAR,CHI,home,4678008,00-0039344,Jonathon Brooks,25,,,,,,,,,,4,14,0,6,1,2,48,0,48,,,,,,,,,,,,,,,,,,,,,,,,,,,0,0,espn-401872661.json
1,401872661,2026-09-13T17:00Z,CAR,CHI,home,4695883,00-0039491,Jalen Coker,18,,,,,,,,,,,,,,8,9,138,2,51,,,,,,,,,,,,,,,,,,,,,,,,,,,2,0,espn-401872661.json
1,401872661,2026-09-13T17:00Z,CAR,CHI,home,4685472,00-0040124,Tetairoa McMillan,4,,,,,,,,,,,,,,5,8,75,0,21,1,1,,,,,,,,,,,,,,,,,,,,,,,,,0,0,espn-401872661.json
1,401872661,2026-09-13T17:00Z,CAR,CHI,home,2576925,00-0031610,Darren Waller,88,,,,,,,,,,,,,,2,2,28,0,17,,,,,,,,,,,,,,,,,,,,,,,,,,,0,0,espn-401872661.json
1,401872661,2026-09-13T17:00Z,CAR,CHI,home,4372780,00-0037005,Tommy Tremble,82,,,,,,,,,,,,,,3,5,25,0,11,,,,,,,,,,,,,,,,,,,,,,,,,,,0,0,espn-401872661.json
1,401872661,2026-09-13T17:00Z,CAR,CHI,home,4683243,00-0040187,Mitchell Evans,84,,,,,,,,,,,,,,1,2,9,0,9,,,,,,,,,,,,,,,,,,,,,,,,,,,0,0,espn-401872661.json
1,401872661,2026-09-13T17:00Z,CAR,CHI,home,4430034,00-0039342,Xavier Legette,17,,,,,,,,,,,,,,0,2,0,0,0,,,,,,,,,,,,,2,52,0,,,,,,,,,,,,0,0,espn-401872661.json
1,401872661,2026-09-13T17:00Z,CAR,CHI,home,4708486,00-0040218,Jimmy Horn Jr.,15,,,,,,,,,,,,,,0,1,0,0,0,1,1,,,,,,,,,,,5,101,0,2,17,0,,,,,,,,,0,0,espn-401872661.json
1,401872661,2026-09-13T17:00Z,CAR,CHI,home,5151083,00-0041063,Will Lee III,24,,,,,,,,,,,,,,,,,,,0,0,5,5,0,0,1,0,0,,,,,,,,,,,,,,,,,,0,0,espn-401872661.json
1,401872661,2026-09-13T17:00Z,CAR,CHI,home,4243256,00-0037244,Devin Lloyd,55,,,,,,,,,,,,,,,,,,,,,13,9,0,0,0,0,0,,,,,,,,,,,,,,,,,,0,0,espn-401872661.json
1,401872661,2026-09-13T17:00Z,CAR,CHI,home,3116179,00-0035669,Nick Scott,21,,,,,,,,,,,,,,,,,,,,,7,5,0,0,0,0,0,,,,,,,,,,,,,,,,,,0,0,espn-401872661.json
1,401872661,2026-09-13T17:00Z,CAR,CHI,home,4431551,00-0041478,Lee Hunter,92,,,,,,,,,,,,,,,,,,,,,6,4,0,0,0,0,0,,,,,,,,,,,,,,,,,,0,0,espn-401872661.json
1,401872661,2026-09-13T17:00Z,CAR,CHI,home,3117253,00-0035687,Bobby Okereke,58,,,,,,,,,,,,,,,,,,,,,6,3,0,1,0,0,0,,,,,,,,,,,,,,,,,,0,0,espn-401872661.json
1,401872661,2026-09-13T17:00Z,CAR,CHI,home,4035495,00-0036220,Derrick Brown,95,,,,,,,,,,,,,,,,,,,,,3,3,0,0,0,1,0,,,,,,,,,,,,,,,,,,0,0,espn-401872661.json
1,401872661,2026-09-13T17:00Z,CAR,CHI,home,4242975,00-0036934,Jaelan Phillips,5,,,,,,,,,,,,,,,,,,,,,3,2,1,1,0,1,0,,,,,,,,,,,,,,,,,,0,0,espn-401872661.json
1,401872661,2026-09-13T17:00Z,CAR,CHI,home,4429166,00-0040136,Princely Umanmielen,3,,,,,,,,,,,,,,,,,,,,,3,2,1,1,0,1,0,,,,,,,,,,,,,,,,,,0,0,espn-401872661.json
1,401872661,2026-09-13T17:00Z,CAR,CHI,home,4034959,00-0037179,Jeremiah Moon,56,,,,,,,,,,,,,,,,,,,,,3,2,0,0,0,0,0,,,,,,,,,,,,,,,,,,0,0,espn-401872661.json
1,401872661,2026-09-13T17:00Z,CAR,CHI,home,4362847,00-0036944,Jaycee Horn,8,,,,,,,,,,,,,,,,,,,,,3,2,0,0,0,0,0,,,,,,,,,,,,,,,,,,0,0,espn-401872661.json
1,401872661,2026-09-13T17:00Z,CAR,CHI,home,4429110,00-0040159,Lathan Ransom,22,,,,,,,,,,,,,,,,,,,,,3,2,0,0,0,0,0,,,,,,,,,,,,,,,,,,0,0,espn-401872661.json
1,401872661,2026-09-13T17:00Z,CAR,CHI,home,4362487,00-0036962,Tre'von Moehrig,7,,,,,,,,,,,,,,,,,,,,,3,0,0,0,0,0,0,,,,,,,,,,,,,,,,,,0,0,espn-401872661.json
1,401872661,2026-09-13T17:00Z,CAR,CHI,home,3917016,00-0036305,Trevis Gipson,52,,,,,,,,,,,,,,,,,,,,,2,2,0,1,0,0,0,,,,,,,,,,,,,,,,,,0,0,espn-401872661.json
1,401872661,2026-09-13T17:00Z,CAR,CHI,home,3917853,00-0035277,Mike Jackson,2,,,,,,,,,,,,,,,,,,,,,2,2,0,0,0,0,0,,,,,,,,,,,,,,,,,,0,0,espn-401872661.json
1,401872661,2026-09-13T17:00Z,CAR,CHI,home,4431077,00-0040458,TeRah Edwards,93,,,,,,,,,,,,,,,,,,,,,2,1,0,0,0,0,0,,,,,,,,,,,,,,,,,,0,0,espn-401872661.json
1,401872661,2026-09-13T17:00Z,CAR,CHI,home,4714157,00-0038791,Thomas Incoom,48,,,,,,,,,,,,,,,,,,,,,2,1,0,0,0,0,0,,,,,,,,,,,,,,,,,,0,0,espn-401872661.json
1,401872661,2026-09-13T17:00Z,CAR,CHI,home,4372518,00-0036903,Bobby Brown III,97,,,,,,,,,,,,,,,,,,,,,2,0,0,0,0,0,0,,,,,,,,,,,,,,,,,,0,0,espn-401872661.json
1,401872661,2026-09-13T17:00Z,CAR,CHI,home,4360763,00-0038840,Brycen Tremayne,87,,,,,,,,,,,,,,,,,,,,,1,1,0,0,0,0,0,,,,,,,,,,,,,,,,,,0,0,espn-401872661.json
1,401872661,2026-09-13T17:00Z,CAR,CHI,home,4034948,00-0036825,Feleipe Franks,81,,,,,,,,,,,,,,,,,,,,,1,0,0,0,0,0,0,,,,,,,,,,,,,,,,,,0,0,espn-401872661.json
1,401872661,2026-09-13T17:00Z,CAR,CHI,home,4256224,00-0038493,Claudin Cherelus,53,,,,,,,,,,,,,,,,,,,,,1,0,0,0,0,0,0,,,,,,,,,,,,,,,,,,0,0,espn-401872661.json
1,401872661,2026-09-13T17:00Z,CAR,CHI,home,4602967,00-0041148,Aaron Hall,94,,,,,,,,,,,,,,,,,,,,,1,0,0,0,0,0,0,,,,,,,,,,,,,,,,,,0,0,espn-401872661.json
1,401872661,2026-09-13T17:00Z,CAR,CHI,home,4697636,00-0039380,Chau Smith-Wade,26,,,,,,,,,,,,,,,,,,,,,1,0,0,0,0,0,0,,,,,,,,,,,,,,,,,,0,0,espn-401872661.json
1,401872661,2026-09-13T17:00Z,CAR,CHI,home,4568263,00-0040279,Ryan Fitzgerald,10,,,,,,,,,,,,,,,,,,,,,,,,,,,,,,,,,,,,,1,1,44,4,5,7,,,0,0,espn-401872661.json
1,401872661,2026-09-13T17:00Z,CAR,CHI,home,15928,00-0030092,Sam Martin,6,,,,,,,,,,,,,,,,,,,,,,,,,,,,,,,,,,,,,,,,,,,3,147,0,0,espn-401872661.json
1,401872922,2026-09-13T17:00Z,CLE,JAX,away,3122840,00-0033537,Deshaun Watson,4,16,22,205,1,1,5,20,41.6,97.7,6,38,0,9,,,,,,1,0,,,,,,,,,,,,,,,,,,,,,,,,,0,0,espn-401872922.json
1,401872922,2026-09-13T17:00Z,CLE,JAX,away,4685702,00-0040784,Quinshon Judkins,10,,,,,,,,,,12,33,0,5,2,2,17,0,16,,,,,,,,,,,,,,,,,,,,,,,,,,,0,0,espn-401872922.json
1,401872922,2026-09-13T17:00Z,CLE,JAX,away,4870653,00-0041547,KC Concepcion,1,,,,,,,,,,3,15,0,10,4,5,43,0,25,1,1,,,,,,,,,,,,,,1,10,0,,,,,,,,,0,0,espn-401872922.json
1,401872922,2026-09-13T17:00Z,CLE,JAX,away,4601080,00-0040466,Raheim Sanders,23,,,,,,,,,,1,1,0,1,3,3,25,0,11,,,,,,,,,,,,,3,130,0,,,,,,,,,,,,0,0,espn-401872922.json
1,401872922,2026-09-13T17:00Z,CLE,JAX,away,4832800,00-0041037,Denzel Boston,12,,,,,,,,,,,,,,2,4,59,1,46,,,,,,,,,,,,,,,,,,,,,,,,,,,1,0,espn-401872922.json
1,401872922,2026-09-13T17:00Z,CLE,JAX,away,4241463,00-0036407,Jerry Jeudy,3,,,,,,,,,,,,,,2,4,26,0,20,,,,,,,,,,,,,,,,,,,,,,,,,,,0,0,espn-401872922.json
1,401872922,2026-09-13T17:00Z,CLE,JAX,away,5083076,00-0040663,Harold Fannin Jr.,44,,,,,,,,,,,,,,2,3,21,0,12,,,,,,,,,,,,,,,,,,,,,,,,,,,0,0,espn-401872922.json
1,401872922,2026-09-13T17:00Z,CLE,JAX,away,4362018,00-0038710,Blake Whiteheart,86,,,,,,,,,,,,,,1,1,14,0,14,,,,,,,,,,,,,,,,,,,,,,,,,,,0,0,espn-401872922.json
1,401872922,2026-09-13T17:00Z,CLE,JAX,away,4876017,00-0040579,Carson Schwesinger,49,,,,,,,,,,,,,,,,,,,,,10,3,0,1,0,1,0,,,,,,,,,,,,,,,,,,0,0,espn-401872922.json
1,401872922,2026-09-13T17:00Z,CLE,JAX,away,4569620,00-0038715,Ronnie Hickman,33,,,,,,,,,,,,,,,,,,,,,8,3,0,0,0,0,0,,,,,,,,,,,,,,,,,,0,0,espn-401872922.json
1,401872922,2026-09-13T17:00Z,CLE,JAX,away,4379397,00-0036974,Tyson Campbell,7,,,,,,,,,,,,,,,,,,,,,7,3,0,0,0,0,0,,,,,,,,,,,,,,,,,,0,0,espn-401872922.json
1,401872922,2026-09-13T17:00Z,CLE,JAX,away,4873232,00-0040685,Mason Graham,94,,,,,,,,,,,,,,,,,,,,,5,3,1,2,0,1,0,,,,,,,,,,,,,,,,,,0,0,espn-401872922.json
1,401872922,2026-09-13T17:00Z,CLE,JAX,away,3915535,00-0034856,Denzel Ward,21,,,,,,,,,,,,,,,,,,,,,5,1,0,0,0,0,0,,,,,,,,,,,,,,,,,,0,0,espn-401872922.json
1,401872922,2026-09-13T17:00Z,CLE,JAX,away,3110565,00-0035680,Quincy Williams,5,,,,,,,,,,,,,,,,,,,,,4,3,0,0,0,0,0,,,,,,,,,,,,,,,,,,0,0,espn-401872922.json
1,401872922,2026-09-13T17:00Z,CLE,JAX,away,4578085,00-0039852,Jared Verse,8,,,,,,,,,,,,,,,,,,,,,4,3,0,1,0,0,0,,,,,,,,,,,,,,,,,,0,0,espn-401872922.json
1,401872922,2026-09-13T17:00Z,CLE,JAX,away,4567242,00-0037665,Sam Williams,54,,,,,,,,,,,,,,,,,,,,,4,1,0,0,0,0,0,,,,,,,,,,,,,,,,,,0,0,espn-401872922.json
1,401872922,2026-09-13T17:00Z,CLE,JAX,away,4242208,00-0036282,Grant Delpit,9,,,,,,,,,,,,,,,,,,,,,3,1,0,0,1,0,0,,,,,,,,,,,,,,,,,,0,0,espn-401872922.json
1,401872922,2026-09-13T17:00Z,CLE,JAX,away,4837186,00-0041471,Emmanuel McNeil-Warren,28,,,,,,,,,,,,,,,,,,,,,3,1,0,0,0,0,0,,,,,,,,,,,,,,,,,,0,0,espn-401872922.json
1,401872922,2026-09-13T17:00Z,CLE,JAX,away,5085888,00-0040261,Easton Mascarenas-Arnold,42,,,,,,,,,,,,,,,,,,,,,3,0,0,0,0,0,0,,,,,,,,,,,,,,,,,,0,0,espn-401872922.json
1,401872922,2026-09-13T17:00Z,CLE,JAX,away,4695783,00-0039417,Myles Harden,26,,,,,,,,,,,,,,,,,,,,,2,1,0,0,0,0,0,,,,,,,,,,,,,,,,,,0,0,espn-401872922.json
1,401872922,2026-09-13T17:00Z,CLE,JAX,away,4427963,00-0038574,Isaiah McGuire,57,,,,,,,,,,,,,,,,,,,,,2,0,0,0,0,0,0,,,,,,,,,,,,,,,,,,0,0,espn-401872922.json
1,401872922,2026-09-13T17:00Z,CLE,JAX,away,4605792,00-0040255,Adin Huntington,98,,,,,,,,,,,,,,,,,,,,,2,0,0,0,0,0,0,,,,,,,,,,,,,,,,,,0,0,espn-401872922.json
1,401872922,2026-09-13T17:00Z,CLE,JAX,away,4686027,00-0040263,Donovan McMillon,31,,,,,,,,,,,,,,,,,,,,,2,0,0,0,0,0,0,,,,,,,,,,,,,,,,,,0,0,espn-401872922.json
1,401872922,2026-09-13T17:00Z,CLE,JAX,away,3115485,00-0035526,Elgton Jenkins,74,,,,,,,,,,,,,,,,,,,,,1,1,0,0,0,0,0,,,,,,,,,,,,,,,,,,0,0,espn-401872922.json
1,401872922,2026-09-13T17:00Z,CLE,JAX,away,3913293,00-0036443,Rex Sunahara,50,,,,,,,,,,,,,,,,,,,,,1,1,0,0,0,0,0,,,,,,,,,,,,,,,,,,0,0,espn-401872922.json
1,401872922,2026-09-13T17:00Z,CLE,JAX,away,4613104,00-0039920,Malachi Corley,11,,,,,,,,,,,,,,,,,,,,,1,1,0,0,0,0,0,,,,1,34,0,,,,,,,,,,,,0,0,espn-401872922.json
1,401872922,2026-09-13T17:00Z,CLE,JAX,away,4685540,00-0041131,Carsen Ryan,48,,,,,,,,,,,,,,,,,,,,,1,0,0,0,0,0,0,,,,,,,,,,,,,,,,,,0,0,espn-401872922.json
1,401872922,2026-09-13T17:00Z,CLE,JAX,away,3040471,00-0033131,Maliek Collins,96,,,,,,,,,,,,,,,,,,,,,0,0,0,0,0,1,0,,,,,,,,,,,,,,,,,,0,0,espn-401872922.json
1,401872922,2026-09-13T17:00Z,CLE,JAX,away,5081397,00-0040162,Dylan Sampson,22,,,,,,,,,,,,,,,,,,,,,,,,,,,,,,,2,64,0,,,,,,,,,,,,0,0,espn-401872922.json
1,401872922,2026-09-13T17:00Z,CLE,JAX,away,4258620,00-0038428,Andre Szmyt,25,,,,,,,,,,,,,,,,,,,,,,,,,,,,,,,,,,,,,1,1,26,1,1,3,,,0,0,espn-401872922.json
1,401872922,2026-09-13T17:00Z,CLE,JAX,away,4039396,00-0034721,Corey Bojorquez,13,,,,,,,,,,,,,,,,,,,,,,,,,,,,,,,,,,,,,,,,,,,3,130,0,0,espn-401872922.json
1,401872922,2026-09-13T17:00Z,JAX,CLE,home,4360310,00-0036971,Trevor Lawrence,16,18,23,245,4,0,1,11,94.9,150.6,2,3,0,2,,,,,,,,,,,,,,,,,,,,,,,,,,,,,,,,0,0,espn-401872922.json
1,401872922,2026-09-13T17:00Z,JAX,CLE,home,4882093,00-0040719,Bhayshul Tuten,33,,,,,,,,,,15,66,0,12,1,1,22,0,22,0,0,,,,,,,,,,,,,,,,,,,,,,,,,0,0,espn-401872922.json
1,401872922,2026-09-13T17:00Z,JAX,CLE,home,2576336,00-0032104,Ameer Abdullah,20,,,,,,,,,,4,32,0,12,1,1,0,0,0,,,,,,,,,,,,,2,59,0,,,,,,,,,,,,0,0,espn-401872922.json
1,401872922,2026-09-13T17:00Z,JAX,CLE,home,4362619,00-0038611,Chris Rodriguez Jr.,24,,,,,,,,,,6,23,0,8,,,,,,,,,,,,,,,,,,,,,,,,,,,,,,,,0,0,espn-401872922.json
1,401872922,2026-09-13T17:00Z,JAX,CLE,home,4685415,00-0040718,Travis Hunter,12,,,,,,,,,,1,3,0,3,1,1,8,0,8,,,1,1,0,0,0,0,0,,,,,,,,,,,,,,,,,,0,0,espn-401872922.json
1,401872922,2026-09-13T17:00Z,JAX,CLE,home,3916433,00-0034960,Jakobi Meyers,3,,,,,,,,,,1,2,0,2,2,2,40,1,32,,,,,,,,,,,,,,,,,,,,,,,,,,,1,0,espn-401872922.json
1,401872922,2026-09-13T17:00Z,JAX,CLE,home,3059989,00-0033319,Nick Mullens,14,,,,,,,,,,3,-3,0,-1,,,,,,,,,,,,,,,,,,,,,,,,,,,,,,,,0,0,espn-401872922.json
1,401872922,2026-09-13T17:00Z,JAX,CLE,home,4432620,00-0038606,Parker Washington,11,,,,,,,,,,,,,,5,6,83,1,30,,,,,,,,,,,,,,,,1,-5,0,,,,,,,,,1,1,espn-401872922.json
1,401872922,2026-09-13T17:00Z,JAX,CLE,home,4432773,00-0039893,Brian Thomas Jr.,7,,,,,,,,,,,,,,3,3,40,0,18,1,0,,,,,,,,,,,,,,,,,,,,,,,,,0,0,espn-401872922.json
1,401872922,2026-09-13T17:00Z,JAX,CLE,home,4430539,00-0038935,Brenton Strange,85,,,,,,,,,,,,,,2,3,23,1,14,,,,,,,,,,,,,,,,,,,,,,,,,,,1,0,espn-401872922.json
1,401872922,2026-09-13T17:00Z,JAX,CLE,home,4879194,00-0041100,Josh Cameron,19,,,,,,,,,,,,,,2,2,20,1,16,,,1,0,0,0,0,0,0,,,,1,23,0,,,,,,,,,,,,1,0,espn-401872922.json
1,401872922,2026-09-13T17:00Z,JAX,CLE,home,4686248,00-0041503,Nate Boerkircher,87,,,,,,,,,,,,,,1,1,9,0,9,,,,,,,,,,,,,,,,,,,,,,,,,,,0,0,espn-401872922.json
1,401872922,2026-09-13T17:00Z,JAX,CLE,home,4244049,00-0036590,Quintin Morris,80,,,,,,,,,,,,,,0,1,0,0,0,,,1,0,0,0,0,0,0,,,,,,,,,,,,,,,,,,0,0,espn-401872922.json
1,401872922,2026-09-13T17:00Z,JAX,CLE,home,3915239,00-0035642,Josh Hines-Allen,41,,,,,,,,,,,,,,,,,,,0,0,5,2,1.5,1,0,2,0,,,,,,,,,,,,,,,,,,0,0,espn-401872922.json
1,401872922,2026-09-13T17:00Z,JAX,CLE,home,4240610,00-0038570,Ventrell Miller,51,,,,,,,,,,,,,,,,,,,,,10,7,1,2,0,1,0,,,,,,,,,,,,,,,,,,0,0,espn-401872922.json
1,401872922,2026-09-13T17:00Z,JAX,CLE,home,4683347,00-0040145,Caleb Ransaw,27,,,,,,,,,,,,,,,,,,,,,6,5,0,0,0,0,0,,,,,,,,,,,,,,,,,,0,0,espn-401872922.json
1,401872922,2026-09-13T17:00Z,JAX,CLE,home,4242149,00-0037313,Montaric Brown,1,,,,,,,,,,,,,,,,,,,,,5,3,0,1,0,0,0,,,,,,,,,,,,,,,,,,0,0,espn-401872922.json
1,401872922,2026-09-13T17:00Z,JAX,CLE,home,4572704,00-0040326,Branson Combs,50,,,,,,,,,,,,,,,,,,,,,4,3,1,1,0,1,0,,,,,,,,,,,,,,,,,,0,0,espn-401872922.json
1,401872922,2026-09-13T17:00Z,JAX,CLE,home,3050073,00-0034413,Foyesade Oluokun,23,,,,,,,,,,,,,,,,,,,,,4,3,0,0,1,0,0,1,22,0,,,,,,,,,,,,,,,0,0,espn-401872922.json
1,401872922,2026-09-13T17:00Z,JAX,CLE,home,4429168,00-0038596,Antonio Johnson,6,,,,,,,,,,,,,,,,,,,,,4,3,0,0,0,0,0,,,,,,,,,,,,,,,,,,0,0,espn-401872922.json
1,401872922,2026-09-13T17:00Z,JAX,CLE,home,3124587,00-0035240,Jahlani Tavai,31,,,,,,,,,,,,,,,,,,,,,3,2,0,0,0,0,0,,,,,,,,,,,,,,,,,,0,0,espn-401872922.json
1,401872922,2026-09-13T17:00Z,JAX,CLE,home,3045207,00-0033928,Jourdan Lewis,2,,,,,,,,,,,,,,,,,,,,,3,1,0,0,0,0,0,,,,,,,,,,,,,,,,,,0,0,espn-401872922.json
1,401872922,2026-09-13T17:00Z,JAX,CLE,home,4426349,00-0037235,Travon Walker,44,,,,,,,,,,,,,,,,,,,,,2,1,1.5,1,1,1,0,,,,,,,,,,,,,,,,,,0,0,espn-401872922.json
1,401872922,2026-09-13T17:00Z,JAX,CLE,home,2970716,00-0033038,Eric Murray,29,,,,,,,,,,,,,,,,,,,,,2,1,0,0,0,0,0,,,,,,,,,,,,,,,,,,0,0,espn-401872922.json
1,401872922,2026-09-13T17:00Z,JAX,CLE,home,2971275,00-0032164,Arik Armstead,91,,,,,,,,,,,,,,,,,,,,,2,1,0,0,0,0,0,,,,,,,,,,,,,,,,,,0,0,espn-401872922.json
1,401872922,2026-09-13T17:00Z,JAX,CLE,home,4334300,00-0034473,Dennis Gardeck,47,,,,,,,,,,,,,,,,,,,,,2,1,0,0,0,1,0,,,,,,,,,,,,,,,,,,0,0,espn-401872922.json
1,401872922,2026-09-13T17:00Z,JAX,CLE,home,4573319,00-0040342,Danny Striggow,92,,,,,,,,,,,,,,,,,,,,,2,1,0,0,0,0,0,,,,,,,,,,,,,,,,,,0,0,espn-401872922.json
1,401872922,2026-09-13T17:00Z,JAX,CLE,home,3915520,00-0036262,DaVon Hamilton,52,,,,,,,,,,,,,,,,,,,,,2,0,0,0,0,1,0,,,,,,,,,,,,,,,,,,0,0,espn-401872922.json
1,401872922,2026-09-13T17:00Z,JAX,CLE,home,3134316,00-0034657,Matt Dickerson,93,,,,,,,,,,,,,,,,,,,,,1,0,0,0,0,1,0,,,,,,,,,,,,,,,,,,0,0,espn-401872922.json
1,401872922,2026-09-13T17:00Z,JAX,CLE,home,3928931,00-0035827,Ross Matiscik,46,,,,,,,,,,,,,,,,,,,,,1,0,0,0,0,0,0,,,,,,,,,,,,,,,,,,0,0,espn-401872922.json
1,401872922,2026-09-13T17:00Z,JAX,CLE,home,4430271,00-0039733,Ruke Orhorhoro,99,,,,,,,,,,,,,,,,,,,,,1,0,0,0,0,0,0,,,,,,,,,,,,,,,,,,0,0,espn-401872922.json
1,401872922,2026-09-13T17:00Z,JAX,CLE,home,4612298,00-0041045,Albert Regis,98,,,,,,,,,,,,,,,,,,,,,1,0,0,0,0,0,0,,,,,,,,,,,,,,,,,,0,0,espn-401872922.json
1,401872922,2026-09-13T17:00Z,JAX,CLE,home,4686361,00-0039409,Cam Little,39,,,,,,,,,,,,,,,,,,,,,,,,,,,,,,,,,,,,,2,2,47,4,4,10,,,0,0,espn-401872922.json
1,401872922,2026-09-13T17:00Z,JAX,CLE,home,3115480,00-0034437,Logan Cooke,9,,,,,,,,,,,,,,,,,,,,,,,,,,,,,,,,,,,,,,,,,,,2,108,0,0,espn-401872922.json
1,401872923,2026-09-13T17:00Z,NO,DET,away,4360689,00-0040743,Tyler Shough,6,35,56,410,3,2,5,32,40.9,87.6,4,8,0,4,,,,,,2,1,,,,,,,,,,,,,,,,,,,,,,,,,0,0,espn-401872923.json
1,401872923,2026-09-13T17:00Z,NO,DET,away,4239996,00-0036973,Travis Etienne Jr.,3,,,,,,,,,,9,46,0,18,7,9,32,0,16,0,0,,,,,,,,,,,,,,,,,,,,,,,,,0,0,espn-401872923.json
1,401872923,2026-09-13T17:00Z,NO,DET,away,4599739,00-0038551,Kendre Miller,5,,,,,,,,,,9,30,1,8,,,,,,,,,,,,,,,,,,1,19,0,,,,,,,,,,,,1,0,espn-401872923.json
1,401872923,2026-09-13T17:00Z,NO,DET,away,5081999,00-0041326,CJ Donaldson,43,,,,,,,,,,2,4,0,3,1,2,-2,0,-2,,,,,,,,,,,,,,,,,,,,,,,,,,,0,0,espn-401872923.json
1,401872923,2026-09-13T17:00Z,NO,DET,away,4698597,00-0041099,Barion Brown,19,,,,,,,,,,1,3,0,3,,,,,,,,,,,,,,,,,,3,55,0,4,21,0,,,,,,,,,0,0,espn-401872923.json
1,401872923,2026-09-13T17:00Z,NO,DET,away,4361370,00-0037239,Chris Olave,12,,,,,,,,,,,,,,10,13,182,0,47,,,,,,,,,,,,,,,,,,,,,,,,,,,0,0,espn-401872923.json
1,401872923,2026-09-13T17:00Z,NO,DET,away,4569559,00-0039424,Devaughn Vele,14,,,,,,,,,,,,,,7,9,69,1,31,,,,,,,,,,,,,,,,,,,,,,,,,,,1,0,espn-401872923.json
1,401872923,2026-09-13T17:00Z,NO,DET,away,3929645,00-0036040,Juwan Johnson,83,,,,,,,,,,,,,,3,7,54,1,27,,,,,,,,,,,,,,,,,,,,,,,,,,,1,0,espn-401872923.json
1,401872923,2026-09-13T17:00Z,NO,DET,away,4879276,00-0041067,Bryce Lance,18,,,,,,,,,,,,,,3,4,42,0,19,,,,,,,,,,,,,,,,,,,,,,,,,,,0,0,espn-401872923.json
1,401872923,2026-09-13T17:00Z,NO,DET,away,4036131,00-0035644,Noah Fant,87,,,,,,,,,,,,,,4,8,33,1,10,,,1,1,0,0,0,0,0,,,,,,,,,,,,,,,,,,1,0,espn-401872923.json
1,401872923,2026-09-13T17:00Z,NO,DET,away,4429040,00-0040642,Vernon Broughton,91,,,,,,,,,,,,,,,,,,,0,0,3,1,0,0,0,2,0,,,,,,,,,,,,,,,,,,0,0,espn-401872923.json
1,401872923,2026-09-13T17:00Z,NO,DET,away,4683813,00-0040643,Jonas Sanker,7,,,,,,,,,,,,,,,,,,,,,10,7,0,1,0,0,0,,,,,,,,,,,,,,,,,,0,0,espn-401872923.json
1,401872923,2026-09-13T17:00Z,NO,DET,away,3124890,00-0035316,Kaden Elliss,55,,,,,,,,,,,,,,,,,,,,,9,3,0,0,1,3,0,,,,,,,,,,,,,,,,,,0,0,espn-401872923.json
1,401872923,2026-09-13T17:00Z,NO,DET,away,3931399,00-0034361,Justin Reid,21,,,,,,,,,,,,,,,,,,,,,8,5,0,1,0,0,0,,,,,,,,,,,,,,,,,,0,0,espn-401872923.json
1,401872923,2026-09-13T17:00Z,NO,DET,away,4433975,00-0039860,Kool-Aid McKinstry,1,,,,,,,,,,,,,,,,,,,,,7,4,0,0,1,0,0,,,,,,,,,,,,,,,,,,0,0,espn-401872923.json
1,401872923,2026-09-13T17:00Z,NO,DET,away,4241993,00-0036927,Pete Werner,20,,,,,,,,,,,,,,,,,,,,,7,3,0,1,1,0,0,,,,,,,,,,,,,,,,,,0,0,espn-401872923.json
1,401872923,2026-09-13T17:00Z,NO,DET,away,4035661,00-0036253,Julian Blackmon,23,,,,,,,,,,,,,,,,,,,,,6,2,0,0,0,0,0,,,,,,,,,,,,,,,,,,0,0,espn-401872923.json
1,401872923,2026-09-13T17:00Z,NO,DET,away,4683215,00-0040155,Danny Stutsman,28,,,,,,,,,,,,,,,,,,,,,6,2,0,0,0,0,0,,,,,,,,,,,,,,,,,,0,0,espn-401872923.json
1,401872923,2026-09-13T17:00Z,NO,DET,away,3115383,00-0033860,Davon Godchaux,92,,,,,,,,,,,,,,,,,,,,,5,2,0,1,0,0,0,,,,,,,,,,,,,,,,,,0,0,espn-401872923.json
1,401872923,2026-09-13T17:00Z,NO,DET,away,4361194,00-0039622,Isaiah Stalbird,44,,,,,,,,,,,,,,,,,,,,,3,2,0,0,0,0,0,,,,,,,,,,,,,,,,,,0,0,espn-401872923.json
1,401872923,2026-09-13T17:00Z,NO,DET,away,4428350,00-0040166,Quincy Riley,29,,,,,,,,,,,,,,,,,,,,,3,2,0,0,1,0,0,,,,,,,,,,,,,,,,,,0,0,espn-401872923.json
1,401872923,2026-09-13T17:00Z,NO,DET,away,4076951,00-0034760,Nathan Shepherd,93,,,,,,,,,,,,,,,,,,,,,3,1,0,0,0,1,0,,,,,,,,,,,,,,,,,,0,0,espn-401872923.json
1,401872923,2026-09-13T17:00Z,NO,DET,away,3918310,00-0035402,Carl Granderson,96,,,,,,,,,,,,,,,,,,,,,2,2,1,1,0,1,0,,,,,,,,,,,,,,,,,,0,0,espn-401872923.json
1,401872923,2026-09-13T17:00Z,NO,DET,away,4360949,00-0038588,Jordan Howden,31,,,,,,,,,,,,,,,,,,,,,2,1,0,0,0,0,0,,,,,,,,,,,,,,,,,,0,0,espn-401872923.json
1,401872923,2026-09-13T17:00Z,NO,DET,away,4429568,00-0037250,Martin Emerson Jr.,22,,,,,,,,,,,,,,,,,,,,,2,1,0,0,0,0,0,,,,,,,,,,,,,,,,,,0,0,espn-401872923.json
1,401872923,2026-09-13T17:00Z,NO,DET,away,4567224,00-0038387,Colby Wooden,50,,,,,,,,,,,,,,,,,,,,,2,1,0,0,0,0,0,,,,,,,,,,,,,,,,,,0,0,espn-401872923.json
1,401872923,2026-09-13T17:00Z,NO,DET,away,4372533,00-0038541,Tyree Wilson,98,,,,,,,,,,,,,,,,,,,,,2,0,0,0,0,0,0,,,,,,,,,,,,,,,,,,0,0,espn-401872923.json
1,401872923,2026-09-13T17:00Z,NO,DET,away,4430684,00-0039518,Treyton Welch,82,,,,,,,,,,,,,,,,,,,,,1,1,0,0,0,0,0,,,,,,,,,,,,,,,,,,0,0,espn-401872923.json
1,401872923,2026-09-13T17:00Z,NO,DET,away,3925350,00-0036193,Anfernee Jennings,33,,,,,,,,,,,,,,,,,,,,,1,0,0,0,0,0,0,,,,,,,,,,,,,,,,,,0,0,espn-401872923.json
1,401872923,2026-09-13T17:00Z,NO,DET,away,4240475,00-0036867,Chris Rumph II,58,,,,,,,,,,,,,,,,,,,,,1,0,0,0,0,0,0,,,,,,,,,,,,,,,,,,0,0,espn-401872923.json
1,401872923,2026-09-13T17:00Z,NO,DET,away,4605498,00-0039357,Decamerion Richardson,25,,,,,,,,,,,,,,,,,,,,,1,0,0,0,0,0,0,,,,,,,,,,,,,,,,,,0,0,espn-401872923.json
1,401872923,2026-09-13T17:00Z,NO,DET,away,4241986,00-0036321,Chase Young,99,,,,,,,,,,,,,,,,,,,,,0,0,0,0,1,1,0,,,,,,,,,,,,,,,,,,0,0,espn-401872923.json
1,401872923,2026-09-13T17:00Z,NO,DET,away,3051909,00-0034161,Daniel Carlson,10,,,,,,,,,,,,,,,,,,,,,,,,,,,,,,,,,,,,,1,2,28,3,3,6,,,0,0,espn-401872923.json
1,401872923,2026-09-13T17:00Z,NO,DET,away,4361823,00-0037500,Ryan Wright,17,,,,,,,,,,,,,,,,,,,,,,,,,,,,,,,,,,,,,,,,,,,5,238,0,0,espn-401872923.json
1,401872923,2026-09-13T17:00Z,DET,NO,home,3046779,00-0033106,Jared Goff,16,26,39,206,2,0,1,2,48.4,96.7,2,2,0,2,,,,,,1,0,,,,,,,,,,,,,,,,,,,,,,,,,0,0,espn-401872923.json
1,401872923,2026-09-13T17:00Z,DET,NO,home,4429795,00-0039139,Jahmyr Gibbs,0,,,,,,,,,,29,156,2,21,5,5,30,0,11,1,1,,,,,,,,,,,,,,,,,,,,,,,,,2,1,espn-401872923.json
1,401872923,2026-09-13T17:00Z,DET,NO,home,4912274,00-0039364,Sione Vaki,33,,,,,,,,,,2,7,0,4,1,1,11,0,11,,,,,,,,,,,,,,,,,,,,,,,,,,,0,0,espn-401872923.json
1,401872923,2026-09-13T17:00Z,DET,NO,home,4374302,00-0036963,Amon-Ra St. Brown,14,,,,,,,,,,,,,,10,14,67,2,19,,,,,,,,,,,,,,,,,,,,,,,,,,,2,0,espn-401872923.json
1,401872923,2026-09-13T17:00Z,DET,NO,home,4430027,00-0039065,Sam LaPorta,87,,,,,,,,,,,,,,5,8,48,0,19,,,,,,,,,,,,,,,,,,,,,,,,,,,0,0,espn-401872923.json
1,401872923,2026-09-13T17:00Z,DET,NO,home,4426388,00-0037240,Jameson Williams,1,,,,,,,,,,,,,,4,9,45,0,22,0,0,,,,,,,,,,,,,,,,,,,,,,,,,0,0,espn-401872923.json
1,401872923,2026-09-13T17:00Z,DET,NO,home,4242392,00-0036754,Brock Wright,89,,,,,,,,,,,,,,1,1,5,0,5,,,,,,,,,,,,,,,,,,,,,,,,,,,0,0,espn-401872923.json
1,401872923,2026-09-13T17:00Z,DET,NO,home,5123663,00-0040669,Isaac TeSlaa,18,,,,,,,,,,,,,,0,1,0,0,0,,,,,,,,,,,,,,,,,,,,,,,,,,,0,0,espn-401872923.json
1,401872923,2026-09-13T17:00Z,DET,NO,home,4038849,00-0036335,DJ Wonnum,98,,,,,,,,,,,,,,,,,,,0,0,3,1,0,0,1,0,0,,,,,,,,,,,,,,,,,,0,0,espn-401872923.json
1,401872923,2026-09-13T17:00Z,DET,NO,home,3139387,00-0034384,D.J. Reed,4,,,,,,,,,,,,,,,,,,,,,10,7,0,0,1,0,0,,,,,,,,,,,,,,,,,,0,0,espn-401872923.json
1,401872923,2026-09-13T17:00Z,DET,NO,home,3910229,00-0035637,Rock Ya-Sin,23,,,,,,,,,,,,,,,,,,,,,7,7,0,0,0,0,0,,,,,,,,,,,,,,,,,,0,0,espn-401872923.json
1,401872923,2026-09-13T17:00Z,DET,NO,home,4569465,00-0039018,Jack Campbell,46,,,,,,,,,,,,,,,,,,,,,7,5,0,1,0,0,0,,,,,,,,,,,,,,,,,,0,0,espn-401872923.json
1,401872923,2026-09-13T17:00Z,DET,NO,home,3123938,00-0034377,Avonte Maddox,29,,,,,,,,,,,,,,,,,,,,,7,4,0,0,2,0,0,,,,,,,,,,,,,,,,,,0,0,espn-401872923.json
1,401872923,2026-09-13T17:00Z,DET,NO,home,4260409,00-0036964,Derrick Barnes,55,,,,,,,,,,,,,,,,,,,,,6,3,1,1,2,1,0,1,3,0,,,,,,,,,,,,,,,0,0,espn-401872923.json
1,401872923,2026-09-13T17:00Z,DET,NO,home,4372099,00-0037236,Aidan Hutchinson,97,,,,,,,,,,,,,,,,,,,,,5,4,2,2,0,4,0,,,,,,,,,,,,,,,,,,0,0,espn-401872923.json
1,401872923,2026-09-13T17:00Z,DET,NO,home,4371973,00-0038125,Roger McCreary,21,,,,,,,,,,,,,,,,,,,,,4,4,1,1,0,1,0,,,,,,,,,,,,,,,,,,0,0,espn-401872923.json
1,401872923,2026-09-13T17:00Z,DET,NO,home,4241411,00-0037289,Malcolm Rodriguez,44,,,,,,,,,,,,,,,,,,,,,4,2,0,0,0,1,0,,,,,,,,,,,,,,,,,,0,0,espn-401872923.json
1,401872923,2026-09-13T17:00Z,DET,NO,home,4245144,00-0037524,Tay Martin,17,,,,,,,,,,,,,,,,,,,,,3,3,0,0,0,0,0,,,,,,,,,,,,,,,,,,0,0,espn-401872923.json
1,401872923,2026-09-13T17:00Z,DET,NO,home,4569323,00-0039660,Thomas Harper,12,,,,,,,,,,,,,,,,,,,,,3,3,0,0,1,0,0,,,,,,,,,,,,,,,,,,0,0,espn-401872923.json
1,401872923,2026-09-13T17:00Z,DET,NO,home,3045463,00-0033294,Chuck Clark,36,,,,,,,,,,,,,,,,,,,,,3,2,0,0,1,1,0,1,1,0,,,,,,,,,,,,,,,0,0,espn-401872923.json
1,401872923,2026-09-13T17:00Z,DET,NO,home,4892218,00-0041459,Eric O'Neill,66,,,,,,,,,,,,,,,,,,,,,3,2,0,0,0,0,0,,,,,,,,,,,,,,,,,,0,0,espn-401872923.json
1,401872923,2026-09-13T17:00Z,DET,NO,home,4035434,00-0035707,Devin White,45,,,,,,,,,,,,,,,,,,,,,3,1,0,0,0,0,0,,,,,,,,,,,,,,,,,,0,0,espn-401872923.json
1,401872923,2026-09-13T17:00Z,DET,NO,home,4431615,00-0040672,Tyleik Williams,91,,,,,,,,,,,,,,,,,,,,,3,1,0,0,0,0,0,,,,,,,,,,,,,,,,,,0,0,espn-401872923.json
1,401872923,2026-09-13T17:00Z,DET,NO,home,5103940,00-0041447,Skyler Gill-Howard,50,,,,,,,,,,,,,,,,,,,,,3,1,0,0,0,0,0,,,,,,,,,,,,,,,,,,0,0,espn-401872923.json
1,401872923,2026-09-13T17:00Z,DET,NO,home,5093004,00-0041445,Keith Abney II,6,,,,,,,,,,,,,,,,,,,,,2,2,0,1,0,0,0,,,,,,,,,,,,,,,,,,0,0,espn-401872923.json
1,401872923,2026-09-13T17:00Z,DET,NO,home,4027919,00-0036124,Khalil Dorsey,30,,,,,,,,,,,,,,,,,,,,,2,1,0,0,0,0,0,,,,,,,,,,,,,,,,,,0,0,espn-401872923.json
1,401872923,2026-09-13T17:00Z,DET,NO,home,4361662,00-0036624,Alim McNeill,54,,,,,,,,,,,,,,,,,,,,,1,1,1,1,0,1,0,,,,,,,,,,,,,,,,,,0,0,espn-401872923.json
1,401872923,2026-09-13T17:00Z,DET,NO,home,4361861,00-0038940,Tyler Lacy,93,,,,,,,,,,,,,,,,,,,,,1,0,0,0,0,0,0,,,,,,,,,,,,,,,,,,0,0,espn-401872923.json
1,401872923,2026-09-13T17:00Z,DET,NO,home,4383429,00-0038896,Jacob Saylors,25,,,,,,,,,,,,,,,,,,,,,1,0,0,0,0,0,0,,,,2,25,0,,,,,,,,,,,,0,0,espn-401872923.json
1,401872923,2026-09-13T17:00Z,DET,NO,home,5144894,00-0038660,Trevor Nowaske,53,,,,,,,,,,,,,,,,,,,,,1,0,0,0,0,0,0,,,,,,,,,,,,,,,,,,0,0,espn-401872923.json
1,401872923,2026-09-13T17:00Z,DET,NO,home,3126997,00-0035544,Tom Kennedy,85,,,,,,,,,,,,,,,,,,,,,,,,,,,,,,,2,59,0,3,35,0,,,,,,,,,0,0,espn-401872923.json
1,401872923,2026-09-13T17:00Z,DET,NO,home,4689936,00-0039172,Jake Bates,39,,,,,,,,,,,,,,,,,,,,,,,,,,,,,,,,,,,,,1,1,23,4,4,7,,,0,0,espn-401872923.json
1,401872923,2026-09-13T17:00Z,DET,NO,home,3916370,00-0035156,Jack Fox,3,,,,,,,,,,,,,,,,,,,,,,,,,,,,,,,,,,,,,,,,,,,7,336,0,0,espn-401872923.json
1,401872924,2026-09-13T17:00Z,NYJ,TEN,away,15864,00-0030565,Geno Smith,7,19,24,215,0,0,0,0,80.4,104.0,6,7,0,7,,,,,,1,0,,,,,,,,,,,,,,,,,,,,,,,,,0,0,espn-401872924.json
1,401872924,2026-09-13T17:00Z,NYJ,TEN,away,4427366,00-0038120,Breece Hall,20,,,,,,,,,,22,102,1,13,2,2,16,0,8,,,,,,,,,,,,,,,,,,,,,,,,,,,1,0,espn-401872924.json
1,401872924,2026-09-13T17:00Z,NYJ,TEN,away,4685247,00-0039794,Braelon Allen,0,,,,,,,,,,10,40,0,9,0,1,0,0,0,,,,,,,,,,,,,,,,,,,,,,,,,,,0,0,espn-401872924.json
1,401872924,2026-09-13T17:00Z,NYJ,TEN,away,5083315,00-0041032,Kenyon Sadiq,16,,,,,,,,,,1,3,1,3,3,3,21,0,8,,,,,,,,,,,,,,,,,,,,,,,,,,,1,1,espn-401872924.json
1,401872924,2026-09-13T17:00Z,NYJ,TEN,away,4569618,00-0037740,Garrett Wilson,5,,,,,,,,,,,,,,6,7,79,0,31,,,,,,,,,,,,,,,,,,,,,,,,,,,0,0,espn-401872924.json
1,401872924,2026-09-13T17:00Z,NYJ,TEN,away,4597500,00-0039890,Adonai Mitchell,15,,,,,,,,,,,,,,3,3,60,0,40,,,,,,,,,,,,,,,,,,,,,,,,,,,0,0,espn-401872924.json
1,401872924,2026-09-13T17:00Z,NYJ,TEN,away,4723820,00-0041511,Omar Cooper Jr.,11,,,,,,,,,,,,,,1,1,30,0,30,,,,,,,,,,,,,,,,,,,,,,,,,,,0,0,espn-401872924.json
1,401872924,2026-09-13T17:00Z,NYJ,TEN,away,4569371,00-0039451,Isaiah Williams,18,,,,,,,,,,,,,,1,1,7,0,7,,,,,,,,,,,,,,,,2,29,0,,,,,,,,,0,0,espn-401872924.json
1,401872924,2026-09-13T17:00Z,NYJ,TEN,away,4361372,00-0037805,Jeremy Ruckert,89,,,,,,,,,,,,,,1,1,4,0,4,,,,,,,,,,,,,,,,,,,,,,,,,,,0,0,espn-401872924.json
1,401872924,2026-09-13T17:00Z,NYJ,TEN,away,4429105,00-0040582,Arian Smith,82,,,,,,,,,,,,,,0,1,0,0,0,,,1,1,0,0,0,0,0,,,,,,,,,,,,,,,,,,0,0,espn-401872924.json
1,401872924,2026-09-13T17:00Z,NYJ,TEN,away,4808766,00-0040736,Mason Taylor,85,,,,,,,,,,,,,,2,3,-2,0,6,,,,,,,,,,,,,,,,,,,,,,,,,,,0,0,espn-401872924.json
1,401872924,2026-09-13T17:00Z,NYJ,TEN,away,5208977,00-0039789,Qwan'tez Stiggers,37,,,,,,,,,,,,,,,,,,,0,0,,,,,,,,,,,,,,,,,,,,,,,,,0,0,espn-401872924.json
1,401872924,2026-09-13T17:00Z,NYJ,TEN,away,14958,00-0029607,Demario Davis,56,,,,,,,,,,,,,,,,,,,,,8,4,0,0,1,0,0,,,,,,,,,,,,,,,,,,0,0,espn-401872924.json
1,401872924,2026-09-13T17:00Z,NYJ,TEN,away,4361939,00-0036941,Andre Cisco,8,,,,,,,,,,,,,,,,,,,,,5,5,0,0,0,0,0,,,,,,,,,,,,,,,,,,0,0,espn-401872924.json
1,401872924,2026-09-13T17:00Z,NYJ,TEN,away,4685596,00-0040133,Azareye'h Thomas,1,,,,,,,,,,,,,,,,,,,,,5,4,0,1,1,0,0,,,,,,,,,,,,,,,,,,0,0,espn-401872924.json
1,401872924,2026-09-13T17:00Z,NYJ,TEN,away,4685248,00-0041026,David Bailey,31,,,,,,,,,,,,,,,,,,,,,4,4,1,1,0,1,0,,,,,,,,,,,,,,,,,,0,0,espn-401872924.json
1,401872924,2026-09-13T17:00Z,NYJ,TEN,away,4426817,00-0039372,Jarvis Brownlee Jr.,2,,,,,,,,,,,,,,,,,,,,,4,3,0,0,0,0,0,,,,,,,,,,,,,,,,,,0,0,espn-401872924.json
1,401872924,2026-09-13T17:00Z,NYJ,TEN,away,4361331,00-0036500,Jamien Sherwood,44,,,,,,,,,,,,,,,,,,,,,4,2,0,0,0,0,0,,,,,,,,,,,,,,,,,,0,0,espn-401872924.json
1,401872924,2026-09-13T17:00Z,NYJ,TEN,away,4426686,00-0038123,Dane Belton,6,,,,,,,,,,,,,,,,,,,,,3,2,0,0,0,0,0,,,,,,,,,,,,,,,,,,0,0,espn-401872924.json
1,401872924,2026-09-13T17:00Z,NYJ,TEN,away,4429005,00-0039284,Braiden McGregor,55,,,,,,,,,,,,,,,,,,,,,3,0,0,0,0,0,0,,,,,,,,,,,,,,,,,,0,0,espn-401872924.json
1,401872924,2026-09-13T17:00Z,NYJ,TEN,away,4362840,00-0037083,Kingsley Enagbare,52,,,,,,,,,,,,,,,,,,,,,2,1,1,1,0,1,0,,,,,,,,,,,,,,,,,,0,0,espn-401872924.json
1,401872924,2026-09-13T17:00Z,NYJ,TEN,away,4361767,00-0039142,Will McDonald IV,9,,,,,,,,,,,,,,,,,,,,,1,1,1,1,0,1,0,,,,,,,,,,,,,,,,,,0,0,espn-401872924.json
1,401872924,2026-09-13T17:00Z,NYJ,TEN,away,4045299,00-0037526,Marcelino McCrary-Ball,41,,,,,,,,,,,,,,,,,,,,,1,1,0,0,0,0,0,,,,,,,,,,,,,,,,,,0,0,espn-401872924.json
1,401872924,2026-09-13T17:00Z,NYJ,TEN,away,4570470,00-0036986,Nahshon Wright,26,,,,,,,,,,,,,,,,,,,,,1,1,0,0,0,0,0,,,,,,,,,,,,,,,,,,0,0,espn-401872924.json
1,401872924,2026-09-13T17:00Z,NYJ,TEN,away,4692024,00-0040165,Malachi Moore,27,,,,,,,,,,,,,,,,,,,,,1,1,0,0,0,0,0,,,,,,,,,,,,,,,,,,0,0,espn-401872924.json
1,401872924,2026-09-13T17:00Z,NYJ,TEN,away,3117255,00-0034782,Harrison Phillips,97,,,,,,,,,,,,,,,,,,,,,1,0,0,0,0,1,0,,,,,,,,,,,,,,,,,,0,0,espn-401872924.json
1,401872924,2026-09-13T17:00Z,NYJ,TEN,away,4428617,00-0039886,T'Vondre Sweat,99,,,,,,,,,,,,,,,,,,,,,1,0,0,0,0,0,0,,,,,,,,,,,,,,,,,,0,0,espn-401872924.json
1,401872924,2026-09-13T17:00Z,NYJ,TEN,away,4612836,00-0041549,Darrell Jackson Jr.,95,,,,,,,,,,,,,,,,,,,,,1,0,0,0,0,0,0,,,,,,,,,,,,,,,,,,0,0,espn-401872924.json
1,401872924,2026-09-13T17:00Z,NYJ,TEN,away,4002046,00-0033051,David Onyemata,93,,,,,,,,,,,,,,,,,,,,,0,0,0,0,0,1,0,,,,,,,,,,,,,,,,,,0,0,espn-401872924.json
1,401872924,2026-09-13T17:00Z,NYJ,TEN,away,4035824,,Brandon Stephens,21,,,,,,,,,,,,,,,,,,,,,0,0,0,0,1,0,0,,,,,,,,,,,,,,,,,,0,0,espn-401872924.json
1,401872924,2026-09-13T17:00Z,NYJ,TEN,away,3124679,00-0034794,Jason Sanders,19,,,,,,,,,,,,,,,,,,,,,,,,,,,,,,,,,,,,,3,4,52,2,2,11,,,0,0,espn-401872924.json
1,401872924,2026-09-13T17:00Z,NYJ,TEN,away,4427982,00-0039634,Austin McNamara,14,,,,,,,,,,,,,,,,,,,,,,,,,,,,,,,,,,,,,,,,,,,3,139,0,0,espn-401872924.json
1,401872924,2026-09-13T17:00Z,TEN,NYJ,home,4688380,00-0040676,Cam Ward,1,19,32,140,1,0,3,13,41.0,80.2,4,21,0,7,,,,,,,,,,,,,,,,,,,,,,,,,,,,,,,,0,0,espn-401872924.json
1,401872924,2026-09-13T17:00Z,TEN,NYJ,home,3916148,00-0035261,Tony Pollard,20,,,,,,,,,,7,35,0,13,1,2,-1,0,-1,,,,,,,,,,,,,,,,,,,,,,,,,,,0,0,espn-401872924.json
1,401872924,2026-09-13T17:00Z,TEN,NYJ,home,4428557,00-0039032,Tyjae Spears,2,,,,,,,,,,3,12,0,10,2,4,12,0,8,,,,,,,,,,,,,,,,,,,,,,,,,,,0,0,espn-401872924.json
1,401872924,2026-09-13T17:00Z,TEN,NYJ,home,4871023,00-0041438,Carnell Tate,14,,,,,,,,,,,,,,4,6,38,0,14,,,,,,,,,,,,,,,,,,,,,,,,,,,0,0,espn-401872924.json
1,401872924,2026-09-13T17:00Z,TEN,NYJ,home,4569587,00-0038117,Wan'Dale Robinson,4,,,,,,,,,,,,,,5,6,38,0,10,,,,,,,,,,,,,,,,,,,,,,,,,,,0,0,espn-401872924.json
1,401872924,2026-09-13T17:00Z,TEN,NYJ,home,4686728,00-0040584,Gunnar Helm,84,,,,,,,,,,,,,,4,5,28,0,12,,,,,,,,,,,,,,,,,,,,,,,,,,,0,0,espn-401872924.json
1,401872924,2026-09-13T17:00Z,TEN,NYJ,home,4883647,00-0040170,Elic Ayomanor,5,,,,,,,,,,,,,,1,3,11,1,11,,,,,,,,,,,,,,,,,,,,,,,,,,,1,0,espn-401872924.json
1,401872924,2026-09-13T17:00Z,TEN,NYJ,home,4361516,00-0038115,Daniel Bellinger,82,,,,,,,,,,,,,,1,1,7,0,7,,,,,,,,,,,,,,,,,,,,,,,,,,,0,0,espn-401872924.json
1,401872924,2026-09-13T17:00Z,TEN,NYJ,home,4431268,00-0040705,Chimere Dike,17,,,,,,,,,,,,,,1,1,7,0,7,1,1,,,,,,,,,,,3,62,0,1,-5,0,,,,,,,,,0,0,espn-401872924.json
1,401872924,2026-09-13T17:00Z,TEN,NYJ,home,4870805,00-0041479,Anthony Hill Jr.,53,,,,,,,,,,,,,,,,,,,,,16,2,0,0,2,0,0,,,,,,,,,,,,,,,,,,0,0,espn-401872924.json
1,401872924,2026-09-13T17:00Z,TEN,NYJ,home,4036134,00-0035632,Amani Hooker,37,,,,,,,,,,,,,,,,,,,,,10,6,0,1,0,0,0,,,,,,,,,,,,,,,,,,0,0,espn-401872924.json
1,401872924,2026-09-13T17:00Z,TEN,NYJ,home,4685617,00-0040141,Kevin Winston Jr.,23,,,,,,,,,,,,,,,,,,,,,10,4,0,0,0,0,0,,,,,,,,,,,,,,,,,,0,0,espn-401872924.json
1,401872924,2026-09-13T17:00Z,TEN,NYJ,home,4570469,00-0040201,Marcus Harris,26,,,,,,,,,,,,,,,,,,,,,7,5,0,0,0,0,0,,,,,,,,,,,,,,,,,,0,0,espn-401872924.json
1,401872924,2026-09-13T17:00Z,TEN,NYJ,home,4369835,00-0038121,Alontae Taylor,24,,,,,,,,,,,,,,,,,,,,,6,3,0,0,0,0,0,,,,,,,,,,,,,,,,,,0,0,espn-401872924.json
1,401872924,2026-09-13T17:00Z,TEN,NYJ,home,4035369,00-0035643,Jeffery Simmons,98,,,,,,,,,,,,,,,,,,,,,4,2,0,0,0,0,0,,,,,,,,,,,,,,,,,,0,0,espn-401872924.json
1,401872924,2026-09-13T17:00Z,TEN,NYJ,home,4429607,00-0037758,Cor'Dale Flott,18,,,,,,,,,,,,,,,,,,,,,3,3,0,0,0,0,0,,,,,,,,,,,,,,,,,,0,0,espn-401872924.json
1,401872924,2026-09-13T17:00Z,TEN,NYJ,home,3120464,00-0034805,John Franklin-Myers,91,,,,,,,,,,,,,,,,,,,,,3,1,0,0,0,0,0,,,,,,,,,,,,,,,,,,0,0,espn-401872924.json
1,401872924,2026-09-13T17:00Z,TEN,NYJ,home,3926229,00-0035672,Cody Barton,50,,,,,,,,,,,,,,,,,,,,,3,1,0,0,0,0,0,,,,,,,,,,,,,,,,,,0,0,espn-401872924.json
1,401872924,2026-09-13T17:00Z,TEN,NYJ,home,4876057,00-0040752,Oluwafemi Oladejo,7,,,,,,,,,,,,,,,,,,,,,3,1,0,1,0,0,0,,,,,,,,,,,,,,,,,,0,0,espn-401872924.json
1,401872924,2026-09-13T17:00Z,TEN,NYJ,home,4240532,00-0037155,Tony Adams,29,,,,,,,,,,,,,,,,,,,,,2,1,0,0,0,0,0,,,,,,,,,,,,,,,,,,0,0,espn-401872924.json
1,401872924,2026-09-13T17:00Z,TEN,NYJ,home,4567962,00-0037663,Jermaine Johnson II,11,,,,,,,,,,,,,,,,,,,,,2,1,0,0,0,0,0,,,,,,,,,,,,,,,,,,0,0,espn-401872924.json
1,401872924,2026-09-13T17:00Z,TEN,NYJ,home,4695280,00-0040020,Micah Robinson,21,,,,,,,,,,,,,,,,,,,,,2,1,0,0,0,0,0,,,,,,,,,,,,,,,,,,0,0,espn-401872924.json
1,401872924,2026-09-13T17:00Z,TEN,NYJ,home,4039052,00-0036266,Jordan Elliott,95,,,,,,,,,,,,,,,,,,,,,2,0,0,0,0,0,0,,,,,,,,,,,,,,,,,,0,0,espn-401872924.json
1,401872924,2026-09-13T17:00Z,TEN,NYJ,home,4429142,00-0040041,Nazir Stackhouse,93,,,,,,,,,,,,,,,,,,,,,1,1,0,0,0,0,0,,,,,,,,,,,,,,,,,,0,0,espn-401872924.json
1,401872924,2026-09-13T17:00Z,TEN,NYJ,home,4431613,00-0039430,James Williams Sr.,52,,,,,,,,,,,,,,,,,,,,,1,0,0,0,0,0,0,,,,,,,,,,,,,,,,,,0,0,espn-401872924.json
1,401872924,2026-09-13T17:00Z,TEN,NYJ,home,4567403,00-0038711,Mohamoud Diabate,44,,,,,,,,,,,,,,,,,,,,,1,0,0,0,0,0,0,,,,,,,,,,,,,,,,,,0,0,espn-401872924.json
1,401872924,2026-09-13T17:00Z,TEN,NYJ,home,4870707,00-0041508,Keldric Faulk,15,,,,,,,,,,,,,,,,,,,,,1,0,0,0,0,0,0,,,,,,,,,,,,,,,,,,0,0,espn-401872924.json
1,401872924,2026-09-13T17:00Z,TEN,NYJ,home,3138764,00-0034163,Jacob Martin,57,,,,,,,,,,,,,,,,,,,,,0,0,0,0,0,1,0,,,,,,,,,,,,,,,,,,0,0,espn-401872924.json
1,401872924,2026-09-13T17:00Z,TEN,NYJ,home,3124084,00-0035192,Joey Slye,6,,,,,,,,,,,,,,,,,,,,,,,,,,,,,,,,,,,,,1,1,42,1,1,4,,,0,0,espn-401872924.json
1,401872924,2026-09-13T17:00Z,TEN,NYJ,home,3915398,00-0035889,Tommy Townsend,3,,,,,,,,,,,,,,,,,,,,,,,,,,,,,,,,,,,,,,,,,,,7,326,0,0,espn-401872924.json
1,401872925,2026-09-13T17:00Z,TB,CIN,away,3052587,00-0034855,Baker Mayfield,6,23,28,216,0,0,4,23,37.2,98.8,5,30,1,9,,,,,,3,3,,,,,,,,,,,,,,,,,,,,,,,,,1,0,espn-401872925.json
1,401872925,2026-09-13T17:00Z,TB,CIN,away,4596448,00-0039361,Bucky Irving,7,,,,,,,,,,8,45,1,10,7,7,48,0,22,1,1,,,,,,,,,,,,,,,,,,,,,,,,,1,0,espn-401872925.json
1,401872925,2026-09-13T17:00Z,TB,CIN,away,4371733,00-0036919,Kenny Gainwell,1,,,,,,,,,,5,15,0,7,1,1,3,0,3,,,,,,,,,,,,,1,22,0,,,,,,,,,,,,0,0,espn-401872925.json
1,401872925,2026-09-13T17:00Z,TB,CIN,away,3116165,00-0033921,Chris Godwin Jr.,14,,,,,,,,,,1,3,0,3,4,4,40,0,30,,,,,,,,,,,,,,,,,,,,,,,,,,,0,0,espn-401872925.json
1,401872925,2026-09-13T17:00Z,TB,CIN,away,4608810,00-0040237,Tez Johnson,15,,,,,,,,,,1,-4,0,-4,0,1,0,0,0,,,,,,,,,,,,,,,,1,13,0,,,,,,,,,0,0,espn-401872925.json
1,401872925,2026-09-13T17:00Z,TB,CIN,away,4567750,00-0040129,Emeka Egbuka,2,,,,,,,,,,,,,,5,6,63,0,17,,,,,,,,,,,,,,,,,,,,,,,,,,,0,0,espn-401872925.json
1,401872925,2026-09-13T17:00Z,TB,CIN,away,5220680,00-0041048,Ted Hurst III,17,,,,,,,,,,,,,,3,3,36,0,16,,,,,,,,,,,,,,,,,,,,,,,,,,,0,0,espn-401872925.json
1,401872925,2026-09-13T17:00Z,TB,CIN,away,4243331,00-0038129,Cade Otton,88,,,,,,,,,,,,,,3,5,26,0,13,,,,,,,,,,,,,,,,,,,,,,,,,,,0,0,espn-401872925.json
1,401872925,2026-09-13T17:00Z,TB,CIN,away,4870998,00-0041502,Josiah Trotter,45,,,,,,,,,,,,,,,,,,,,,11,4,1,2,1,1,1,1,38,1,,,,,,,,,,,,,,,1,0,espn-401872925.json
1,401872925,2026-09-13T17:00Z,TB,CIN,away,4250392,00-0037268,Zyon McCollum,27,,,,,,,,,,,,,,,,,,,,,9,8,0,1,2,0,0,,,,,,,,,,,,,,,,,,0,0,espn-401872925.json
1,401872925,2026-09-13T17:00Z,TB,CIN,away,4034790,00-0036411,Antoine Winfield Jr.,31,,,,,,,,,,,,,,,,,,,,,9,7,0,0,0,0,0,,,,,,,,,,,,,,,,,,0,0,espn-401872925.json
1,401872925,2026-09-13T17:00Z,TB,CIN,away,3043107,00-0033914,Alex Anzalone,34,,,,,,,,,,,,,,,,,,,,,7,2,0,0,0,0,0,,,,,,,,,,,,,,,,,,0,0,espn-401872925.json
1,401872925,2026-09-13T17:00Z,TB,CIN,away,3054857,00-0032889,A'Shawn Robinson,91,,,,,,,,,,,,,,,,,,,,,5,3,0,0,0,1,0,,,,,,,,,,,,,,,,,,0,0,espn-401872925.json
1,401872925,2026-09-13T17:00Z,TB,CIN,away,4816107,00-0040747,Benjamin Morrison,21,,,,,,,,,,,,,,,,,,,,,4,4,0,1,1,0,0,,,,,,,,,,,,,,,,,,0,0,espn-401872925.json
1,401872925,2026-09-13T17:00Z,TB,CIN,away,5093694,00-0041057,Keionte Scott,22,,,,,,,,,,,,,,,,,,,,,4,4,0,0,0,0,0,,,,,,,,,,,,,,,,,,0,0,espn-401872925.json
1,401872925,2026-09-13T17:00Z,TB,CIN,away,4428522,00-0039846,Tykee Smith,23,,,,,,,,,,,,,,,,,,,,,4,3,0,0,1,0,0,,,,,,,,,,,,,,,,,,0,0,espn-401872925.json
1,401872925,2026-09-13T17:00Z,TB,CIN,away,4912847,00-0040143,Jacob Parrish,25,,,,,,,,,,,,,,,,,,,,,2,2,0,0,1,0,0,,,,,,,,,,,,,,,,,,0,0,espn-401872925.json
1,401872925,2026-09-13T17:00Z,TB,CIN,away,3894856,00-0035254,Anthony Nelson,98,,,,,,,,,,,,,,,,,,,,,2,1,0,0,0,0,0,,,,,,,,,,,,,,,,,,0,0,espn-401872925.json
1,401872925,2026-09-13T17:00Z,TB,CIN,away,4602648,00-0040089,Kevin Knowles,38,,,,,,,,,,,,,,,,,,,,,2,1,0,0,0,0,0,,,,,,,,,,,,,,,,,,0,0,espn-401872925.json
1,401872925,2026-09-13T17:00Z,TB,CIN,away,2575164,,Miles Killebrew,29,,,,,,,,,,,,,,,,,,,,,1,1,0,0,0,0,0,,,,,,,,,,,,,,,,,,0,0,espn-401872925.json
1,401872925,2026-09-13T17:00Z,TB,CIN,away,3051942,00-0033964,Al-Quadin Muhammad,97,,,,,,,,,,,,,,,,,,,,,1,1,0,0,0,2,0,,,,,,,,,,,,,,,,,,0,0,espn-401872925.json
1,401872925,2026-09-13T17:00Z,TB,CIN,away,4429511,00-0039049,SirVocea Dennis,8,,,,,,,,,,,,,,,,,,,,,1,1,0,0,0,0,0,,,,,,,,,,,,,,,,,,0,0,espn-401872925.json
1,401872925,2026-09-13T17:00Z,TB,CIN,away,4686334,00-0039068,Yaya Diaby,0,,,,,,,,,,,,,,,,,,,,,1,1,0,1,0,0,0,,,,,,,,,,,,,,,,,,0,0,espn-401872925.json
1,401872925,2026-09-13T17:00Z,TB,CIN,away,4870617,00-0041031,Rueben Bain Jr.,3,,,,,,,,,,,,,,,,,,,,,1,1,0,0,0,0,0,,,,,,,,,,,,,,,,,,0,0,espn-401872925.json
1,401872925,2026-09-13T17:00Z,TB,CIN,away,4890373,00-0041094,Bauer Sharp,84,,,,,,,,,,,,,,,,,,,,,1,1,0,0,0,0,0,,,,,,,,,,,,,,,,,,0,0,espn-401872925.json
1,401872925,2026-09-13T17:00Z,TB,CIN,away,5085355,00-0040158,David Walker,51,,,,,,,,,,,,,,,,,,,,,1,1,0,0,0,0,0,,,,,,,,,,,,,,,,,,0,0,espn-401872925.json
1,401872925,2026-09-13T17:00Z,TB,CIN,away,2575453,00-0031957,Rakeem Nunez-Roches,56,,,,,,,,,,,,,,,,,,,,,1,0,0,0,0,0,0,,,,,,,,,,,,,,,,,,0,0,espn-401872925.json
1,401872925,2026-09-13T17:00Z,TB,CIN,away,3134362,00-0034773,Vita Vea,50,,,,,,,,,,,,,,,,,,,,,0,0,0,0,0,1,0,,,,,,,,,,,,,,,,,,0,0,espn-401872925.json
1,401872925,2026-09-13T17:00Z,TB,CIN,away,4427673,00-0039063,Calijah Kancey,94,,,,,,,,,,,,,,,,,,,,,0,0,0,0,0,1,0,,,,,,,,,,,,,,,,,,0,0,espn-401872925.json
1,401872925,2026-09-13T17:00Z,TB,CIN,away,5097554,00-0039589,Kameron Johnson,19,,,,,,,,,,,,,,,,,,,,,,,,,,,,,,,5,137,0,,,,,,,,,,,,0,0,espn-401872925.json
1,401872925,2026-09-13T17:00Z,TB,CIN,away,4568024,00-0040429,Josh Williams,18,,,,,,,,,,,,,,,,,,,,,,,,,,,,,,,1,47,0,,,,,,,,,,,,0,0,espn-401872925.json
1,401872925,2026-09-13T17:00Z,TB,CIN,away,3150744,00-0035358,Chase McLaughlin,4,,,,,,,,,,,,,,,,,,,,,,,,,,,,,,,,,,,,,2,2,51,3,3,9,,,0,0,espn-401872925.json
1,401872925,2026-09-13T17:00Z,CIN,TB,home,3915511,00-0036442,Joe Burrow,9,25,35,254,1,1,1,9,76.9,89.5,5,20,0,12,,,,,,,,,,,,,,,,,,,,,,,,,,,,,,,,0,0,espn-401872925.json
1,401872925,2026-09-13T17:00Z,CIN,TB,home,4362238,00-0038597,Chase Brown,30,,,,,,,,,,16,56,1,13,5,6,22,0,9,,,,,,,,,,,,,,,,,,,,,,,,,,,1,0,espn-401872925.json
1,401872925,2026-09-13T17:00Z,CIN,TB,home,3116389,00-0033526,Samaje Perine,34,,,,,,,,,,5,20,0,8,3,3,30,0,14,,,2,1,0,0,0,0,0,,,,,,,,,,,,,,,,,,0,0,espn-401872925.json
1,401872925,2026-09-13T17:00Z,CIN,TB,home,4384852,00-0040785,Dohnte Meyers,81,,,,,,,,,,1,10,0,10,1,1,18,0,18,,,,,,,,,,,,,4,93,0,,,,,,,,,,,,0,0,espn-401872925.json
1,401872925,2026-09-13T17:00Z,CIN,TB,home,3116164,00-0034829,Mike Gesicki,88,,,,,,,,,,,,,,5,7,78,1,25,,,,,,,,,,,,,,,,,,,,,,,,,,,1,0,espn-401872925.json
1,401872925,2026-09-13T17:00Z,CIN,TB,home,4239993,00-0036410,Tee Higgins,5,,,,,,,,,,,,,,3,6,59,0,29,,,,,,,,,,,,,,,,,,,,,,,,,,,0,0,espn-401872925.json
1,401872925,2026-09-13T17:00Z,CIN,TB,home,3127310,00-0035631,Drew Sample,89,,,,,,,,,,,,,,3,3,19,0,11,,,,,,,,,,,,,,,,,,,,,,,,,,,0,0,espn-401872925.json
1,401872925,2026-09-13T17:00Z,CIN,TB,home,4362628,00-0036900,Ja'Marr Chase,1,,,,,,,,,,,,,,2,4,12,0,16,,,,,,,,,,,,,,,,,,,,,,,,,,,0,0,espn-401872925.json
1,401872925,2026-09-13T17:00Z,CIN,TB,home,4368003,00-0038619,Andrei Iosivas,80,,,,,,,,,,,,,,2,3,12,0,12,,,,,,,,,,,,,,,,,,,,,,,,,,,0,0,espn-401872925.json
1,401872925,2026-09-13T17:00Z,CIN,TB,home,3050481,00-0034613,Tanner Hudson,87,,,,,,,,,,,,,,1,1,4,0,4,,,,,,,,,,,,,,,,,,,,,,,,,,,0,0,espn-401872925.json
1,401872925,2026-09-13T17:00Z,CIN,TB,home,4240612,,T.J. Slaton Jr.,98,,,,,,,,,,,,,,,,,,,0,0,1,1,0,0,0,0,0,,,,,,,,,,,,,,,,,,0,0,espn-401872925.json
1,401872925,2026-09-13T17:00Z,CIN,TB,home,4240754,00-0038133,Boye Mafe,53,,,,,,,,,,,,,,,,,,,0,0,1,1,1,1,0,1,0,,,,,,,,,,,,,,,,,,0,0,espn-401872925.json
1,401872925,2026-09-13T17:00Z,CIN,TB,home,4247726,00-0037193,Bryan Cook,6,,,,,,,,,,,,,,,,,,,0,0,6,4,0,0,0,0,0,,,,,,,,,,,,,,,,,,0,0,espn-401872925.json
1,401872925,2026-09-13T17:00Z,CIN,TB,home,4427729,00-0040738,Demetrius Knight Jr.,44,,,,,,,,,,,,,,,,,,,0,0,7,5,0,0,0,0,1,,,,,,,,,,,,,,,,,,1,1,espn-401872925.json
1,401872925,2026-09-13T17:00Z,CIN,TB,home,4567098,00-0038560,Jordan Battle,27,,,,,,,,,,,,,,,,,,,,,9,6,0,0,0,0,0,,,,,,,,,,,,,,,,,,0,0,espn-401872925.json
1,401872925,2026-09-13T17:00Z,CIN,TB,home,4431519,00-0040157,Barrett Carter,49,,,,,,,,,,,,,,,,,,,,,8,5,0.5,1,0,1,0,,,,,,,,,,,,,,,,,,0,0,espn-401872925.json
1,401872925,2026-09-13T17:00Z,CIN,TB,home,4426422,,Dax Hill,23,,,,,,,,,,,,,,,,,,,,,7,7,0,0,0,0,0,,,,,,,,,,,,,,,,,,0,0,espn-401872925.json
1,401872925,2026-09-13T17:00Z,CIN,TB,home,3125356,00-0034446,Jalen Davis,35,,,,,,,,,,,,,,,,,,,,,5,2,0,1,1,0,0,,,,,,,,,,,,,,,,,,0,0,espn-401872925.json
1,401872925,2026-09-13T17:00Z,CIN,TB,home,4572036,00-0038549,DJ Turner II,0,,,,,,,,,,,,,,,,,,,,,4,3,0,0,0,0,0,,,,,,,,,,,,,,,,,,0,0,espn-401872925.json
1,401872925,2026-09-13T17:00Z,CIN,TB,home,3054840,00-0033523,Jonathan Allen,93,,,,,,,,,,,,,,,,,,,,,3,2,1,1,0,1,0,,,,,,,,,,,,,,,,,,0,0,espn-401872925.json
1,401872925,2026-09-13T17:00Z,CIN,TB,home,4428985,00-0038546,Myles Murphy,99,,,,,,,,,,,,,,,,,,,,,2,1,0.5,0,0,1,0,,,,,,,,,,,,,,,,,,0,0,espn-401872925.json
1,401872925,2026-09-13T17:00Z,CIN,TB,home,4570546,00-0039313,Swayze Bozeman,47,,,,,,,,,,,,,,,,,,,,,2,1,0,0,0,0,0,,,,,,,,,,,,,,,,,,0,0,espn-401872925.json
1,401872925,2026-09-13T17:00Z,CIN,TB,home,4432301,00-0039908,Kris Jenkins Jr.,90,,,,,,,,,,,,,,,,,,,,,1,1,1,1,0,1,0,,,,,,,,,,,,,,,,,,0,0,espn-401872925.json
1,401872925,2026-09-13T17:00Z,CIN,TB,home,4360234,00-0036854,Evan McPherson,2,,,,,,,,,,,,,,,,,,,,,1,1,0,0,0,0,0,,,,,,,,,,4,4,58,3,3,15,,,0,0,espn-401872925.json
1,401872925,2026-09-13T17:00Z,CIN,TB,home,3051746,00-0034754,Oren Burks,42,,,,,,,,,,,,,,,,,,,,,1,0,0,0,0,0,0,,,,,,,,,,,,,,,,,,0,0,espn-401872925.json
1,401872925,2026-09-13T17:00Z,CIN,TB,home,3917797,00-0035363,Joe Giles-Harris,43,,,,,,,,,,,,,,,,,,,,,1,0,0,0,0,0,0,,,,,,,,,,,,,,,,,,0,0,espn-401872925.json
1,401872925,2026-09-13T17:00Z,CIN,TB,home,4430065,00-0039752,Cedric Johnson,52,,,,,,,,,,,,,,,,,,,,,1,0,0,0,0,0,0,,,,,,,,,,,,,,,,,,0,0,espn-401872925.json
1,401872925,2026-09-13T17:00Z,CIN,TB,home,4726127,00-0041464,Tacario Davis,20,,,,,,,,,,,,,,,,,,,,,1,0,0,0,0,0,0,,,,,,,,,,,,,,,,,,0,0,espn-401872925.json
1,401872925,2026-09-13T17:00Z,CIN,TB,home,4035483,00-0035683,Dexter Lawrence II,97,,,,,,,,,,,,,,,,,,,,,0,0,0,0,0,1,0,,,,,,,,,,,,,,,,,,0,0,espn-401872925.json
1,401872925,2026-09-13T17:00Z,CIN,TB,home,4429299,00-0040208,Tahj Brooks,25,,,,,,,,,,,,,,,,,,,,,,,,,,,,,,,2,49,0,,,,,,,,,,,,0,0,espn-401872925.json
1,401872925,2026-09-13T17:00Z,CIN,TB,home,4608820,00-0039323,Ryan Rehkow,8,,,,,,,,,,,,,,,,,,,,,,,,,,,,,,,,,,,,,,,,,,,1,51,0,0,espn-401872925.json
1,401872926,2026-09-13T20:25Z,ARI,LAC,away,2578570,00-0033119,Jacoby Brissett,7,27,37,277,1,0,1,0,80.9,103.1,6,14,0,11,,,,,,,,,,,,,,,,,,,,,,,,,,,,,,,,0,0,espn-401872926.json
1,401872926,2026-09-13T20:25Z,ARI,LAC,away,4373626,00-0037263,Tyler Allgeier,22,,,,,,,,,,17,61,0,11,2,2,9,0,5,,,,,,,,,,,,,,,,,,,,,,,,,,,0,0,espn-401872926.json
1,401872926,2026-09-13T20:25Z,ARI,LAC,away,4870808,00-0041027,Jeremiyah Love,4,,,,,,,,,,11,41,1,18,2,4,9,0,5,,,,,,,,,,,,,,,,,,,,,,,,,,,1,1,espn-401872926.json
1,401872926,2026-09-13T20:25Z,ARI,LAC,away,4361307,00-0037744,Trey McBride,85,,,,,,,,,,,,,,9,13,95,1,27,,,,,,,,,,,,,,,,,,,,,,,,,,,1,0,espn-401872926.json
1,401872926,2026-09-13T20:25Z,ARI,LAC,away,3045523,00-0033307,Kendrick Bourne,17,,,,,,,,,,,,,,8,8,75,0,13,,,,,,,,,,,,,,,,,,,,,,,,,,,0,0,espn-401872926.json
1,401872926,2026-09-13T20:25Z,ARI,LAC,away,4360761,00-0038559,Michael Wilson,14,,,,,,,,,,,,,,5,7,56,0,17,,,,,,,,,,,,,,,,,,,,,,,,,,,0,0,espn-401872926.json
1,401872926,2026-09-13T20:25Z,ARI,LAC,away,4432708,00-0039849,Marvin Harrison Jr.,18,,,,,,,,,,,,,,1,3,33,0,33,,,,,,,,,,,,,,,,,,,,,,,,,,,0,0,espn-401872926.json
1,401872926,2026-09-13T20:25Z,ARI,LAC,away,4685408,00-0040751,Will Johnson,2,,,,,,,,,,,,,,,,,,,0,0,4,2,0,0,0,0,0,,,,,,,,,,,,,,,,,,0,0,espn-401872926.json
1,401872926,2026-09-13T20:25Z,ARI,LAC,away,4249739,00-0037596,Jack Gibbens,50,,,,,,,,,,,,,,,,,,,,,7,5,0.5,0,0,1,0,,,,,,,,,,,,,,,,,,0,0,espn-401872926.json
1,401872926,2026-09-13T20:25Z,ARI,LAC,away,4040983,00-0035144,Mack Wilson Sr.,1,,,,,,,,,,,,,,,,,,,,,6,2,0,0,1,0,0,,,,,,,,,,,,,,,,,,0,0,espn-401872926.json
1,401872926,2026-09-13T20:25Z,ARI,LAC,away,3127287,00-0033890,Budda Baker,3,,,,,,,,,,,,,,,,,,,,,5,4,0.5,0,0,1,0,,,,,,,,,,,,,,,,,,0,0,espn-401872926.json
1,401872926,2026-09-13T20:25Z,ARI,LAC,away,4432668,00-0040195,Denzel Burke,29,,,,,,,,,,,,,,,,,,,,,4,4,0,0,0,0,0,,,,,,,,,,,,,,,,,,0,0,espn-401872926.json
1,401872926,2026-09-13T20:25Z,ARI,LAC,away,3918331,00-0035378,Andrew Wingard,28,,,,,,,,,,,,,,,,,,,,,4,3,0,2,1,0,0,1,0,0,,,,,,,,,,,,,,,0,0,espn-401872926.json
1,401872926,2026-09-13T20:25Z,ARI,LAC,away,4040805,00-0036568,Roy Lopez,51,,,,,,,,,,,,,,,,,,,,,4,2,0,0,0,0,0,,,,,,,,,,,,,,,,,,0,0,espn-401872926.json
1,401872926,2026-09-13T20:25Z,ARI,LAC,away,4428996,00-0040137,Jordan Burch,52,,,,,,,,,,,,,,,,,,,,,3,3,1,1,0,1,0,,,,,,,,,,,,,,,,,,0,0,espn-401872926.json
1,401872926,2026-09-13T20:25Z,ARI,LAC,away,4244606,00-0036933,Zaven Collins,25,,,,,,,,,,,,,,,,,,,,,3,3,0,0,0,0,0,,,,,,,,,,,,,,,,,,0,0,espn-401872926.json
1,401872926,2026-09-13T20:25Z,ARI,LAC,away,4430821,00-0040230,Kitan Crawford,36,,,,,,,,,,,,,,,,,,,,,3,2,0,0,0,0,0,,,,,,,,,,,,,,,,,,0,0,espn-401872926.json
1,401872926,2026-09-13T20:25Z,ARI,LAC,away,4709695,00-0041093,Karson Sharar,43,,,,,,,,,,,,,,,,,,,,,2,2,0,0,0,0,0,,,,,,,,,,,,,,,,,,0,0,espn-401872926.json
1,401872926,2026-09-13T20:25Z,ARI,LAC,away,3693166,00-0034381,Josh Sweat,10,,,,,,,,,,,,,,,,,,,,,2,1,0,1,0,0,0,,,,,,,,,,,,,,,,,,0,0,espn-401872926.json
1,401872926,2026-09-13T20:25Z,ARI,LAC,away,4362225,00-0038623,Dante Stills,55,,,,,,,,,,,,,,,,,,,,,1,1,1,1,1,1,0,,,,,,,,,,,,,,,,,,0,0,espn-401872926.json
1,401872926,2026-09-13T20:25Z,ARI,LAC,away,3116449,00-0035636,L.J. Collier,91,,,,,,,,,,,,,,,,,,,,,1,0,0,0,0,0,0,,,,,,,,,,,,,,,,,,0,0,espn-401872926.json
1,401872926,2026-09-13T20:25Z,ARI,LAC,away,4360739,00-0036646,Simi Fehoko,80,,,,,,,,,,,,,,,,,,,,,1,0,0,0,0,0,0,,,,,,,,,,,,,,,,,,0,0,espn-401872926.json
1,401872926,2026-09-13T20:25Z,ARI,LAC,away,4569480,00-0039854,Darius Robinson,56,,,,,,,,,,,,,,,,,,,,,1,0,0,0,0,0,0,,,,,,,,,,,,,,,,,,0,0,espn-401872926.json
1,401872926,2026-09-13T20:25Z,ARI,LAC,away,4685503,00-0040706,Walter Nolen III,97,,,,,,,,,,,,,,,,,,,,,1,0,0,0,0,0,0,,,,,,,,,,,,,,,,,,0,0,espn-401872926.json
1,401872926,2026-09-13T20:25Z,ARI,LAC,away,4698113,00-0039807,Max Melton,16,,,,,,,,,,,,,,,,,,,,,1,0,0,0,2,0,0,,,,,,,,,,,,,,,,,,0,0,espn-401872926.json
1,401872926,2026-09-13T20:25Z,ARI,LAC,away,4361272,00-0038782,Eku Leota,54,,,,,,,,,,,,,,,,,,,,,0,0,0,0,0,1,0,,,,,,,,,,,,,,,,,,0,0,espn-401872926.json
1,401872926,2026-09-13T20:25Z,ARI,LAC,away,4426923,00-0038984,Kei'Trel Clark,13,,,,,,,,,,,,,,,,,,,,,0,0,0,0,1,0,0,,,,,,,,,,,,,,,,,,0,0,espn-401872926.json
1,401872926,2026-09-13T20:25Z,ARI,LAC,away,4039050,00-0036331,Devin Duvernay,81,,,,,,,,,,,,,,,,,,,,,,,,,,,,,,,3,69,0,,,,,,,,,,,,0,0,espn-401872926.json
1,401872926,2026-09-13T20:25Z,ARI,LAC,away,4363538,00-0038567,Chad Ryland,38,,,,,,,,,,,,,,,,,,,,,,,,,,,,,,,,,,,,,4,5,49,2,2,14,,,0,0,espn-401872926.json
1,401872926,2026-09-13T20:25Z,ARI,LAC,away,4045180,00-0035859,Blake Gillikin,12,,,,,,,,,,,,,,,,,,,,,,,,,,,,,,,,,,,,,,,,,,,3,158,0,0,espn-401872926.json
1,401872926,2026-09-13T20:25Z,LAC,ARI,home,4038941,00-0036355,Justin Herbert,10,17,27,209,1,1,3,22,41.4,83.7,5,29,0,11,,,,,,,,,,,,,,,,,,,,,,,,,,,,,,,,0,0,espn-401872926.json
1,401872926,2026-09-13T20:25Z,LAC,ARI,home,4685382,00-0040666,Omarion Hampton,8,,,,,,,,,,12,43,1,14,,,,,,1,1,,,,,,,,,,,,,,,,,,,,,,,,,1,0,espn-401872926.json
1,401872926,2026-09-13T20:25Z,LAC,ARI,home,4596334,00-0038454,Keaton Mitchell,34,,,,,,,,,,4,9,0,8,,,,,,,,,,,,,,,,,,2,47,0,,,,,,,,,,,,0,0,espn-401872926.json
1,401872926,2026-09-13T20:25Z,LAC,ARI,home,4612826,00-0039915,Ladd McConkey,15,,,,,,,,,,,,,,5,7,82,1,23,,,,,,,,,,,,,,,,,,,,,,,,,,,1,0,espn-401872926.json
1,401872926,2026-09-13T20:25Z,LAC,ARI,home,3123076,00-0033885,David Njoku,83,,,,,,,,,,,,,,5,5,58,0,15,,,,,,,,,,,,,,,,,,,,,,,,,,,0,0,espn-401872926.json
1,401872926,2026-09-13T20:25Z,LAC,ARI,home,4595342,00-0040189,Oronde Gadsden,86,,,,,,,,,,,,,,2,2,32,0,26,,,,,,,,,,,,,,,,,,,,,,,,,,,0,0,espn-401872926.json
1,401872926,2026-09-13T20:25Z,LAC,ARI,home,4686612,00-0040727,Tre' Harris,9,,,,,,,,,,,,,,3,6,20,0,11,,,,,,,,,,,,,,,,,,,,,,,,,,,0,0,espn-401872926.json
1,401872926,2026-09-13T20:25Z,LAC,ARI,home,4429025,00-0038544,Quentin Johnston,1,,,,,,,,,,,,,,2,6,17,0,9,,,,,,,,,,,,,,,,,,,,,,,,,,,0,0,espn-401872926.json
1,401872926,2026-09-13T20:25Z,LAC,ARI,home,4362477,00-0038573,Derius Davis,12,,,,,,,,,,,,,,0,1,0,0,0,,,1,1,0,0,0,0,0,,,,2,33,0,,,,,,,,,,,,0,0,espn-401872926.json
1,401872926,2026-09-13T20:25Z,LAC,ARI,home,3691739,00-0034790,Derwin James Jr.,3,,,,,,,,,,,,,,,,,,,,,10,7,0,0,1,0,0,,,,,,,,,,,,,,,,,,0,0,espn-401872926.json
1,401872926,2026-09-13T20:25Z,LAC,ARI,home,4241597,00-0038553,Daiyan Henley,0,,,,,,,,,,,,,,,,,,,,,8,2,0.5,0,0,1,0,,,,,,,,,,,,,,,,,,0,0,espn-401872926.json
1,401872926,2026-09-13T20:25Z,LAC,ARI,home,4427404,00-0039369,Cam Hart,20,,,,,,,,,,,,,,,,,,,,,6,5,0,0,1,0,0,,,,,,,,,,,,,,,,,,0,0,espn-401872926.json
1,401872926,2026-09-13T20:25Z,LAC,ARI,home,4240528,00-0035202,Del'Shawn Phillips,53,,,,,,,,,,,,,,,,,,,,,6,3,0,0,0,1,0,,,,,,,,,,,,,,,,,,0,0,espn-401872926.json
1,401872926,2026-09-13T20:25Z,LAC,ARI,home,4950551,00-0041064,Genesis Smith,22,,,,,,,,,,,,,,,,,,,,,5,4,0,0,0,0,0,,,,,,,,,,,,,,,,,,0,0,espn-401872926.json
1,401872926,2026-09-13T20:25Z,LAC,ARI,home,4038946,00-0036338,Troy Dye,43,,,,,,,,,,,,,,,,,,,,,5,3,0.5,0,0,1,0,,,,,,,,,,,,,,,,,,0,0,espn-401872926.json
1,401872926,2026-09-13T20:25Z,LAC,ARI,home,4243328,00-0036992,Elijah Molden,2,,,,,,,,,,,,,,,,,,,,,5,3,0,0,0,0,0,,,,,,,,,,,,,,,,,,0,0,espn-401872926.json
1,401872926,2026-09-13T20:25Z,LAC,ARI,home,4431442,00-0039111,Tuli Tuipulotu,45,,,,,,,,,,,,,,,,,,,,,5,3,0,0,1,3,0,,,,,,,,,,,,,,,,,,0,0,espn-401872926.json
1,401872926,2026-09-13T20:25Z,LAC,ARI,home,5089178,00-0040144,Jamaree Caldwell,99,,,,,,,,,,,,,,,,,,,,,5,3,0,0,0,1,0,,,,,,,,,,,,,,,,,,0,0,espn-401872926.json
1,401872926,2026-09-13T20:25Z,LAC,ARI,home,2979860,00-0033546,Dalvin Tomlinson,94,,,,,,,,,,,,,,,,,,,,,4,0,0,0,0,0,0,,,,,,,,,,,,,,,,,,0,0,espn-401872926.json
1,401872926,2026-09-13T20:25Z,LAC,ARI,home,16195,00-0030294,Tony Jefferson,23,,,,,,,,,,,,,,,,,,,,,3,1,0,0,1,0,0,,,,,,,,,,,,,,,,,,0,0,espn-401872926.json
1,401872926,2026-09-13T20:25Z,LAC,ARI,home,4432571,00-0039366,Tarheeb Still,4,,,,,,,,,,,,,,,,,,,,,3,1,0,0,0,0,0,,,,,,,,,,,,,,,,,,0,0,espn-401872926.json
1,401872926,2026-09-13T20:25Z,LAC,ARI,home,4567138,00-0039835,Justin Eboigbe,92,,,,,,,,,,,,,,,,,,,,,3,1,0,0,0,0,0,,,,,,,,,,,,,,,,,,0,0,espn-401872926.json
1,401872926,2026-09-13T20:25Z,LAC,ARI,home,3843769,00-0034356,Donte Jackson,26,,,,,,,,,,,,,,,,,,,,,2,2,0,0,0,0,0,,,,,,,,,,,,,,,,,,0,0,espn-401872926.json
1,401872926,2026-09-13T20:25Z,LAC,ARI,home,16710,00-0031040,Khalil Mack,52,,,,,,,,,,,,,,,,,,,,,2,1,0,1,0,0,0,,,,,,,,,,,,,,,,,,0,0,espn-401872926.json
1,401872926,2026-09-13T20:25Z,LAC,ARI,home,2576702,00-0032146,Bud Dupree,48,,,,,,,,,,,,,,,,,,,,,2,1,0,0,0,0,0,,,,,,,,,,,,,,,,,,0,0,espn-401872926.json
1,401872926,2026-09-13T20:25Z,LAC,ARI,home,4374269,00-0036181,Teair Tart,93,,,,,,,,,,,,,,,,,,,,,2,1,0,0,0,0,0,,,,,,,,,,,,,,,,,,0,0,espn-401872926.json
1,401872926,2026-09-13T20:25Z,LAC,ARI,home,4429190,00-0041544,Akheem Mesidor,90,,,,,,,,,,,,,,,,,,,,,2,1,0,0,0,0,0,,,,,,,,,,,,,,,,,,0,0,espn-401872926.json
1,401872926,2026-09-13T20:25Z,LAC,ARI,home,4362081,00-0037224,Cameron Dicker,11,,,,,,,,,,,,,,,,,,,,,,,,,,,,,,,,,,,,,0,0,0,2,2,2,,,0,0,espn-401872926.json
1,401872926,2026-09-13T20:25Z,LAC,ARI,home,3126368,00-0034162,JK Scott,16,,,,,,,,,,,,,,,,,,,,,,,,,,,,,,,,,,,,,,,,,,,2,99,0,0,espn-401872926.json
1,401872927,2026-09-13T20:25Z,GB,MIN,away,4036378,00-0036264,Jordan Love,10,21,42,387,2,1,4,34,67.0,88.1,1,0,0,0,,,,,,2,1,1,1,0,0,0,0,0,,,,,,,,,,,,,,,,,,0,0,espn-401872927.json
1,401872927,2026-09-13T20:25Z,GB,MIN,away,4429023,00-0039811,MarShawn Lloyd,32,,,,,,,,,,13,37,0,12,0,1,0,0,0,,,,,,,,,,,,,,,,,,,,,,,,,,,0,0,espn-401872927.json
1,401872927,2026-09-13T20:25Z,GB,MIN,away,3149687,00-0038685,Chris Brooks,30,,,,,,,,,,7,29,0,14,0,1,0,0,0,,,,,,,,,,,,,,,,,,,,,,,,,,,0,0,espn-401872927.json
1,401872927,2026-09-13T20:25Z,GB,MIN,away,4248528,00-0038124,Christian Watson,9,,,,,,,,,,,,,,6,8,147,2,81,,,,,,,,,,,,,,,,,,,,,,,,,,,2,1,espn-401872927.json
1,401872927,2026-09-13T20:25Z,GB,MIN,away,4701936,00-0040667,Matthew Golden,0,,,,,,,,,,,,,,6,12,95,0,42,,,,,,,,,,,,,,,,,,,,,,,,,,,0,0,espn-401872927.json
1,401872927,2026-09-13T20:25Z,GB,MIN,away,4572680,00-0038996,Tucker Kraft,85,,,,,,,,,,,,,,3,6,65,0,30,,,,,,,,,,,,,,,,,,,,,,,,,,,0,0,espn-401872927.json
1,401872927,2026-09-13T20:25Z,GB,MIN,away,3054212,00-0033858,Jonnu Smith,18,,,,,,,,,,,,,,2,3,50,0,43,,,,,,,,,,,,,,,,,,,,,,,,,,,0,0,espn-401872927.json
1,401872927,2026-09-13T20:25Z,GB,MIN,away,4362249,00-0039146,Jayden Reed,11,,,,,,,,,,,,,,3,7,20,0,7,,,,,,,,,,,,,,,,,,,,,,,,,,,0,0,espn-401872927.json
1,401872927,2026-09-13T20:25Z,GB,MIN,away,4259305,00-0037091,Bo Melton,16,,,,,,,,,,,,,,1,1,10,0,10,,,,,,,,,,,,,4,124,0,,,,,,,,,,,,0,0,espn-401872927.json
1,401872927,2026-09-13T20:25Z,GB,MIN,away,4430191,00-0038090,Skyy Moore,23,,,,,,,,,,,,,,0,1,0,0,0,,,,,,,,,,,,,,,,2,17,0,,,,,,,,,0,0,espn-401872927.json
1,401872927,2026-09-13T20:25Z,GB,MIN,away,4240435,00-0037817,Zach Bako-Bewele,50,,,,,,,,,,,,,,,,,,,0,0,1,1,0,0,0,0,0,,,,,,,,,,,,,,,,,,0,0,espn-401872927.json
1,401872927,2026-09-13T20:25Z,GB,MIN,away,4430438,00-0039850,Edgerrin Cooper,56,,,,,,,,,,,,,,,,,,,,,7,6,1,2,0,1,0,,,,,,,,,,,,,,,,,,0,0,espn-401872927.json
1,401872927,2026-09-13T20:25Z,GB,MIN,away,4428863,00-0039813,Evan Williams,33,,,,,,,,,,,,,,,,,,,,,7,6,0,0,0,0,0,,,,,,,,,,,,,,,,,,0,0,espn-401872927.json
1,401872927,2026-09-13T20:25Z,GB,MIN,away,4259493,00-0035133,Keisean Nixon,25,,,,,,,,,,,,,,,,,,,,,5,3,0.5,1,1,2,0,1,11,0,,,,,,,,,,,,,,,0,0,espn-401872927.json
1,401872927,2026-09-13T20:25Z,GB,MIN,away,4686906,00-0039112,Lukas Van Ness,90,,,,,,,,,,,,,,,,,,,,,4,4,1,1,0,1,0,,,,,,,,,,,,,,,,,,0,0,espn-401872927.json
1,401872927,2026-09-13T20:25Z,GB,MIN,away,4361776,00-0038463,Brenton Cox Jr.,57,,,,,,,,,,,,,,,,,,,,,4,4,0,0,0,0,0,,,,,,,,,,,,,,,,,,0,0,espn-401872927.json
1,401872927,2026-09-13T20:25Z,GB,MIN,away,4259762,00-0037094,Jonathan Ford,96,,,,,,,,,,,,,,,,,,,,,4,3,0.5,0,0,1,0,,,,,,,,,,,,,,,,,,0,0,espn-401872927.json
1,401872927,2026-09-13T20:25Z,GB,MIN,away,3124005,00-0034431,Zaire Franklin,44,,,,,,,,,,,,,,,,,,,,,4,2,0,0,0,1,0,,,,,,,,,,,,,,,,,,0,0,espn-401872927.json
1,401872927,2026-09-13T20:25Z,GB,MIN,away,4241470,00-0036388,Xavier McKinney,29,,,,,,,,,,,,,,,,,,,,,3,3,0,0,0,0,0,,,,,,,,,,,,,,,,,,0,0,espn-401872927.json
1,401872927,2026-09-13T20:25Z,GB,MIN,away,4361791,00-0037075,Devonte Wyatt,95,,,,,,,,,,,,,,,,,,,,,3,3,0,0,0,0,0,,,,,,,,,,,,,,,,,,0,0,espn-401872927.json
1,401872927,2026-09-13T20:25Z,GB,MIN,away,4683643,00-0040010,Barryn Sorrell,99,,,,,,,,,,,,,,,,,,,,,3,3,0,0,0,0,0,,,,,,,,,,,,,,,,,,0,0,espn-401872927.json
1,401872927,2026-09-13T20:25Z,GB,MIN,away,4239947,00-0036658,Isaiah McDuffie,58,,,,,,,,,,,,,,,,,,,,,2,1,0,0,0,0,0,,,,,,,,,,,,,,,,,,0,0,espn-401872927.json
1,401872927,2026-09-13T20:25Z,GB,MIN,away,4373423,00-0038398,Karl Brooks,94,,,,,,,,,,,,,,,,,,,,,2,0,0,0,0,0,0,,,,,,,,,,,,,,,,,,0,0,espn-401872927.json
1,401872927,2026-09-13T20:25Z,GB,MIN,away,2983055,00-0033109,Javon Hargrave,98,,,,,,,,,,,,,,,,,,,,,1,1,0,0,0,0,0,,,,,,,,,,,,,,,,,,0,0,espn-401872927.json
1,401872927,2026-09-13T20:25Z,GB,MIN,away,4036153,00-0036157,Kristian Welch,54,,,,,,,,,,,,,,,,,,,,,1,1,0,0,0,0,0,,,,,,,,,,,,,,,,,,0,0,espn-401872927.json
1,401872927,2026-09-13T20:25Z,GB,MIN,away,4258206,00-0036625,Benjamin St-Juste,21,,,,,,,,,,,,,,,,,,,,,1,1,0,0,0,0,0,,,,,,,,,,,,,,,,,,0,0,espn-401872927.json
1,401872927,2026-09-13T20:25Z,GB,MIN,away,4427356,00-0039831,Kamal Hadden,36,,,,,,,,,,,,,,,,,,,,,1,1,0,0,0,0,0,,,,,,,,,,,,,,,,,,0,0,espn-401872927.json
1,401872927,2026-09-13T20:25Z,GB,MIN,away,4688930,00-0039867,Javon Bullard,7,,,,,,,,,,,,,,,,,,,,,1,1,0,0,0,0,0,,,,,,,,,,,,,,,,,,0,0,espn-401872927.json
1,401872927,2026-09-13T20:25Z,GB,MIN,away,5076652,00-0041470,Brandon Cisse,2,,,,,,,,,,,,,,,,,,,,,1,1,0,0,1,0,0,,,,,,,,,,,,,,,,,,0,0,espn-401872927.json
1,401872927,2026-09-13T20:25Z,GB,MIN,away,4036141,00-0036648,Nick Niemann,31,,,,,,,,,,,,,,,,,,,,,1,0,0,0,0,0,0,,,,,,,,,,,,,,,,,,0,0,espn-401872927.json
1,401872927,2026-09-13T20:25Z,GB,MIN,away,4685315,00-0040877,Dani Dennis-Sutton,51,,,,,,,,,,,,,,,,,,,,,1,0,0,0,0,0,0,,,,,,,,,,,,,,,,,,0,0,espn-401872927.json
1,401872927,2026-09-13T20:25Z,GB,MIN,away,4820574,00-0040869,Chris McClellan,55,,,,,,,,,,,,,,,,,,,,,1,0,0,0,0,0,0,,,,,,,,,,,,,,,,,,0,0,espn-401872927.json
1,401872927,2026-09-13T20:25Z,GB,MIN,away,4819231,00-0040142,Kaleb Johnson,26,,,,,,,,,,,,,,,,,,,,,,,,,,,,,,,2,52,0,,,,,,,,,,,,0,0,espn-401872927.json
1,401872927,2026-09-13T20:25Z,GB,MIN,away,4869461,00-0040899,Trey Smack,28,,,,,,,,,,,,,,,,,,,,,,,,,,,,,,,,,,,,,3,3,59,1,2,10,,,0,0,espn-401872927.json
1,401872927,2026-09-13T20:25Z,GB,MIN,away,4248789,00-0037547,Daniel Whelan,19,,,,,,,,,,,,,,,,,,,,,,,,,,,,,,,,,,,,,,,,,,,3,116,0,0,espn-401872927.json
1,401872927,2026-09-13T20:25Z,MIN,GB,home,2573079,00-0032950,Carson Wentz,11,12,19,133,3,0,3,19,68.9,123.5,5,-1,0,1,,,,,,,,,,,,,,,,,,,,,,,,,,,,,,,,0,0,espn-401872927.json
1,401872927,2026-09-13T20:25Z,MIN,GB,home,3917315,00-0035228,Kyler Murray,1,3,5,18,0,1,0,0,2.2,27.5,2,9,0,7,,,,,,,,,,,,,,,,,,,,,,,,,,,,,,,,0,0,espn-401872927.json
1,401872927,2026-09-13T20:25Z,MIN,GB,home,4360569,00-0037525,Jordan Mason,27,,,,,,,,,,15,59,1,28,,,,,,,,,,,,,,,,,,,,,,,,,,,,,,,,1,0,espn-401872927.json
1,401872927,2026-09-13T20:25Z,MIN,GB,home,3042519,00-0033293,Aaron Jones Sr.,33,,,,,,,,,,12,40,1,8,0,1,0,0,0,,,,,,,,,,,,,,,,,,,,,,,,,,,1,0,espn-401872927.json
1,401872927,2026-09-13T20:25Z,MIN,GB,home,4262921,00-0036322,Justin Jefferson,18,,,,,,,,,,,,,,8,9,92,2,39,,,,,,,,,,,,,,,,,,,,,,,,,,,2,0,espn-401872927.json
1,401872927,2026-09-13T20:25Z,MIN,GB,home,4036133,00-0035229,T.J. Hockenson,87,,,,,,,,,,,,,,4,5,36,1,16,,,1,1,0,0,0,0,0,,,,,,,,,,,,,,,,,,1,0,espn-401872927.json
1,401872927,2026-09-13T20:25Z,MIN,GB,home,3921690,00-0035249,Josh Oliver,84,,,,,,,,,,,,,,2,4,22,0,13,,,,,,,,,,,,,,,,,,,,,,,,,,,0,0,espn-401872927.json
1,401872927,2026-09-13T20:25Z,MIN,GB,home,4240631,00-0036425,DeeJay Dallas,31,,,,,,,,,,,,,,1,1,1,0,1,,,1,1,0,0,0,0,0,,,,,,,,,,,,,,,,,,0,0,espn-401872927.json
1,401872927,2026-09-13T20:25Z,MIN,GB,home,3886598,00-0036259,Jauan Jennings,14,,,,,,,,,,,,,,0,1,0,0,0,,,,,,,,,,,,,,,,,,,,,,,,,,,0,0,espn-401872927.json
1,401872927,2026-09-13T20:25Z,MIN,GB,home,4429205,00-0038994,Jordan Addison,3,,,,,,,,,,,,,,0,2,0,0,0,,,,,,,,,,,,,,,,,,,,,,,,,,,0,0,espn-401872927.json
1,401872927,2026-09-13T20:25Z,MIN,GB,home,3133487,00-0035272,Andrew Van Ginkel,43,,,,,,,,,,,,,,,,,,,0,0,3,2,1.5,1,0,2,0,,,,,,,,,,,,,,,,,,0,0,espn-401872927.json
1,401872927,2026-09-13T20:25Z,MIN,GB,home,4038999,00-0035236,Byron Murphy Jr.,7,,,,,,,,,,,,,,,,,,,,,8,7,0,0,1,0,0,,,,,,,,,,,,,,,,,,0,0,espn-401872927.json
1,401872927,2026-09-13T20:25Z,MIN,GB,home,3728281,00-0035276,Blake Cashman,51,,,,,,,,,,,,,,,,,,,,,7,5,0.5,2,0,2,0,,,,,,,,,,,,,,,,,,0,0,espn-401872927.json
1,401872927,2026-09-13T20:25Z,MIN,GB,home,4046537,,Joshua Metellus,44,,,,,,,,,,,,,,,,,,,,,4,3,0,0,0,0,0,,,,,,,,,,,,,,,,,,0,0,espn-401872927.json
1,401872927,2026-09-13T20:25Z,MIN,GB,home,4360277,00-0038778,Jalen Redmond,61,,,,,,,,,,,,,,,,,,,,,4,3,0,0,0,0,0,,,,,,,,,,,,,,,,,,0,0,espn-401872927.json
1,401872927,2026-09-13T20:25Z,MIN,GB,home,4044540,00-0036222,Isaiah Rodgers,2,,,,,,,,,,,,,,,,,,,,,3,3,0,0,0,0,0,,,,,,,,,,,,,,,,,,0,0,espn-401872927.json
1,401872927,2026-09-13T20:25Z,MIN,GB,home,4259252,00-0035795,James Pierre,23,,,,,,,,,,,,,,,,,,,,,3,3,0,0,2,0,0,1,28,0,,,,,,,,,,,,,,,0,0,espn-401872927.json
1,401872927,2026-09-13T20:25Z,MIN,GB,home,4430280,00-0038807,Ivan Pace Jr.,0,,,,,,,,,,,,,,,,,,,,,3,3,0,1,0,0,0,,,,,,,,,,,,,,,,,,0,0,espn-401872927.json
1,401872927,2026-09-13T20:25Z,MIN,GB,home,5093973,00-0039421,Levi Drake Rodriguez,50,,,,,,,,,,,,,,,,,,,,,3,2,1,1,0,2,0,,,,,,,,,,,,,,,,,,0,0,espn-401872927.json
1,401872927,2026-09-13T20:25Z,MIN,GB,home,3056916,00-0033336,Eric Wilson,55,,,,,,,,,,,,,,,,,,,,,3,2,0,0,0,1,0,,,,,,,,,,,,,,,,,,0,0,espn-401872927.json
1,401872927,2026-09-13T20:25Z,MIN,GB,home,5082397,00-0041354,Jacob Thomas,29,,,,,,,,,,,,,,,,,,,,,3,2,0,0,0,0,0,,,,,,,,,,,,,,,,,,0,0,espn-401872927.json
1,401872927,2026-09-13T20:25Z,MIN,GB,home,4565190,00-0039924,Dallas Turner,15,,,,,,,,,,,,,,,,,,,,,2,2,1,0,0,7,0,,,,,,,,,,,,,,,,,,0,0,espn-401872927.json
1,401872927,2026-09-13T20:25Z,MIN,GB,home,4242436,00-0037301,Theo Jackson,26,,,,,,,,,,,,,,,,,,,,,2,2,0,0,0,0,0,,,,,,,,,,,,,,,,,,0,0,espn-401872927.json
1,401872927,2026-09-13T20:25Z,MIN,GB,home,4698728,00-0041046,Domonique Orange,97,,,,,,,,,,,,,,,,,,,,,2,2,0,1,0,0,0,,,,,,,,,,,,,,,,,,0,0,espn-401872927.json
1,401872927,2026-09-13T20:25Z,MIN,GB,home,4629149,00-0040173,Tyrion Ingram-Dawkins,90,,,,,,,,,,,,,,,,,,,,,2,1,0,1,0,0,0,,,,,,,,,,,,,,,,,,0,0,espn-401872927.json
1,401872927,2026-09-13T20:25Z,MIN,GB,home,14945,00-0029606,Harrison Smith,22,,,,,,,,,,,,,,,,,,,,,1,1,0,0,1,1,0,,,,,,,,,,,,,,,,,,0,0,espn-401872927.json
1,401872927,2026-09-13T20:25Z,MIN,GB,home,16772,00-0031360,Kyle Van Noy,17,,,,,,,,,,,,,,,,,,,,,1,1,0,0,0,0,0,,,,,,,,,,,,,,,,,,0,0,espn-401872927.json
1,401872927,2026-09-13T20:25Z,MIN,GB,home,4567104,00-0039404,Will Reichard,16,,,,,,,,,,,,,,,,,,,,,1,1,0,0,0,0,0,,,,,,,,,,1,1,38,4,4,7,,,0,0,espn-401872927.json
1,401872927,2026-09-13T20:25Z,MIN,GB,home,4877652,00-0041495,Jake Golday,41,,,,,,,,,,,,,,,,,,,,,1,1,0,0,0,0,0,,,,,,,,,,,,,,,,,,0,0,espn-401872927.json
1,401872927,2026-09-13T20:25Z,MIN,GB,home,15726,00-0029714,Andrew DePaola,42,,,,,,,,,,,,,,,,,,,,,1,0,0,0,0,0,0,,,,,,,,,,,,,,,,,,0,0,espn-401872927.json
1,401872927,2026-09-13T20:25Z,MIN,GB,home,4430656,00-0040506,Myles Price,4,,,,,,,,,,,,,,,,,,,,,,,,,,,,,,,5,179,0,1,13,0,,,,,,,,,0,0,espn-401872927.json
1,401872927,2026-09-13T20:25Z,MIN,GB,home,4799994,00-0041581,Brett Thorson,19,,,,,,,,,,,,,,,,,,,,,,,,,,,,,,,,,,,,,,,,,,,4,161,0,0,espn-401872927.json
1,401872928,2026-09-13T20:25Z,MIA,LV,away,4242512,00-0038128,Malik Willis,2,15,27,220,0,1,5,35,34.6,66.9,6,39,1,14,,,,,,1,0,,,,,,,,,,,,,,,,,,,,,,,,,1,0,espn-401872928.json
1,401872928,2026-09-13T20:25Z,MIA,LV,away,4429160,00-0039040,De'Von Achane,28,,,,,,,,,,11,36,0,10,4,5,30,0,14,,,,,,,,,,,,,,,,,,,,,,,,,,,0,0,espn-401872928.json
1,401872928,2026-09-13T20:25Z,MIA,LV,away,4682745,00-0039874,Jaylen Wright,5,,,,,,,,,,1,-1,0,-1,,,,,,,,,,,,,,,,,,2,106,0,,,,,,,,,,,,0,0,espn-401872928.json
1,401872928,2026-09-13T20:25Z,MIA,LV,away,4869645,00-0041523,Caleb Douglas,7,,,,,,,,,,,,,,5,7,94,0,30,,,1,1,0,0,0,0,0,,,,,,,,,,,,,,,,,,0,0,espn-401872928.json
1,401872928,2026-09-13T20:25Z,MIA,LV,away,4569603,00-0039880,Malik Washington,6,,,,,,,,,,,,,,3,8,53,0,30,1,1,,,,,,,,,,,3,56,0,1,17,0,,,,,,,,,0,0,espn-401872928.json
1,401872928,2026-09-13T20:25Z,MIA,LV,away,4869961,00-0041525,Chris Bell,18,,,,,,,,,,,,,,1,2,25,0,25,,,,,,,,,,,,,,,,,,,,,,,,,,,0,0,espn-401872928.json
1,401872928,2026-09-13T20:25Z,MIA,LV,away,4367209,00-0037252,Greg Dulcich,85,,,,,,,,,,,,,,2,2,18,0,12,,,,,,,,,,,,,,,,,,,,,,,,,,,0,0,espn-401872928.json
1,401872928,2026-09-13T20:25Z,MIA,LV,away,4685307,00-0041529,Kevin Coleman Jr.,21,,,,,,,,,,,,,,0,2,0,0,0,,,,,,,,,,,,,,,,,,,,,,,,,,,0,0,espn-401872928.json
1,401872928,2026-09-13T20:25Z,MIA,LV,away,4880236,00-0041524,Will Kacmarek,89,,,,,,,,,,,,,,0,1,0,0,0,,,,,,,,,,,,,,,,,,,,,,,,,,,0,0,espn-401872928.json
1,401872928,2026-09-13T20:25Z,MIA,LV,away,4566094,00-0041522,Jacob Rodriguez,10,,,,,,,,,,,,,,,,,,,,,14,5,0,0,0,0,0,,,,,,,,,,,,,,,,,,0,0,espn-401872928.json
1,401872928,2026-09-13T20:25Z,MIA,LV,away,4869579,00-0041533,Chris Johnson,3,,,,,,,,,,,,,,,,,,,,,11,5,0,1,2,0,0,,,,,,,,,,,,,,,,,,0,0,espn-401872928.json
1,401872928,2026-09-13T20:25Z,MIA,LV,away,4043130,00-0036409,Jordyn Brooks,20,,,,,,,,,,,,,,,,,,,,,9,6,0,0,0,1,0,,,,,,,,,,,,,,,,,,0,0,espn-401872928.json
1,401872928,2026-09-13T20:25Z,MIA,LV,away,3932335,00-0036677,Zayne Anderson,23,,,,,,,,,,,,,,,,,,,,,5,3,0,1,1,0,0,,,,,,,,,,,,,,,,,,0,0,espn-401872928.json
1,401872928,2026-09-13T20:25Z,MIA,LV,away,4360488,,JuJu Brents,8,,,,,,,,,,,,,,,,,,,,,4,3,0,1,0,0,0,,,,,,,,,,,,,,,,,,0,0,espn-401872928.json
1,401872928,2026-09-13T20:25Z,MIA,LV,away,4432730,00-0040178,Jason Marshall Jr.,4,,,,,,,,,,,,,,,,,,,,,4,2,0,1,0,0,0,,,,,,,,,,,,,,,,,,0,0,espn-401872928.json
1,401872928,2026-09-13T20:25Z,MIA,LV,away,4046528,,Josh Uche,9,,,,,,,,,,,,,,,,,,,,,4,1,0,0,0,0,0,,,,,,,,,,,,,,,,,,0,0,espn-401872928.json
1,401872928,2026-09-13T20:25Z,MIA,LV,away,4880346,00-0041528,Michael Taaffe,16,,,,,,,,,,,,,,,,,,,,,4,1,0,0,1,0,0,1,2,0,,,,,,,,,,,,,,,0,0,espn-401872928.json
1,401872928,2026-09-13T20:25Z,MIA,LV,away,4837188,00-0040175,Jordan Phillips,94,,,,,,,,,,,,,,,,,,,,,4,0,0,0,0,1,0,,,,,,,,,,,,,,,,,,0,0,espn-401872928.json
1,401872928,2026-09-13T20:25Z,MIA,LV,away,3057956,00-0034285,Zach Sieler,92,,,,,,,,,,,,,,,,,,,,,3,2,0,2,0,0,0,,,,,,,,,,,,,,,,,,0,0,espn-401872928.json
1,401872928,2026-09-13T20:25Z,MIA,LV,away,4431664,00-0040182,Dante Trader Jr.,11,,,,,,,,,,,,,,,,,,,,,3,1,0,0,1,0,0,1,14,0,,,,,,,,,,,,,,,0,0,espn-401872928.json
1,401872928,2026-09-13T20:25Z,MIA,LV,away,4034729,00-0037686,Tucker Addington,46,,,,,,,,,,,,,,,,,,,,,2,2,0,0,0,0,0,,,,,,,,,,,,,,,,,,0,0,espn-401872928.json
1,401872928,2026-09-13T20:25Z,MIA,LV,away,4243371,00-0036816,Riley Patterson,47,,,,,,,,,,,,,,,,,,,,,2,2,0,0,0,0,0,,,,,,,,,,2,3,41,1,1,7,,,0,0,espn-401872928.json
1,401872928,2026-09-13T20:25Z,MIA,LV,away,4683276,00-0040248,Zeek Biggers,93,,,,,,,,,,,,,,,,,,,,,2,1,0,0,0,0,0,,,,,,,,,,,,,,,,,,0,0,espn-401872928.json
1,401872928,2026-09-13T20:25Z,MIA,LV,away,4259547,00-0036682,Malik Herring,90,,,,,,,,,,,,,,,,,,,,,1,1,0,1,0,0,0,,,,,,,,,,,,,,,,,,0,0,espn-401872928.json
1,401872928,2026-09-13T20:25Z,MIA,LV,away,4259558,,Robert Beal Jr.,51,,,,,,,,,,,,,,,,,,,,,1,1,0,0,0,0,0,,,,,,,,,,,,,,,,,,0,0,espn-401872928.json
1,401872928,2026-09-13T20:25Z,MIA,LV,away,3728258,00-0035692,Clelin Ferrell,98,,,,,,,,,,,,,,,,,,,,,1,0,0,0,0,0,0,,,,,,,,,,,,,,,,,,0,0,espn-401872928.json
1,401872928,2026-09-13T20:25Z,MIA,LV,away,4259804,00-0036362,Willie Gay Jr.,40,,,,,,,,,,,,,,,,,,,,,1,0,0,0,0,0,0,,,,,,,,,,,,,,,,,,0,0,espn-401872928.json
1,401872928,2026-09-13T20:25Z,MIA,LV,away,4431586,00-0039911,Chop Robinson,44,,,,,,,,,,,,,,,,,,,,,1,0,0,0,0,0,0,,,,,,,,,,,,,,,,,,0,0,espn-401872928.json
1,401872928,2026-09-13T20:25Z,MIA,LV,away,2977680,00-0032065,Bradley Pinion,48,,,,,,,,,,,,,,,,,,,,,,,,,,,,,,,,,,,,,,,,,,,4,183,0,0,espn-401872928.json
1,401872928,2026-09-13T20:25Z,LV,MIA,home,14880,00-0029604,Kirk Cousins,8,21,30,160,3,2,0,0,34.6,88.2,5,-6,0,3,,,,,,,,,,,,,,,,,,,,,,,,,,,,,,,,0,0,espn-401872928.json
1,401872928,2026-09-13T20:25Z,LV,MIA,home,4890973,00-0040122,Ashton Jeanty,2,,,,,,,,,,23,102,0,15,6,6,45,2,13,,,,,,,,,,,,,,,,,,,,,,,,,,,2,0,espn-401872928.json
1,401872928,2026-09-13T20:25Z,LV,MIA,home,4686658,00-0040878,Mike Washington Jr.,4,,,,,,,,,,7,41,0,18,,,,,,,,,,,,,,,,,,,,,,,,,,,,,,,,0,0,espn-401872928.json
1,401872928,2026-09-13T20:25Z,LV,MIA,home,4241961,00-0037304,Connor Heyward,34,,,,,,,,,,1,1,0,1,,,,,,,,,,,,,,,,,,,,,,,,,,,,,,,,0,0,espn-401872928.json
1,401872928,2026-09-13T20:25Z,LV,MIA,home,5150247,00-0040894,Malik Benson,19,,,,,,,,,,1,-8,0,-8,1,2,6,0,6,,,,,,,,,,,,,,,,2,35,0,,,,,,,,,0,0,espn-401872928.json
1,401872928,2026-09-13T20:25Z,LV,MIA,home,4429086,00-0039066,Michael Mayer,87,,,,,,,,,,,,,,6,7,32,0,14,,,,,,,,,,,,,,,,,,,,,,,,,,,0,0,espn-401872928.json
1,401872928,2026-09-13T20:25Z,LV,MIA,home,4428718,00-0038563,Tre Tucker,1,,,,,,,,,,,,,,2,4,27,0,21,,,,,,,,,,,,,,,,,,,,,,,,,,,0,0,espn-401872928.json
1,401872928,2026-09-13T20:25Z,LV,MIA,home,4382466,00-0037291,Jalen Nailor,9,,,,,,,,,,,,,,3,5,27,0,12,,,,,,,,,,,,,,,,,,,,,,,,,,,0,0,espn-401872928.json
1,401872928,2026-09-13T20:25Z,LV,MIA,home,4603186,00-0040729,Jack Bech,18,,,,,,,,,,,,,,3,4,23,1,15,,,1,1,0,0,0,0,0,,,,,,,,,,,,,,,,,,1,1,espn-401872928.json
1,401872928,2026-09-13T20:25Z,LV,MIA,home,4241983,00-0035891,Cody White,82,,,,,,,,,,,,,,0,1,0,0,0,,,3,1,0,0,0,0,0,,,,,,,,,,,,,,,,,,0,0,espn-401872928.json
1,401872928,2026-09-13T20:25Z,LV,MIA,home,4379416,00-0037074,Quay Walker,7,,,,,,,,,,,,,,,,,,,0,0,6,2,0,0,0,0,0,,,,,,,,,,,,,,,,,,0,0,espn-401872928.json
1,401872928,2026-09-13T20:25Z,LV,MIA,home,4426340,00-0037615,Nakobe Dean,17,,,,,,,,,,,,,,,,,,,,,6,5,1,2,0,1,0,,,,,,,,,,,,,,,,,,0,0,espn-401872928.json
1,401872928,2026-09-13T20:25Z,LV,MIA,home,4697757,00-0040868,Treydan Stukes,31,,,,,,,,,,,,,,,,,,,,,6,4,0,0,1,0,0,1,0,0,,,,,,,,,,,,,,,0,0,espn-401872928.json
1,401872928,2026-09-13T20:25Z,LV,MIA,home,4258194,00-0036479,Kwity Paye,95,,,,,,,,,,,,,,,,,,,,,6,3,2,2,0,4,0,,,,,,,,,,,,,,,,,,0,0,espn-401872928.json
1,401872928,2026-09-13T20:25Z,LV,MIA,home,4043169,00-0036293,Jeremy Chinn,11,,,,,,,,,,,,,,,,,,,,,5,4,0,0,0,0,0,,,,,,,,,,,,,,,,,,0,0,espn-401872928.json
1,401872928,2026-09-13T20:25Z,LV,MIA,home,3045172,,Folorunso Fatukasi,94,,,,,,,,,,,,,,,,,,,,,4,1,0.5,0,1,1,0,,,,,,,,,,,,,,,,,,0,0,espn-401872928.json
1,401872928,2026-09-13T20:25Z,LV,MIA,home,4429109,00-0040169,Tonka Hemingway,97,,,,,,,,,,,,,,,,,,,,,4,1,0,0,1,0,0,,,,,,,,,,,,,,,,,,0,0,espn-401872928.json
1,401872928,2026-09-13T20:25Z,LV,MIA,home,3121003,00-0034376,Taron Johnson,3,,,,,,,,,,,,,,,,,,,,,3,1,0,1,0,0,0,,,,,,,,,,,,,,,,,,0,0,espn-401872928.json
1,401872928,2026-09-13T20:25Z,LV,MIA,home,4360749,00-0037262,Thomas Booker IV,99,,,,,,,,,,,,,,,,,,,,,3,1,0,1,0,1,0,,,,,,,,,,,,,,,,,,0,0,espn-401872928.json
1,401872928,2026-09-13T20:25Z,LV,MIA,home,4260703,00-0037527,Segun Olubi,50,,,,,,,,,,,,,,,,,,,,,3,0,0,0,0,0,0,,,,,,,,,,,,,,,,,,0,0,espn-401872928.json
1,401872928,2026-09-13T20:25Z,LV,MIA,home,4259561,00-0036901,Eric Stokes,5,,,,,,,,,,,,,,,,,,,,,2,2,0,0,0,0,0,,,,,,,,,,,,,,,,,,0,0,espn-401872928.json
1,401872928,2026-09-13T20:25Z,LV,MIA,home,3916655,00-0034973,Maxx Crosby,98,,,,,,,,,,,,,,,,,,,,,2,1,1.5,1,0,3,0,,,,,,,,,,,,,,,,,,0,0,espn-401872928.json
1,401872928,2026-09-13T20:25Z,LV,MIA,home,4366963,00-0039407,Dylan Laube,23,,,,,,,,,,,,,,,,,,,,,2,0,0,0,0,0,0,,,,2,95,0,,,,,,,,,,,,0,0,espn-401872928.json
1,401872928,2026-09-13T20:25Z,LV,MIA,home,4430330,00-0040641,Darien Porter,26,,,,,,,,,,,,,,,,,,,,,2,0,0,0,2,0,0,,,,,,,,,,,,,,,,,,0,0,espn-401872928.json
1,401872928,2026-09-13T20:25Z,LV,MIA,home,4243916,00-0036922,Patrick Johnson,93,,,,,,,,,,,,,,,,,,,,,1,1,0,0,0,0,0,,,,,,,,,,,,,,,,,,0,0,espn-401872928.json
1,401872928,2026-09-13T20:25Z,LV,MIA,home,2972342,00-0033381,Adam Butler,69,,,,,,,,,,,,,,,,,,,,,1,0,0,0,0,0,0,,,,,,,,,,,,,,,,,,0,0,espn-401872928.json
1,401872928,2026-09-13T20:25Z,LV,MIA,home,4239719,00-0036989,Malcolm Koonce,51,,,,,,,,,,,,,,,,,,,,,1,0,0,0,0,0,0,,,,,,,,,,,,,,,,,,0,0,espn-401872928.json
1,401872928,2026-09-13T20:25Z,LV,MIA,home,4259632,00-0037512,Isaiah Pola-Mao,20,,,,,,,,,,,,,,,,,,,,,1,0,0,0,0,0,0,,,,,,,,,,,,,,,,,,0,0,espn-401872928.json
1,401872928,2026-09-13T20:25Z,LV,MIA,home,4875295,00-0039735,Jackson Powers-Johnson,58,,,,,,,,,,,,,,,,,,,,,1,0,0,0,0,0,0,,,,,,,,,,,,,,,,,,0,0,espn-401872928.json
1,401872928,2026-09-13T20:25Z,LV,MIA,home,4373956,00-0039423,Jonah Laulu,96,,,,,,,,,,,,,,,,,,,,,0,0,0,0,0,1,0,,,,,,,,,,,,,,,,,,0,0,espn-401872928.json
1,401872928,2026-09-13T20:25Z,LV,MIA,home,4917354,00-0040889,Hezekiah Masses,35,,,,,,,,,,,,,,,,,,,,,0,0,0,0,1,0,0,,,,,,,,,,,,,,,,,,0,0,espn-401872928.json
1,401872928,2026-09-13T20:25Z,LV,MIA,home,4249087,00-0035269,Matt Gay,14,,,,,,,,,,,,,,,,,,,,,,,,,,,,,,,,,,,,,2,2,47,3,3,9,,,0,0,espn-401872928.json
1,401872928,2026-09-13T20:25Z,LV,MIA,home,3686689,00-0035190,AJ Cole,6,,,,,,,,,,,,,,,,,,,,,,,,,,,,,,,,,,,,,,,,,,,3,190,0,0,espn-401872928.json
1,401872929,2026-09-13T20:25Z,WSH,PHI,away,4426348,00-0039910,Jayden Daniels,5,18,34,164,2,0,1,1,57.3,85.9,5,31,0,14,,,,,,,,,,,,,,,,,,,,,,,,,,,,,,,,0,0,espn-401872929.json
1,401872929,2026-09-13T20:25Z,WSH,PHI,away,4575131,00-0040242,Jacory Croskey-Merritt,22,,,,,,,,,,16,63,1,11,1,1,-7,0,-7,1,0,,,,,,,,,,,,,,,,,,,,,,,,,1,0,espn-401872929.json
1,401872929,2026-09-13T20:25Z,WSH,PHI,away,4697815,00-0037256,Rachaad White,1,,,,,,,,,,7,22,0,9,2,2,5,0,3,,,,,,,,,,,,,2,59,0,,,,,,,,,,,,0,0,espn-401872929.json
1,401872929,2026-09-13T20:25Z,WSH,PHI,away,4685246,00-0041096,Kaytron Allen,31,,,,,,,,,,4,16,0,5,,,,,,,,,,,,,,,,,,,,,,,,,,,,,,,,0,0,espn-401872929.json
1,401872929,2026-09-13T20:25Z,WSH,PHI,away,5081432,00-0041040,Antonio Williams,14,,,,,,,,,,,,,,4,4,64,1,33,,,,,,,,,,,,,,,,,,,,,,,,,,,1,0,espn-401872929.json
1,401872929,2026-09-13T20:25Z,WSH,PHI,away,2976212,00-0031588,Stefon Diggs,3,,,,,,,,,,,,,,4,9,55,1,17,,,,,,,,,,,,,,,,,,,,,,,,,,,1,0,espn-401872929.json
1,401872929,2026-09-13T20:25Z,WSH,PHI,away,4360635,00-0037809,Chig Okonkwo,85,,,,,,,,,,,,,,2,3,16,0,15,,,,,,,,,,,,,,,,,,,,,,,,,,,0,0,espn-401872929.json
1,401872929,2026-09-13T20:25Z,WSH,PHI,away,3121422,00-0035659,Terry McLaurin,17,,,,,,,,,,,,,,2,4,14,0,8,,,,,,,,,,,,,,,,,,,,,,,,,,,0,0,espn-401872929.json
1,401872929,2026-09-13T20:25Z,WSH,PHI,away,4048228,00-0036628,John Bates,87,,,,,,,,,,,,,,2,3,13,0,8,,,,,,,,,,,,,,,,,,,,,,,,,,,0,0,espn-401872929.json
1,401872929,2026-09-13T20:25Z,WSH,PHI,away,4602667,00-0040164,Jaylin Lane,83,,,,,,,,,,,,,,1,1,4,0,4,,,,,,,,,,,,,3,95,0,4,53,0,,,,,,,,,0,0,espn-401872929.json
1,401872929,2026-09-13T20:25Z,WSH,PHI,away,4361577,00-0036626,Dyami Brown,6,,,,,,,,,,,,,,0,2,0,0,0,,,,,,,,,,,,,,,,,,,,,,,,,,,0,0,espn-401872929.json
1,401872929,2026-09-13T20:25Z,WSH,PHI,away,4685326,00-0040686,Josh Conerly Jr.,72,,,,,,,,,,,,,,,,,,,0,0,,,,,,,,,,,,,,,,,,,,,,,,,0,0,espn-401872929.json
1,401872929,2026-09-13T20:25Z,WSH,PHI,away,4426403,00-0037616,Nick Cross,25,,,,,,,,,,,,,,,,,,,,,8,5,0,2,0,0,0,,,,,,,,,,,,,,,,,,0,0,espn-401872929.json
1,401872929,2026-09-13T20:25Z,WSH,PHI,away,4239694,00-0036375,Amik Robertson,2,,,,,,,,,,,,,,,,,,,,,6,3,0,0,0,0,0,,,,,,,,,,,,,,,,,,0,0,espn-401872929.json
1,401872929,2026-09-13T20:25Z,WSH,PHI,away,4428414,00-0039898,Mike Sainristil,0,,,,,,,,,,,,,,,,,,,,,5,4,0,1,0,0,0,,,,,,,,,,,,,,,,,,0,0,espn-401872929.json
1,401872929,2026-09-13T20:25Z,WSH,PHI,away,3125248,00-0034465,Jeremy Reaves,39,,,,,,,,,,,,,,,,,,,,,5,3,0,0,0,0,0,,,,,,,,,,,,,,,,,,0,0,espn-401872929.json
1,401872929,2026-09-13T20:25Z,WSH,PHI,away,5081807,00-0041028,Sonny Styles,52,,,,,,,,,,,,,,,,,,,,,4,3,1,2,0,1,0,,,,,,,,,,,,,,,,,,0,0,espn-401872929.json
1,401872929,2026-09-13T20:25Z,WSH,PHI,away,3127273,00-0034302,Frankie Luvu,4,,,,,,,,,,,,,,,,,,,,,4,1,1,1,0,1,0,,,,,,,,,,,,,,,,,,0,0,espn-401872929.json
1,401872929,2026-09-13T20:25Z,WSH,PHI,away,4360378,00-0039149,Quan Martin,20,,,,,,,,,,,,,,,,,,,,,3,3,0,1,0,0,0,,,,,,,,,,,,,,,,,,0,0,espn-401872929.json
1,401872929,2026-09-13T20:25Z,WSH,PHI,away,4361422,00-0036940,Odafe Oweh,98,,,,,,,,,,,,,,,,,,,,,3,2,1,2,0,1,0,,,,,,,,,,,,,,,,,,0,0,espn-401872929.json
1,401872929,2026-09-13T20:25Z,WSH,PHI,away,4426901,00-0037819,Leo Chenal,54,,,,,,,,,,,,,,,,,,,,,3,1,0,0,0,0,0,,,,,,,,,,,,,,,,,,0,0,espn-401872929.json
1,401872929,2026-09-13T20:25Z,WSH,PHI,away,3929956,00-0034397,Tim Settle,97,,,,,,,,,,,,,,,,,,,,,3,0,0,0,0,0,0,,,,,,,,,,,,,,,,,,0,0,espn-401872929.json
1,401872929,2026-09-13T20:25Z,WSH,PHI,away,4572460,00-0039681,Tyler Owens,18,,,,,,,,,,,,,,,,,,,,,2,2,0,0,0,0,0,,,,,,,,,,,,,,,,,,0,0,espn-401872929.json
1,401872929,2026-09-13T20:25Z,WSH,PHI,away,4259491,00-0036260,Javon Kinlaw,99,,,,,,,,,,,,,,,,,,,,,2,1,0,1,0,0,0,,,,,,,,,,,,,,,,,,0,0,espn-401872929.json
1,401872929,2026-09-13T20:25Z,WSH,PHI,away,4568617,00-0039368,Jordan Magee,58,,,,,,,,,,,,,,,,,,,,,2,1,0,0,0,0,0,,,,,,,,,,,,,,,,,,0,0,espn-401872929.json
1,401872929,2026-09-13T20:25Z,WSH,PHI,away,3925354,00-0034333,Daron Payne,94,,,,,,,,,,,,,,,,,,,,,1,1,0,0,0,0,0,,,,,,,,,,,,,,,,,,0,0,espn-401872929.json
1,401872929,2026-09-13T20:25Z,WSH,PHI,away,3943270,00-0033551,Rasul Douglas,29,,,,,,,,,,,,,,,,,,,,,1,1,0,0,1,0,0,,,,,,,,,,,,,,,,,,0,0,espn-401872929.json
1,401872929,2026-09-13T20:25Z,WSH,PHI,away,4427984,00-0040216,Kain Medrano,56,,,,,,,,,,,,,,,,,,,,,1,1,0,0,0,0,0,,,,,,,,,,,,,,,,,,0,0,espn-401872929.json
1,401872929,2026-09-13T20:25Z,WSH,PHI,away,3886601,00-0035409,Shy Tuttle,96,,,,,,,,,,,,,,,,,,,,,1,0,0,0,0,0,0,,,,,,,,,,,,,,,,,,0,0,espn-401872929.json
1,401872929,2026-09-13T20:25Z,WSH,PHI,away,4361088,00-0039686,Colson Yankoff,80,,,,,,,,,,,,,,,,,,,,,1,0,0,0,0,0,0,,,,,,,,,,,,,,,,,,0,0,espn-401872929.json
1,401872929,2026-09-13T20:25Z,WSH,PHI,away,4361357,00-0039412,Javontae Jean-Baptiste,41,,,,,,,,,,,,,,,,,,,,,1,0,0,0,0,0,0,,,,,,,,,,,,,,,,,,0,0,espn-401872929.json
1,401872929,2026-09-13T20:25Z,WSH,PHI,away,3929865,00-0035279,Charles Omenihu,90,,,,,,,,,,,,,,,,,,,,,0,0,0,0,1,0,0,,,,,,,,,,,,,,,,,,0,0,espn-401872929.json
1,401872929,2026-09-13T20:25Z,WSH,PHI,away,4242205,00-0036286,K'Lavon Chaisson,45,,,,,,,,,,,,,,,,,,,,,0,0,0,0,0,2,0,,,,,,,,,,,,,,,,,,0,0,espn-401872929.json
1,401872929,2026-09-13T20:25Z,WSH,PHI,away,5081335,00-0041182,Drew Stevens,19,,,,,,,,,,,,,,,,,,,,,,,,,,,,,,,,,,,,,1,2,55,1,2,4,,,0,0,espn-401872929.json
1,401872929,2026-09-13T20:25Z,WSH,PHI,away,16166,00-0030140,Tress Way,10,,,,,,,,,,,,,,,,,,,,,,,,,,,,,,,,,,,,,,,,,,,6,318,0,0,espn-401872929.json
1,401872929,2026-09-13T20:25Z,PHI,WSH,home,4040715,00-0036389,Jalen Hurts,1,14,25,203,3,0,3,21,60.8,122.2,7,46,0,22,,,,,,,,,,,,,,,,,,,,,,,,,,,,,,,,0,0,espn-401872929.json
1,401872929,2026-09-13T20:25Z,PHI,WSH,home,3929630,00-0034844,Saquon Barkley,26,,,,,,,,,,15,83,0,42,1,2,-3,0,-3,,,,,,,,,,,,,,,,,,,,,,,,,,,0,0,espn-401872929.json
1,401872929,2026-09-13T20:25Z,PHI,WSH,home,4431545,00-0039746,Will Shipley,28,,,,,,,,,,2,4,0,2,1,1,8,0,8,,,1,0,0,0,0,0,0,,,,1,25,0,,,,,,,,,,,,0,0,espn-401872929.json
1,401872929,2026-09-13T20:25Z,PHI,WSH,home,4429013,00-0038555,Tank Bigsby,8,,,,,,,,,,1,3,0,3,,,,,,,,,,,,,,,,,,2,50,0,,,,,,,,,,,,0,0,espn-401872929.json
1,401872929,2026-09-13T20:25Z,PHI,WSH,home,3121023,00-0034351,Dallas Goedert,88,,,,,,,,,,,,,,4,5,77,2,43,,,,,,,,,,,,,,,,,,,,,,,,,,,2,1,espn-401872929.json
1,401872929,2026-09-13T20:25Z,PHI,WSH,home,4428850,00-0038393,Dontayvion Wicks,13,,,,,,,,,,,,,,2,4,73,1,64,,,,,,,,,,,,,,,,,,,,,,,,,,,1,0,espn-401872929.json
1,401872929,2026-09-13T20:25Z,PHI,WSH,home,4241478,00-0036912,DeVonta Smith,6,,,,,,,,,,,,,,3,6,53,0,31,,,,,,,,,,,,,,,,,,,,,,,,,,,0,0,espn-401872929.json
1,401872929,2026-09-13T20:25Z,PHI,WSH,home,4870795,00-0040867,Makai Lemon,9,,,,,,,,,,,,,,3,4,-5,0,3,,,,,,,,,,,,,,,,,,,,,,,,,,,0,0,espn-401872929.json
1,401872929,2026-09-13T20:25Z,PHI,WSH,home,3917657,00-0036418,Zack Baun,53,,,,,,,,,,,,,,,,,,,,,12,7,0,1,2,0,0,,,,,,,,,,,,,,,,,,0,0,espn-401872929.json
1,401872929,2026-09-13T20:25Z,PHI,WSH,home,4685287,00-0040708,Jihaad Campbell,11,,,,,,,,,,,,,,,,,,,,,9,5,1,1,0,1,0,,,,,,,,,,,,,,,,,,0,0,espn-401872929.json
1,401872929,2026-09-13T20:25Z,PHI,WSH,home,4682618,00-0039841,Cooper DeJean,33,,,,,,,,,,,,,,,,,,,,,8,4,0,0,0,1,0,,,,,,,,,,,,,,,,,,0,0,espn-401872929.json
1,401872929,2026-09-13T20:25Z,PHI,WSH,home,4381558,00-0037073,Jordan Davis,90,,,,,,,,,,,,,,,,,,,,,8,3,0,0,0,0,0,,,,,,,,,,,,,,,,,,0,0,espn-401872929.json
1,401872929,2026-09-13T20:25Z,PHI,WSH,home,3139368,00-0034993,Marcus Epps,29,,,,,,,,,,,,,,,,,,,,,7,5,0,0,0,0,0,,,,,,,,,,,,,,,,,,0,0,espn-401872929.json
1,401872929,2026-09-13T20:25Z,PHI,WSH,home,4715355,00-0040024,Darius Cooper,80,,,,,,,,,,,,,,,,,,,,,4,3,0,0,0,0,0,,,,,,,,,,,,,,,,,,0,0,espn-401872929.json
1,401872929,2026-09-13T20:25Z,PHI,WSH,home,4362116,00-0038412,Moro Ojomo,97,,,,,,,,,,,,,,,,,,,,,3,2,0,0,0,0,0,,,,,,,,,,,,,,,,,,0,0,espn-401872929.json
1,401872929,2026-09-13T20:25Z,PHI,WSH,home,4571162,00-0039740,Jalyx Hunt,58,,,,,,,,,,,,,,,,,,,,,3,1,0,0,0,0,0,,,,,,,,,,,,,,,,,,0,0,espn-401872929.json
1,401872929,2026-09-13T20:25Z,PHI,WSH,home,4685759,00-0038386,Jalen Carter,98,,,,,,,,,,,,,,,,,,,,,3,1,0,0,0,0,0,,,,,,,,,,,,,,,,,,0,0,espn-401872929.json
1,401872929,2026-09-13T20:25Z,PHI,WSH,home,4432777,00-0039826,Jeremiah Trotter Jr.,54,,,,,,,,,,,,,,,,,,,,,2,2,0,0,0,0,0,,,,,,,,,,,,,,,,,,0,0,espn-401872929.json
1,401872929,2026-09-13T20:25Z,PHI,WSH,home,4686273,00-0039888,Quinyon Mitchell,27,,,,,,,,,,,,,,,,,,,,,2,2,0,0,0,0,0,,,,,,,,,,,,,,,,,,0,0,espn-401872929.json
1,401872929,2026-09-13T20:25Z,PHI,WSH,home,4240585,00-0036192,AJ Epenesa,57,,,,,,,,,,,,,,,,,,,,,2,1,0,0,0,0,0,,,,,,,,,,,,,,,,,,0,0,espn-401872929.json
1,401872929,2026-09-13T20:25Z,PHI,WSH,home,4426331,00-0039013,Nolan Smith Jr.,3,,,,,,,,,,,,,,,,,,,,,2,1,0,0,0,0,0,,,,,,,,,,,,,,,,,,0,0,espn-401872929.json
1,401872929,2026-09-13T20:25Z,PHI,WSH,home,4431573,00-0040013,Smael Mondon Jr.,42,,,,,,,,,,,,,,,,,,,,,2,0,0,0,0,0,0,,,,,,,,,,,,,,,,,,0,0,espn-401872929.json
1,401872929,2026-09-13T20:25Z,PHI,WSH,home,4240456,00-0036501,Michael Carter II,35,,,,,,,,,,,,,,,,,,,,,1,1,0,0,0,0,0,,,,,,,,,,,,,,,,,,0,0,espn-401872929.json
1,401872929,2026-09-13T20:25Z,PHI,WSH,home,4245185,00-0037079,Riq Woolen,2,,,,,,,,,,,,,,,,,,,,,1,1,0,0,0,0,0,,,,,,,,,,,,,,,,,,0,0,espn-401872929.json
1,401872929,2026-09-13T20:25Z,PHI,WSH,home,4257591,00-0038116,Arnold Ebiketie,17,,,,,,,,,,,,,,,,,,,,,1,1,0,0,0,0,0,,,,,,,,,,,,,,,,,,0,0,espn-401872929.json
1,401872929,2026-09-13T20:25Z,PHI,WSH,home,4602197,00-0040749,Andrew Mukuba,24,,,,,,,,,,,,,,,,,,,,,1,1,0,0,0,0,0,,,,,,,,,,,,,,,,,,0,0,espn-401872929.json
1,401872929,2026-09-13T20:25Z,PHI,WSH,home,4567123,00-0038978,Byron Young,94,,,,,,,,,,,,,,,,,,,,,1,0,0,0,0,0,0,,,,,,,,,,,,,,,,,,0,0,espn-401872929.json
1,401872929,2026-09-13T20:25Z,PHI,WSH,home,3926231,00-0037132,Britain Covey,85,,,,,,,,,,,,,,,,,,,,,,,,,,,,,,,,,,4,37,0,,,,,,,,,0,0,espn-401872929.json
1,401872929,2026-09-13T20:25Z,PHI,WSH,home,3050478,00-0033787,Jake Elliott,4,,,,,,,,,,,,,,,,,,,,,,,,,,,,,,,,,,,,,1,1,35,3,3,5,,,0,0,espn-401872929.json
1,401872929,2026-09-13T20:25Z,PHI,WSH,home,4035239,00-0036313,Braden Mann,10,,,,,,,,,,,,,,,,,,,,,,,,,,,,,,,,,,,,,,,,,,,7,361,0,0,espn-401872929.json
1,401872930,2026-09-14T00:20Z,DAL,NYG,away,2577417,00-0033077,Dak Prescott,4,22,34,175,2,1,0,0,83.3,84.8,2,14,0,10,,,,,,,,,,,,,,,,,,,,,,,,,,,,,,,,0,0,espn-401872930.json
1,401872930,2026-09-14T00:20Z,DAL,NYG,away,4361579,00-0036997,Javonte Williams,33,,,,,,,,,,12,41,1,8,5,5,31,1,17,,,,,,,,,,,,,,,,,,,,,,,,,,,2,0,espn-401872930.json
1,401872930,2026-09-14T00:20Z,DAL,NYG,away,4383396,00-0038738,Hunter Luepke,30,,,,,,,,,,1,7,0,7,,,,,,,,,,,,,,,,,,,,,,,,,,,,,,,,0,0,espn-401872930.json
1,401872930,2026-09-14T00:20Z,DAL,NYG,away,4362478,00-0038705,Emari Demercado,31,,,,,,,,,,2,7,0,4,,,,,,,,,,,,,,,,,,,,,,,,,,,,,,,,0,0,espn-401872930.json
1,401872930,2026-09-14T00:20Z,DAL,NYG,away,4241389,00-0036358,CeeDee Lamb,88,,,,,,,,,,1,0,0,0,5,8,44,1,15,,,,,,,,,,,,,,,,,,,,,,,,,,,1,0,espn-401872930.json
1,401872930,2026-09-14T00:20Z,DAL,NYG,away,4426354,00-0037247,George Pickens,3,,,,,,,,,,,,,,3,6,28,0,11,,,,,,,,,,,,,,,,,,,,,,,,,,,0,0,espn-401872930.json
1,401872930,2026-09-14T00:20Z,DAL,NYG,away,5083754,00-0039410,Ryan Flournoy,19,,,,,,,,,,,,,,2,4,22,0,17,,,,,,,,,,,,,,,,,,,,,,,,,,,0,0,espn-401872930.json
1,401872930,2026-09-14T00:20Z,DAL,NYG,away,4360967,00-0039530,Brevyn Spann-Ford,89,,,,,,,,,,,,,,2,2,14,0,8,,,1,0,0,0,0,0,0,,,,,,,,,,,,,,,,,,0,0,espn-401872930.json
1,401872930,2026-09-14T00:20Z,DAL,NYG,away,4372096,00-0038547,Luke Schoonmaker,86,,,,,,,,,,,,,,1,1,12,0,12,,,,,,,,,,,,,,,,,,,,,,,,,,,0,0,espn-401872930.json
1,401872930,2026-09-14T00:20Z,DAL,NYG,away,4426485,00-0039062,Jonathan Mingo,18,,,,,,,,,,,,,,1,1,10,0,10,,,,,,,,,,,,,,,,,,,,,,,,,,,0,0,espn-401872930.json
1,401872930,2026-09-14T00:20Z,DAL,NYG,away,3676833,00-0037801,KaVontae Turpin,9,,,,,,,,,,,,,,1,1,8,0,8,,,,,,,,,,,,,5,122,0,,,,,,,,,,,,0,0,espn-401872930.json
1,401872930,2026-09-14T00:20Z,DAL,NYG,away,4242355,00-0038041,Jake Ferguson,87,,,,,,,,,,,,,,2,2,6,0,6,,,,,,,,,,,,,,,,,,,,,,,,,,,0,0,espn-401872930.json
1,401872930,2026-09-14T00:20Z,DAL,NYG,away,5095865,00-0040008,Shavon Revel Jr.,28,,,,,,,,,,,,,,,,,,,0,0,1,1,0,0,0,0,0,,,,,,,,,,,,,,,,,,0,0,espn-401872930.json
1,401872930,2026-09-14T00:20Z,DAL,NYG,away,4683848,00-0040725,Donovan Ezeiruaku,6,,,,,,,,,,,,,,,,,,,,,10,4,0.5,1,0,2,0,,,,,,,,,,,,,,,,,,0,0,espn-401872930.json
1,401872930,2026-09-14T00:20Z,DAL,NYG,away,4043089,00-0035705,Jalen Thompson,34,,,,,,,,,,,,,,,,,,,,,9,3,0,0,0,0,0,,,,,,,,,,,,,,,,,,0,0,espn-401872930.json
1,401872930,2026-09-14T00:20Z,DAL,NYG,away,4870706,00-0040865,Caleb Downs,13,,,,,,,,,,,,,,,,,,,,,8,4,1,0,0,1,0,,,,,,,,,,,,,,,,,,0,0,espn-401872930.json
1,401872930,2026-09-14T00:20Z,DAL,NYG,away,4248911,00-0037275,DaRon Bland,26,,,,,,,,,,,,,,,,,,,,,8,3,0,0,0,0,0,,,,,,,,,,,,,,,,,,0,0,espn-401872930.json
1,401872930,2026-09-14T00:20Z,DAL,NYG,away,4362088,00-0038556,DeMarvion Overshown,0,,,,,,,,,,,,,,,,,,,,,7,1,0,0,0,0,0,,,,,,,,,,,,,,,,,,0,0,espn-401872930.json
1,401872930,2026-09-14T00:20Z,DAL,NYG,away,4685266,00-0040872,Jaishawn Barham,55,,,,,,,,,,,,,,,,,,,,,6,3,0,1,0,0,0,,,,,,,,,,,,,,,,,,0,0,espn-401872930.json
1,401872930,2026-09-14T00:20Z,DAL,NYG,away,4710067,00-0041537,Malachi Lawrence,57,,,,,,,,,,,,,,,,,,,,,5,2,0,0,0,0,0,,,,,,,,,,,,,,,,,,0,0,espn-401872930.json
1,401872930,2026-09-14T00:20Z,DAL,NYG,away,4428914,00-0038625,Dee Winters,53,,,,,,,,,,,,,,,,,,,,,4,4,0,1,0,0,0,,,,,,,,,,,,,,,,,,0,0,espn-401872930.json
1,401872930,2026-09-14T00:20Z,DAL,NYG,away,4367210,00-0037270,Otito Ogbonnia,91,,,,,,,,,,,,,,,,,,,,,4,2,0,0,0,0,0,,,,,,,,,,,,,,,,,,0,0,espn-401872930.json
1,401872930,2026-09-14T00:20Z,DAL,NYG,away,4040982,00-0035718,Quinnen Williams,92,,,,,,,,,,,,,,,,,,,,,3,1,0,0,0,1,0,,,,,,,,,,,,,,,,,,0,0,espn-401872930.json
1,401872930,2026-09-14T00:20Z,DAL,NYG,away,3122752,00-0033120,Kenny Clark,97,,,,,,,,,,,,,,,,,,,,,2,1,0,0,0,0,0,,,,,,,,,,,,,,,,,,0,0,espn-401872930.json
1,401872930,2026-09-14T00:20Z,DAL,NYG,away,3929850,00-0035227,P.J. Locke,1,,,,,,,,,,,,,,,,,,,,,2,1,0,0,0,0,0,,,,,,,,,,,,,,,,,,0,0,espn-401872930.json
1,401872930,2026-09-14T00:20Z,DAL,NYG,away,4046523,00-0034967,Rashan Gary,7,,,,,,,,,,,,,,,,,,,,,2,1,0,0,0,1,0,,,,,,,,,,,,,,,,,,0,0,espn-401872930.json
1,401872930,2026-09-14T00:20Z,DAL,NYG,away,4384549,00-0037839,Cobie Durant,2,,,,,,,,,,,,,,,,,,,,,2,1,0,0,1,0,0,,,,,,,,,,,,,,,,,,0,0,espn-401872930.json
1,401872930,2026-09-14T00:20Z,DAL,NYG,away,2980097,00-0033093,Jonathan Bullard,90,,,,,,,,,,,,,,,,,,,,,2,0,0.5,0,0,1,0,,,,,,,,,,,,,,,,,,0,0,espn-401872930.json
1,401872930,2026-09-14T00:20Z,DAL,NYG,away,3121415,00-0033877,Malik Hooker,24,,,,,,,,,,,,,,,,,,,,,1,1,0,0,0,0,0,,,,,,,,,,,,,,,,,,0,0,espn-401872930.json
1,401872930,2026-09-14T00:20Z,DAL,NYG,away,4241921,00-0037561,Markquese Bell,14,,,,,,,,,,,,,,,,,,,,,1,1,0,0,0,0,0,,,,,,,,,,,,,,,,,,0,0,espn-401872930.json
1,401872930,2026-09-14T00:20Z,DAL,NYG,away,4595352,00-0040045,Alijah Clark,11,,,,,,,,,,,,,,,,,,,,,1,1,0,0,0,0,0,,,,,,,,,,,,,,,,,,0,0,espn-401872930.json
1,401872930,2026-09-14T00:20Z,DAL,NYG,away,4240608,00-0037310,James Houston,41,,,,,,,,,,,,,,,,,,,,,1,0,0,0,0,0,0,,,,,,,,,,,,,,,,,,0,0,espn-401872930.json
1,401872930,2026-09-14T00:20Z,DAL,NYG,away,4870960,00-0040880,LT Overton,99,,,,,,,,,,,,,,,,,,,,,1,0,0,0,1,0,0,,,,,,,,,,,,,,,,,,0,0,espn-401872930.json
1,401872930,2026-09-14T00:20Z,DAL,NYG,away,3953687,00-0037692,Brandon Aubrey,17,,,,,,,,,,,,,,,,,,,,,,,,,,,,,,,,,,,,,0,0,0,2,3,2,,,0,0,espn-401872930.json
1,401872930,2026-09-14T00:20Z,DAL,NYG,away,14950,00-0029692,Bryan Anger,5,,,,,,,,,,,,,,,,,,,,,,,,,,,,,,,,,,,,,,,,,,,2,96,0,0,espn-401872930.json
1,401872930,2026-09-14T00:20Z,NYG,DAL,home,4689114,00-0040691,Jaxson Dart,6,23,29,230,3,0,2,1,70.3,134.2,11,54,0,22,,,,,,1,0,,,,,,,,,,,,,,,,,,,,,,,,,0,0,espn-401872930.json
1,401872930,2026-09-14T00:20Z,NYG,DAL,home,4696981,00-0040715,Cam Skattebo,44,,,,,,,,,,18,81,1,13,,,,,,1,0,,,,,,,,,,,,,,,,,,,,,,,,,1,1,espn-401872930.json
1,401872930,2026-09-14T00:20Z,NYG,DAL,home,4040761,00-0035250,Devin Singletary,26,,,,,,,,,,6,16,0,4,4,4,22,1,13,,,,,,,,,,,,,,,,,,,,,,,,,,,1,0,espn-401872930.json
1,401872930,2026-09-14T00:20Z,NYG,DAL,home,4360516,00-0039384,Tyrone Tracy Jr.,29,,,,,,,,,,2,14,0,8,,,,,,1,1,,,,,,,,,,,,,,,,,,,,,,,,,0,0,espn-401872930.json
1,401872930,2026-09-14T00:20Z,NYG,DAL,home,4361050,00-0037838,Isaiah Likely,9,,,,,,,,,,,,,,8,8,78,2,19,1,0,,,,,,,,,,,,,,,,,,,,,,,,,2,0,espn-401872930.json
1,401872930,2026-09-14T00:20Z,NYG,DAL,home,4595348,00-0039337,Malik Nabers,1,,,,,,,,,,,,,,6,9,69,0,16,,,,,,,,,,,,,,,,,,,,,,,,,,,0,0,espn-401872930.json
1,401872930,2026-09-14T00:20Z,NYG,DAL,home,4040655,00-0036309,Darnell Mooney,17,,,,,,,,,,,,,,2,2,27,0,18,,,,,,,,,,,,,,,,,,,,,,,,,,,0,0,espn-401872930.json
1,401872930,2026-09-14T00:20Z,NYG,DAL,home,4682648,00-0041042,Malachi Fields,88,,,,,,,,,,,,,,2,4,25,0,19,,,,,,,,,,,,,,,,,,,,,,,,,,,0,0,espn-401872930.json
1,401872930,2026-09-14T00:20Z,NYG,DAL,home,4429148,00-0039847,Theo Johnson,84,,,,,,,,,,,,,,1,1,9,0,9,,,,,,,,,,,,,,,,,,,,,,,,,,,0,0,espn-401872930.json
1,401872930,2026-09-14T00:20Z,NYG,DAL,home,2975417,00-0033376,Patrick Ricard,45,,,,,,,,,,,,,,0,1,0,0,0,0,0,,,,,,,,,,,,,,,,,,,,,,,,,0,0,espn-401872930.json
1,401872930,2026-09-14T00:20Z,NYG,DAL,home,3929936,00-0036246,Jon Runyan,76,,,,,,,,,,,,,,,,,,,0,0,,,,,,,,,,,,,,,,,,,,,,,,,0,0,espn-401872930.json
1,401872930,2026-09-14T00:20Z,NYG,DAL,home,3929950,00-0034673,Tremaine Edmunds,49,,,,,,,,,,,,,,,,,,,,,8,7,0,0,0,0,0,,,,,,,,,,,,,,,,,,0,0,espn-401872930.json
1,401872930,2026-09-14T00:20Z,NYG,DAL,home,4950400,00-0041509,Arvell Reese,52,,,,,,,,,,,,,,,,,,,,,5,5,0,1,0,1,0,,,,,,,,,,,,,,,,,,0,0,espn-401872930.json
1,401872930,2026-09-14T00:20Z,NYG,DAL,home,4428328,00-0039000,Deonte Banks,2,,,,,,,,,,,,,,,,,,,,,4,4,0,0,2,0,0,,,,2,37,0,,,,,,,,,,,,0,0,espn-401872930.json
1,401872930,2026-09-14T00:20Z,NYG,DAL,home,4036132,00-0036982,Chauncey Golston,57,,,,,,,,,,,,,,,,,,,,,4,2,0,0,0,0,0,,,,,,,,,,,,,,,,,,0,0,espn-401872930.json
1,401872930,2026-09-14T00:20Z,NYG,DAL,home,4242547,00-0036937,Paulson Adebo,21,,,,,,,,,,,,,,,,,,,,,3,3,0,0,0,0,0,,,,,,,,,,,,,,,,,,0,0,espn-401872930.json
1,401872930,2026-09-14T00:20Z,NYG,DAL,home,4430261,00-0039861,Tyler Nubin,27,,,,,,,,,,,,,,,,,,,,,3,3,0,0,0,0,0,,,,,,,,,,,,,,,,,,0,0,espn-401872930.json
1,401872930,2026-09-14T00:20Z,NYG,DAL,home,4361266,00-0036996,Greg Newsome II,20,,,,,,,,,,,,,,,,,,,,,3,2,0,0,0,0,0,,,,,,,,,,,,,,,,,,0,0,espn-401872930.json
1,401872930,2026-09-14T00:20Z,NYG,DAL,home,4725996,00-0040677,Abdul Carter,3,,,,,,,,,,,,,,,,,,,,,3,0,0,0,0,1,0,,,,,,,,,,,,,,,,,,0,0,espn-401872930.json
1,401872930,2026-09-14T00:20Z,NYG,DAL,home,4035631,00-0035713,Brian Burns,0,,,,,,,,,,,,,,,,,,,,,2,2,0,0,0,0,0,,,,,,,,,,,,,,,,,,0,0,espn-401872930.json
1,401872930,2026-09-14T00:20Z,NYG,DAL,home,4040615,00-0036280,Malik Harrison,54,,,,,,,,,,,,,,,,,,,,,2,2,0,0,0,0,0,,,,,,,,,,,,,,,,,,0,0,espn-401872930.json
1,401872930,2026-09-14T00:20Z,NYG,DAL,home,4373809,00-0036998,Jevon Holland,8,,,,,,,,,,,,,,,,,,,,,2,2,0,0,1,0,0,1,0,0,,,,,,,,,,,,,,,0,0,espn-401872930.json
1,401872930,2026-09-14T00:20Z,NYG,DAL,home,4431321,,Dru Phillips,22,,,,,,,,,,,,,,,,,,,,,2,2,0,0,0,0,0,,,,,,,,,,,,,,,,,,0,0,espn-401872930.json
1,401872930,2026-09-14T00:20Z,NYG,DAL,home,2977670,00-0032424,DJ Reader,98,,,,,,,,,,,,,,,,,,,,,2,1,0,0,0,0,0,,,,,,,,,,,,,,,,,,0,0,espn-401872930.json
1,401872930,2026-09-14T00:20Z,NYG,DAL,home,4426326,00-0037611,Kayvon Thibodeaux,5,,,,,,,,,,,,,,,,,,,,,2,1,0,0,0,1,0,,,,,,,,,,,,,,,,,,0,0,espn-401872930.json
1,401872930,2026-09-14T00:20Z,NYG,DAL,home,4259566,00-0036386,Andrew Thomas,78,,,,,,,,,,,,,,,,,,,,,1,1,0,0,0,0,0,,,,,,,,,,,,,,,,,,0,0,espn-401872930.json
1,401872930,2026-09-14T00:20Z,NYG,DAL,home,4362234,00-0038399,Zaire Barnes,46,,,,,,,,,,,,,,,,,,,,,1,1,0,0,0,0,0,,,,,,,,,,,,,,,,,,0,0,espn-401872930.json
1,401872930,2026-09-14T00:20Z,NYG,DAL,home,4362492,00-0036587,Ar'Darius Washington,24,,,,,,,,,,,,,,,,,,,,,1,0,0,0,0,0,0,,,,,,,,,,,,,,,,,,0,0,espn-401872930.json
1,401872930,2026-09-14T00:20Z,NYG,DAL,home,5144942,,CJ Okoye,99,,,,,,,,,,,,,,,,,,,,,1,0,0,0,0,0,0,,,,,,,,,,,,,,,,,,0,0,espn-401872930.json
1,401872930,2026-09-14T00:20Z,NYG,DAL,home,3123075,00-0034419,Braxton Berrios,87,,,,,,,,,,,,,,,,,,,,,,,,,,,,,,,1,28,0,,,,,,,,,,,,0,0,espn-401872930.json
1,401872930,2026-09-14T00:20Z,NYG,DAL,home,5082424,00-0041145,Dominic Zvada,34,,,,,,,,,,,,,,,,,,,,,,,,,,,,,,,,,,,,,0,0,0,4,4,4,,,0,0,espn-401872930.json
1,401872930,2026-09-14T00:20Z,NYG,DAL,home,4260224,00-0038094,Jordan Stout,15,,,,,,,,,,,,,,,,,,,,,,,,,,,,,,,,,,,,,,,,,,,1,46,0,0,espn-401872930.json
1,401872931,2026-09-15T00:15Z,DEN,KC,away,4426338,00-0039732,Bo Nix,10,17,28,131,1,1,4,16,13.6,69.2,3,2,0,3,,,,,,3,1,,,,,,,,,,,,,,,,,,,,,,,,,0,0,espn-401872931.json
1,401872931,2026-09-15T00:15Z,DEN,KC,away,4241985,00-0036158,J.K. Dobbins,27,,,,,,,,,,8,36,0,17,,,,,,,,,,,,,,,,,,,,,,,,,,,,,,,,0,0,espn-401872931.json
1,401872931,2026-09-15T00:15Z,DEN,KC,away,4568490,00-0040730,RJ Harvey,12,,,,,,,,,,3,18,0,7,4,4,23,0,11,,,,,,,,,,,,,4,111,0,,,,,,,,,,,,0,0,espn-401872931.json
1,401872931,2026-09-15T00:15Z,DEN,KC,away,4431280,00-0039868,Troy Franklin,11,,,,,,,,,,1,5,0,5,0,1,0,0,0,,,,,,,,,,,,,,,,,,,,,,,,,,,0,0,espn-401872931.json
1,401872931,2026-09-15T00:15Z,DEN,KC,away,3051876,00-0033881,Evan Engram,1,,,,,,,,,,,,,,4,5,43,1,19,,,,,,,,,,,,,,,,,,,,,,,,,,,1,0,espn-401872931.json
1,401872931,2026-09-15T00:15Z,DEN,KC,away,4600981,00-0040134,Pat Bryant,13,,,,,,,,,,,,,,4,6,42,0,13,,,,,,,,,,,,,,,,,,,,,,,,,,,0,0,espn-401872931.json
1,401872931,2026-09-15T00:15Z,DEN,KC,away,3128429,00-0034348,Courtland Sutton,14,,,,,,,,,,,,,,2,5,11,0,6,,,1,1,0,0,0,0,0,,,,,,,,,,,,,,,,,,0,0,espn-401872931.json
1,401872931,2026-09-15T00:15Z,DEN,KC,away,3911853,00-0036422,Adam Trautman,82,,,,,,,,,,,,,,2,3,10,0,6,,,,,,,,,,,,,,,,,,,,,,,,,,,0,0,espn-401872931.json
1,401872931,2026-09-15T00:15Z,DEN,KC,away,4372016,00-0036613,Jaylen Waddle,17,,,,,,,,,,,,,,1,3,2,0,2,,,,,,,,,,,,,,,,,,,,,,,,,,,0,0,espn-401872931.json
1,401872931,2026-09-15T00:15Z,DEN,KC,away,2612151,00-0031898,Alex Singleton,49,,,,,,,,,,,,,,,,,,,,,16,5,0,0,0,0,0,,,,,,,,,,,,,,,,,,0,0,espn-401872931.json
1,401872931,2026-09-15T00:15Z,DEN,KC,away,5216101,00-0037799,Dondrea Tillman,92,,,,,,,,,,,,,,,,,,,,,6,5,0,1,0,0,0,,,,,,,,,,,,,,,,,,0,0,espn-401872931.json
1,401872931,2026-09-15T00:15Z,DEN,KC,away,4382401,00-0038552,Riley Moss,21,,,,,,,,,,,,,,,,,,,,,6,4,0,0,1,0,0,,,,,,,,,,,,,,,,,,0,0,espn-401872931.json
1,401872931,2026-09-15T00:15Z,DEN,KC,away,4360853,00-0036564,Talanoa Hufanga,9,,,,,,,,,,,,,,,,,,,,,6,1,0,0,0,0,0,,,,,,,,,,,,,,,,,,0,0,espn-401872931.json
1,401872931,2026-09-15T00:15Z,DEN,KC,away,3915282,00-0035248,Zach Allen,99,,,,,,,,,,,,,,,,,,,,,5,3,2,2,0,3,0,,,,,,,,,,,,,,,,,,0,0,espn-401872931.json
1,401872931,2026-09-15T00:15Z,DEN,KC,away,4039059,00-0036221,Brandon Jones,22,,,,,,,,,,,,,,,,,,,,,5,1,0,0,1,0,0,1,24,0,,,,,,,,,,,,,,,0,0,espn-401872931.json
1,401872931,2026-09-15T00:15Z,DEN,KC,away,4430925,00-0040720,Jahdae Barron,23,,,,,,,,,,,,,,,,,,,,,4,4,0,0,0,0,0,,,,,,,,,,,,,,,,,,0,0,espn-401872931.json
1,401872931,2026-09-15T00:15Z,DEN,KC,away,4692048,00-0040168,Que Robinson,51,,,,,,,,,,,,,,,,,,,,,4,1,0,0,0,1,0,,,,,,,,,,,,,,,,,,0,0,espn-401872931.json
1,401872931,2026-09-15T00:15Z,DEN,KC,away,3919548,00-0036428,Justin Strnad,40,,,,,,,,,,,,,,,,,,,,,3,1,0,0,0,0,0,,,,,,,,,,,,,,,,,,0,0,espn-401872931.json
1,401872931,2026-09-15T00:15Z,DEN,KC,away,4066109,00-0038106,Eyioma Uwazurike,96,,,,,,,,,,,,,,,,,,,,,3,1,0,0,0,0,0,,,,,,,,,,,,,,,,,,0,0,espn-401872931.json
1,401872931,2026-09-15T00:15Z,DEN,KC,away,4372012,00-0036874,Pat Surtain II,2,,,,,,,,,,,,,,,,,,,,,3,1,0,0,0,0,0,,,,,,,,,,,,,,,,,,0,0,espn-401872931.json
1,401872931,2026-09-15T00:15Z,DEN,KC,away,4039064,00-0035763,Malcolm Roach,97,,,,,,,,,,,,,,,,,,,,,2,2,0,0,1,0,0,,,,,,,,,,,,,,,,,,0,0,espn-401872931.json
1,401872931,2026-09-15T00:15Z,DEN,KC,away,4360259,00-0037249,Nik Bonitto,15,,,,,,,,,,,,,,,,,,,,,2,1,0,0,0,0,0,,,,,,,,,,,,,,,,,,0,0,espn-401872931.json
1,401872931,2026-09-15T00:15Z,DEN,KC,away,4383440,00-0038783,Nate Adkins,45,,,,,,,,,,,,,,,,,,,,,1,1,0,0,0,0,0,,,,,,,,,,,,,,,,,,0,0,espn-401872931.json
1,401872931,2026-09-15T00:15Z,DEN,KC,away,4567462,00-0037384,Ja'Quan McMillian,29,,,,,,,,,,,,,,,,,,,,,1,1,0,0,1,0,0,,,,,,,,,,,,,,,,,,0,0,espn-401872931.json
1,401872931,2026-09-15T00:15Z,DEN,KC,away,4693373,00-0040634,Jordan Turner,55,,,,,,,,,,,,,,,,,,,,,1,1,0,0,0,0,0,,,,,,,,,,,,,,,,,,0,0,espn-401872931.json
1,401872931,2026-09-15T00:15Z,DEN,KC,away,3139166,00-0036943,Mitchell Fraboni,48,,,,,,,,,,,,,,,,,,,,,1,0,0,0,0,0,0,,,,,,,,,,,,,,,,,,0,0,espn-401872931.json
1,401872931,2026-09-15T00:15Z,DEN,KC,away,3894915,00-0033297,D.J. Jones,93,,,,,,,,,,,,,,,,,,,,,1,0,0,0,0,0,0,,,,,,,,,,,,,,,,,,0,0,espn-401872931.json
1,401872931,2026-09-15T00:15Z,DEN,KC,away,4037559,00-0036683,Devon Key,26,,,,,,,,,,,,,,,,,,,,,1,0,0,0,0,0,0,,,,,,,,,,,,,,,,,,0,0,espn-401872931.json
1,401872931,2026-09-15T00:15Z,DEN,KC,away,4257240,00-0037752,Tycen Anderson,6,,,,,,,,,,,,,,,,,,,,,1,0,0,0,0,0,0,,,,,,,,,,,,,,,,,,0,0,espn-401872931.json
1,401872931,2026-09-15T00:15Z,DEN,KC,away,4428503,00-0038605,JL Skinner,34,,,,,,,,,,,,,,,,,,,,,1,0,0,0,0,0,0,,,,,,,,,,,,,,,,,,0,0,espn-401872931.json
1,401872931,2026-09-15T00:15Z,DEN,KC,away,4687592,00-0039809,Jonah Elliss,52,,,,,,,,,,,,,,,,,,,,,1,0,0,0,0,1,0,,,,,,,,,,,,,,,,,,0,0,espn-401872931.json
1,401872931,2026-09-15T00:15Z,DEN,KC,away,4875336,00-0040449,Karene Reid,47,,,,,,,,,,,,,,,,,,,,,1,0,0,0,0,0,0,,,,,,,,,,,,,,,,,,0,0,espn-401872931.json
1,401872931,2026-09-15T00:15Z,DEN,KC,away,4702555,00-0041496,Jonah Coleman,20,,,,,,,,,,,,,,,,,,,,,,,,,,,,,,,1,27,0,,,,,,,,,,,,0,0,espn-401872931.json
1,401872931,2026-09-15T00:15Z,DEN,KC,away,4686472,00-0038976,Marvin Mims Jr.,19,,,,,,,,,,,,,,,,,,,,,,,,,,,,,,,,,,2,36,0,,,,,,,,,0,0,espn-401872931.json
1,401872931,2026-09-15T00:15Z,DEN,KC,away,2985659,00-0032569,Wil Lutz,3,,,,,,,,,,,,,,,,,,,,,,,,,,,,,,,,,,,,,1,1,31,1,1,4,,,0,0,espn-401872931.json
1,401872931,2026-09-15T00:15Z,DEN,KC,away,4589212,00-0040223,Jeremy Crawshaw,16,,,,,,,,,,,,,,,,,,,,,,,,,,,,,,,,,,,,,,,,,,,6,314,0,0,espn-401872931.json
1,401872931,2026-09-15T00:15Z,KC,DEN,home,3139477,00-0033873,Patrick Mahomes,15,15,27,184,2,1,2,12,51.5,86.0,7,23,1,15,,,,,,0,0,,,,,,,,,,,,,,,,,,,,,,,,,1,1,espn-401872931.json
1,401872931,2026-09-15T00:15Z,KC,DEN,home,4567048,00-0038134,Kenneth Walker III,9,,,,,,,,,,23,173,1,60,3,6,18,1,11,,,,,,,,,,,,,,,,,,,,,,,,,,,2,0,espn-401872931.json
1,401872931,2026-09-15T00:15Z,KC,DEN,home,4832955,00-0041013,Emmett Johnson,10,,,,,,,,,,8,24,0,6,2,2,44,0,25,,,1,0,0,0,0,0,0,,,,,,,,,,,,,,,,,,0,0,espn-401872931.json
1,401872931,2026-09-15T00:15Z,KC,DEN,home,15847,00-0030506,Travis Kelce,87,,,,,,,,,,,,,,3,5,71,0,59,,,,,,,,,,,,,,,,,,,,,,,,,,,0,0,espn-401872931.json
1,401872931,2026-09-15T00:15Z,KC,DEN,home,4428331,00-0039067,Rashee Rice,4,,,,,,,,,,,,,,2,2,19,1,13,,,,,,,,,,,,,,,,,,,,,,,,,,,1,0,espn-401872931.json
1,401872931,2026-09-15T00:15Z,KC,DEN,home,4683062,00-0039894,Xavier Worthy,1,,,,,,,,,,,,,,3,6,18,0,9,,,,,,,,,,,,,,,,,,,,,,,,,,,0,0,espn-401872931.json
1,401872931,2026-09-15T00:15Z,KC,DEN,home,4431196,00-0040081,Jake Briningstool,88,,,,,,,,,,,,,,1,1,9,0,9,,,2,0,0,0,0,0,0,,,,,,,,,,,,,,,,,,0,0,espn-401872931.json
1,401872931,2026-09-15T00:15Z,KC,DEN,home,4240472,00-0036637,Noah Gray,83,,,,,,,,,,,,,,1,1,5,0,5,,,,,,,,,,,,,,,,,,,,,,,,,,,0,0,espn-401872931.json
1,401872931,2026-09-15T00:15Z,KC,DEN,home,4362921,00-0038104,Tyquan Thornton,2,,,,,,,,,,,,,,0,1,0,0,0,,,,,,,,,,,,,,,,,,,,,,,,,,,0,0,espn-401872931.json
1,401872931,2026-09-15T00:15Z,KC,DEN,home,4912218,00-0040890,Cyrus Allen,13,,,,,,,,,,,,,,0,1,0,0,0,,,,,,,,,,,,,,,,,,,,,,,,,,,0,0,espn-401872931.json
1,401872931,2026-09-15T00:15Z,KC,DEN,home,4241385,00-0036623,Creed Humphrey,52,,,,,,,,,,,,,,,,,,,2,0,,,,,,,,,,,,,,,,,,,,,,,,,0,0,espn-401872931.json
1,401872931,2026-09-15T00:15Z,KC,DEN,home,3044859,00-0032762,Chris Jones,95,,,,,,,,,,,,,,,,,,,0,0,1,0,0,0,0,0,0,,,,,,,,,,,,,,,,,,0,0,espn-401872931.json
1,401872931,2026-09-15T00:15Z,KC,DEN,home,4040432,00-0036374,L'Jarius Sneed,38,,,,,,,,,,,,,,,,,,,,,8,7,0,0,0,0,0,,,,,,,,,,,,,,,,,,0,0,espn-401872931.json
1,401872931,2026-09-15T00:15Z,KC,DEN,home,3129310,00-0035262,Drue Tranquill,23,,,,,,,,,,,,,,,,,,,,,7,2,0,0,0,0,0,,,,,,,,,,,,,,,,,,0,0,espn-401872931.json
1,401872931,2026-09-15T00:15Z,KC,DEN,home,4362759,00-0036621,Nick Bolton,32,,,,,,,,,,,,,,,,,,,,,4,2,0,0,1,0,0,,,,,,,,,,,,,,,,,,0,0,espn-401872931.json
1,401872931,2026-09-15T00:15Z,KC,DEN,home,4685232,00-0039825,Jaden Hicks,21,,,,,,,,,,,,,,,,,,,,,4,2,0,0,0,0,0,,,,,,,,,,,,,,,,,,0,0,espn-401872931.json
1,401872931,2026-09-15T00:15Z,KC,DEN,home,4610705,00-0040670,Nohl Williams,20,,,,,,,,,,,,,,,,,,,,,3,2,1,1,1,1,0,,,,,,,,,,,,,,,,,,0,0,espn-401872931.json
1,401872931,2026-09-15T00:15Z,KC,DEN,home,4039413,00-0036380,Alohi Gilman,17,,,,,,,,,,,,,,,,,,,,,3,2,0,0,0,0,0,,,,,,,,,,,,,,,,,,0,0,espn-401872931.json
1,401872931,2026-09-15T00:15Z,KC,DEN,home,4426659,00-0037192,George Karlaftis,56,,,,,,,,,,,,,,,,,,,,,3,1,0,0,0,3,0,,,,,,,,,,,,,,,,,,0,0,espn-401872931.json
1,401872931,2026-09-15T00:15Z,KC,DEN,home,5081927,00-0041501,R Mason Thomas,51,,,,,,,,,,,,,,,,,,,,,2,1,1,1,0,1,0,,,,,,,,,,,,,,,,,,0,0,espn-401872931.json
1,401872931,2026-09-15T00:15Z,KC,DEN,home,4372070,00-0038489,Ben VanSumeren,47,,,,,,,,,,,,,,,,,,,,,2,1,0,0,0,0,0,,,,,,,,,,,,,,,,,,0,0,espn-401872931.json
1,401872931,2026-09-15T00:15Z,KC,DEN,home,4685491,00-0040957,Xavier Nwankpa,29,,,,,,,,,,,,,,,,,,,,,2,1,0,0,0,0,0,,,,,,,,,,,,,,,,,,0,0,espn-401872931.json
1,401872931,2026-09-15T00:15Z,KC,DEN,home,4871063,00-0041545,Peter Woods,99,,,,,,,,,,,,,,,,,,,,,2,1,0,0,1,0,0,,,,,,,,,,,,,,,,,,0,0,espn-401872931.json
1,401872931,2026-09-15T00:15Z,KC,DEN,home,4612387,00-0039006,Felix Anudike-Uzomah,91,,,,,,,,,,,,,,,,,,,,,1,1,1,1,0,0,0,,,,,,,,,,,,,,,,,,0,0,espn-401872931.json
1,401872931,2026-09-15T00:15Z,KC,DEN,home,4035433,00-0036416,Kristian Fulton,8,,,,,,,,,,,,,,,,,,,,,1,1,0,0,0,0,0,,,,,,,,,,,,,,,,,,0,0,espn-401872931.json
1,401872931,2026-09-15T00:15Z,KC,DEN,home,4043041,00-0036557,Jaylon Moore,77,,,,,,,,,,,,,,,,,,,,,1,1,0,0,0,0,0,,,,,,,,,,,,,,,,,,0,0,espn-401872931.json
1,401872931,2026-09-15T00:15Z,KC,DEN,home,5082630,00-0040646,Jalen Royals,11,,,,,,,,,,,,,,,,,,,,,1,1,0,0,0,0,0,,,,,,,,,,,,,,,,,,0,0,espn-401872931.json
1,401872931,2026-09-15T00:15Z,KC,DEN,home,4249766,00-0037208,Jack Cochrane,43,,,,,,,,,,,,,,,,,,,,,1,0,0,0,0,0,0,,,,,,,,,,,,,,,,,,0,0,espn-401872931.json
1,401872931,2026-09-15T00:15Z,KC,DEN,home,4256074,00-0036909,Khyiris Tonga,92,,,,,,,,,,,,,,,,,,,,,1,0,0,0,0,0,0,,,,,,,,,,,,,,,,,,0,0,espn-401872931.json
1,401872931,2026-09-15T00:15Z,KC,DEN,home,4567826,00-0040118,Cooper McDonald,44,,,,,,,,,,,,,,,,,,,,,1,0,0,0,0,0,0,,,,,,,,,,,,,,,,,,0,0,espn-401872931.json
1,401872931,2026-09-15T00:15Z,KC,DEN,home,4573152,00-0039433,Marcus Harris,96,,,,,,,,,,,,,,,,,,,,,1,0,0,0,0,0,0,,,,,,,,,,,,,,,,,,0,0,espn-401872931.json
1,401872931,2026-09-15T00:15Z,KC,DEN,home,4602389,00-0040072,Jeffrey Bassa,31,,,,,,,,,,,,,,,,,,,,,1,0,0,0,0,0,0,,,,,,,,,,,,,,,,,,0,0,espn-401872931.json
1,401872931,2026-09-15T00:15Z,KC,DEN,home,4684432,00-0040640,Ashton Gillotte,97,,,,,,,,,,,,,,,,,,,,,1,0,0,0,0,0,0,,,,,,,,,,,,,,,,,,0,0,espn-401872931.json
1,401872931,2026-09-15T00:15Z,KC,DEN,home,4880124,00-0041543,Mansoor Delane,5,,,,,,,,,,,,,,,,,,,,,0,0,0,0,1,0,0,1,5,0,,,,,,,,,,,,,,,0,0,espn-401872931.json
1,401872931,2026-09-15T00:15Z,KC,DEN,home,4372716,00-0038519,Nikko Remigio,81,,,,,,,,,,,,,,,,,,,,,,,,,,,,,,,3,78,0,2,7,0,,,,,,,,,0,0,espn-401872931.json
1,401872931,2026-09-15T00:15Z,KC,DEN,home,3055899,00-0033303,Harrison Butker,7,,,,,,,,,,,,,,,,,,,,,,,,,,,,,,,,,,,,,1,1,28,4,4,7,,,0,0,espn-401872931.json
1,401872931,2026-09-15T00:15Z,KC,DEN,home,4361496,00-0037284,Matt Araiza,14,,,,,,,,,,,,,,,,,,,,,,,,,,,,,,,,,,,,,,,,,,,4,218,0,0,espn-401872931.json
2,401872932,2026-09-18T00:15Z,DET,BUF,away,3046779,00-0033106,Jared Goff,16,26,38,327,4,0,4,38,72.3,130.0,3,7,0,4,,,,,,2,0,,,,,,,,,,,,,,,,,,,,,,,,,0,0,espn-401872932.json
2,401872932,2026-09-18T00:15Z,DET,BUF,away,4429795,00-0039139,Jahmyr Gibbs,0,,,,,,,,,,16,52,0,16,6,8,61,1,12,,,,,,,,,,,,,,,,,,,,,,,,,,,1,0,espn-401872932.json
2,401872932,2026-09-18T00:15Z,DET,BUF,away,4912274,00-0039364,Sione Vaki,33,,,,,,,,,,1,7,0,7,1,1,13,0,13,,,,,,,,,,,,,,,,,,,,,,,,,,,0,0,espn-401872932.json
2,401872932,2026-09-18T00:15Z,DET,BUF,away,4374302,00-0036963,Amon-Ra St. Brown,14,,,,,,,,,,,,,,9,13,142,2,34,,,,,,,,,,,,,,,,,,,,,,,,,,,2,0,espn-401872932.json
2,401872932,2026-09-18T00:15Z,DET,BUF,away,4430027,00-0039065,Sam LaPorta,87,,,,,,,,,,,,,,6,7,52,1,18,,,,,,,,,,,,,,,,,,,,,,,,,,,1,0,espn-401872932.json
2,401872932,2026-09-18T00:15Z,DET,BUF,away,4426388,00-0037240,Jameson Williams,1,,,,,,,,,,,,,,2,4,33,0,17,,,,,,,,,,,,,,,,,,,,,,,,,,,0,0,espn-401872932.json
2,401872932,2026-09-18T00:15Z,DET,BUF,away,5123663,00-0040669,Isaac TeSlaa,18,,,,,,,,,,,,,,2,5,26,0,20,,,,,,,,,,,,,,,,,,,,,,,,,,,0,0,espn-401872932.json
2,401872932,2026-09-18T00:15Z,DET,BUF,away,4242392,00-0036754,Brock Wright,89,,,,,,,,,,,,,,,,,,,0,0,,,,,,,,,,,,,,,,,,,,,,,,,0,0,espn-401872932.json
2,401872932,2026-09-18T00:15Z,DET,BUF,away,3045463,00-0033294,Chuck Clark,36,,,,,,,,,,,,,,,,,,,,,11,4,0,0,0,0,0,,,,,,,,,,,,,,,,,,0,0,espn-401872932.json
2,401872932,2026-09-18T00:15Z,DET,BUF,away,4260409,00-0036964,Derrick Barnes,55,,,,,,,,,,,,,,,,,,,,,7,5,1,1,0,1,0,,,,,,,,,,,,,,,,,,0,0,espn-401872932.json
2,401872932,2026-09-18T00:15Z,DET,BUF,away,3910229,00-0035637,Rock Ya-Sin,23,,,,,,,,,,,,,,,,,,,,,6,5,0,0,0,0,0,,,,,,,,,,,,,,,,,,0,0,espn-401872932.json
2,401872932,2026-09-18T00:15Z,DET,BUF,away,4035434,00-0035707,Devin White,45,,,,,,,,,,,,,,,,,,,,,6,3,0,0,0,0,0,,,,,,,,,,,,,,,,,,0,0,espn-401872932.json
2,401872932,2026-09-18T00:15Z,DET,BUF,away,3139387,00-0034384,D.J. Reed,4,,,,,,,,,,,,,,,,,,,,,6,2,0,0,0,0,0,,,,,,,,,,,,,,,,,,0,0,espn-401872932.json
2,401872932,2026-09-18T00:15Z,DET,BUF,away,4569465,00-0039018,Jack Campbell,46,,,,,,,,,,,,,,,,,,,,,6,2,0,0,0,1,0,,,,,,,,,,,,,,,,,,0,0,espn-401872932.json
2,401872932,2026-09-18T00:15Z,DET,BUF,away,4431615,00-0040672,Tyleik Williams,91,,,,,,,,,,,,,,,,,,,,,5,3,0,0,0,1,0,,,,,,,,,,,,,,,,,,0,0,espn-401872932.json
2,401872932,2026-09-18T00:15Z,DET,BUF,away,4372099,00-0037236,Aidan Hutchinson,97,,,,,,,,,,,,,,,,,,,,,3,2,1,1,0,2,0,,,,,,,,,,,,,,,,,,0,0,espn-401872932.json
2,401872932,2026-09-18T00:15Z,DET,BUF,away,4372459,00-0038820,Christian Izien,5,,,,,,,,,,,,,,,,,,,,,3,2,0,0,0,0,0,,,,,,,,,,,,,,,,,,0,0,espn-401872932.json
2,401872932,2026-09-18T00:15Z,DET,BUF,away,3123938,00-0034377,Avonte Maddox,29,,,,,,,,,,,,,,,,,,,,,3,1,0,0,0,0,0,,,,,,,,,,,,,,,,,,0,0,espn-401872932.json
2,401872932,2026-09-18T00:15Z,DET,BUF,away,4569323,00-0039660,Thomas Harper,12,,,,,,,,,,,,,,,,,,,,,2,2,0,0,1,0,0,,,,,,,,,,,,,,,,,,0,0,espn-401872932.json
2,401872932,2026-09-18T00:15Z,DET,BUF,away,4038849,00-0036335,DJ Wonnum,98,,,,,,,,,,,,,,,,,,,,,2,1,0,0,0,0,0,,,,,,,,,,,,,,,,,,0,0,espn-401872932.json
2,401872932,2026-09-18T00:15Z,DET,BUF,away,4361662,00-0036624,Alim McNeill,54,,,,,,,,,,,,,,,,,,,,,2,1,0,0,0,1,0,,,,,,,,,,,,,,,,,,0,0,espn-401872932.json
2,401872932,2026-09-18T00:15Z,DET,BUF,away,4361861,00-0038940,Tyler Lacy,93,,,,,,,,,,,,,,,,,,,,,2,1,0,0,0,0,0,,,,,,,,,,,,,,,,,,0,0,espn-401872932.json
2,401872932,2026-09-18T00:15Z,DET,BUF,away,5144894,00-0038660,Trevor Nowaske,53,,,,,,,,,,,,,,,,,,,,,2,1,0,0,0,1,0,,,,,,,,,,,,,,,,,,0,0,espn-401872932.json
2,401872932,2026-09-18T00:15Z,DET,BUF,away,4027919,00-0036124,Khalil Dorsey,30,,,,,,,,,,,,,,,,,,,,,1,1,0,1,0,0,0,,,,,,,,,,,,,,,,,,0,0,espn-401872932.json
2,401872932,2026-09-18T00:15Z,DET,BUF,away,4383429,00-0038896,Jacob Saylors,25,,,,,,,,,,,,,,,,,,,,,1,1,0,0,0,0,0,,,,2,58,0,,,,,,,,,,,,0,0,espn-401872932.json
2,401872932,2026-09-18T00:15Z,DET,BUF,away,4892218,00-0041459,Eric O'Neill,66,,,,,,,,,,,,,,,,,,,,,1,1,0,0,0,0,0,,,,,,,,,,,,,,,,,,0,0,espn-401872932.json
2,401872932,2026-09-18T00:15Z,DET,BUF,away,4241411,00-0037289,Malcolm Rodriguez,44,,,,,,,,,,,,,,,,,,,,,1,0,0,0,0,0,0,,,,,,,,,,,,,,,,,,0,0,espn-401872932.json
2,401872932,2026-09-18T00:15Z,DET,BUF,away,4245144,00-0037524,Tay Martin,17,,,,,,,,,,,,,,,,,,,,,1,0,0,0,0,0,0,,,,,,,,,,,,,,,,,,0,0,espn-401872932.json
2,401872932,2026-09-18T00:15Z,DET,BUF,away,5103940,00-0041447,Skyler Gill-Howard,50,,,,,,,,,,,,,,,,,,,,,1,0,0,0,0,1,0,,,,,,,,,,,,,,,,,,0,0,espn-401872932.json
2,401872932,2026-09-18T00:15Z,DET,BUF,away,3126997,00-0035544,Tom Kennedy,85,,,,,,,,,,,,,,,,,,,,,,,,,,,,,,,4,99,0,,,,,,,,,,,,0,0,espn-401872932.json
2,401872932,2026-09-18T00:15Z,DET,BUF,away,4689936,00-0039172,Jake Bates,39,,,,,,,,,,,,,,,,,,,,,,,,,,,,,,,,,,,,,1,1,31,4,4,7,,,0,0,espn-401872932.json
2,401872932,2026-09-18T00:15Z,DET,BUF,away,3916370,00-0035156,Jack Fox,3,,,,,,,,,,,,,,,,,,,,,,,,,,,,,,,,,,,,,,,,,,,4,206,0,0,espn-401872932.json
2,401872932,2026-09-18T00:15Z,BUF,DET,home,3918298,00-0034857,Josh Allen,17,20,31,248,3,0,2,5,91.5,121.4,14,69,2,14,,,,,,1,0,,,,,,,,,,,,,,,,,,,,,,,,,2,1,espn-401872932.json
2,401872932,2026-09-18T00:15Z,BUF,DET,home,4379399,00-0037248,James Cook III,4,,,,,,,,,,21,135,1,35,1,3,4,0,4,,,,,,,,,,,,,,,,,,,,,,,,,,,1,0,espn-401872932.json
2,401872932,2026-09-18T00:15Z,BUF,DET,home,3915416,00-0034827,DJ Moore,2,,,,,,,,,,1,-1,0,-1,,,,,,,,,,,,,,,,,,,,,,,,,,,,,,,,0,0,espn-401872932.json
2,401872932,2026-09-18T00:15Z,BUF,DET,home,4385690,00-0038933,Dalton Kincaid,86,,,,,,,,,,,,,,7,8,95,1,25,,,,,,,,,,,,,,,,,,,,,,,,,,,1,0,espn-401872932.json
2,401872932,2026-09-18T00:15Z,BUF,DET,home,4635008,00-0039901,Keon Coleman,0,,,,,,,,,,,,,,6,6,63,0,22,,,,,,,,,,,,,,,,,,,,,,,,,,,0,0,espn-401872932.json
2,401872932,2026-09-18T00:15Z,BUF,DET,home,4242433,,Joshua Palmer,5,,,,,,,,,,,,,,1,3,43,1,43,,,,,,,,,,,,,,,,,,,,,,,,,,,1,0,espn-401872932.json
2,401872932,2026-09-18T00:15Z,BUF,DET,home,4373678,00-0037261,Khalil Shakir,10,,,,,,,,,,,,,,3,6,38,0,16,,,,,,,,,,,,,1,11,0,,,,,,,,,,,,0,0,espn-401872932.json
2,401872932,2026-09-18T00:15Z,BUF,DET,home,3930086,00-0035689,Dawson Knox,88,,,,,,,,,,,,,,2,2,5,1,4,,,,,,,,,,,,,,,,,,,,,,,,,,,1,0,espn-401872932.json
2,401872932,2026-09-18T00:15Z,BUF,DET,home,4030899,00-0036976,Spencer Brown,79,,,,,,,,,,,,,,,,,,,0,0,,,,,,,,,,,,,,,,,,,,,,,,,0,0,espn-401872932.json
2,401872932,2026-09-18T00:15Z,BUF,DET,home,4379778,00-0037288,Christian Benford,47,,,,,,,,,,,,,,,,,,,,,8,5,0,0,2,0,0,,,,,,,,,,,,,,,,,,0,0,espn-401872932.json
2,401872932,2026-09-18T00:15Z,BUF,DET,home,4568624,00-0038557,Dorian Williams,42,,,,,,,,,,,,,,,,,,,,,6,5,0,1,1,0,0,,,,,,,,,,,,,,,,,,0,0,espn-401872932.json
2,401872932,2026-09-18T00:15Z,BUF,DET,home,4676004,00-0039872,Cole Bishop,24,,,,,,,,,,,,,,,,,,,,,6,5,0,0,0,0,0,,,,,,,,,,,,,,,,,,0,0,espn-401872932.json
2,401872932,2026-09-18T00:15Z,BUF,DET,home,4832035,00-0041391,Davison Igbinosun,21,,,,,,,,,,,,,,,,,,,,,5,4,0,0,0,0,0,,,,,,,,,,,,,,,,,,0,0,espn-401872932.json
2,401872932,2026-09-18T00:15Z,BUF,DET,home,4259166,00-0037254,Terrel Bernard,8,,,,,,,,,,,,,,,,,,,,,5,3,0,1,1,0,0,,,,,,,,,,,,,,,,,,0,0,espn-401872932.json
2,401872932,2026-09-18T00:15Z,BUF,DET,home,4596480,00-0040192,Jordan Hancock,37,,,,,,,,,,,,,,,,,,,,,5,3,0,0,0,0,0,,,,,,,,,,,,,,,,,,0,0,espn-401872932.json
2,401872932,2026-09-18T00:15Z,BUF,DET,home,3116733,00-0034832,Bradley Chubb,9,,,,,,,,,,,,,,,,,,,,,4,2,1.5,1,0,2,0,,,,,,,,,,,,,,,,,,0,0,espn-401872932.json
2,401872932,2026-09-18T00:15Z,BUF,DET,home,4401823,00-0037034,Dee Alford,23,,,,,,,,,,,,,,,,,,,,,4,2,0,0,0,0,0,,,,,,,,,,,,,,,,,,0,0,espn-401872932.json
2,401872932,2026-09-18T00:15Z,BUF,DET,home,4362506,00-0036914,Greg Rousseau,15,,,,,,,,,,,,,,,,,,,,,3,3,2,2,0,4,0,,,,,,,,,,,,,,,,,,0,0,espn-401872932.json
2,401872932,2026-09-18T00:15Z,BUF,DET,home,4036060,00-0036888,Damar Hamlin,3,,,,,,,,,,,,,,,,,,,,,2,1,0,0,0,0,0,,,,,,,,,,,,,,,,,,0,0,espn-401872932.json
2,401872932,2026-09-18T00:15Z,BUF,DET,home,4432715,00-0040132,Landon Jackson,94,,,,,,,,,,,,,,,,,,,,,2,1,0,0,0,0,0,,,,,,,,,,,,,,,,,,0,0,espn-401872932.json
2,401872932,2026-09-18T00:15Z,BUF,DET,home,4594321,00-0041444,Kaleb Elarms-Orr,52,,,,,,,,,,,,,,,,,,,,,2,0,0,0,0,0,0,,,,,,,,,,,,,,,,,,0,0,espn-401872932.json
2,401872932,2026-09-18T00:15Z,BUF,DET,home,4034953,00-0035253,C.J. Gardner-Johnson,22,,,,,,,,,,,,,,,,,,,,,1,1,0,0,0,0,0,,,,,,,,,,,,,,,,,,0,0,espn-401872932.json
2,401872932,2026-09-18T00:15Z,BUF,DET,home,4044133,00-0036037,Sam Franklin Jr.,28,,,,,,,,,,,,,,,,,,,,,1,1,0,0,0,0,0,,,,,,,,,,,,,,,,,,0,0,espn-401872932.json
2,401872932,2026-09-18T00:15Z,BUF,DET,home,4426883,00-0039873,DeWayne Carter,90,,,,,,,,,,,,,,,,,,,,,1,1,0,0,0,0,0,,,,,,,,,,,,,,,,,,0,0,espn-401872932.json
2,401872932,2026-09-18T00:15Z,BUF,DET,home,4428548,00-0039879,Javon Solomon,56,,,,,,,,,,,,,,,,,,,,,1,1,0,0,0,0,0,,,,,,,,,,,,,,,,,,0,0,espn-401872932.json
2,401872932,2026-09-18T00:15Z,BUF,DET,home,4688931,00-0040709,Maxwell Hairston,1,,,,,,,,,,,,,,,,,,,,,1,1,0,0,0,0,0,,,,,,,,,,,,,,,,,,0,0,espn-401872932.json
2,401872932,2026-09-18T00:15Z,BUF,DET,home,4870886,00-0041036,TJ Parker,99,,,,,,,,,,,,,,,,,,,,,1,1,0,0,0,0,0,,,,,,,,,,,,,,,,,,0,0,espn-401872932.json
2,401872932,2026-09-18T00:15Z,BUF,DET,home,3127294,00-0035667,Greg Gaines,97,,,,,,,,,,,,,,,,,,,,,1,0,0,0,0,0,0,,,,,,,,,,,,,,,,,,0,0,espn-401872932.json
2,401872932,2026-09-18T00:15Z,BUF,DET,home,4033234,00-0035933,Michael Hoecht,55,,,,,,,,,,,,,,,,,,,,,1,0,0.5,0,0,1,0,,,,,,,,,,,,,,,,,,0,0,espn-401872932.json
2,401872932,2026-09-18T00:15Z,BUF,DET,home,4688552,00-0040363,Keleki Latu,83,,,,,,,,,,,,,,,,,,,,,1,0,0,0,0,0,0,,,,,,,,,,,,,,,,,,0,0,espn-401872932.json
2,401872932,2026-09-18T00:15Z,BUF,DET,home,4831989,00-0040710,Deone Walker,96,,,,,,,,,,,,,,,,,,,,,1,0,0,0,3,3,0,,,,,,,,,,,,,,,,,,0,0,espn-401872932.json
2,401872932,2026-09-18T00:15Z,BUF,DET,home,3915487,,Mike Danna,51,,,,,,,,,,,,,,,,,,,,,0,0,0,0,0,1,0,,,,,,,,,,,,,,,,,,0,0,espn-401872932.json
2,401872932,2026-09-18T00:15Z,BUF,DET,home,4037235,00-0035500,Greg Dortch,19,,,,,,,,,,,,,,,,,,,,,,,,,,,,,,,2,51,0,3,36,0,,,,,,,,,0,0,espn-401872932.json
2,401872932,2026-09-18T00:15Z,BUF,DET,home,4429501,00-0039875,Ray Davis,7,,,,,,,,,,,,,,,,,,,,,,,,,,,,,,,1,31,0,,,,,,,,,,,,0,0,espn-401872932.json
2,401872932,2026-09-18T00:15Z,BUF,DET,home,3917232,00-0036162,Tyler Bass,16,,,,,,,,,,,,,,,,,,,,,,,,,,,,,,,,,,,,,0,0,0,5,6,5,,,0,0,espn-401872932.json
2,401872932,2026-09-18T00:15Z,BUF,DET,home,4682758,00-0041126,Tommy Doman Jr.,39,,,,,,,,,,,,,,,,,,,,,,,,,,,,,,,,,,,,,,,,,,,2,83,0,0,espn-401872932.json
2,401872933,2026-09-20T17:00Z,CAR,ATL,away,4685720,00-0039150,Bryce Young,9,23,36,287,3,0,2,15,92.4,116.3,1,6,0,6,,,,,,,,,,,,,,,,,,,,,,,,,,,,,,,,0,0,espn-401872933.json
2,401872933,2026-09-20T17:00Z,CAR,ATL,away,4241416,00-0036555,Chuba Hubbard,30,,,,,,,,,,12,53,0,12,2,2,11,1,8,,,,,,,,,,,,,,,,,,,,,,,,,,,1,1,espn-401872933.json
2,401872933,2026-09-20T17:00Z,CAR,ATL,away,4678008,00-0039344,Jonathon Brooks,25,,,,,,,,,,5,16,0,7,1,1,-5,0,-5,,,,,,,,,,,,,,,,,,,,,,,,,,,0,0,espn-401872933.json
2,401872933,2026-09-20T17:00Z,CAR,ATL,away,4239934,00-0036265,AJ Dillon,28,,,,,,,,,,3,-3,0,1,,,,,,,,1,1,0,0,0,0,0,,,,,,,,,,,,,,,,,,0,0,espn-401872933.json
2,401872933,2026-09-20T17:00Z,CAR,ATL,away,4240703,00-0038102,Kenny Pickett,12,,,,,,,,,,1,-4,0,-4,,,,,,,,,,,,,,,,,,,,,,,,,,,,,,,,0,0,espn-401872933.json
2,401872933,2026-09-20T17:00Z,CAR,ATL,away,4685472,00-0040124,Tetairoa McMillan,4,,,,,,,,,,,,,,5,10,101,0,28,,,,,,,,,,,,,,,,,,,,,,,,,,,0,0,espn-401872933.json
2,401872933,2026-09-20T17:00Z,CAR,ATL,away,4695883,00-0039491,Jalen Coker,18,,,,,,,,,,,,,,8,9,66,0,25,,,,,,,,,,,,,,,,2,49,0,,,,,,,,,0,0,espn-401872933.json
2,401872933,2026-09-20T17:00Z,CAR,ATL,away,4430034,00-0039342,Xavier Legette,17,,,,,,,,,,,,,,2,4,64,0,55,,,,,,,,,,,,,,,,,,,,,,,,,,,0,0,espn-401872933.json
2,401872933,2026-09-20T17:00Z,CAR,ATL,away,2576925,00-0031610,Darren Waller,88,,,,,,,,,,,,,,3,3,33,2,14,,,,,,,,,,,,,,,,,,,,,,,,,,,2,0,espn-401872933.json
2,401872933,2026-09-20T17:00Z,CAR,ATL,away,4683243,00-0040187,Mitchell Evans,84,,,,,,,,,,,,,,1,1,13,0,13,,,,,,,,,,,,,,,,,,,,,,,,,,,0,0,espn-401872933.json
2,401872933,2026-09-20T17:00Z,CAR,ATL,away,4372780,00-0037005,Tommy Tremble,82,,,,,,,,,,,,,,1,2,4,0,4,1,0,,,,,,,,,,,,,,,,,,,,,,,,,0,0,espn-401872933.json
2,401872933,2026-09-20T17:00Z,CAR,ATL,away,3116179,00-0035669,Nick Scott,21,,,,,,,,,,,,,,,,,,,0,0,1,1,0,0,0,0,0,,,,,,,,,,,,,,,,,,0,0,espn-401872933.json
2,401872933,2026-09-20T17:00Z,CAR,ATL,away,4602967,00-0041148,Aaron Hall,94,,,,,,,,,,,,,,,,,,,0,0,6,1,0,0,0,1,0,,,,,,,,,,,,,,,,,,0,0,espn-401872933.json
2,401872933,2026-09-20T17:00Z,CAR,ATL,away,4243256,00-0037244,Devin Lloyd,55,,,,,,,,,,,,,,,,,,,,,9,7,1,2,3,1,1,2,69,1,,,,,,,,,,,,,,,1,0,espn-401872933.json
2,401872933,2026-09-20T17:00Z,CAR,ATL,away,3117253,00-0035687,Bobby Okereke,58,,,,,,,,,,,,,,,,,,,,,9,6,0,0,1,1,0,1,3,0,,,,,,,,,,,,,,,0,0,espn-401872933.json
2,401872933,2026-09-20T17:00Z,CAR,ATL,away,4566384,00-0041076,Zakee Wheatley,20,,,,,,,,,,,,,,,,,,,,,5,4,0,0,0,0,0,,,,,,,,,,,,,,,,,,0,0,espn-401872933.json
2,401872933,2026-09-20T17:00Z,CAR,ATL,away,4362487,00-0036962,Tre'von Moehrig,7,,,,,,,,,,,,,,,,,,,,,5,3,0,0,0,0,0,,,,,,,,,,,,,,,,,,0,0,espn-401872933.json
2,401872933,2026-09-20T17:00Z,CAR,ATL,away,4034959,00-0037179,Jeremiah Moon,56,,,,,,,,,,,,,,,,,,,,,4,3,0,0,1,0,0,,,,,,,,,,,,,,,,,,0,0,espn-401872933.json
2,401872933,2026-09-20T17:00Z,CAR,ATL,away,4429110,00-0040159,Lathan Ransom,22,,,,,,,,,,,,,,,,,,,,,4,2,0,0,0,0,0,,,,,,,,,,,,,,,,,,0,0,espn-401872933.json
2,401872933,2026-09-20T17:00Z,CAR,ATL,away,4244607,00-0038101,Akayleb Evans,29,,,,,,,,,,,,,,,,,,,,,3,2,0,0,0,0,0,,,,,,,,,,,,,,,,,,0,0,espn-401872933.json
2,401872933,2026-09-20T17:00Z,CAR,ATL,away,3917853,00-0035277,Mike Jackson,2,,,,,,,,,,,,,,,,,,,,,3,1,0,0,0,0,0,,,,,,,,,,,,,,,,,,0,0,espn-401872933.json
2,401872933,2026-09-20T17:00Z,CAR,ATL,away,4431077,00-0040458,TeRah Edwards,93,,,,,,,,,,,,,,,,,,,,,3,1,0,0,0,0,0,,,,,,,,,,,,,,,,,,0,0,espn-401872933.json
2,401872933,2026-09-20T17:00Z,CAR,ATL,away,4687513,00-0040174,Cam Jackson,99,,,,,,,,,,,,,,,,,,,,,2,2,0,0,0,0,0,,,,,,,,,,,,,,,,,,0,0,espn-401872933.json
2,401872933,2026-09-20T17:00Z,CAR,ATL,away,4242975,00-0036934,Jaelan Phillips,5,,,,,,,,,,,,,,,,,,,,,2,1,1,1,0,2,0,,,,,,,,,,,,,,,,,,0,0,espn-401872933.json
2,401872933,2026-09-20T17:00Z,CAR,ATL,away,4429166,00-0040136,Princely Umanmielen,3,,,,,,,,,,,,,,,,,,,,,2,1,0,0,0,0,0,,,,,,,,,,,,,,,,,,0,0,espn-401872933.json
2,401872933,2026-09-20T17:00Z,CAR,ATL,away,4714157,00-0038791,Thomas Incoom,48,,,,,,,,,,,,,,,,,,,,,2,1,0,0,0,0,0,,,,,,,,,,,,,,,,,,0,0,espn-401872933.json
2,401872933,2026-09-20T17:00Z,CAR,ATL,away,5151083,00-0041063,Will Lee III,24,,,,,,,,,,,,,,,,,,,,,2,1,0,0,2,0,0,,,,,,,,,,,,,,,,,,0,0,espn-401872933.json
2,401872933,2026-09-20T17:00Z,CAR,ATL,away,4035495,00-0036220,Derrick Brown,95,,,,,,,,,,,,,,,,,,,,,2,0,0,0,0,0,0,,,,,,,,,,,,,,,,,,0,0,espn-401872933.json
2,401872933,2026-09-20T17:00Z,CAR,ATL,away,4034948,00-0036825,Feleipe Franks,81,,,,,,,,,,,,,,,,,,,,,1,1,0,0,0,0,0,,,,,,,,,,,,,,,,,,0,0,espn-401872933.json
2,401872933,2026-09-20T17:00Z,CAR,ATL,away,4360763,00-0038840,Brycen Tremayne,87,,,,,,,,,,,,,,,,,,,,,1,1,0,0,0,0,0,,,,,,,,,,,,,,,,,,0,0,espn-401872933.json
2,401872933,2026-09-20T17:00Z,CAR,ATL,away,4362847,00-0036944,Jaycee Horn,8,,,,,,,,,,,,,,,,,,,,,1,1,0,0,2,0,0,,,,,,,,,,,,,,,,,,0,0,espn-401872933.json
2,401872933,2026-09-20T17:00Z,CAR,ATL,away,3917016,00-0036305,Trevis Gipson,52,,,,,,,,,,,,,,,,,,,,,1,0,0,0,0,0,0,,,,,,,,,,,,,,,,,,0,0,espn-401872933.json
2,401872933,2026-09-20T17:00Z,CAR,ATL,away,4567096,00-0037614,John Metchie III,13,,,,,,,,,,,,,,,,,,,,,,,,,,,,,,,2,53,0,,,,,,,,,,,,0,0,espn-401872933.json
2,401872933,2026-09-20T17:00Z,CAR,ATL,away,4568263,00-0040279,Ryan Fitzgerald,10,,,,,,,,,,,,,,,,,,,,,,,,,,,,,,,,,,,,,2,2,37,4,4,10,,,0,0,espn-401872933.json
2,401872933,2026-09-20T17:00Z,CAR,ATL,away,15928,00-0030092,Sam Martin,6,,,,,,,,,,,,,,,,,,,,,,,,,,,,,,,,,,,,,,,,,,,4,193,0,0,espn-401872933.json
2,401872933,2026-09-20T17:00Z,ATL,CAR,home,2972515,00-0033662,Cooper Rush,13,10,17,86,0,2,1,3,6.0,32.6,2,20,0,11,,,,,,1,1,,,,,,,,,,,,,,,,,,,,,,,,,0,0,espn-401872933.json
2,401872933,2026-09-20T17:00Z,ATL,CAR,home,5344782,00-0041194,Jack Strand,18,8,15,59,0,1,2,13,12.3,35.1,2,16,0,8,,,,,,1,1,,,,,,,,,,,,,,,,,,,,,,,,,0,0,espn-401872933.json
2,401872933,2026-09-20T17:00Z,ATL,CAR,home,4430807,00-0038542,Bijan Robinson,7,,,,,,,,,,16,72,0,11,3,4,9,0,4,,,,,,,,,,,,,,,,,,,,,,,,,,,0,0,espn-401872933.json
2,401872933,2026-09-20T17:00Z,ATL,CAR,home,4241474,00-0037746,Brian Robinson Jr.,15,,,,,,,,,,11,51,0,9,2,2,16,0,12,,,,,,,,,,,,,,,,,,,,,,,,,,,0,0,espn-401872933.json
2,401872933,2026-09-20T17:00Z,ATL,CAR,home,4426502,00-0037238,Drake London,5,,,,,,,,,,1,-2,0,-2,4,5,51,0,17,,,2,1,0,0,0,0,0,,,,,,,,,,,,,,,,,,0,0,espn-401872933.json
2,401872933,2026-09-20T17:00Z,ATL,CAR,home,3043275,00-0032392,Austin Hooper,81,,,,,,,,,,,,,,2,4,20,0,13,,,,,,,,,,,,,,,,,,,,,,,,,,,0,0,espn-401872933.json
2,401872933,2026-09-20T17:00Z,ATL,CAR,home,4360248,00-0036970,Kyle Pitts Sr.,8,,,,,,,,,,,,,,1,3,15,0,15,,,1,0,0,0,0,0,0,,,,,,,,,,,,,,,,,,0,0,espn-401872933.json
2,401872933,2026-09-20T17:00Z,ATL,CAR,home,4870612,00-0041044,Zachariah Branch,17,,,,,,,,,,,,,,2,2,14,0,11,,,,,,,,,,,,,,,,1,7,0,,,,,,,,,0,0,espn-401872933.json
2,401872933,2026-09-20T17:00Z,ATL,CAR,home,4361409,00-0037741,Jahan Dotson,4,,,,,,,,,,,,,,2,4,11,0,8,,,,,,,,,,,,,,,,,,,,,,,,,,,0,0,espn-401872933.json
2,401872933,2026-09-20T17:00Z,ATL,CAR,home,4369886,00-0036463,Chris Blair,19,,,,,,,,,,,,,,1,3,6,0,6,,,,,,,,,,,,,,,,,,,,,,,,,,,0,0,espn-401872933.json
2,401872933,2026-09-20T17:00Z,ATL,CAR,home,3917914,00-0035208,Olamide Zaccheaus,14,,,,,,,,,,,,,,1,3,3,0,3,,,,,,,,,,,,,4,79,0,,,,,,,,,,,,0,0,espn-401872933.json
2,401872933,2026-09-20T17:00Z,ATL,CAR,home,4035020,00-0036429,Charlie Woerner,89,,,,,,,,,,,,,,0,1,0,0,0,,,1,0,0,0,0,0,0,,,,,,,,,,,,,,,,,,0,0,espn-401872933.json
2,401872933,2026-09-20T17:00Z,ATL,CAR,home,4431005,00-0040148,Xavier Watts,31,,,,,,,,,,,,,,,,,,,,,7,5,0,0,0,0,0,,,,,,,,,,,,,,,,,,0,0,espn-401872933.json
2,401872933,2026-09-20T17:00Z,ATL,CAR,home,3919512,00-0034675,Jessie Bates III,3,,,,,,,,,,,,,,,,,,,,,7,4,0,0,0,0,0,,,,,,,,,,,,,,,,,,0,0,espn-401872933.json
2,401872933,2026-09-20T17:00Z,ATL,CAR,home,3895841,00-0034843,Mike Hughes,21,,,,,,,,,,,,,,,,,,,,,5,2,0,0,0,0,0,,,,,,,,,,,,,,,,,,0,0,espn-401872933.json
2,401872933,2026-09-20T17:00Z,ATL,CAR,home,4240596,00-0036281,C.J. Henderson,26,,,,,,,,,,,,,,,,,,,,,4,4,0,1,1,0,0,,,,,,,,,,,,,,,,,,0,0,espn-401872933.json
2,401872933,2026-09-20T17:00Z,ATL,CAR,home,4361510,00-0037815,Cameron Thomas,99,,,,,,,,,,,,,,,,,,,,,4,3,0.5,0,0,2,0,,,,,,,,,,,,,,,,,,0,0,espn-401872933.json
2,401872933,2026-09-20T17:00Z,ATL,CAR,home,4376288,00-0036204,LaCale London,94,,,,,,,,,,,,,,,,,,,,,4,2,0,0,0,0,0,,,,,,,,,,,,,,,,,,0,0,espn-401872933.json
2,401872933,2026-09-20T17:00Z,ATL,CAR,home,4595343,00-0041066,Kendal Daniels,53,,,,,,,,,,,,,,,,,,,,,3,3,0,1,0,0,0,,,,,,,,,,,,,,,,,,0,0,espn-401872933.json
2,401872933,2026-09-20T17:00Z,ATL,CAR,home,4360386,00-0039002,Sydney Brown,29,,,,,,,,,,,,,,,,,,,,,3,2,0,0,0,0,0,,,,,,,,,,,,,,,,,,0,0,espn-401872933.json
2,401872933,2026-09-20T17:00Z,ATL,CAR,home,4431567,00-0039889,Maason Smith,92,,,,,,,,,,,,,,,,,,,,,3,0,0,0,0,0,0,,,,,,,,,,,,,,,,,,0,0,espn-401872933.json
2,401872933,2026-09-20T17:00Z,ATL,CAR,home,4360807,00-0038580,Yasir Abdullah,22,,,,,,,,,,,,,,,,,,,,,2,2,0,0,0,0,0,,,,,,,,,,,,,,,,,,0,0,espn-401872933.json
2,401872933,2026-09-20T17:00Z,ATL,CAR,home,3043168,00-0031576,Za'Darius Smith,55,,,,,,,,,,,,,,,,,,,,,2,1,0.5,1,1,1,0,,,,,,,,,,,,,,,,,,0,0,espn-401872933.json
2,401872933,2026-09-20T17:00Z,ATL,CAR,home,4037626,00-0036990,Divine Deablo,0,,,,,,,,,,,,,,,,,,,,,2,1,0,0,0,1,0,,,,,,,,,,,,,,,,,,0,0,espn-401872933.json
2,401872933,2026-09-20T17:00Z,ATL,CAR,home,4426412,00-0038980,Zach Harrison,96,,,,,,,,,,,,,,,,,,,,,2,1,0,0,0,0,0,,,,,,,,,,,,,,,,,,0,0,espn-401872933.json
2,401872933,2026-09-20T17:00Z,ATL,CAR,home,3045527,00-0033945,Samson Ebukam,52,,,,,,,,,,,,,,,,,,,,,2,0,0.5,0,0,2,0,,,,,,,,,,,,,,,,,,0,0,espn-401872933.json
2,401872933,2026-09-20T17:00Z,ATL,CAR,home,4429014,00-0039070,Gervon Dexter Sr.,95,,,,,,,,,,,,,,,,,,,,,2,0,0.5,0,1,1,0,,,,,,,,,,,,,,,,,,0,0,espn-401872933.json
2,401872933,2026-09-20T17:00Z,ATL,CAR,home,4239995,00-0036285,A.J. Terrell Jr.,24,,,,,,,,,,,,,,,,,,,,,1,1,0,0,0,0,0,,,,,,,,,,,,,,,,,,0,0,espn-401872933.json
2,401872933,2026-09-20T17:00Z,ATL,CAR,home,4567099,00-0037823,Christian Harris,45,,,,,,,,,,,,,,,,,,,,,1,1,0,0,0,0,0,,,,,,,,,,,,,,,,,,0,0,espn-401872933.json
2,401872933,2026-09-20T17:00Z,ATL,CAR,home,4870988,00-0041469,Avieon Terrell,12,,,,,,,,,,,,,,,,,,,,,1,1,0,0,0,0,0,,,,,,,,,,,,,,,,,,0,0,espn-401872933.json
2,401872933,2026-09-20T17:00Z,ATL,CAR,home,3128303,00-0034801,Josh Woods,42,,,,,,,,,,,,,,,,,,,,,1,0,0,0,0,0,0,,,,,,,,,,,,,,,,,,0,0,espn-401872933.json
2,401872933,2026-09-20T17:00Z,ATL,CAR,home,3931395,00-0035280,Jake Bailey,16,,,,,,,,,,,,,,,,,,,,,1,0,0,0,0,0,0,,,,,,,,,,,,,,,,3,151,0,0,espn-401872933.json
2,401872933,2026-09-20T17:00Z,ATL,CAR,home,4427090,00-0039859,Brandon Dorlus,54,,,,,,,,,,,,,,,,,,,,,1,0,0,0,0,1,0,,,,,,,,,,,,,,,,,,0,0,espn-401872933.json
2,401872933,2026-09-20T17:00Z,ATL,CAR,home,4685502,00-0041112,Harold Perkins Jr.,56,,,,,,,,,,,,,,,,,,,,,1,0,0,0,0,0,0,,,,,,,,,,,,,,,,,,0,0,espn-401872933.json
2,401872933,2026-09-20T17:00Z,ATL,CAR,home,10621,00-0025565,Nick Folk,6,,,,,,,,,,,,,,,,,,,,,,,,,,,,,,,,,,,,,1,2,41,0,0,3,,,0,0,espn-401872933.json
2,401872934,2026-09-20T17:00Z,CIN,HOU,away,3915511,00-0036442,Joe Burrow,9,20,31,207,2,0,5,25,54.3,105.2,1,-1,0,-1,,,,,,,,,,,,,,,,,,,,,,,,,,,,,,,,0,0,espn-401872934.json
2,401872934,2026-09-20T17:00Z,CIN,HOU,away,4362238,00-0038597,Chase Brown,30,,,,,,,,,,20,80,0,11,3,5,2,0,6,,,,,,,,,,,,,,,,,,,,,,,,,,,0,0,espn-401872934.json
2,401872934,2026-09-20T17:00Z,CIN,HOU,away,3116389,00-0033526,Samaje Perine,34,,,,,,,,,,2,6,0,4,1,1,16,0,16,,,,,,,,,,,,,,,,,,,,,,,,,,,0,0,espn-401872934.json
2,401872934,2026-09-20T17:00Z,CIN,HOU,away,4239993,00-0036410,Tee Higgins,5,,,,,,,,,,,,,,5,10,95,0,23,,,,,,,,,,,,,,,,,,,,,,,,,,,0,0,espn-401872934.json
2,401872934,2026-09-20T17:00Z,CIN,HOU,away,4362628,00-0036900,Ja'Marr Chase,1,,,,,,,,,,,,,,7,9,75,2,32,,,,,,,,,,,,,,,,,,,,,,,,,,,2,1,espn-401872934.json
2,401872934,2026-09-20T17:00Z,CIN,HOU,away,4368003,00-0038619,Andrei Iosivas,80,,,,,,,,,,,,,,1,1,7,0,7,,,,,,,,,,,,,,,,,,,,,,,,,,,0,0,espn-401872934.json
2,401872934,2026-09-20T17:00Z,CIN,HOU,away,5092508,00-0041069,Colbie Young,86,,,,,,,,,,,,,,1,1,7,0,7,,,,,,,,,,,,,,,,,,,,,,,,,,,0,0,espn-401872934.json
2,401872934,2026-09-20T17:00Z,CIN,HOU,away,4427834,00-0039814,Erick All Jr.,83,,,,,,,,,,,,,,2,3,5,0,5,,,,,,,,,,,,,,,,,,,,,,,,,,,0,0,espn-401872934.json
2,401872934,2026-09-20T17:00Z,CIN,HOU,away,4384852,00-0040785,Dohnte Meyers,81,,,,,,,,,,,,,,0,1,0,0,0,,,,,,,,,,,,,3,90,0,3,19,0,,,,,,,,,0,0,espn-401872934.json
2,401872934,2026-09-20T17:00Z,CIN,HOU,away,4427729,00-0040738,Demetrius Knight Jr.,44,,,,,,,,,,,,,,,,,,,,,12,4,0,0,0,1,0,,,,,,,,,,,,,,,,,,0,0,espn-401872934.json
2,401872934,2026-09-20T17:00Z,CIN,HOU,away,4426422,,Dax Hill,23,,,,,,,,,,,,,,,,,,,,,10,4,0,0,4,0,0,,,,,,,,,,,,,,,,,,0,0,espn-401872934.json
2,401872934,2026-09-20T17:00Z,CIN,HOU,away,4567098,00-0038560,Jordan Battle,27,,,,,,,,,,,,,,,,,,,,,8,4,0,0,1,0,0,,,,,,,,,,,,,,,,,,0,0,espn-401872934.json
2,401872934,2026-09-20T17:00Z,CIN,HOU,away,4572036,00-0038549,DJ Turner II,0,,,,,,,,,,,,,,,,,,,,,5,4,0,0,2,0,0,,,,,,,,,,,,,,,,,,0,0,espn-401872934.json
2,401872934,2026-09-20T17:00Z,CIN,HOU,away,4431519,00-0040157,Barrett Carter,49,,,,,,,,,,,,,,,,,,,,,5,2,0,1,0,0,0,,,,,,,,,,,,,,,,,,0,0,espn-401872934.json
2,401872934,2026-09-20T17:00Z,CIN,HOU,away,4430065,00-0039752,Cedric Johnson,52,,,,,,,,,,,,,,,,,,,,,4,3,2,2,0,2,0,,,,,,,,,,,,,,,,,,0,0,espn-401872934.json
2,401872934,2026-09-20T17:00Z,CIN,HOU,away,4247726,00-0037193,Bryan Cook,6,,,,,,,,,,,,,,,,,,,,,4,3,0,0,0,0,0,,,,,,,,,,,,,,,,,,0,0,espn-401872934.json
2,401872934,2026-09-20T17:00Z,CIN,HOU,away,3054840,00-0033523,Jonathan Allen,93,,,,,,,,,,,,,,,,,,,,,3,3,1,3,0,1,0,,,,,,,,,,,,,,,,,,0,0,espn-401872934.json
2,401872934,2026-09-20T17:00Z,CIN,HOU,away,3125356,00-0034446,Jalen Davis,35,,,,,,,,,,,,,,,,,,,,,3,2,0,0,1,0,0,,,,,,,,,,,,,,,,,,0,0,espn-401872934.json
2,401872934,2026-09-20T17:00Z,CIN,HOU,away,4035483,00-0035683,Dexter Lawrence II,97,,,,,,,,,,,,,,,,,,,,,3,2,0,1,0,1,0,,,,,,,,,,,,,,,,,,0,0,espn-401872934.json
2,401872934,2026-09-20T17:00Z,CIN,HOU,away,4685562,00-0040756,Shemar Stewart,94,,,,,,,,,,,,,,,,,,,,,2,2,1,1,0,1,0,,,,,,,,,,,,,,,,,,0,0,espn-401872934.json
2,401872934,2026-09-20T17:00Z,CIN,HOU,away,4240612,,T.J. Slaton Jr.,98,,,,,,,,,,,,,,,,,,,,,2,2,0,0,0,0,0,,,,,,,,,,,,,,,,,,0,0,espn-401872934.json
2,401872934,2026-09-20T17:00Z,CIN,HOU,away,4240754,00-0038133,Boye Mafe,53,,,,,,,,,,,,,,,,,,,,,2,1,0,0,0,0,0,,,,,,,,,,,,,,,,,,0,0,espn-401872934.json
2,401872934,2026-09-20T17:00Z,CIN,HOU,away,4362502,00-0038642,DJ Ivey,38,,,,,,,,,,,,,,,,,,,,,2,1,0,0,0,0,0,,,,,,,,,,,,,,,,,,0,0,espn-401872934.json
2,401872934,2026-09-20T17:00Z,CIN,HOU,away,4401811,00-0036231,Kyle Dugger,29,,,,,,,,,,,,,,,,,,,,,2,1,0,0,0,0,0,,,,,,,,,,,,,,,,,,0,0,espn-401872934.json
2,401872934,2026-09-20T17:00Z,CIN,HOU,away,4726127,00-0041464,Tacario Davis,20,,,,,,,,,,,,,,,,,,,,,2,1,0,0,0,0,0,,,,,,,,,,,,,,,,,,0,0,espn-401872934.json
2,401872934,2026-09-20T17:00Z,CIN,HOU,away,4429946,00-0039632,PJ Jules,37,,,,,,,,,,,,,,,,,,,,,2,0,0,0,0,0,0,,,,,,,,,,,,,,,,,,0,0,espn-401872934.json
2,401872934,2026-09-20T17:00Z,CIN,HOU,away,3051746,00-0034754,Oren Burks,42,,,,,,,,,,,,,,,,,,,,,1,1,0,0,0,0,0,,,,,,,,,,,,,,,,,,0,0,espn-401872934.json
2,401872934,2026-09-20T17:00Z,CIN,HOU,away,4428985,00-0038546,Myles Murphy,99,,,,,,,,,,,,,,,,,,,,,1,1,0,0,0,0,0,,,,,,,,,,,,,,,,,,0,0,espn-401872934.json
2,401872934,2026-09-20T17:00Z,CIN,HOU,away,4432301,00-0039908,Kris Jenkins Jr.,90,,,,,,,,,,,,,,,,,,,,,1,1,0,0,0,0,0,,,,,,,,,,,,,,,,,,0,0,espn-401872934.json
2,401872934,2026-09-20T17:00Z,CIN,HOU,away,3917797,00-0035363,Joe Giles-Harris,43,,,,,,,,,,,,,,,,,,,,,1,0,0,0,0,0,0,,,,,,,,,,,,,,,,,,0,0,espn-401872934.json
2,401872934,2026-09-20T17:00Z,CIN,HOU,away,4710752,00-0041546,Cashius Howell,55,,,,,,,,,,,,,,,,,,,,,1,0,0,0,0,1,0,,,,,,,,,,,,,,,,,,0,0,espn-401872934.json
2,401872934,2026-09-20T17:00Z,CIN,HOU,away,4360234,00-0036854,Evan McPherson,2,,,,,,,,,,,,,,,,,,,,,,,,,,,,,,,,,,,,,2,2,57,2,2,8,,,0,0,espn-401872934.json
2,401872934,2026-09-20T17:00Z,CIN,HOU,away,4608820,00-0039323,Ryan Rehkow,8,,,,,,,,,,,,,,,,,,,,,,,,,,,,,,,,,,,,,,,,,,,8,345,0,0,espn-401872934.json
2,401872934,2026-09-20T17:00Z,HOU,CIN,home,4432577,00-0039163,C.J. Stroud,7,30,55,353,0,0,4,39,50.7,74.3,3,29,0,14,,,,,,,,,,,,,,,,,,,,,,,,,,,,,,,,0,0,espn-401872934.json
2,401872934,2026-09-20T17:00Z,HOU,CIN,home,4570033,00-0040654,Kai Kroeger,38,0,1,0,0,0,0,0,--,39.6,,,,,,,,,,1,0,,,,,,,,,,,,,,,,,,,,,,,5,207,0,0,espn-401872934.json
2,401872934,2026-09-20T17:00Z,HOU,CIN,home,4586312,00-0040138,Jaylin Noel,13,,,,,,,,,,1,13,0,13,1,5,31,0,31,,,,,,,,,,,,,1,31,0,3,32,0,,,,,,,,,0,0,espn-401872934.json
2,401872934,2026-09-20T17:00Z,HOU,CIN,home,4035538,00-0035685,David Montgomery,32,,,,,,,,,,6,10,0,4,2,2,14,0,8,,,,,,,,,,,,,,,,,,,,,,,,,,,0,0,espn-401872934.json
2,401872934,2026-09-20T17:00Z,HOU,CIN,home,4429059,00-0040583,Woody Marks,4,,,,,,,,,,8,8,0,3,5,6,27,0,12,,,,,,,,,,,,,2,40,0,,,,,,,,,,,,0,0,espn-401872934.json
2,401872934,2026-09-20T17:00Z,HOU,CIN,home,3117256,00-0034383,Dalton Schultz,86,,,,,,,,,,,,,,12,14,140,0,35,,,,,,,,,,,,,,,,,,,,,,,,,,,0,0,espn-401872934.json
2,401872934,2026-09-20T17:00Z,HOU,CIN,home,4429022,00-0038608,Kayshon Boutte,14,,,,,,,,,,,,,,3,5,37,0,21,,,,,,,,,,,,,,,,,,,,,,,,,,,0,0,espn-401872934.json
2,401872934,2026-09-20T17:00Z,HOU,CIN,home,4686422,00-0038618,Xavier Hutchinson,19,,,,,,,,,,,,,,3,9,37,0,18,,,,,,,,,,,,,,,,,,,,,,,,,,,0,0,espn-401872934.json
2,401872934,2026-09-20T17:00Z,HOU,CIN,home,3843945,00-0034981,Foster Moreau,87,,,,,,,,,,,,,,2,2,34,0,25,,,1,1,0,0,0,0,0,,,,,,,,,,,,,,,,,,0,0,espn-401872934.json
2,401872934,2026-09-20T17:00Z,HOU,CIN,home,4430681,00-0038728,Jared Wayne,17,,,,,,,,,,,,,,2,7,33,0,18,,,,,,,,,,,,,,,,,,,,,,,,,,,0,0,espn-401872934.json
2,401872934,2026-09-20T17:00Z,HOU,CIN,home,3919117,00-0035166,Azeez Al-Shaair,0,,,,,,,,,,,,,,,,,,,,,12,6,0,0,0,0,0,,,,,,,,,,,,,,,,,,0,0,espn-401872934.json
2,401872934,2026-09-20T17:00Z,HOU,CIN,home,4685724,00-0039108,Will Anderson Jr.,51,,,,,,,,,,,,,,,,,,,,,8,4,1,3,1,2,0,,,,,,,,,,,,,,,,,,0,0,espn-401872934.json
2,401872934,2026-09-20T17:00Z,HOU,CIN,home,4361366,00-0036883,Tommy Togiai,72,,,,,,,,,,,,,,,,,,,,,6,1,0,0,0,0,0,,,,,,,,,,,,,,,,,,0,0,espn-401872934.json
2,401872934,2026-09-20T17:00Z,HOU,CIN,home,4602699,00-0039343,Kamari Lassiter,3,,,,,,,,,,,,,,,,,,,,,5,4,0,1,0,0,0,,,,,,,,,,,,,,,,,,0,0,espn-401872934.json
2,401872934,2026-09-20T17:00Z,HOU,CIN,home,4243956,00-0037130,Reed Blankenship,6,,,,,,,,,,,,,,,,,,,,,5,3,0,0,0,0,0,,,,,,,,,,,,,,,,,,0,0,espn-401872934.json
2,401872934,2026-09-20T17:00Z,HOU,CIN,home,4033812,00-0037457,Jake Hansen,35,,,,,,,,,,,,,,,,,,,,,5,2,0,0,0,0,0,,,,,,,,,,,,,,,,,,0,0,espn-401872934.json
2,401872934,2026-09-20T17:00Z,HOU,CIN,home,4241223,00-0037246,Jalen Pitre,5,,,,,,,,,,,,,,,,,,,,,4,3,0,0,0,0,0,,,,,,,,,,,,,,,,,,0,0,espn-401872934.json
2,401872934,2026-09-20T17:00Z,HOU,CIN,home,2969921,00-0032265,Mario Edwards Jr.,97,,,,,,,,,,,,,,,,,,,,,4,0,0.5,0,0,1,0,,,,,,,,,,,,,,,,,,0,0,espn-401872934.json
2,401872934,2026-09-20T17:00Z,HOU,CIN,home,2970204,00-0032759,Sheldon Rankins,98,,,,,,,,,,,,,,,,,,,,,3,2,1,2,0,2,0,,,,,,,,,,,,,,,,,,0,0,espn-401872934.json
2,401872934,2026-09-20T17:00Z,HOU,CIN,home,4360189,00-0038127,Logan Hall,96,,,,,,,,,,,,,,,,,,,,,3,2,1,1,0,2,0,,,,,,,,,,,,,,,,,,0,0,espn-401872934.json
2,401872934,2026-09-20T17:00Z,HOU,CIN,home,4426434,00-0037237,Derek Stingley Jr.,24,,,,,,,,,,,,,,,,,,,,,3,2,0,0,1,0,0,,,,,,,,,,,,,,,,,,0,0,espn-401872934.json
2,401872934,2026-09-20T17:00Z,HOU,CIN,home,4699802,00-0041305,Sabastian Harsh,54,,,,,,,,,,,,,,,,,,,,,2,1,0.5,0,0,1,0,,,,,,,,,,,,,,,,,,0,0,espn-401872934.json
2,401872934,2026-09-20T17:00Z,HOU,CIN,home,2976560,00-0031565,Danielle Hunter,55,,,,,,,,,,,,,,,,,,,,,1,1,1,1,1,1,0,,,,,,,,,,,,,,,,,,0,0,espn-401872934.json
2,401872934,2026-09-20T17:00Z,HOU,CIN,home,2971573,00-0032726,Ka'imi Fairbairn,15,,,,,,,,,,,,,,,,,,,,,1,1,0,0,0,0,0,,,,,,,,,,2,3,45,0,0,6,,,0,0,espn-401872934.json
2,401872934,2026-09-20T17:00Z,HOU,CIN,home,4594277,00-0040149,Jaylin Smith,22,,,,,,,,,,,,,,,,,,,,,1,1,0,0,0,0,0,,,,,,,,,,,,,,,,,,0,0,espn-401872934.json
2,401872934,2026-09-20T17:00Z,HOU,CIN,home,4912338,00-0041449,Aiden Fisher,59,,,,,,,,,,,,,,,,,,,,,1,1,0,0,0,0,0,,,,,,,,,,,,,,,,,,0,0,espn-401872934.json
2,401872934,2026-09-20T17:00Z,HOU,CIN,home,4373273,00-0039603,British Brooks,44,,,,,,,,,,,,,,,,,,,,,1,0,0,0,0,0,0,,,,,,,,,,,,,,,,,,0,0,espn-401872934.json
2,401872934,2026-09-20T17:00Z,HOU,CIN,home,4427479,00-0039395,Jamal Hill,56,,,,,,,,,,,,,,,,,,,,,1,0,0,0,0,0,0,,,,,,,,,,,,,,,,,,0,0,espn-401872934.json
2,401872934,2026-09-20T17:00Z,HOU,CIN,home,3134448,00-0034278,Tremon Smith,11,,,,,,,,,,,,,,,,,,,,,,,,,,,,,,,1,22,0,,,,,,,,,,,,0,0,espn-401872934.json
2,401872935,2026-09-20T17:00Z,CLE,TB,away,3122840,00-0033537,Deshaun Watson,4,24,30,238,2,0,2,15,68.4,121.9,7,22,0,8,,,,,,,,,,,,,,,,,,,,,,,,,,,,,,,,0,0,espn-401872935.json
2,401872935,2026-09-20T17:00Z,CLE,TB,away,4685702,00-0040784,Quinshon Judkins,10,,,,,,,,,,12,21,0,9,5,5,27,0,13,,,,,,,,,,,,,,,,,,,,,,,,,,,0,0,espn-401872935.json
2,401872935,2026-09-20T17:00Z,CLE,TB,away,4601080,00-0040466,Raheim Sanders,23,,,,,,,,,,2,4,0,3,1,1,7,0,7,,,,,,,,,,,,,2,50,0,,,,,,,,,,,,0,0,espn-401872935.json
2,401872935,2026-09-20T17:00Z,CLE,TB,away,4722893,00-0038794,Jaleel McLaughlin,38,,,,,,,,,,1,3,0,3,0,1,0,0,0,,,,,,,,,,,,,,,,,,,,,,,,,,,0,0,espn-401872935.json
2,401872935,2026-09-20T17:00Z,CLE,TB,away,4870653,00-0041547,KC Concepcion,1,,,,,,,,,,1,-6,0,-6,6,6,28,0,9,,,,,,,,,,,,,,,,,,,,,,,,,,,0,0,espn-401872935.json
2,401872935,2026-09-20T17:00Z,CLE,TB,away,4832800,00-0041037,Denzel Boston,12,,,,,,,,,,,,,,5,7,95,1,55,,,,,,,,,,,,,,,,,,,,,,,,,,,1,0,espn-401872935.json
2,401872935,2026-09-20T17:00Z,CLE,TB,away,5083076,00-0040663,Harold Fannin Jr.,44,,,,,,,,,,,,,,5,6,54,0,21,,,,,,,,,,,,,,,,,,,,,,,,,,,0,0,espn-401872935.json
2,401872935,2026-09-20T17:00Z,CLE,TB,away,4362018,00-0038710,Blake Whiteheart,86,,,,,,,,,,,,,,1,2,17,1,17,,,,,,,,,,,,,,,,,,,,,,,,,,,1,0,espn-401872935.json
2,401872935,2026-09-20T17:00Z,CLE,TB,away,4808839,00-0040782,Isaiah Bond,0,,,,,,,,,,,,,,1,1,10,0,10,,,,,,,,,,,,,,,,,,,,,,,,,,,0,0,espn-401872935.json
2,401872935,2026-09-20T17:00Z,CLE,TB,away,4241463,00-0036407,Jerry Jeudy,3,,,,,,,,,,,,,,0,1,0,0,0,,,,,,,,,,,,,,,,,,,,,,,,,,,0,0,espn-401872935.json
2,401872935,2026-09-20T17:00Z,CLE,TB,away,4876017,00-0040579,Carson Schwesinger,49,,,,,,,,,,,,,,,,,,,,,10,5,0,1,0,0,0,,,,,,,,,,,,,,,,,,0,0,espn-401872935.json
2,401872935,2026-09-20T17:00Z,CLE,TB,away,3110565,00-0035680,Quincy Williams,5,,,,,,,,,,,,,,,,,,,,,6,4,0,1,0,0,0,,,,,,,,,,,,,,,,,,0,0,espn-401872935.json
2,401872935,2026-09-20T17:00Z,CLE,TB,away,4242208,00-0036282,Grant Delpit,9,,,,,,,,,,,,,,,,,,,,,5,5,1,0,0,1,0,,,,,,,,,,,,,,,,,,0,0,espn-401872935.json
2,401872935,2026-09-20T17:00Z,CLE,TB,away,3915535,00-0034856,Denzel Ward,21,,,,,,,,,,,,,,,,,,,,,5,4,0,0,0,0,0,,,,,,,,,,,,,,,,,,0,0,espn-401872935.json
2,401872935,2026-09-20T17:00Z,CLE,TB,away,4379397,00-0036974,Tyson Campbell,7,,,,,,,,,,,,,,,,,,,,,5,4,0,1,0,0,0,,,,,,,,,,,,,,,,,,0,0,espn-401872935.json
2,401872935,2026-09-20T17:00Z,CLE,TB,away,4695783,00-0039417,Myles Harden,26,,,,,,,,,,,,,,,,,,,,,5,2,0,0,2,0,0,1,25,0,,,,,,,,,,,,,,,0,0,espn-401872935.json
2,401872935,2026-09-20T17:00Z,CLE,TB,away,4427963,00-0038574,Isaiah McGuire,57,,,,,,,,,,,,,,,,,,,,,4,3,0,1,0,0,0,,,,,,,,,,,,,,,,,,0,0,espn-401872935.json
2,401872935,2026-09-20T17:00Z,CLE,TB,away,4837186,00-0041471,Emmanuel McNeil-Warren,28,,,,,,,,,,,,,,,,,,,,,3,3,0,0,0,0,0,,,,,,,,,,,,,,,,,,0,0,espn-401872935.json
2,401872935,2026-09-20T17:00Z,CLE,TB,away,4567242,00-0037665,Sam Williams,54,,,,,,,,,,,,,,,,,,,,,3,2,0,0,0,0,0,,,,,,,,,,,,,,,,,,0,0,espn-401872935.json
2,401872935,2026-09-20T17:00Z,CLE,TB,away,4569620,00-0038715,Ronnie Hickman,33,,,,,,,,,,,,,,,,,,,,,3,1,1,0,0,1,0,,,,,,,,,,,,,,,,,,0,0,espn-401872935.json
2,401872935,2026-09-20T17:00Z,CLE,TB,away,4873232,00-0040685,Mason Graham,94,,,,,,,,,,,,,,,,,,,,,3,1,1,1,0,2,0,,,,,,,,,,,,,,,,,,0,0,espn-401872935.json
2,401872935,2026-09-20T17:00Z,CLE,TB,away,3115336,00-0033876,Derek Barnett,97,,,,,,,,,,,,,,,,,,,,,2,2,0,1,0,0,0,,,,,,,,,,,,,,,,,,0,0,espn-401872935.json
2,401872935,2026-09-20T17:00Z,CLE,TB,away,4242516,00-0036287,Noah Igbinoghene,20,,,,,,,,,,,,,,,,,,,,,2,2,0,0,0,0,0,,,,,,,,,,,,,,,,,,0,0,espn-401872935.json
2,401872935,2026-09-20T17:00Z,CLE,TB,away,4360677,00-0038565,Mekhi Blackmon,29,,,,,,,,,,,,,,,,,,,,,2,2,0,0,1,0,0,,,,,,,,,,,,,,,,,,0,0,espn-401872935.json
2,401872935,2026-09-20T17:00Z,CLE,TB,away,3040471,00-0033131,Maliek Collins,96,,,,,,,,,,,,,,,,,,,,,2,1,0,0,0,0,0,,,,,,,,,,,,,,,,,,0,0,espn-401872935.json
2,401872935,2026-09-20T17:00Z,CLE,TB,away,4251125,00-0039515,Winston Reid,59,,,,,,,,,,,,,,,,,,,,,1,1,0,0,0,0,0,,,,,,,,,,,,,,,,,,0,0,espn-401872935.json
2,401872935,2026-09-20T17:00Z,CLE,TB,away,4362895,00-0039406,Nathaniel Watson,40,,,,,,,,,,,,,,,,,,,,,1,1,0,0,0,0,0,,,,,,,,,,,,,,,,,,0,0,espn-401872935.json
2,401872935,2026-09-20T17:00Z,CLE,TB,away,4578085,00-0039852,Jared Verse,8,,,,,,,,,,,,,,,,,,,,,1,1,0,1,0,1,0,,,,,,,,,,,,,,,,,,0,0,espn-401872935.json
2,401872935,2026-09-20T17:00Z,CLE,TB,away,4686027,00-0040263,Donovan McMillon,31,,,,,,,,,,,,,,,,,,,,,1,1,0,0,0,0,0,,,,,,,,,,,,,,,,,,0,0,espn-401872935.json
2,401872935,2026-09-20T17:00Z,CLE,TB,away,4605792,00-0040255,Adin Huntington,98,,,,,,,,,,,,,,,,,,,,,1,0,0,0,0,0,0,,,,,,,,,,,,,,,,,,0,0,espn-401872935.json
2,401872935,2026-09-20T17:00Z,CLE,TB,away,4613104,00-0039920,Malachi Corley,11,,,,,,,,,,,,,,,,,,,,,,,,,,,,,,,4,93,0,,,,,,,,,,,,0,0,espn-401872935.json
2,401872935,2026-09-20T17:00Z,CLE,TB,away,4258620,00-0038428,Andre Szmyt,25,,,,,,,,,,,,,,,,,,,,,,,,,,,,,,,,,,,,,3,3,50,2,2,11,,,0,0,espn-401872935.json
2,401872935,2026-09-20T17:00Z,CLE,TB,away,4039396,00-0034721,Corey Bojorquez,13,,,,,,,,,,,,,,,,,,,,,,,,,,,,,,,,,,,,,,,,,,,4,198,0,0,espn-401872935.json
2,401872935,2026-09-20T17:00Z,TB,CLE,home,3052587,00-0034855,Baker Mayfield,6,21,34,182,1,1,3,6,52.8,73.4,4,29,0,14,,,,,,,,,,,,,,,,,,,,,,,,,,,,,,,,0,0,espn-401872935.json
2,401872935,2026-09-20T17:00Z,TB,CLE,home,4596448,00-0039361,Bucky Irving,7,,,,,,,,,,17,89,0,38,4,4,1,0,4,,,,,,,,,,,,,,,,,,,,,,,,,,,0,0,espn-401872935.json
2,401872935,2026-09-20T17:00Z,TB,CLE,home,3116165,00-0033921,Chris Godwin Jr.,14,,,,,,,,,,1,12,0,12,3,3,46,0,24,,,,,,,,,,,,,,,,,,,,,,,,,,,0,0,espn-401872935.json
2,401872935,2026-09-20T17:00Z,TB,CLE,home,4371733,00-0036919,Kenny Gainwell,1,,,,,,,,,,2,10,0,6,3,4,5,0,5,,,,,,,,,,,,,3,78,0,,,,,,,,,,,,0,0,espn-401872935.json
2,401872935,2026-09-20T17:00Z,TB,CLE,home,4567750,00-0040129,Emeka Egbuka,2,,,,,,,,,,1,-3,0,-3,3,5,16,1,7,,,,,,,,,,,,,,,,,,,,,,,,,,,1,1,espn-401872935.json
2,401872935,2026-09-20T17:00Z,TB,CLE,home,4608810,00-0040237,Tez Johnson,15,,,,,,,,,,,,,,1,4,49,0,49,,,,,,,,,,,,,,,,2,14,0,,,,,,,,,0,0,espn-401872935.json
2,401872935,2026-09-20T17:00Z,TB,CLE,home,4243331,00-0038129,Cade Otton,88,,,,,,,,,,,,,,5,6,38,0,13,1,0,,,,,,,,,,,,,,,,,,,,,,,,,0,0,espn-401872935.json
2,401872935,2026-09-20T17:00Z,TB,CLE,home,5220680,00-0041048,Ted Hurst III,17,,,,,,,,,,,,,,2,7,27,0,21,,,1,1,0,0,0,0,0,,,,,,,,,,,,,,,,,,0,0,espn-401872935.json
2,401872935,2026-09-20T17:00Z,TB,CLE,home,4870998,00-0041502,Josiah Trotter,45,,,,,,,,,,,,,,,,,,,,,13,6,0,0,0,0,0,,,,,,,,,,,,,,,,,,0,0,espn-401872935.json
2,401872935,2026-09-20T17:00Z,TB,CLE,home,3043107,00-0033914,Alex Anzalone,34,,,,,,,,,,,,,,,,,,,,,8,2,0,0,0,0,0,,,,,,,,,,,,,,,,,,0,0,espn-401872935.json
2,401872935,2026-09-20T17:00Z,TB,CLE,home,4816107,00-0040747,Benjamin Morrison,21,,,,,,,,,,,,,,,,,,,,,7,5,0,0,1,0,0,,,,,,,,,,,,,,,,,,0,0,espn-401872935.json
2,401872935,2026-09-20T17:00Z,TB,CLE,home,5093694,00-0041057,Keionte Scott,22,,,,,,,,,,,,,,,,,,,,,5,5,0,0,0,0,0,,,,,,,,,,,,,,,,,,0,0,espn-401872935.json
2,401872935,2026-09-20T17:00Z,TB,CLE,home,4428522,00-0039846,Tykee Smith,23,,,,,,,,,,,,,,,,,,,,,5,4,0,3,0,0,0,,,,,,,,,,,,,,,,,,0,0,espn-401872935.json
2,401872935,2026-09-20T17:00Z,TB,CLE,home,3054857,00-0032889,A'Shawn Robinson,91,,,,,,,,,,,,,,,,,,,,,5,2,1,1,0,1,0,,,,,,,,,,,,,,,,,,0,0,espn-401872935.json
2,401872935,2026-09-20T17:00Z,TB,CLE,home,4034790,00-0036411,Antoine Winfield Jr.,31,,,,,,,,,,,,,,,,,,,,,4,2,0,0,0,1,0,,,,,,,,,,,,,,,,,,0,0,espn-401872935.json
2,401872935,2026-09-20T17:00Z,TB,CLE,home,4250392,00-0037268,Zyon McCollum,27,,,,,,,,,,,,,,,,,,,,,3,3,0,0,0,0,0,,,,,,,,,,,,,,,,,,0,0,espn-401872935.json
2,401872935,2026-09-20T17:00Z,TB,CLE,home,4686334,00-0039068,Yaya Diaby,0,,,,,,,,,,,,,,,,,,,,,3,1,0,1,1,1,0,,,,,,,,,,,,,,,,,,0,0,espn-401872935.json
2,401872935,2026-09-20T17:00Z,TB,CLE,home,5097554,00-0039589,Kameron Johnson,19,,,,,,,,,,,,,,,,,,,,,2,2,0,0,0,0,0,,,,2,77,0,,,,,,,,,,,,0,0,espn-401872935.json
2,401872935,2026-09-20T17:00Z,TB,CLE,home,3134362,00-0034773,Vita Vea,50,,,,,,,,,,,,,,,,,,,,,2,0,0,0,0,0,0,,,,,,,,,,,,,,,,,,0,0,espn-401872935.json
2,401872935,2026-09-20T17:00Z,TB,CLE,home,5085355,00-0040158,David Walker,51,,,,,,,,,,,,,,,,,,,,,1,1,1,1,0,1,0,,,,,,,,,,,,,,,,,,0,0,espn-401872935.json
2,401872935,2026-09-20T17:00Z,TB,CLE,home,3894856,00-0035254,Anthony Nelson,98,,,,,,,,,,,,,,,,,,,,,1,1,0,0,0,0,0,,,,,,,,,,,,,,,,,,0,0,espn-401872935.json
2,401872935,2026-09-20T17:00Z,TB,CLE,home,4427673,00-0039063,Calijah Kancey,94,,,,,,,,,,,,,,,,,,,,,1,1,0,0,0,0,0,,,,,,,,,,,,,,,,,,0,0,espn-401872935.json
2,401872935,2026-09-20T17:00Z,TB,CLE,home,4690795,00-0040183,Elijah Roberts,95,,,,,,,,,,,,,,,,,,,,,1,1,0,0,0,0,0,,,,,,,,,,,,,,,,,,0,0,espn-401872935.json
2,401872935,2026-09-20T17:00Z,TB,CLE,home,2575453,00-0031957,Rakeem Nunez-Roches,56,,,,,,,,,,,,,,,,,,,,,1,0,0,0,0,0,0,,,,,,,,,,,,,,,,,,0,0,espn-401872935.json
2,401872935,2026-09-20T17:00Z,TB,CLE,home,4429511,00-0039049,SirVocea Dennis,8,,,,,,,,,,,,,,,,,,,,,1,0,0,0,0,0,0,,,,,,,,,,,,,,,,,,0,0,espn-401872935.json
2,401872935,2026-09-20T17:00Z,TB,CLE,home,4602648,00-0040089,Kevin Knowles,38,,,,,,,,,,,,,,,,,,,,,1,0,0,0,0,0,0,,,,,,,,,,,,,,,,,,0,0,espn-401872935.json
2,401872935,2026-09-20T17:00Z,TB,CLE,home,3150744,00-0035358,Chase McLaughlin,4,,,,,,,,,,,,,,,,,,,,,,,,,,,,,,,,,,,,,4,4,59,1,1,13,,,0,0,espn-401872935.json
2,401872935,2026-09-20T17:00Z,TB,CLE,home,2577619,00-0032943,Riley Dixon,9,,,,,,,,,,,,,,,,,,,,,,,,,,,,,,,,,,,,,,,,,,,4,186,0,0,espn-401872935.json
2,401872936,2026-09-20T17:00Z,GB,NYJ,away,4036378,00-0036264,Jordan Love,10,16,29,145,2,0,3,9,41.4,91.9,,,,,,,,,,1,0,,,,,,,,,,,,,,,,,,,,,,,,,0,0,espn-401872936.json
2,401872936,2026-09-20T17:00Z,GB,NYJ,away,4819231,00-0040142,Kaleb Johnson,26,,,,,,,,,,8,32,0,12,,,,,,1,0,,,,,,,,,,,,,,,,,,,,,,,,,0,0,espn-401872936.json
2,401872936,2026-09-20T17:00Z,GB,NYJ,away,4429023,00-0039811,MarShawn Lloyd,32,,,,,,,,,,6,20,0,7,2,2,6,1,6,1,1,,,,,,,,,,,,,,,,,,,,,,,,,1,1,espn-401872936.json
2,401872936,2026-09-20T17:00Z,GB,NYJ,away,3149687,00-0038685,Chris Brooks,30,,,,,,,,,,4,11,0,4,1,2,15,0,15,,,,,,,,,,,,,,,,,,,,,,,,,,,0,0,espn-401872936.json
2,401872936,2026-09-20T17:00Z,GB,NYJ,away,4701936,00-0040667,Matthew Golden,0,,,,,,,,,,,,,,4,6,58,0,18,,,,,,,,,,,,,,,,,,,,,,,,,,,0,0,espn-401872936.json
2,401872936,2026-09-20T17:00Z,GB,NYJ,away,4248528,00-0038124,Christian Watson,9,,,,,,,,,,,,,,4,11,41,1,20,,,,,,,,,,,,,,,,,,,,,,,,,,,1,0,espn-401872936.json
2,401872936,2026-09-20T17:00Z,GB,NYJ,away,4572680,00-0038996,Tucker Kraft,85,,,,,,,,,,,,,,2,3,15,0,10,1,0,,,,,,,,,,,,,,,,,,,,,,,,,0,0,espn-401872936.json
2,401872936,2026-09-20T17:00Z,GB,NYJ,away,4430191,00-0038090,Skyy Moore,23,,,,,,,,,,,,,,2,3,6,0,7,1,0,,,,,,,,,,,4,116,0,4,92,0,,,,,,,,,0,0,espn-401872936.json
2,401872936,2026-09-20T17:00Z,GB,NYJ,away,4362249,00-0039146,Jayden Reed,11,,,,,,,,,,,,,,1,1,4,0,4,,,,,,,,,,,,,,,,,,,,,,,,,,,0,0,espn-401872936.json
2,401872936,2026-09-20T17:00Z,GB,NYJ,away,4259305,00-0037091,Bo Melton,16,,,,,,,,,,,,,,0,1,0,0,0,,,,,,,,,,,,,,,,,,,,,,,,,,,0,0,espn-401872936.json
2,401872936,2026-09-20T17:00Z,GB,NYJ,away,4360887,00-0039272,Donovan Jennings,67,,,,,,,,,,,,,,,,,,,0,0,,,,,,,,,,,,,,,,,,,,,,,,,0,0,espn-401872936.json
2,401872936,2026-09-20T17:00Z,GB,NYJ,away,4686906,00-0039112,Lukas Van Ness,90,,,,,,,,,,,,,,,,,,,,,10,7,1.5,3,0,4,0,,,,,,,,,,,,,,,,,,0,0,espn-401872936.json
2,401872936,2026-09-20T17:00Z,GB,NYJ,away,4428863,00-0039813,Evan Williams,33,,,,,,,,,,,,,,,,,,,,,10,7,0,1,2,1,0,,,,,,,,,,,,,,,,,,0,0,espn-401872936.json
2,401872936,2026-09-20T17:00Z,GB,NYJ,away,4430438,00-0039850,Edgerrin Cooper,56,,,,,,,,,,,,,,,,,,,,,8,6,1,3,0,1,0,,,,,,,,,,,,,,,,,,0,0,espn-401872936.json
2,401872936,2026-09-20T17:00Z,GB,NYJ,away,4259493,00-0035133,Keisean Nixon,25,,,,,,,,,,,,,,,,,,,,,7,6,0,0,0,0,0,,,,,,,,,,,,,,,,,,0,0,espn-401872936.json
2,401872936,2026-09-20T17:00Z,GB,NYJ,away,4688930,00-0039867,Javon Bullard,7,,,,,,,,,,,,,,,,,,,,,7,5,0,2,2,0,0,,,,,,,,,,,,,,,,,,0,0,espn-401872936.json
2,401872936,2026-09-20T17:00Z,GB,NYJ,away,3124005,00-0034431,Zaire Franklin,44,,,,,,,,,,,,,,,,,,,,,7,2,0,0,0,0,0,,,,,,,,,,,,,,,,,,0,0,espn-401872936.json
2,401872936,2026-09-20T17:00Z,GB,NYJ,away,4685315,00-0040877,Dani Dennis-Sutton,51,,,,,,,,,,,,,,,,,,,,,6,2,0.5,0,0,2,0,,,,,,,,,,,,,,,,,,0,0,espn-401872936.json
2,401872936,2026-09-20T17:00Z,GB,NYJ,away,5076652,00-0041470,Brandon Cisse,2,,,,,,,,,,,,,,,,,,,,,5,4,0.5,0,0,1,0,,,,,,,,,,,,,,,,,,0,0,espn-401872936.json
2,401872936,2026-09-20T17:00Z,GB,NYJ,away,4683643,00-0040010,Barryn Sorrell,99,,,,,,,,,,,,,,,,,,,,,5,2,0.5,0,0,1,0,,,,,,,,,,,,,,,,,,0,0,espn-401872936.json
2,401872936,2026-09-20T17:00Z,GB,NYJ,away,4241470,00-0036388,Xavier McKinney,29,,,,,,,,,,,,,,,,,,,,,4,2,0,0,0,0,0,,,,,,,,,,,,,,,,,,0,0,espn-401872936.json
2,401872936,2026-09-20T17:00Z,GB,NYJ,away,4361776,00-0038463,Brenton Cox Jr.,57,,,,,,,,,,,,,,,,,,,,,2,1,0,0,0,0,0,,,,,,,,,,,,,,,,,,0,0,espn-401872936.json
2,401872936,2026-09-20T17:00Z,GB,NYJ,away,4373423,00-0038398,Karl Brooks,94,,,,,,,,,,,,,,,,,,,,,2,0,0,0,0,0,0,,,,,,,,,,,,,,,,,,0,0,espn-401872936.json
2,401872936,2026-09-20T17:00Z,GB,NYJ,away,4427356,00-0039831,Kamal Hadden,36,,,,,,,,,,,,,,,,,,,,,2,0,0,0,0,0,0,,,,,,,,,,,,,,,,,,0,0,espn-401872936.json
2,401872936,2026-09-20T17:00Z,GB,NYJ,away,4567406,00-0039812,Ty'Ron Hopper,59,,,,,,,,,,,,,,,,,,,,,2,0,0,0,0,0,0,,,,,,,,,,,,,,,,,,0,0,espn-401872936.json
2,401872936,2026-09-20T17:00Z,GB,NYJ,away,4887255,00-0040689,Anthony Campbell,93,,,,,,,,,,,,,,,,,,,,,1,1,0,0,0,0,0,,,,,,,,,,,,,,,,,,0,0,espn-401872936.json
2,401872936,2026-09-20T17:00Z,GB,NYJ,away,4036141,00-0036648,Nick Niemann,31,,,,,,,,,,,,,,,,,,,,,1,0,0,0,0,0,0,,,,,,,,,,,,,,,,,,0,0,espn-401872936.json
2,401872936,2026-09-20T17:00Z,GB,NYJ,away,4239947,00-0036658,Isaiah McDuffie,58,,,,,,,,,,,,,,,,,,,,,1,0,0,0,0,0,0,,,,,,,,,,,,,,,,,,0,0,espn-401872936.json
2,401872936,2026-09-20T17:00Z,GB,NYJ,away,4361791,00-0037075,Devonte Wyatt,95,,,,,,,,,,,,,,,,,,,,,1,0,0,0,0,0,0,,,,,,,,,,,,,,,,,,0,0,espn-401872936.json
2,401872936,2026-09-20T17:00Z,GB,NYJ,away,4635009,00-0040948,J. Michael Sturdivant,87,,,,,,,,,,,,,,,,,,,,,1,0,0,0,0,0,0,,,,,,,,,,,,,,,,,,0,0,espn-401872936.json
2,401872936,2026-09-20T17:00Z,GB,NYJ,away,4869461,00-0040899,Trey Smack,28,,,,,,,,,,,,,,,,,,,,,,,,,,,,,,,,,,,,,2,2,34,2,2,8,,,0,0,espn-401872936.json
2,401872936,2026-09-20T17:00Z,GB,NYJ,away,4248789,00-0037547,Daniel Whelan,19,,,,,,,,,,,,,,,,,,,,,,,,,,,,,,,,,,,,,,,,,,,6,324,0,0,espn-401872936.json
2,401872936,2026-09-20T17:00Z,NYJ,GB,home,15864,00-0030565,Geno Smith,7,27,41,247,1,0,4,29,41.5,90.2,5,17,0,7,,,,,,1,0,,,,,,,,,,,,,,,,,,,,,,,,,0,0,espn-401872936.json
2,401872936,2026-09-20T17:00Z,NYJ,GB,home,4427366,00-0038120,Breece Hall,20,,,,,,,,,,16,29,0,14,5,5,63,0,43,,,,,,,,,,,,,,,,,,,,,,,,,,,0,0,espn-401872936.json
2,401872936,2026-09-20T17:00Z,NYJ,GB,home,4569371,00-0039451,Isaiah Williams,18,,,,,,,,,,1,14,0,14,6,6,34,0,9,2,0,,,,,,,,,,,5,124,0,3,2,0,,,,,,,,,0,0,espn-401872936.json
2,401872936,2026-09-20T17:00Z,NYJ,GB,home,4685247,00-0039794,Braelon Allen,0,,,,,,,,,,5,7,1,5,1,1,8,0,8,,,,,,,,,,,,,,,,,,,,,,,,,,,1,0,espn-401872936.json
2,401872936,2026-09-20T17:00Z,NYJ,GB,home,4597500,00-0039890,Adonai Mitchell,15,,,,,,,,,,,,,,6,12,63,0,15,,,,,,,,,,,,,,,,,,,,,,,,,,,0,0,espn-401872936.json
2,401872936,2026-09-20T17:00Z,NYJ,GB,home,4569618,00-0037740,Garrett Wilson,5,,,,,,,,,,,,,,5,7,57,1,17,,,,,,,,,,,,,,,,,,,,,,,,,,,1,0,espn-401872936.json
2,401872936,2026-09-20T17:00Z,NYJ,GB,home,5083315,00-0041032,Kenyon Sadiq,16,,,,,,,,,,,,,,2,3,17,0,12,,,,,,,,,,,,,,,,,,,,,,,,,,,0,0,espn-401872936.json
2,401872936,2026-09-20T17:00Z,NYJ,GB,home,4361372,00-0037805,Jeremy Ruckert,89,,,,,,,,,,,,,,2,2,5,0,5,,,,,,,,,,,,,,,,,,,,,,,,,,,0,0,espn-401872936.json
2,401872936,2026-09-20T17:00Z,NYJ,GB,home,5208977,00-0039789,Qwan'tez Stiggers,37,,,,,,,,,,,,,,,,,,,0,0,,,,,,,,,,,,,,,,,,,,,,,,,0,0,espn-401872936.json
2,401872936,2026-09-20T17:00Z,NYJ,GB,home,3117255,00-0034782,Harrison Phillips,97,,,,,,,,,,,,,,,,,,,0,0,,,,,,,,,,,,,,,,,,,,,,,,,0,0,espn-401872936.json
2,401872936,2026-09-20T17:00Z,NYJ,GB,home,4426686,00-0038123,Dane Belton,6,,,,,,,,,,,,,,,,,,,,,6,4,0,0,0,0,0,,,,,,,,,,,,,,,,,,0,0,espn-401872936.json
2,401872936,2026-09-20T17:00Z,NYJ,GB,home,4361331,00-0036500,Jamien Sherwood,44,,,,,,,,,,,,,,,,,,,,,6,3,0,1,1,0,0,,,,,,,,,,,,,,,,,,0,0,espn-401872936.json
2,401872936,2026-09-20T17:00Z,NYJ,GB,home,4361939,00-0036941,Andre Cisco,8,,,,,,,,,,,,,,,,,,,,,5,4,0,1,1,1,0,,,,,,,,,,,,,,,,,,0,0,espn-401872936.json
2,401872936,2026-09-20T17:00Z,NYJ,GB,home,14958,00-0029607,Demario Davis,56,,,,,,,,,,,,,,,,,,,,,4,3,0,1,0,0,0,,,,,,,,,,,,,,,,,,0,0,espn-401872936.json
2,401872936,2026-09-20T17:00Z,NYJ,GB,home,4035824,00-0036987,Brandon Stephens,21,,,,,,,,,,,,,,,,,,,,,4,3,0,0,0,0,0,,,,,,,,,,,,,,,,,,0,0,espn-401872936.json
2,401872936,2026-09-20T17:00Z,NYJ,GB,home,4426676,00-0039431,Jowon Briggs,91,,,,,,,,,,,,,,,,,,,,,4,1,1,0,0,0,0,,,,,,,,,,,,,,,,,,0,0,espn-401872936.json
2,401872936,2026-09-20T17:00Z,NYJ,GB,home,4428617,00-0039886,T'Vondre Sweat,99,,,,,,,,,,,,,,,,,,,,,4,1,0,0,0,0,0,,,,,,,,,,,,,,,,,,0,0,espn-401872936.json
2,401872936,2026-09-20T17:00Z,NYJ,GB,home,4362840,00-0037083,Kingsley Enagbare,52,,,,,,,,,,,,,,,,,,,,,3,2,1,1,0,1,0,,,,,,,,,,,,,,,,,,0,0,espn-401872936.json
2,401872936,2026-09-20T17:00Z,NYJ,GB,home,4685248,00-0041026,David Bailey,31,,,,,,,,,,,,,,,,,,,,,3,2,1,1,0,1,0,,,,,,,,,,,,,,,,,,0,0,espn-401872936.json
2,401872936,2026-09-20T17:00Z,NYJ,GB,home,3116177,00-0035617,Troy Reeder,50,,,,,,,,,,,,,,,,,,,,,3,1,0,0,0,0,0,,,,,,,,,,,,,,,,,,0,0,espn-401872936.json
2,401872936,2026-09-20T17:00Z,NYJ,GB,home,4429005,00-0039284,Braiden McGregor,55,,,,,,,,,,,,,,,,,,,,,3,1,0,0,0,0,0,,,,,,,,,,,,,,,,,,0,0,espn-401872936.json
2,401872936,2026-09-20T17:00Z,NYJ,GB,home,4685596,00-0040133,Azareye'h Thomas,1,,,,,,,,,,,,,,,,,,,,,2,2,0,1,1,0,0,,,,,,,,,,,,,,,,,,0,0,espn-401872936.json
2,401872936,2026-09-20T17:00Z,NYJ,GB,home,4426817,00-0039372,Jarvis Brownlee Jr.,2,,,,,,,,,,,,,,,,,,,,,2,1,0,0,0,0,0,,,,,,,,,,,,,,,,,,0,0,espn-401872936.json
2,401872936,2026-09-20T17:00Z,NYJ,GB,home,4612836,00-0041549,Darrell Jackson Jr.,95,,,,,,,,,,,,,,,,,,,,,2,1,0,0,0,0,0,,,,,,,,,,,,,,,,,,0,0,espn-401872936.json
2,401872936,2026-09-20T17:00Z,NYJ,GB,home,3125107,00-0034959,Andrew Beck,47,,,,,,,,,,,,,,,,,,,,,1,1,0,0,0,0,0,,,,,,,,,,,,,,,,,,0,0,espn-401872936.json
2,401872936,2026-09-20T17:00Z,NYJ,GB,home,4429105,00-0040582,Arian Smith,82,,,,,,,,,,,,,,,,,,,,,1,1,0,0,0,0,0,,,,,,,,,,,,,,,,,,0,0,espn-401872936.json
2,401872936,2026-09-20T17:00Z,NYJ,GB,home,4695404,00-0039798,Isaiah Davis,32,,,,,,,,,,,,,,,,,,,,,1,1,0,0,0,0,0,,,,,,,,,,,,,,,,,,0,0,espn-401872936.json
2,401872936,2026-09-20T17:00Z,NYJ,GB,home,2983155,00-0033260,Thomas Hennessy,42,,,,,,,,,,,,,,,,,,,,,1,0,0,0,0,0,0,,,,,,,,,,,,,,,,,,0,0,espn-401872936.json
2,401872936,2026-09-20T17:00Z,NYJ,GB,home,3124679,00-0034794,Jason Sanders,19,,,,,,,,,,,,,,,,,,,,,1,0,0,0,0,0,0,,,,,,,,,,1,1,32,2,2,5,,,0,0,espn-401872936.json
2,401872936,2026-09-20T17:00Z,NYJ,GB,home,4692024,00-0040165,Malachi Moore,27,,,,,,,,,,,,,,,,,,,,,1,0,0,0,0,0,0,,,,,,,,,,,,,,,,,,0,0,espn-401872936.json
2,401872936,2026-09-20T17:00Z,NYJ,GB,home,4427982,00-0039634,Austin McNamara,14,,,,,,,,,,,,,,,,,,,,,,,,,,,,,,,,,,,,,,,,,,,7,344,0,0,espn-401872936.json
2,401872937,2026-09-20T17:00Z,MIN,CHI,away,2573079,00-0032950,Carson Wentz,11,11,20,143,0,0,3,16,31.5,77.7,3,6,0,4,,,,,,1,0,,,,,,,,,,,,,,,,,,,,,,,,,0,0,espn-401872937.json
2,401872937,2026-09-20T17:00Z,MIN,CHI,away,3042519,00-0033293,Aaron Jones Sr.,33,,,,,,,,,,23,105,0,20,,,,,,,,,,,,,,,,,,,,,,,,,,,,,,,,0,0,espn-401872937.json
2,401872937,2026-09-20T17:00Z,MIN,CHI,away,4240631,00-0036425,DeeJay Dallas,31,,,,,,,,,,2,8,0,4,1,1,12,0,12,,,,,,,,,,,,,,,,,,,,,,,,,,,0,0,espn-401872937.json
2,401872937,2026-09-20T17:00Z,MIN,CHI,away,4262921,00-0036322,Justin Jefferson,18,,,,,,,,,,,,,,3,6,55,0,30,,,,,,,,,,,,,,,,,,,,,,,,,,,0,0,espn-401872937.json
2,401872937,2026-09-20T17:00Z,MIN,CHI,away,4036133,00-0035229,T.J. Hockenson,87,,,,,,,,,,,,,,3,4,29,0,19,,,,,,,,,,,,,,,,,,,,,,,,,,,0,0,espn-401872937.json
2,401872937,2026-09-20T17:00Z,MIN,CHI,away,3921690,00-0035249,Josh Oliver,84,,,,,,,,,,,,,,1,1,24,0,24,,,,,,,,,,,,,,,,,,,,,,,,,,,0,0,espn-401872937.json
2,401872937,2026-09-20T17:00Z,MIN,CHI,away,4429205,00-0038994,Jordan Addison,3,,,,,,,,,,,,,,2,5,21,0,15,,,,,,,,,,,,,,,,,,,,,,,,,,,0,0,espn-401872937.json
2,401872937,2026-09-20T17:00Z,MIN,CHI,away,4832846,00-0041104,Demond Claiborne,21,,,,,,,,,,,,,,1,1,2,0,2,,,,,,,,,,,,,,,,,,,,,,,,,,,0,0,espn-401872937.json
2,401872937,2026-09-20T17:00Z,MIN,CHI,away,4430656,00-0040506,Myles Price,4,,,,,,,,,,,,,,0,1,0,0,0,,,,,,,,,,,,,2,42,0,1,11,0,,,,,,,,,0,0,espn-401872937.json
2,401872937,2026-09-20T17:00Z,MIN,CHI,away,4044540,00-0036222,Isaiah Rodgers,2,,,,,,,,,,,,,,,,,,,0,0,4,2,0,0,1,0,0,,,,,,,,,,,,,,,,,,0,0,espn-401872937.json
2,401872937,2026-09-20T17:00Z,MIN,CHI,away,3728281,00-0035276,Blake Cashman,51,,,,,,,,,,,,,,,,,,,,,10,6,1,0,0,1,0,,,,,,,,,,,,,,,,,,0,0,espn-401872937.json
2,401872937,2026-09-20T17:00Z,MIN,CHI,away,4038999,00-0035236,Byron Murphy Jr.,7,,,,,,,,,,,,,,,,,,,,,7,4,0,0,2,0,0,1,-1,0,,,,,,,,,,,,,,,0,0,espn-401872937.json
2,401872937,2026-09-20T17:00Z,MIN,CHI,away,4046537,,Joshua Metellus,44,,,,,,,,,,,,,,,,,,,,,7,4,0,0,1,0,0,,,,,,,,,,,,,,,,,,0,0,espn-401872937.json
2,401872937,2026-09-20T17:00Z,MIN,CHI,away,3056916,00-0033336,Eric Wilson,55,,,,,,,,,,,,,,,,,,,,,7,3,0,0,0,1,0,,,,,,,,,,,,,,,,,,0,0,espn-401872937.json
2,401872937,2026-09-20T17:00Z,MIN,CHI,away,4602019,00-0041033,Caleb Banks,95,,,,,,,,,,,,,,,,,,,,,6,3,0,1,0,0,0,,,,,,,,,,,,,,,,,,0,0,espn-401872937.json
2,401872937,2026-09-20T17:00Z,MIN,CHI,away,4565190,00-0039924,Dallas Turner,15,,,,,,,,,,,,,,,,,,,,,5,3,2,2,0,4,0,,,,,,,,,,,,,,,,,,0,0,espn-401872937.json
2,401872937,2026-09-20T17:00Z,MIN,CHI,away,4360277,00-0038778,Jalen Redmond,61,,,,,,,,,,,,,,,,,,,,,4,2,0,0,1,0,0,,,,,,,,,,,,,,,,,,0,0,espn-401872937.json
2,401872937,2026-09-20T17:00Z,MIN,CHI,away,3133487,00-0035272,Andrew Van Ginkel,43,,,,,,,,,,,,,,,,,,,,,3,3,1,1,0,3,0,,,,,,,,,,,,,,,,,,0,0,espn-401872937.json
2,401872937,2026-09-20T17:00Z,MIN,CHI,away,14945,00-0029606,Harrison Smith,22,,,,,,,,,,,,,,,,,,,,,3,3,0,0,0,0,0,,,,,,,,,,,,,,,,,,0,0,espn-401872937.json
2,401872937,2026-09-20T17:00Z,MIN,CHI,away,4242436,00-0037301,Theo Jackson,26,,,,,,,,,,,,,,,,,,,,,3,2,0,0,1,0,0,,,,,,,,,,,,,,,,,,0,0,espn-401872937.json
2,401872937,2026-09-20T17:00Z,MIN,CHI,away,4430280,00-0038807,Ivan Pace Jr.,0,,,,,,,,,,,,,,,,,,,,,3,0,0,0,0,0,0,,,,,,,,,,,,,,,,,,0,0,espn-401872937.json
2,401872937,2026-09-20T17:00Z,MIN,CHI,away,4259252,00-0035795,James Pierre,23,,,,,,,,,,,,,,,,,,,,,2,2,0,0,1,0,0,,,,,,,,,,,,,,,,,,0,0,espn-401872937.json
2,401872937,2026-09-20T17:00Z,MIN,CHI,away,4629149,00-0040173,Tyrion Ingram-Dawkins,90,,,,,,,,,,,,,,,,,,,,,2,1,0,0,0,0,0,,,,,,,,,,,,,,,,,,0,0,espn-401872937.json
2,401872937,2026-09-20T17:00Z,MIN,CHI,away,4698728,00-0041046,Domonique Orange,97,,,,,,,,,,,,,,,,,,,,,2,0,0,0,0,0,0,,,,,,,,,,,,,,,,,,0,0,espn-401872937.json
2,401872937,2026-09-20T17:00Z,MIN,CHI,away,5093973,00-0039421,Levi Drake Rodriguez,50,,,,,,,,,,,,,,,,,,,,,2,0,0,0,0,0,0,,,,,,,,,,,,,,,,,,0,0,espn-401872937.json
2,401872937,2026-09-20T17:00Z,MIN,CHI,away,15726,00-0029714,Andrew DePaola,42,,,,,,,,,,,,,,,,,,,,,1,1,0,0,0,0,0,,,,,,,,,,,,,,,,,,0,0,espn-401872937.json
2,401872937,2026-09-20T17:00Z,MIN,CHI,away,16772,00-0031360,Kyle Van Noy,17,,,,,,,,,,,,,,,,,,,,,1,1,0,1,0,0,0,,,,,,,,,,,,,,,,,,0,0,espn-401872937.json
2,401872937,2026-09-20T17:00Z,MIN,CHI,away,4875564,00-0039718,Bo Richter,98,,,,,,,,,,,,,,,,,,,,,1,1,0,0,0,0,0,,,,,,,,,,,,,,,,,,0,0,espn-401872937.json
2,401872937,2026-09-20T17:00Z,MIN,CHI,away,4431520,00-0040496,Chaz Chambliss,32,,,,,,,,,,,,,,,,,,,,,1,0,0,0,0,0,0,,,,,,,,,,,,,,,,,,0,0,espn-401872937.json
2,401872937,2026-09-20T17:00Z,MIN,CHI,away,4568007,00-0038578,Jay Ward,24,,,,,,,,,,,,,,,,,,,,,1,0,0,0,0,0,0,,,,,,,,,,,,,,,,,,0,0,espn-401872937.json
2,401872937,2026-09-20T17:00Z,MIN,CHI,away,4877652,00-0041495,Jake Golday,41,,,,,,,,,,,,,,,,,,,,,1,0,0,0,0,0,0,,,,,,,,,,,,,,,,,,0,0,espn-401872937.json
2,401872937,2026-09-20T17:00Z,MIN,CHI,away,5082397,00-0041354,Jacob Thomas,29,,,,,,,,,,,,,,,,,,,,,1,0,0,0,0,1,0,,,,,,,,,,,,,,,,,,0,0,espn-401872937.json
2,401872937,2026-09-20T17:00Z,MIN,CHI,away,4567104,00-0039404,Will Reichard,16,,,,,,,,,,,,,,,,,,,,,,,,,,,,,,,,,,,,,3,3,49,0,0,9,,,0,0,espn-401872937.json
2,401872937,2026-09-20T17:00Z,MIN,CHI,away,4799994,00-0041581,Brett Thorson,19,,,,,,,,,,,,,,,,,,,,,,,,,,,,,,,,,,,,,,,,,,,6,297,0,0,espn-401872937.json
2,401872937,2026-09-20T17:00Z,CHI,MIN,home,4431611,00-0039918,Caleb Williams,18,15,26,138,0,1,3,20,64.0,56.2,5,42,0,17,,,,,,1,0,,,,,,,,,,,,,,,,,,,,,,,,,0,0,espn-401872937.json
2,401872937,2026-09-20T17:00Z,CHI,MIN,home,4434153,00-0038416,Tyson Bagent,17,5,9,54,0,0,1,9,11.6,73.4,,,,,,,,,,,,,,,,,,,,,,,,,,,,,,,,,,,,0,0,espn-401872937.json
2,401872937,2026-09-20T17:00Z,CHI,MIN,home,4608686,00-0040236,Kyle Monangai,25,,,,,,,,,,10,47,0,15,2,2,11,0,7,,,,,,,,,,,,,,,,,,,,,,,,,,,0,0,espn-401872937.json
2,401872937,2026-09-20T17:00Z,CHI,MIN,home,4259545,00-0036275,D'Andre Swift,4,,,,,,,,,,16,45,0,12,5,6,54,0,32,1,1,,,,,,,,,,,,,,,,,,,,,,,,,0,0,espn-401872937.json
2,401872937,2026-09-20T17:00Z,CHI,MIN,home,4431299,00-0039919,Rome Odunze,15,,,,,,,,,,,,,,3,4,43,0,21,,,1,1,0,0,0,0,0,,,,,,,,,,,,,,,,,,0,0,espn-401872937.json
2,401872937,2026-09-20T17:00Z,CHI,MIN,home,2973405,00-0032464,Kalif Raymond,14,,,,,,,,,,,,,,5,5,40,0,16,,,,,,,,,,,,,,,,3,30,0,,,,,,,,,0,0,espn-401872937.json
2,401872937,2026-09-20T17:00Z,CHI,MIN,home,4685278,00-0040735,Luther Burden III,10,,,,,,,,,,,,,,3,7,32,0,18,,,,,,,,,,,,,,,,,,,,,,,,,,,0,0,espn-401872937.json
2,401872937,2026-09-20T17:00Z,CHI,MIN,home,4685504,00-0041558,Sam Roush,87,,,,,,,,,,,,,,1,3,9,0,9,,,,,,,,,,,,,,,,,,,,,,,,,,,0,0,espn-401872937.json
2,401872937,2026-09-20T17:00Z,CHI,MIN,home,4723086,00-0040126,Colston Loveland,84,,,,,,,,,,,,,,1,3,3,0,3,,,,,,,,,,,,,,,,,,,,,,,,,,,0,0,espn-401872937.json
2,401872937,2026-09-20T17:00Z,CHI,MIN,home,4258595,00-0036290,Cole Kmet,85,,,,,,,,,,,,,,0,1,0,0,0,,,,,,,,,,,,,,,,,,,,,,,,,,,0,0,espn-401872937.json
2,401872937,2026-09-20T17:00Z,CHI,MIN,home,4954445,00-0041538,Dillon Thieneman,31,,,,,,,,,,,,,,,,,,,,,7,3,0,0,1,0,0,,,,,,,,,,,,,,,,,,0,0,espn-401872937.json
2,401872937,2026-09-20T17:00Z,CHI,MIN,home,4259181,00-0036337,James Lynch,97,,,,,,,,,,,,,,,,,,,,,7,2,0,0,0,0,0,,,,,,,,,,,,,,,,,,0,0,espn-401872937.json
2,401872937,2026-09-20T17:00Z,CHI,MIN,home,3916577,00-0035357,Cam Lewis,21,,,,,,,,,,,,,,,,,,,,,5,3,0,0,0,0,0,,,,,,,,,,,,,,,,,,0,0,espn-401872937.json
2,401872937,2026-09-20T17:00Z,CHI,MIN,home,4426374,00-0039071,Tyrique Stevenson Sr.,29,,,,,,,,,,,,,,,,,,,,,5,3,0,1,1,0,0,,,,,,,,,,,,,,,,,,0,0,espn-401872937.json
2,401872937,2026-09-20T17:00Z,CHI,MIN,home,4243253,00-0036292,Jaylon Johnson,1,,,,,,,,,,,,,,,,,,,,,4,4,0,0,0,0,0,,,,,,,,,,,,,,,,,,0,0,espn-401872937.json
2,401872937,2026-09-20T17:00Z,CHI,MIN,home,4036261,00-0035525,Devin Bush,12,,,,,,,,,,,,,,,,,,,,,4,3,0,1,1,0,0,,,,,,,,,,,,,,,,,,0,0,espn-401872937.json
2,401872937,2026-09-20T17:00Z,CHI,MIN,home,3121544,00-0035386,T.J. Edwards,53,,,,,,,,,,,,,,,,,,,,,4,2,0,0,0,0,0,,,,,,,,,,,,,,,,,,0,0,espn-401872937.json
2,401872937,2026-09-20T17:00Z,CHI,MIN,home,4870953,00-0041060,Malik Muhammad II,24,,,,,,,,,,,,,,,,,,,,,3,2,1,1,0,1,0,,,,,,,,,,,,,,,,,,0,0,espn-401872937.json
2,401872937,2026-09-20T17:00Z,CHI,MIN,home,3134690,00-0035647,Montez Sweat,98,,,,,,,,,,,,,,,,,,,,,3,0,0,0,0,0,0,,,,,,,,,,,,,,,,,,0,0,espn-401872937.json
2,401872937,2026-09-20T17:00Z,CHI,MIN,home,4241007,00-0037271,D'Marco Jackson,48,,,,,,,,,,,,,,,,,,,,,3,0,0,0,0,0,0,,,,,,,,,,,,,,,,,,0,0,espn-401872937.json
2,401872937,2026-09-20T17:00Z,CHI,MIN,home,3892883,00-0036366,Neville Gallimore,90,,,,,,,,,,,,,,,,,,,,,2,2,0,0,0,0,0,,,,,,,,,,,,,,,,,,0,0,espn-401872937.json
2,401872937,2026-09-20T17:00Z,CHI,MIN,home,2576492,00-0031583,Grady Jarrett,50,,,,,,,,,,,,,,,,,,,,,2,1,0,0,0,0,0,,,,,,,,,,,,,,,,,,0,0,espn-401872937.json
2,401872937,2026-09-20T17:00Z,CHI,MIN,home,3116726,00-0034320,Kentavius Street,93,,,,,,,,,,,,,,,,,,,,,2,1,0,0,0,0,0,,,,,,,,,,,,,,,,,,0,0,espn-401872937.json
2,401872937,2026-09-20T17:00Z,CHI,MIN,home,4372576,00-0037109,Jack Sanborn,57,,,,,,,,,,,,,,,,,,,,,2,1,0,0,0,0,0,,,,,,,,,,,,,,,,,,0,0,espn-401872937.json
2,401872937,2026-09-20T17:00Z,CHI,MIN,home,3040572,00-0033579,Xavier Woods,32,,,,,,,,,,,,,,,,,,,,,2,0,0,0,0,0,0,,,,,,,,,,,,,,,,,,0,0,espn-401872937.json
2,401872937,2026-09-20T17:00Z,CHI,MIN,home,4242659,00-0036480,Dayo Odeyingbo,55,,,,,,,,,,,,,,,,,,,,,1,1,1,1,0,2,0,,,,,,,,,,,,,,,,,,0,0,espn-401872937.json
2,401872937,2026-09-20T17:00Z,CHI,MIN,home,4683553,00-0039840,Austin Booker,94,,,,,,,,,,,,,,,,,,,,,1,1,1,1,0,1,0,,,,,,,,,,,,,,,,,,0,0,espn-401872937.json
2,401872937,2026-09-20T17:00Z,CHI,MIN,home,4242402,00-0037096,Elijah Hicks,22,,,,,,,,,,,,,,,,,,,,,1,1,0,0,0,0,0,,,,,,,,,,,,,,,,,,0,0,espn-401872937.json
2,401872937,2026-09-20T17:00Z,CHI,MIN,home,4875381,00-0041110,Jordan van den Berg,96,,,,,,,,,,,,,,,,,,,,,1,1,0,0,0,0,0,,,,,,,,,,,,,,,,,,0,0,espn-401872937.json
2,401872937,2026-09-20T17:00Z,CHI,MIN,home,4879561,00-0041175,Skyler Thomas,38,,,,,,,,,,,,,,,,,,,,,1,0,0,0,0,0,0,,,,,,,,,,,,,,,,,,0,0,espn-401872937.json
2,401872937,2026-09-20T17:00Z,CHI,MIN,home,4869748,00-0041051,Zavion Thomas,13,,,,,,,,,,,,,,,,,,,,,,,,,,,,,,,3,68,0,,,,,,,,,,,,0,0,espn-401872937.json
2,401872937,2026-09-20T17:00Z,CHI,MIN,home,17427,00-0031203,Cairo Santos,8,,,,,,,,,,,,,,,,,,,,,,,,,,,,,,,,,,,,,1,2,50,0,0,3,,,0,0,espn-401872937.json
2,401872937,2026-09-20T17:00Z,CHI,MIN,home,4686889,00-0039745,Tory Taylor,19,,,,,,,,,,,,,,,,,,,,,,,,,,,,,,,,,,,,,,,,,,,4,195,0,0,espn-401872937.json
2,401872938,2026-09-20T17:00Z,NO,BAL,away,4360689,00-0040743,Tyler Shough,6,27,34,252,1,0,3,19,76.8,107.4,9,23,1,11,,,,,,1,0,,,,,,,,,,,,,,,,,,,,,,,,,1,0,espn-401872938.json
2,401872938,2026-09-20T17:00Z,NO,BAL,away,4239996,00-0036973,Travis Etienne Jr.,3,,,,,,,,,,8,25,0,8,2,2,6,0,6,0,0,,,,,,,,,,,,,,,,,,,,,,,,,0,0,espn-401872938.json
2,401872938,2026-09-20T17:00Z,NO,BAL,away,3054850,00-0033906,Alvin Kamara,41,,,,,,,,,,9,15,0,6,5,6,7,0,6,,,,,,,,,,,,,,,,,,,,,,,,,,,0,0,espn-401872938.json
2,401872938,2026-09-20T17:00Z,NO,BAL,away,5081999,00-0041326,CJ Donaldson,43,,,,,,,,,,1,2,0,2,,,,,,,,1,0,0,0,0,0,0,,,,,,,,,,,,,,,,,,0,0,espn-401872938.json
2,401872938,2026-09-20T17:00Z,NO,BAL,away,4361370,00-0037239,Chris Olave,12,,,,,,,,,,,,,,8,10,86,1,21,,,,,,,,,,,,,,,,,,,,,,,,,,,1,0,espn-401872938.json
2,401872938,2026-09-20T17:00Z,NO,BAL,away,3929645,00-0036040,Juwan Johnson,83,,,,,,,,,,,,,,4,4,66,0,25,,,,,,,,,,,,,,,,,,,,,,,,,,,0,0,espn-401872938.json
2,401872938,2026-09-20T17:00Z,NO,BAL,away,4569559,00-0039424,Devaughn Vele,14,,,,,,,,,,,,,,5,7,64,0,29,,,,,,,,,,,,,,,,,,,,,,,,,,,0,0,espn-401872938.json
2,401872938,2026-09-20T17:00Z,NO,BAL,away,4702559,00-0041041,Oscar Delp,4,,,,,,,,,,,,,,1,1,8,0,8,,,,,,,,,,,,,,,,,,,,,,,,,,,0,0,espn-401872938.json
2,401872938,2026-09-20T17:00Z,NO,BAL,away,4879276,00-0041067,Bryce Lance,18,,,,,,,,,,,,,,1,1,8,0,8,,,,,,,,,,,,,,,,,,,,,,,,,,,0,0,espn-401872938.json
2,401872938,2026-09-20T17:00Z,NO,BAL,away,4372758,00-0037231,Kevin Austin Jr.,81,,,,,,,,,,,,,,1,1,7,0,7,,,,,,,,,,,,,,,,,,,,,,,,,,,0,0,espn-401872938.json
2,401872938,2026-09-20T17:00Z,NO,BAL,away,4241993,00-0036927,Pete Werner,20,,,,,,,,,,,,,,,,,,,,,11,8,1,1,0,1,0,,,,,,,,,,,,,,,,,,0,0,espn-401872938.json
2,401872938,2026-09-20T17:00Z,NO,BAL,away,3124890,00-0035316,Kaden Elliss,55,,,,,,,,,,,,,,,,,,,,,6,4,0,1,0,2,0,,,,,,,,,,,,,,,,,,0,0,espn-401872938.json
2,401872938,2026-09-20T17:00Z,NO,BAL,away,3918310,00-0035402,Carl Granderson,96,,,,,,,,,,,,,,,,,,,,,5,2,0,1,0,0,0,,,,,,,,,,,,,,,,,,0,0,espn-401872938.json
2,401872938,2026-09-20T17:00Z,NO,BAL,away,4683215,00-0040155,Danny Stutsman,28,,,,,,,,,,,,,,,,,,,,,4,2,0,0,0,0,0,,,,,,,,,,,,,,,,,,0,0,espn-401872938.json
2,401872938,2026-09-20T17:00Z,NO,BAL,away,4076951,00-0034760,Nathan Shepherd,93,,,,,,,,,,,,,,,,,,,,,4,1,0.5,0,0,1,0,,,,,,,,,,,,,,,,,,0,0,espn-401872938.json
2,401872938,2026-09-20T17:00Z,NO,BAL,away,3931399,00-0034361,Justin Reid,21,,,,,,,,,,,,,,,,,,,,,3,3,0,0,0,0,0,,,,,,,,,,,,,,,,,,0,0,espn-401872938.json
2,401872938,2026-09-20T17:00Z,NO,BAL,away,4429568,00-0037250,Martin Emerson Jr.,22,,,,,,,,,,,,,,,,,,,,,3,3,0,0,0,0,0,,,,,,,,,,,,,,,,,,0,0,espn-401872938.json
2,401872938,2026-09-20T17:00Z,NO,BAL,away,4433975,00-0039860,Kool-Aid McKinstry,1,,,,,,,,,,,,,,,,,,,,,3,3,0,0,1,0,0,,,,,,,,,,,,,,,,,,0,0,espn-401872938.json
2,401872938,2026-09-20T17:00Z,NO,BAL,away,4683813,00-0040643,Jonas Sanker,7,,,,,,,,,,,,,,,,,,,,,3,3,0,0,0,0,0,,,,,,,,,,,,,,,,,,0,0,espn-401872938.json
2,401872938,2026-09-20T17:00Z,NO,BAL,away,3925350,00-0036193,Anfernee Jennings,33,,,,,,,,,,,,,,,,,,,,,3,1,0,0,0,0,0,,,,,,,,,,,,,,,,,,0,0,espn-401872938.json
2,401872938,2026-09-20T17:00Z,NO,BAL,away,4035661,00-0036253,Julian Blackmon,23,,,,,,,,,,,,,,,,,,,,,2,2,0,0,1,0,0,1,2,0,,,,,,,,,,,,,,,0,0,espn-401872938.json
2,401872938,2026-09-20T17:00Z,NO,BAL,away,4241986,00-0036321,Chase Young,99,,,,,,,,,,,,,,,,,,,,,2,1,1.5,1,0,2,0,,,,,,,,,,,,,,,,,,0,0,espn-401872938.json
2,401872938,2026-09-20T17:00Z,NO,BAL,away,13971,00-0027962,Cameron Jordan,94,,,,,,,,,,,,,,,,,,,,,2,1,0,0,0,0,0,,,,,,,,,,,,,,,,,,0,0,espn-401872938.json
2,401872938,2026-09-20T17:00Z,NO,BAL,away,4428350,00-0040166,Quincy Riley,29,,,,,,,,,,,,,,,,,,,,,1,1,0,0,1,0,0,,,,,,,,,,,,,,,,,,0,0,espn-401872938.json
2,401872938,2026-09-20T17:00Z,NO,BAL,away,3115383,00-0033860,Davon Godchaux,92,,,,,,,,,,,,,,,,,,,,,1,0,0,0,0,0,0,,,,,,,,,,,,,,,,,,0,0,espn-401872938.json
2,401872938,2026-09-20T17:00Z,NO,BAL,away,4240475,00-0036867,Chris Rumph II,58,,,,,,,,,,,,,,,,,,,,,1,0,0,0,0,0,0,,,,,,,,,,,,,,,,,,0,0,espn-401872938.json
2,401872938,2026-09-20T17:00Z,NO,BAL,away,4429040,00-0040642,Vernon Broughton,91,,,,,,,,,,,,,,,,,,,,,1,0,0,0,0,0,0,,,,,,,,,,,,,,,,,,0,0,espn-401872938.json
2,401872938,2026-09-20T17:00Z,NO,BAL,away,4567224,00-0038387,Colby Wooden,50,,,,,,,,,,,,,,,,,,,,,1,0,0,0,0,0,0,,,,,,,,,,,,,,,,,,0,0,espn-401872938.json
2,401872938,2026-09-20T17:00Z,NO,BAL,away,4698597,00-0041099,Barion Brown,19,,,,,,,,,,,,,,,,,,,,,,,,,,,,,,,2,73,0,2,13,0,,,,,,,,,0,0,espn-401872938.json
2,401872938,2026-09-20T17:00Z,NO,BAL,away,4383391,00-0039725,Jayden Price,38,,,,,,,,,,,,,,,,,,,,,,,,,,,,,,,1,18,0,,,,,,,,,,,,0,0,espn-401872938.json
2,401872938,2026-09-20T17:00Z,NO,BAL,away,3051909,00-0034161,Daniel Carlson,10,,,,,,,,,,,,,,,,,,,,,,,,,,,,,,,,,,,,,3,3,51,1,1,10,,,0,0,espn-401872938.json
2,401872938,2026-09-20T17:00Z,NO,BAL,away,4361823,00-0037500,Ryan Wright,17,,,,,,,,,,,,,,,,,,,,,,,,,,,,,,,,,,,,,,,,,,,3,117,0,0,espn-401872938.json
2,401872938,2026-09-20T17:00Z,BAL,NO,home,3916387,00-0034796,Lamar Jackson,8,21,31,235,1,1,3,31,72.5,87.4,4,34,0,13,,,,,,,,,,,,,,,,,,,,,,,,,,,,,,,,0,0,espn-401872938.json
2,401872938,2026-09-20T17:00Z,BAL,NO,home,3043078,00-0032764,Derrick Henry,22,,,,,,,,,,16,68,1,8,3,3,19,0,20,,,,,,,,,,,,,,,,,,,,,,,,,,,1,1,espn-401872938.json
2,401872938,2026-09-20T17:00Z,BAL,NO,home,4038441,00-0034975,Justice Hill,43,,,,,,,,,,2,6,0,6,2,2,12,0,8,,,,,,,,,,,,,,,,,,,,,,,,,,,0,0,espn-401872938.json
2,401872938,2026-09-20T17:00Z,BAL,NO,home,4360939,00-0036550,Rashod Bateman,7,,,,,,,,,,,,,,7,9,88,1,22,,,1,1,0,0,0,0,0,,,,,,,,,,,,,,,,,,1,0,espn-401872938.json
2,401872938,2026-09-20T17:00Z,BAL,NO,home,3116365,00-0034753,Mark Andrews,89,,,,,,,,,,,,,,6,7,49,0,14,,,,,,,,,,,,,,,,,,,,,,,,,,,0,0,espn-401872938.json
2,401872938,2026-09-20T17:00Z,BAL,NO,home,4696882,00-0039792,Devontez Walker,81,,,,,,,,,,,,,,1,2,47,0,47,,,,,,,,,,,,,,,,,,,,,,,,,,,0,0,espn-401872938.json
2,401872938,2026-09-20T17:00Z,BAL,NO,home,4690143,00-0040075,LaJohntay Wester,10,,,,,,,,,,,,,,1,2,14,0,14,,,,,,,,,,,,,,,,,,,,,,,,,,,0,0,espn-401872938.json
2,401872938,2026-09-20T17:00Z,BAL,NO,home,2576581,00-0032398,Chris Moore,17,,,,,,,,,,,,,,1,3,6,0,6,,,,,,,,,,,,,4,108,0,,,,,,,,,,,,0,0,espn-401872938.json
2,401872938,2026-09-20T17:00Z,BAL,NO,home,3052897,00-0034798,Durham Smythe,80,,,,,,,,,,,,,,0,1,0,0,0,,,,,,,,,,,,,,,,,,,,,,,,,,,0,0,espn-401872938.json
2,401872938,2026-09-20T17:00Z,BAL,NO,home,4575517,00-0038038,Kyle Hamilton,14,,,,,,,,,,,,,,,,,,,,,13,7,0,1,0,0,0,,,,,,,,,,,,,,,,,,0,0,espn-401872938.json
2,401872938,2026-09-20T17:00Z,BAL,NO,home,3915189,00-0034874,Roquan Smith,0,,,,,,,,,,,,,,,,,,,,,8,2,0,0,0,0,0,,,,,,,,,,,,,,,,,,0,0,espn-401872938.json
2,401872938,2026-09-20T17:00Z,BAL,NO,home,4430831,00-0038504,Trenton Simpson,32,,,,,,,,,,,,,,,,,,,,,6,5,0,1,0,0,0,,,,,,,,,,,,,,,,,,0,0,espn-401872938.json
2,401872938,2026-09-20T17:00Z,BAL,NO,home,4601278,00-0039232,Nate Wiggins,2,,,,,,,,,,,,,,,,,,,,,6,3,0,0,0,0,0,,,,,,,,,,,,,,,,,,0,0,espn-401872938.json
2,401872938,2026-09-20T17:00Z,BAL,NO,home,3858276,00-0036302,Jaylinn Hawkins,21,,,,,,,,,,,,,,,,,,,,,5,3,0,0,0,0,0,,,,,,,,,,,,,,,,,,0,0,espn-401872938.json
2,401872938,2026-09-20T17:00Z,BAL,NO,home,3126356,00-0033281,Marlon Humphrey,44,,,,,,,,,,,,,,,,,,,,,4,4,0,0,1,0,0,,,,,,,,,,,,,,,,,,0,0,espn-401872938.json
2,401872938,2026-09-20T17:00Z,BAL,NO,home,4685530,00-0040688,Malaki Starks,24,,,,,,,,,,,,,,,,,,,,,4,3,0,0,0,0,0,,,,,,,,,,,,,,,,,,0,0,espn-401872938.json
2,401872938,2026-09-20T17:00Z,BAL,NO,home,3052743,00-0033935,Trey Hendrickson,91,,,,,,,,,,,,,,,,,,,,,3,3,1,1,0,1,0,,,,,,,,,,,,,,,,,,0,0,espn-401872938.json
2,401872938,2026-09-20T17:00Z,BAL,NO,home,4839501,00-0041494,Zion Young,9,,,,,,,,,,,,,,,,,,,,,3,2,0,0,0,0,0,,,,,,,,,,,,,,,,,,0,0,espn-401872938.json
2,401872938,2026-09-20T17:00Z,BAL,NO,home,3915837,00-0036081,Broderick Washington Jr.,96,,,,,,,,,,,,,,,,,,,,,3,1,0,0,0,0,0,,,,,,,,,,,,,,,,,,0,0,espn-401872938.json
2,401872938,2026-09-20T17:00Z,BAL,NO,home,4683188,00-0040722,Mike Green,15,,,,,,,,,,,,,,,,,,,,,2,2,1,2,0,2,0,,,,,,,,,,,,,,,,,,0,0,espn-401872938.json
2,401872938,2026-09-20T17:00Z,BAL,NO,home,4690179,00-0038505,Tavius Robinson,95,,,,,,,,,,,,,,,,,,,,,2,2,1,1,0,1,0,,,,,,,,,,,,,,,,,,0,0,espn-401872938.json
2,401872938,2026-09-20T17:00Z,BAL,NO,home,4702918,00-0040885,Chandler Rivers,29,,,,,,,,,,,,,,,,,,,,,2,2,0,1,0,0,0,,,,,,,,,,,,,,,,,,0,0,espn-401872938.json
2,401872938,2026-09-20T17:00Z,BAL,NO,home,15846,00-0030070,John Jenkins,94,,,,,,,,,,,,,,,,,,,,,2,1,0,0,0,0,0,,,,,,,,,,,,,,,,,,0,0,espn-401872938.json
2,401872938,2026-09-20T17:00Z,BAL,NO,home,4878287,00-0040104,Keondre Jackson,39,,,,,,,,,,,,,,,,,,,,,2,0,0,0,0,0,0,,,,,,,,,,,,,,,,,,0,0,espn-401872938.json
2,401872938,2026-09-20T17:00Z,BAL,NO,home,4362139,00-0037756,Travis Jones,98,,,,,,,,,,,,,,,,,,,,,1,1,0,0,1,0,0,,,,,,,,,,,,,,,,,,0,0,espn-401872938.json
2,401872938,2026-09-20T17:00Z,BAL,NO,home,4565350,00-0040100,Jay Higgins IV,49,,,,,,,,,,,,,,,,,,,,,1,1,0,0,0,0,0,,,,,,,,,,,,,,,,,,0,0,espn-401872938.json
2,401872938,2026-09-20T17:00Z,BAL,NO,home,4697745,00-0040074,Tyler Loop,33,,,,,,,,,,,,,,,,,,,,,1,1,0,0,0,0,0,,,,,,,,,,1,2,49,2,2,5,,,0,0,espn-401872938.json
2,401872938,2026-09-20T17:00Z,BAL,NO,home,11284,00-0026190,Calais Campbell,93,,,,,,,,,,,,,,,,,,,,,1,0,0,0,0,0,0,,,,,,,,,,,,,,,,,,0,0,espn-401872938.json
2,401872938,2026-09-20T17:00Z,BAL,NO,home,4690013,00-0039796,Rasheen Ali,26,,,,,,,,,,,,,,,,,,,,,1,0,0,0,0,0,0,,,,,,,,,,,,,,,,,,0,0,espn-401872938.json
2,401872938,2026-09-20T17:00Z,BAL,NO,home,4908867,00-0040978,Ethan Burke,97,,,,,,,,,,,,,,,,,,,,,1,0,0,0,0,0,0,,,,,,,,,,,,,,,,,,0,0,espn-401872938.json
2,401872938,2026-09-20T17:00Z,BAL,NO,home,5084956,00-0040898,Ryan Eckley,30,,,,,,,,,,,,,,,,,,,,,,,,,,,,,,,,,,,,,,,,,,,3,124,0,0,espn-401872938.json
2,401872939,2026-09-20T17:00Z,PHI,TEN,away,4040715,00-0036389,Jalen Hurts,1,26,37,264,2,2,3,12,78.6,85.9,5,16,0,7,,,,,,,,,,,,,,,,,,,,,,,,,,,,,,,,0,0,espn-401872939.json
2,401872939,2026-09-20T17:00Z,PHI,TEN,away,4429013,00-0038555,Tank Bigsby,8,,,,,,,,,,13,33,1,9,2,2,5,0,7,,,1,1,0,0,0,0,0,,,,,,,,,,,,,,,,,,1,0,espn-401872939.json
2,401872939,2026-09-20T17:00Z,PHI,TEN,away,4431545,00-0039746,Will Shipley,28,,,,,,,,,,7,24,0,7,2,2,5,0,7,,,,,,,,,,,,,,,,,,,,,,,,,,,0,0,espn-401872939.json
2,401872939,2026-09-20T17:00Z,PHI,TEN,away,4241372,,Hollywood Brown,0,,,,,,,,,,2,12,0,9,,,,,,,,,,,,,,,,,,,,,,,,,,,,,,,,0,0,espn-401872939.json
2,401872939,2026-09-20T17:00Z,PHI,TEN,away,3929630,00-0034844,Saquon Barkley,26,,,,,,,,,,4,9,0,4,1,2,11,0,11,,,,,,,,,,,,,,,,,,,,,,,,,,,0,0,espn-401872939.json
2,401872939,2026-09-20T17:00Z,PHI,TEN,away,4870795,00-0040867,Makai Lemon,9,,,,,,,,,,1,-5,0,-5,1,1,14,0,14,,,1,1,0,0,0,0,0,,,,,,,,,,,,,,,,,,0,0,espn-401872939.json
2,401872939,2026-09-20T17:00Z,PHI,TEN,away,4241478,00-0036912,DeVonta Smith,6,,,,,,,,,,,,,,10,13,117,1,22,,,1,1,0,0,0,0,0,,,,,,,,,,,,,,,,,,1,0,espn-401872939.json
2,401872939,2026-09-20T17:00Z,PHI,TEN,away,4428850,00-0038393,Dontayvion Wicks,13,,,,,,,,,,,,,,5,6,74,0,27,,,,,,,,,,,,,,,,,,,,,,,,,,,0,0,espn-401872939.json
2,401872939,2026-09-20T17:00Z,PHI,TEN,away,4715355,00-0040024,Darius Cooper,80,,,,,,,,,,,,,,2,3,26,1,23,,,1,1,0,0,0,0,0,,,,,,,,,,,,,,,,,,1,0,espn-401872939.json
2,401872939,2026-09-20T17:00Z,PHI,TEN,away,3052096,00-0033246,Johnny Mundt,83,,,,,,,,,,,,,,2,3,8,0,6,,,,,,,,,,,,,,,,,,,,,,,,,,,0,0,espn-401872939.json
2,401872939,2026-09-20T17:00Z,PHI,TEN,away,3121023,00-0034351,Dallas Goedert,88,,,,,,,,,,,,,,1,3,4,0,4,,,,,,,,,,,,,,,,,,,,,,,,,,,0,0,espn-401872939.json
2,401872939,2026-09-20T17:00Z,PHI,TEN,away,4685287,00-0040708,Jihaad Campbell,11,,,,,,,,,,,,,,,,,,,,,10,6,0,0,0,0,0,,,,,,,,,,,,,,,,,,0,0,espn-401872939.json
2,401872939,2026-09-20T17:00Z,PHI,TEN,away,4686273,00-0039888,Quinyon Mitchell,27,,,,,,,,,,,,,,,,,,,,,6,5,0,0,0,0,0,,,,,,,,,,,,,,,,,,0,0,espn-401872939.json
2,401872939,2026-09-20T17:00Z,PHI,TEN,away,4602197,00-0040749,Andrew Mukuba,24,,,,,,,,,,,,,,,,,,,,,6,2,0,0,0,0,0,,,,,,,,,,,,,,,,,,0,0,espn-401872939.json
2,401872939,2026-09-20T17:00Z,PHI,TEN,away,4571162,00-0039740,Jalyx Hunt,58,,,,,,,,,,,,,,,,,,,,,5,5,0,1,0,1,0,,,,,,,,,,,,,,,,,,0,0,espn-401872939.json
2,401872939,2026-09-20T17:00Z,PHI,TEN,away,4682618,00-0039841,Cooper DeJean,33,,,,,,,,,,,,,,,,,,,,,5,2,0,0,0,0,0,,,,,,,,,,,,,,,,,,0,0,espn-401872939.json
2,401872939,2026-09-20T17:00Z,PHI,TEN,away,3917657,00-0036418,Zack Baun,53,,,,,,,,,,,,,,,,,,,,,4,2,0,1,0,0,0,,,,,,,,,,,,,,,,,,0,0,espn-401872939.json
2,401872939,2026-09-20T17:00Z,PHI,TEN,away,4362116,00-0038412,Moro Ojomo,97,,,,,,,,,,,,,,,,,,,,,4,2,0,1,0,0,0,,,,,,,,,,,,,,,,,,0,0,espn-401872939.json
2,401872939,2026-09-20T17:00Z,PHI,TEN,away,4245185,00-0037079,Riq Woolen,2,,,,,,,,,,,,,,,,,,,,,3,3,0,0,1,0,0,,,,,,,,,,,,,,,,,,0,0,espn-401872939.json
2,401872939,2026-09-20T17:00Z,PHI,TEN,away,4426331,00-0039013,Nolan Smith Jr.,3,,,,,,,,,,,,,,,,,,,,,3,2,1,2,0,1,0,,,,,,,,,,,,,,,,,,0,0,espn-401872939.json
2,401872939,2026-09-20T17:00Z,PHI,TEN,away,4432777,00-0039826,Jeremiah Trotter Jr.,54,,,,,,,,,,,,,,,,,,,,,2,2,0,0,0,0,0,,,,,,,,,,,,,,,,,,0,0,espn-401872939.json
2,401872939,2026-09-20T17:00Z,PHI,TEN,away,3139368,00-0034993,Marcus Epps,29,,,,,,,,,,,,,,,,,,,,,2,1,0,0,0,0,0,,,,,,,,,,,,,,,,,,0,0,espn-401872939.json
2,401872939,2026-09-20T17:00Z,PHI,TEN,away,4257591,00-0038116,Arnold Ebiketie,17,,,,,,,,,,,,,,,,,,,,,2,1,0,0,0,0,0,,,,,,,,,,,,,,,,,,0,0,espn-401872939.json
2,401872939,2026-09-20T17:00Z,PHI,TEN,away,4685759,00-0038386,Jalen Carter,98,,,,,,,,,,,,,,,,,,,,,1,1,1,1,0,1,0,,,,,,,,,,,,,,,,,,0,0,espn-401872939.json
2,401872939,2026-09-20T17:00Z,PHI,TEN,away,4381558,00-0037073,Jordan Davis,90,,,,,,,,,,,,,,,,,,,,,1,1,0,0,0,0,0,,,,,,,,,,,,,,,,,,0,0,espn-401872939.json
2,401872939,2026-09-20T17:00Z,PHI,TEN,away,4431573,00-0040013,Smael Mondon Jr.,42,,,,,,,,,,,,,,,,,,,,,1,1,0,0,0,0,0,,,,,,,,,,,,,,,,,,0,0,espn-401872939.json
2,401872939,2026-09-20T17:00Z,PHI,TEN,away,3926231,00-0037132,Britain Covey,85,,,,,,,,,,,,,,,,,,,,,,,,,,,,,,,,,,2,31,0,,,,,,,,,0,0,espn-401872939.json
2,401872939,2026-09-20T17:00Z,PHI,TEN,away,3050478,00-0033787,Jake Elliott,4,,,,,,,,,,,,,,,,,,,,,,,,,,,,,,,,,,,,,1,1,58,3,3,6,,,0,0,espn-401872939.json
2,401872939,2026-09-20T17:00Z,PHI,TEN,away,4035239,00-0036313,Braden Mann,10,,,,,,,,,,,,,,,,,,,,,,,,,,,,,,,,,,,,,,,,,,,2,110,0,0,espn-401872939.json
2,401872939,2026-09-20T17:00Z,TEN,PHI,home,4688380,00-0040676,Cam Ward,1,13,20,183,0,0,2,14,60.1,94.4,4,7,2,4,,,,,,,,,,,,,,,,,,,,,,,,,,,,,,,,2,1,espn-401872939.json
2,401872939,2026-09-20T17:00Z,TEN,PHI,home,3916148,00-0035261,Tony Pollard,20,,,,,,,,,,14,64,0,18,1,1,1,0,1,,,,,,,,,,,,,,,,,,,,,,,,,,,0,0,espn-401872939.json
2,401872939,2026-09-20T17:00Z,TEN,PHI,home,4428557,00-0039032,Tyjae Spears,2,,,,,,,,,,7,41,0,27,2,2,29,0,27,1,0,,,,,,,,,,,,,,,,,,,,,,,,,0,0,espn-401872939.json
2,401872939,2026-09-20T17:00Z,TEN,PHI,home,4685555,00-0040886,Nicholas Singleton,32,,,,,,,,,,4,10,0,6,,,,,,,,,,,,,,,,,,,,,,,,,,,,,,,,0,0,espn-401872939.json
2,401872939,2026-09-20T17:00Z,TEN,PHI,home,4883647,00-0040170,Elic Ayomanor,5,,,,,,,,,,,,,,2,3,69,0,41,,,,,,,,,,,,,,,,,,,,,,,,,,,0,0,espn-401872939.json
2,401872939,2026-09-20T17:00Z,TEN,PHI,home,3925357,00-0034837,Calvin Ridley,0,,,,,,,,,,,,,,2,2,35,0,25,,,,,,,,,,,,,,,,,,,,,,,,,,,0,0,espn-401872939.json
2,401872939,2026-09-20T17:00Z,TEN,PHI,home,4871023,00-0041438,Carnell Tate,14,,,,,,,,,,,,,,3,5,27,0,15,,,,,,,,,,,,,,,,,,,,,,,,,,,0,0,espn-401872939.json
2,401872939,2026-09-20T17:00Z,TEN,PHI,home,4686728,00-0040584,Gunnar Helm,84,,,,,,,,,,,,,,2,2,13,0,8,,,,,,,,,,,,,,,,,,,,,,,,,,,0,0,espn-401872939.json
2,401872939,2026-09-20T17:00Z,TEN,PHI,home,4569587,00-0038117,Wan'Dale Robinson,4,,,,,,,,,,,,,,1,1,9,0,9,,,,,,,,,,,,,,,,,,,,,,,,,,,0,0,espn-401872939.json
2,401872939,2026-09-20T17:00Z,TEN,PHI,home,4361516,00-0038115,Daniel Bellinger,82,,,,,,,,,,,,,,0,1,0,0,0,,,,,,,,,,,,,,,,,,,,,,,,,,,0,0,espn-401872939.json
2,401872939,2026-09-20T17:00Z,TEN,PHI,home,4870805,00-0041479,Anthony Hill Jr.,53,,,,,,,,,,,,,,,,,,,,,10,5,0,0,0,0,0,,,,,,,,,,,,,,,,,,0,0,espn-401872939.json
2,401872939,2026-09-20T17:00Z,TEN,PHI,home,4685617,00-0040141,Kevin Winston Jr.,23,,,,,,,,,,,,,,,,,,,,,8,5,0,0,0,0,0,,,,,,,,,,,,,,,,,,0,0,espn-401872939.json
2,401872939,2026-09-20T17:00Z,TEN,PHI,home,4695280,00-0040020,Micah Robinson,21,,,,,,,,,,,,,,,,,,,,,8,3,0,1,0,0,0,,,,,,,,,,,,,,,,,,0,0,espn-401872939.json
2,401872939,2026-09-20T17:00Z,TEN,PHI,home,4570469,00-0040201,Marcus Harris,26,,,,,,,,,,,,,,,,,,,,,6,4,0,1,1,0,0,1,3,0,,,,,,,,,,,,,,,0,0,espn-401872939.json
2,401872939,2026-09-20T17:00Z,TEN,PHI,home,4035369,00-0035643,Jeffery Simmons,98,,,,,,,,,,,,,,,,,,,,,6,3,1,1,1,3,0,,,,,,,,,,,,,,,,,,0,0,espn-401872939.json
2,401872939,2026-09-20T17:00Z,TEN,PHI,home,4036134,00-0035632,Amani Hooker,37,,,,,,,,,,,,,,,,,,,,,6,3,0,0,1,0,0,1,92,0,,,,,,,,,,,,,,,0,0,espn-401872939.json
2,401872939,2026-09-20T17:00Z,TEN,PHI,home,4369835,00-0038121,Alontae Taylor,24,,,,,,,,,,,,,,,,,,,,,5,5,0,2,0,0,0,,,,,,,,,,,,,,,,,,0,0,espn-401872939.json
2,401872939,2026-09-20T17:00Z,TEN,PHI,home,4429834,00-0039858,Cedric Gray,33,,,,,,,,,,,,,,,,,,,,,4,3,0,1,0,0,0,,,,,,,,,,,,,,,,,,0,0,espn-401872939.json
2,401872939,2026-09-20T17:00Z,TEN,PHI,home,3926229,00-0035672,Cody Barton,50,,,,,,,,,,,,,,,,,,,,,4,2,0,0,0,0,0,,,,,,,,,,,,,,,,,,0,0,espn-401872939.json
2,401872939,2026-09-20T17:00Z,TEN,PHI,home,3117258,00-0033870,Solomon Thomas,90,,,,,,,,,,,,,,,,,,,,,4,1,0,0,0,0,0,,,,,,,,,,,,,,,,,,0,0,espn-401872939.json
2,401872939,2026-09-20T17:00Z,TEN,PHI,home,3120464,00-0034805,John Franklin-Myers,91,,,,,,,,,,,,,,,,,,,,,2,1,1,0,0,1,0,,,,,,,,,,,,,,,,,,0,0,espn-401872939.json
2,401872939,2026-09-20T17:00Z,TEN,PHI,home,4567962,00-0037663,Jermaine Johnson II,11,,,,,,,,,,,,,,,,,,,,,2,1,0,0,0,0,0,,,,,,,,,,,,,,,,,,0,0,espn-401872939.json
2,401872939,2026-09-20T17:00Z,TEN,PHI,home,3138764,00-0034163,Jacob Martin,57,,,,,,,,,,,,,,,,,,,,,1,1,1,1,0,2,0,,,,,,,,,,,,,,,,,,0,0,espn-401872939.json
2,401872939,2026-09-20T17:00Z,TEN,PHI,home,4035663,00-0036421,Terrell Burgess,38,,,,,,,,,,,,,,,,,,,,,1,1,0,0,0,0,0,,,,,,,,,,,,,,,,,,0,0,espn-401872939.json
2,401872939,2026-09-20T17:00Z,TEN,PHI,home,4367567,00-0037594,Julius Chestnut,36,,,,,,,,,,,,,,,,,,,,,1,1,0,0,0,0,0,,,,,,,,,,,,,,,,,,0,0,espn-401872939.json
2,401872939,2026-09-20T17:00Z,TEN,PHI,home,4367828,00-0038514,Truman Jones,56,,,,,,,,,,,,,,,,,,,,,1,1,0,0,0,0,0,,,,,,,,,,,,,,,,,,0,0,espn-401872939.json
2,401872939,2026-09-20T17:00Z,TEN,PHI,home,4429142,00-0040041,Nazir Stackhouse,93,,,,,,,,,,,,,,,,,,,,,1,1,0,1,0,0,0,,,,,,,,,,,,,,,,,,0,0,espn-401872939.json
2,401872939,2026-09-20T17:00Z,TEN,PHI,home,4876057,00-0040752,Oluwafemi Oladejo,7,,,,,,,,,,,,,,,,,,,,,1,1,0,0,0,0,0,,,,,,,,,,,,,,,,,,0,0,espn-401872939.json
2,401872939,2026-09-20T17:00Z,TEN,PHI,home,4039052,00-0036266,Jordan Elliott,95,,,,,,,,,,,,,,,,,,,,,1,0,0,0,0,0,0,,,,,,,,,,,,,,,,,,0,0,espn-401872939.json
2,401872939,2026-09-20T17:00Z,TEN,PHI,home,4373320,00-0038620,Erick Hallett II,41,,,,,,,,,,,,,,,,,,,,,1,0,0,0,0,0,0,,,,,,,,,,,,,,,,,,0,0,espn-401872939.json
2,401872939,2026-09-20T17:00Z,TEN,PHI,home,4870707,00-0041508,Keldric Faulk,15,,,,,,,,,,,,,,,,,,,,,1,0,0,0,0,0,0,,,,,,,,,,,,,,,,,,0,0,espn-401872939.json
2,401872939,2026-09-20T17:00Z,TEN,PHI,home,4431268,00-0040705,Chimere Dike,17,,,,,,,,,,,,,,,,,,,,,,,,,,,,,,,4,101,0,1,9,0,,,,,,,,,0,0,espn-401872939.json
2,401872939,2026-09-20T17:00Z,TEN,PHI,home,3124084,00-0035192,Joey Slye,6,,,,,,,,,,,,,,,,,,,,,,,,,,,,,,,,,,,,,2,2,37,2,2,8,,,0,0,espn-401872939.json
2,401872939,2026-09-20T17:00Z,TEN,PHI,home,3915398,00-0035889,Tommy Townsend,3,,,,,,,,,,,,,,,,,,,,,,,,,,,,,,,,,,,,,,,,,,,4,203,0,0,espn-401872939.json
2,401872940,2026-09-20T20:05Z,JAX,DEN,away,4360310,00-0036971,Trevor Lawrence,16,17,29,189,0,1,2,16,53.5,63.7,2,6,0,3,,,,,,,,,,,,,,,,,,,,,,,,,,,,,,,,0,0,espn-401872940.json
2,401872940,2026-09-20T20:05Z,JAX,DEN,away,4882093,00-0040719,Bhayshul Tuten,33,,,,,,,,,,13,65,1,16,2,2,-3,0,0,,,,,,,,,,,,,,,,,,,,,,,,,,,1,1,espn-401872940.json
2,401872940,2026-09-20T20:05Z,JAX,DEN,away,4362619,00-0038611,Chris Rodriguez Jr.,24,,,,,,,,,,6,13,0,7,,,,,,,,,,,,,,,,,,,,,,,,,,,,,,,,0,0,espn-401872940.json
2,401872940,2026-09-20T20:05Z,JAX,DEN,away,2576336,00-0032104,Ameer Abdullah,20,,,,,,,,,,3,11,0,9,1,1,2,0,2,,,,,,,,,,,,,2,54,0,,,,,,,,,,,,0,0,espn-401872940.json
2,401872940,2026-09-20T20:05Z,JAX,DEN,away,4432620,00-0038606,Parker Washington,11,,,,,,,,,,,,,,7,12,98,0,32,1,0,1,1,0,0,0,0,0,,,,,,,2,12,0,,,,,,,,,0,0,espn-401872940.json
2,401872940,2026-09-20T20:05Z,JAX,DEN,away,4432773,00-0039893,Brian Thomas Jr.,7,,,,,,,,,,,,,,3,9,40,0,22,,,,,,,,,,,,,,,,,,,,,,,,,,,0,0,espn-401872940.json
2,401872940,2026-09-20T20:05Z,JAX,DEN,away,3916433,00-0034960,Jakobi Meyers,3,,,,,,,,,,,,,,1,1,28,0,28,,,,,,,,,,,,,,,,,,,,,,,,,,,0,0,espn-401872940.json
2,401872940,2026-09-20T20:05Z,JAX,DEN,away,4430539,00-0038935,Brenton Strange,85,,,,,,,,,,,,,,2,2,17,0,14,,,,,,,,,,,,,,,,,,,,,,,,,,,0,0,espn-401872940.json
2,401872940,2026-09-20T20:05Z,JAX,DEN,away,4244049,00-0036590,Quintin Morris,80,,,,,,,,,,,,,,1,1,7,0,7,,,,,,,,,,,,,,,,,,,,,,,,,,,0,0,espn-401872940.json
2,401872940,2026-09-20T20:05Z,JAX,DEN,away,4911851,00-0040238,LeQuint Allen Jr.,5,,,,,,,,,,,,,,0,1,0,0,0,,,,,,,,,,,,,,,,,,,,,,,,,,,0,0,espn-401872940.json
2,401872940,2026-09-20T20:05Z,JAX,DEN,away,3050073,00-0034413,Foyesade Oluokun,23,,,,,,,,,,,,,,,,,,,,,7,5,0,0,0,0,0,,,,,,,,,,,,,,,,,,0,0,espn-401872940.json
2,401872940,2026-09-20T20:05Z,JAX,DEN,away,4240610,00-0038570,Ventrell Miller,51,,,,,,,,,,,,,,,,,,,,,7,3,0,0,0,0,0,,,,,,,,,,,,,,,,,,0,0,espn-401872940.json
2,401872940,2026-09-20T20:05Z,JAX,DEN,away,4429168,00-0038596,Antonio Johnson,6,,,,,,,,,,,,,,,,,,,,,6,4,0,0,0,0,0,,,,,,,,,,,,,,,,,,0,0,espn-401872940.json
2,401872940,2026-09-20T20:05Z,JAX,DEN,away,4334300,00-0034473,Dennis Gardeck,47,,,,,,,,,,,,,,,,,,,,,5,5,0,1,0,2,0,,,,,,,,,,,,,,,,,,0,0,espn-401872940.json
2,401872940,2026-09-20T20:05Z,JAX,DEN,away,3915520,00-0036262,DaVon Hamilton,52,,,,,,,,,,,,,,,,,,,,,5,2,0,0,0,0,0,,,,,,,,,,,,,,,,,,0,0,espn-401872940.json
2,401872940,2026-09-20T20:05Z,JAX,DEN,away,3045207,00-0033928,Jourdan Lewis,2,,,,,,,,,,,,,,,,,,,,,4,4,0,0,1,0,0,1,0,0,,,,,,,,,,,,,,,0,0,espn-401872940.json
2,401872940,2026-09-20T20:05Z,JAX,DEN,away,4242149,00-0037313,Montaric Brown,1,,,,,,,,,,,,,,,,,,,,,4,4,0,0,0,0,0,,,,,,,,,,,,,,,,,,0,0,espn-401872940.json
2,401872940,2026-09-20T20:05Z,JAX,DEN,away,4685415,00-0040718,Travis Hunter,12,,,,,,,,,,,,,,,,,,,,,4,4,0,0,1,0,0,,,,,,,,,,,,,,,,,,0,0,espn-401872940.json
2,401872940,2026-09-20T20:05Z,JAX,DEN,away,3915239,00-0035642,Josh Hines-Allen,41,,,,,,,,,,,,,,,,,,,,,3,0,0,0,0,0,0,,,,,,,,,,,,,,,,,,0,0,espn-401872940.json
2,401872940,2026-09-20T20:05Z,JAX,DEN,away,4426349,00-0037235,Travon Walker,44,,,,,,,,,,,,,,,,,,,,,3,0,0,0,0,1,0,,,,,,,,,,,,,,,,,,0,0,espn-401872940.json
2,401872940,2026-09-20T20:05Z,JAX,DEN,away,2970716,00-0033038,Eric Murray,29,,,,,,,,,,,,,,,,,,,,,2,2,0,0,0,0,0,,,,,,,,,,,,,,,,,,0,0,espn-401872940.json
2,401872940,2026-09-20T20:05Z,JAX,DEN,away,4426448,00-0039353,Jarrian Jones,4,,,,,,,,,,,,,,,,,,,,,2,1,0,0,1,0,0,,,,,,,,,,,,,,,,,,0,0,espn-401872940.json
2,401872940,2026-09-20T20:05Z,JAX,DEN,away,4572704,00-0040326,Branson Combs,50,,,,,,,,,,,,,,,,,,,,,2,1,0,0,0,0,0,,,,,,,,,,,,,,,,,,0,0,espn-401872940.json
2,401872940,2026-09-20T20:05Z,JAX,DEN,away,4880675,00-0040213,Rayuan Lane III,25,,,,,,,,,,,,,,,,,,,,,2,1,0,0,0,0,0,,,,,,,,,,,,,,,,,,0,0,espn-401872940.json
2,401872940,2026-09-20T20:05Z,JAX,DEN,away,2971275,00-0032164,Arik Armstead,91,,,,,,,,,,,,,,,,,,,,,1,1,0,1,0,0,0,,,,,,,,,,,,,,,,,,0,0,espn-401872940.json
2,401872940,2026-09-20T20:05Z,JAX,DEN,away,3124587,00-0035240,Jahlani Tavai,31,,,,,,,,,,,,,,,,,,,,,1,1,0,0,0,0,0,,,,,,,,,,,,,,,,,,0,0,espn-401872940.json
2,401872940,2026-09-20T20:05Z,JAX,DEN,away,3928931,00-0035827,Ross Matiscik,46,,,,,,,,,,,,,,,,,,,,,1,0,0,0,0,0,0,,,,,,,,,,,,,,,,,,0,0,espn-401872940.json
2,401872940,2026-09-20T20:05Z,JAX,DEN,away,4573319,00-0040342,Danny Striggow,92,,,,,,,,,,,,,,,,,,,,,1,0,0,0,0,0,0,,,,,,,,,,,,,,,,,,0,0,espn-401872940.json
2,401872940,2026-09-20T20:05Z,JAX,DEN,away,4612298,00-0041045,Albert Regis,98,,,,,,,,,,,,,,,,,,,,,1,0,0,0,0,0,0,,,,,,,,,,,,,,,,,,0,0,espn-401872940.json
2,401872940,2026-09-20T20:05Z,JAX,DEN,away,4879194,00-0041100,Josh Cameron,19,,,,,,,,,,,,,,,,,,,,,,,,,,,,,,,2,50,0,,,,,,,,,,,,0,0,espn-401872940.json
2,401872940,2026-09-20T20:05Z,JAX,DEN,away,4686361,00-0039409,Cam Little,39,,,,,,,,,,,,,,,,,,,,,,,,,,,,,,,,,,,,,2,3,44,1,1,7,,,0,0,espn-401872940.json
2,401872940,2026-09-20T20:05Z,JAX,DEN,away,3115480,00-0034437,Logan Cooke,9,,,,,,,,,,,,,,,,,,,,,,,,,,,,,,,,,,,,,,,,,,,4,185,0,0,espn-401872940.json
2,401872940,2026-09-20T20:05Z,DEN,JAX,home,4426338,00-0039732,Bo Nix,10,22,31,288,1,1,0,0,75.7,97.2,5,6,0,8,,,,,,,,,,,,,,,,,,,,,,,,,,,,,,,,0,0,espn-401872940.json
2,401872940,2026-09-20T20:05Z,DEN,JAX,home,4702555,00-0041496,Jonah Coleman,20,,,,,,,,,,10,39,1,12,3,3,19,0,8,,,,,,,,,,,,,,,,,,,,,,,,,,,1,0,espn-401872940.json
2,401872940,2026-09-20T20:05Z,DEN,JAX,home,4241985,00-0036158,J.K. Dobbins,27,,,,,,,,,,10,36,0,15,,,,,,,,,,,,,,,,,,,,,,,,,,,,,,,,0,0,espn-401872940.json
2,401872940,2026-09-20T20:05Z,DEN,JAX,home,4600981,00-0040134,Pat Bryant,13,,,,,,,,,,1,16,0,16,0,1,0,0,0,,,,,,,,,,,,,,,,,,,,,,,,,,,0,0,espn-401872940.json
2,401872940,2026-09-20T20:05Z,DEN,JAX,home,4383440,00-0038783,Nate Adkins,45,,,,,,,,,,1,6,0,6,3,3,32,1,18,,,,,,,,,,,,,,,,,,,,,,,,,,,1,0,espn-401872940.json
2,401872940,2026-09-20T20:05Z,DEN,JAX,home,4362748,00-0037085,Tyler Badie,28,,,,,,,,,,1,1,0,1,2,3,28,0,27,,,1,1,0,0,0,0,0,,,,3,84,0,,,,,,,,,,,,0,0,espn-401872940.json
2,401872940,2026-09-20T20:05Z,DEN,JAX,home,4372016,00-0036613,Jaylen Waddle,17,,,,,,,,,,,,,,8,10,138,0,49,,,,,,,,,,,,,,,,,,,,,,,,,,,0,0,espn-401872940.json
2,401872940,2026-09-20T20:05Z,DEN,JAX,home,4431280,00-0039868,Troy Franklin,11,,,,,,,,,,,,,,1,2,27,0,27,,,,,,,,,,,,,,,,,,,,,,,,,,,0,0,espn-401872940.json
2,401872940,2026-09-20T20:05Z,DEN,JAX,home,3128429,00-0034348,Courtland Sutton,14,,,,,,,,,,,,,,3,4,25,0,10,,,,,,,,,,,,,,,,,,,,,,,,,,,0,0,espn-401872940.json
2,401872940,2026-09-20T20:05Z,DEN,JAX,home,3051876,00-0033881,Evan Engram,1,,,,,,,,,,,,,,1,1,17,0,17,,,,,,,,,,,,,,,,,,,,,,,,,,,0,0,espn-401872940.json
2,401872940,2026-09-20T20:05Z,DEN,JAX,home,3929914,00-0036727,Adam Prentice,46,,,,,,,,,,,,,,1,1,2,0,2,,,1,1,0,0,0,0,0,,,,,,,,,,,,,,,,,,0,0,espn-401872940.json
2,401872940,2026-09-20T20:05Z,DEN,JAX,home,4039057,00-0035406,Lil'Jordan Humphrey,5,,,,,,,,,,,,,,0,1,0,0,0,,,,,,,,,,,,,,,,,,,,,,,,,,,0,0,espn-401872940.json
2,401872940,2026-09-20T20:05Z,DEN,JAX,home,4429193,00-0039371,Kris Abrams-Draine,31,,,,,,,,,,,,,,,,,,,1,0,,,,,,,,,,,,,,2,2,0,,,,,,,,,0,0,espn-401872940.json
2,401872940,2026-09-20T20:05Z,DEN,JAX,home,2612151,00-0031898,Alex Singleton,49,,,,,,,,,,,,,,,,,,,,,9,5,0,0,1,0,0,,,,,,,,,,,,,,,,,,0,0,espn-401872940.json
2,401872940,2026-09-20T20:05Z,DEN,JAX,home,3919548,00-0036428,Justin Strnad,40,,,,,,,,,,,,,,,,,,,,,7,3,0,1,0,0,0,,,,,,,,,,,,,,,,,,0,0,espn-401872940.json
2,401872940,2026-09-20T20:05Z,DEN,JAX,home,4360853,00-0036564,Talanoa Hufanga,9,,,,,,,,,,,,,,,,,,,,,6,5,0,1,0,0,0,,,,,,,,,,,,,,,,,,0,0,espn-401872940.json
2,401872940,2026-09-20T20:05Z,DEN,JAX,home,4372012,00-0036874,Pat Surtain II,2,,,,,,,,,,,,,,,,,,,,,6,3,0,0,1,0,0,,,,,,,,,,,,,,,,,,0,0,espn-401872940.json
2,401872940,2026-09-20T20:05Z,DEN,JAX,home,4039059,00-0036221,Brandon Jones,22,,,,,,,,,,,,,,,,,,,,,5,4,0,0,0,0,0,,,,,,,,,,,,,,,,,,0,0,espn-401872940.json
2,401872940,2026-09-20T20:05Z,DEN,JAX,home,4039064,00-0035763,Malcolm Roach,97,,,,,,,,,,,,,,,,,,,,,4,3,1,2,0,2,0,,,,,,,,,,,,,,,,,,0,0,espn-401872940.json
2,401872940,2026-09-20T20:05Z,DEN,JAX,home,4567462,00-0037384,Ja'Quan McMillian,29,,,,,,,,,,,,,,,,,,,,,4,3,0,0,1,0,0,,,,,,,,,,,,,,,,,,0,0,espn-401872940.json
2,401872940,2026-09-20T20:05Z,DEN,JAX,home,4692048,00-0040168,Que Robinson,51,,,,,,,,,,,,,,,,,,,,,3,2,1,1,0,1,0,,,,,,,,,,,,,,,,,,0,0,espn-401872940.json
2,401872940,2026-09-20T20:05Z,DEN,JAX,home,4687592,00-0039809,Jonah Elliss,52,,,,,,,,,,,,,,,,,,,,,3,1,0,0,1,0,0,,,,,,,,,,,,,,,,,,0,0,espn-401872940.json
2,401872940,2026-09-20T20:05Z,DEN,JAX,home,4382401,00-0038552,Riley Moss,21,,,,,,,,,,,,,,,,,,,,,2,2,0,0,3,0,0,1,3,0,,,,,,,,,,,,,,,0,0,espn-401872940.json
2,401872940,2026-09-20T20:05Z,DEN,JAX,home,5216101,00-0037799,Dondrea Tillman,92,,,,,,,,,,,,,,,,,,,,,2,0,0,0,0,0,0,,,,,,,,,,,,,,,,,,0,0,espn-401872940.json
2,401872940,2026-09-20T20:05Z,DEN,JAX,home,3894915,00-0033297,D.J. Jones,93,,,,,,,,,,,,,,,,,,,,,1,1,0,0,0,0,0,,,,,,,,,,,,,,,,,,0,0,espn-401872940.json
2,401872940,2026-09-20T20:05Z,DEN,JAX,home,3915282,00-0035248,Zach Allen,99,,,,,,,,,,,,,,,,,,,,,1,1,0,0,0,1,0,,,,,,,,,,,,,,,,,,0,0,espn-401872940.json
2,401872940,2026-09-20T20:05Z,DEN,JAX,home,4066109,00-0038106,Eyioma Uwazurike,96,,,,,,,,,,,,,,,,,,,,,1,1,0,0,0,0,0,,,,,,,,,,,,,,,,,,0,0,espn-401872940.json
2,401872940,2026-09-20T20:05Z,DEN,JAX,home,4428503,00-0038605,JL Skinner,34,,,,,,,,,,,,,,,,,,,,,1,1,0,0,0,0,0,,,,,,,,,,,,,,,,,,0,0,espn-401872940.json
2,401872940,2026-09-20T20:05Z,DEN,JAX,home,4037559,00-0036683,Devon Key,26,,,,,,,,,,,,,,,,,,,,,1,0,0,0,0,0,0,,,,,,,,,,,,,,,,,,0,0,espn-401872940.json
2,401872940,2026-09-20T20:05Z,DEN,JAX,home,4257240,00-0037752,Tycen Anderson,6,,,,,,,,,,,,,,,,,,,,,1,0,0,0,0,0,0,,,,,,,,,,,,,,,,,,0,0,espn-401872940.json
2,401872940,2026-09-20T20:05Z,DEN,JAX,home,4693373,00-0040634,Jordan Turner,55,,,,,,,,,,,,,,,,,,,,,1,0,0,0,0,0,0,,,,,,,,,,,,,,,,,,0,0,espn-401872940.json
2,401872940,2026-09-20T20:05Z,DEN,JAX,home,4360259,00-0037249,Nik Bonitto,15,,,,,,,,,,,,,,,,,,,,,0,0,0,0,0,3,0,,,,,,,,,,,,,,,,,,0,0,espn-401872940.json
2,401872940,2026-09-20T20:05Z,DEN,JAX,home,2985659,00-0032569,Wil Lutz,3,,,,,,,,,,,,,,,,,,,,,,,,,,,,,,,,,,,,,2,2,45,2,2,8,,,0,0,espn-401872940.json
2,401872940,2026-09-20T20:05Z,DEN,JAX,home,4589212,00-0040223,Jeremy Crawshaw,16,,,,,,,,,,,,,,,,,,,,,,,,,,,,,,,,,,,,,,,,,,,3,137,0,0,espn-401872940.json
2,401872941,2026-09-20T20:05Z,LV,LAC,away,14880,00-0029604,Kirk Cousins,8,19,29,253,3,1,2,5,65.7,113.1,4,1,0,4,,,,,,,,,,,,,,,,,,,,,,,,,,,,,,,,0,0,espn-401872941.json
2,401872941,2026-09-20T20:05Z,LV,LAC,away,4890973,00-0040122,Ashton Jeanty,2,,,,,,,,,,21,48,0,9,4,7,15,0,7,,,1,1,0,0,0,0,0,,,,,,,,,,,,,,,,,,0,0,espn-401872941.json
2,401872941,2026-09-20T20:05Z,LV,LAC,away,4686658,00-0040878,Mike Washington Jr.,4,,,,,,,,,,3,7,0,3,0,1,0,0,0,,,,,,,,,,,,,,,,,,,,,,,,,,,0,0,espn-401872941.json
2,401872941,2026-09-20T20:05Z,LV,LAC,away,4241961,00-0037304,Connor Heyward,34,,,,,,,,,,1,1,0,1,,,,,,,,,,,,,,,,,,,,,,,,,,,,,,,,0,0,espn-401872941.json
2,401872941,2026-09-20T20:05Z,LV,LAC,away,4428718,00-0038563,Tre Tucker,1,,,,,,,,,,,,,,5,7,119,1,42,,,,,,,,,,,,,,,,,,,,,,,,,,,1,1,espn-401872941.json
2,401872941,2026-09-20T20:05Z,LV,LAC,away,4401805,00-0037093,Dareke Young,81,,,,,,,,,,,,,,1,1,27,0,27,,,,,,,,,,,,,,,,,,,,,,,,,,,0,0,espn-401872941.json
2,401872941,2026-09-20T20:05Z,LV,LAC,away,4603186,00-0040729,Jack Bech,18,,,,,,,,,,,,,,2,2,25,0,20,1,0,,,,,,,,,,,,,,,,,,,,,,,,,0,0,espn-401872941.json
2,401872941,2026-09-20T20:05Z,LV,LAC,away,4241983,00-0035891,Cody White,82,,,,,,,,,,,,,,2,2,24,2,13,,,,,,,,,,,,,,,,,,,,,,,,,,,2,0,espn-401872941.json
2,401872941,2026-09-20T20:05Z,LV,LAC,away,4429086,00-0039066,Michael Mayer,87,,,,,,,,,,,,,,3,4,23,0,10,,,,,,,,,,,,,,,,,,,,,,,,,,,0,0,espn-401872941.json
2,401872941,2026-09-20T20:05Z,LV,LAC,away,4045305,00-0034365,Ian Thomas,80,,,,,,,,,,,,,,1,1,11,0,11,,,,,,,,,,,,,,,,,,,,,,,,,,,0,0,espn-401872941.json
2,401872941,2026-09-20T20:05Z,LV,LAC,away,4382466,00-0037291,Jalen Nailor,9,,,,,,,,,,,,,,1,3,9,0,9,,,,,,,,,,,,,,,,,,,,,,,,,,,0,0,espn-401872941.json
2,401872941,2026-09-20T20:05Z,LV,LAC,away,5150247,00-0040894,Malik Benson,19,,,,,,,,,,,,,,0,1,0,0,0,,,,,,,,,,,,,,,,1,16,0,,,,,,,,,0,0,espn-401872941.json
2,401872941,2026-09-20T20:05Z,LV,LAC,away,4043169,00-0036293,Jeremy Chinn,11,,,,,,,,,,,,,,,,,,,0,0,4,2,0,0,0,0,0,,,,,,,,,,,,,,,,,,0,0,espn-401872941.json
2,401872941,2026-09-20T20:05Z,LV,LAC,away,4379416,00-0037074,Quay Walker,7,,,,,,,,,,,,,,,,,,,,,10,5,0,0,0,0,0,,,,,,,,,,,,,,,,,,0,0,espn-401872941.json
2,401872941,2026-09-20T20:05Z,LV,LAC,away,4426340,00-0037615,Nakobe Dean,17,,,,,,,,,,,,,,,,,,,,,9,6,0.5,0,0,2,0,,,,,,,,,,,,,,,,,,0,0,espn-401872941.json
2,401872941,2026-09-20T20:05Z,LV,LAC,away,4917354,00-0040889,Hezekiah Masses,35,,,,,,,,,,,,,,,,,,,,,5,4,0,1,2,0,0,2,32,0,,,,,,,,,,,,,,,0,0,espn-401872941.json
2,401872941,2026-09-20T20:05Z,LV,LAC,away,4259561,00-0036901,Eric Stokes,5,,,,,,,,,,,,,,,,,,,,,4,2,1,1,0,0,0,,,,,,,,,,,,,,,,,,0,0,espn-401872941.json
2,401872941,2026-09-20T20:05Z,LV,LAC,away,4697757,00-0040868,Treydan Stukes,31,,,,,,,,,,,,,,,,,,,,,4,2,0,0,0,0,0,,,,,,,,,,,,,,,,,,0,0,espn-401872941.json
2,401872941,2026-09-20T20:05Z,LV,LAC,away,4259632,00-0037512,Isaiah Pola-Mao,20,,,,,,,,,,,,,,,,,,,,,4,1,0,0,0,0,0,,,,,,,,,,,,,,,,,,0,0,espn-401872941.json
2,401872941,2026-09-20T20:05Z,LV,LAC,away,3121003,00-0034376,Taron Johnson,3,,,,,,,,,,,,,,,,,,,,,3,3,0,0,0,1,0,,,,,,,,,,,,,,,,,,0,0,espn-401872941.json
2,401872941,2026-09-20T20:05Z,LV,LAC,away,4239719,00-0036989,Malcolm Koonce,51,,,,,,,,,,,,,,,,,,,,,3,2,1.5,0,0,2,0,,,,,,,,,,,,,,,,,,0,0,espn-401872941.json
2,401872941,2026-09-20T20:05Z,LV,LAC,away,5157289,00-0041563,Jermod McCoy,28,,,,,,,,,,,,,,,,,,,,,3,2,0,0,0,0,0,,,,,,,,,,,,,,,,,,0,0,espn-401872941.json
2,401872941,2026-09-20T20:05Z,LV,LAC,away,4429560,00-0039374,Tommy Eichenberg,44,,,,,,,,,,,,,,,,,,,,,3,1,0,0,0,0,0,,,,,,,,,,,,,,,,,,0,0,espn-401872941.json
2,401872941,2026-09-20T20:05Z,LV,LAC,away,4429109,00-0040169,Tonka Hemingway,97,,,,,,,,,,,,,,,,,,,,,3,0,0,0,1,1,0,,,,,,,,,,,,,,,,,,0,0,espn-401872941.json
2,401872941,2026-09-20T20:05Z,LV,LAC,away,3045172,,Folorunso Fatukasi,94,,,,,,,,,,,,,,,,,,,,,2,0,0,0,0,0,0,,,,,,,,,,,,,,,,,,0,0,espn-401872941.json
2,401872941,2026-09-20T20:05Z,LV,LAC,away,4258194,00-0036479,Kwity Paye,95,,,,,,,,,,,,,,,,,,,,,2,0,0,0,0,1,0,,,,,,,,,,,,,,,,,,0,0,espn-401872941.json
2,401872941,2026-09-20T20:05Z,LV,LAC,away,3916655,00-0034973,Maxx Crosby,98,,,,,,,,,,,,,,,,,,,,,1,1,0,0,0,1,0,,,,,,,,,,,,,,,,,,0,0,espn-401872941.json
2,401872941,2026-09-20T20:05Z,LV,LAC,away,4260703,00-0037527,Segun Olubi,50,,,,,,,,,,,,,,,,,,,,,1,1,0,0,0,0,0,,,,,,,,,,,,,,,,,,0,0,espn-401872941.json
2,401872941,2026-09-20T20:05Z,LV,LAC,away,4360749,00-0037262,Thomas Booker IV,99,,,,,,,,,,,,,,,,,,,,,1,1,0,0,0,0,0,,,,,,,,,,,,,,,,,,0,0,espn-401872941.json
2,401872941,2026-09-20T20:05Z,LV,LAC,away,4373956,00-0039423,Jonah Laulu,96,,,,,,,,,,,,,,,,,,,,,1,1,0,0,0,1,0,,,,,,,,,,,,,,,,,,0,0,espn-401872941.json
2,401872941,2026-09-20T20:05Z,LV,LAC,away,2972342,00-0033381,Adam Butler,69,,,,,,,,,,,,,,,,,,,,,1,0,0,0,0,0,0,,,,,,,,,,,,,,,,,,0,0,espn-401872941.json
2,401872941,2026-09-20T20:05Z,LV,LAC,away,4366963,00-0039407,Dylan Laube,23,,,,,,,,,,,,,,,,,,,,,,,,,,,,,,,2,35,0,,,,,,,,,,,,0,0,espn-401872941.json
2,401872941,2026-09-20T20:05Z,LV,LAC,away,4249087,00-0035269,Matt Gay,14,,,,,,,,,,,,,,,,,,,,,,,,,,,,,,,,,,,,,1,1,59,3,3,6,,,0,0,espn-401872941.json
2,401872941,2026-09-20T20:05Z,LV,LAC,away,3686689,00-0035190,AJ Cole,6,,,,,,,,,,,,,,,,,,,,,,,,,,,,,,,,,,,,,,,,,,,6,277,0,0,espn-401872941.json
2,401872941,2026-09-20T20:05Z,LAC,LV,home,4038941,00-0036355,Justin Herbert,10,15,27,192,1,2,3,9,15.9,59.5,3,2,0,2,,,,,,3,0,1,1,0,0,0,0,0,,,,,,,,,,,,,,,,,,0,0,espn-401872941.json
2,401872941,2026-09-20T20:05Z,LAC,LV,home,4685382,00-0040666,Omarion Hampton,8,,,,,,,,,,23,94,1,17,2,2,21,0,18,1,1,,,,,,,,,,,,,,,,,,,,,,,,,1,0,espn-401872941.json
2,401872941,2026-09-20T20:05Z,LAC,LV,home,4596334,00-0038454,Keaton Mitchell,34,,,,,,,,,,5,24,0,11,1,1,15,0,15,0,0,,,,,,,,,,,2,47,0,,,,,,,,,,,,0,0,espn-401872941.json
2,401872941,2026-09-20T20:05Z,LAC,LV,home,4429025,00-0038544,Quentin Johnston,1,,,,,,,,,,1,7,0,7,1,5,7,0,7,,,,,,,,,,,,,,,,,,,,,,,,,,,0,0,espn-401872941.json
2,401872941,2026-09-20T20:05Z,LAC,LV,home,4686612,00-0040727,Tre' Harris,9,,,,,,,,,,,,,,1,3,53,0,53,0,0,,,,,,,,,,,,,,,,,,,,,,,,,0,0,espn-401872941.json
2,401872941,2026-09-20T20:05Z,LAC,LV,home,4612826,00-0039915,Ladd McConkey,15,,,,,,,,,,,,,,3,3,35,0,19,,,,,,,,,,,,,,,,,,,,,,,,,,,0,0,espn-401872941.json
2,401872941,2026-09-20T20:05Z,LAC,LV,home,4241263,00-0038046,Charlie Kolar,88,,,,,,,,,,,,,,3,3,21,0,8,,,,,,,,,,,,,,,,,,,,,,,,,,,0,0,espn-401872941.json
2,401872941,2026-09-20T20:05Z,LAC,LV,home,4595342,00-0040189,Oronde Gadsden,86,,,,,,,,,,,,,,2,2,18,1,10,,,,,,,,,,,,,,,,,,,,,,,,,,,1,0,espn-401872941.json
2,401872941,2026-09-20T20:05Z,LAC,LV,home,4685553,00-0041550,Brenen Thompson,89,,,,,,,,,,,,,,1,3,13,0,13,1,0,,,,,,,,,,,,,,,,,,,,,,,,,0,0,espn-401872941.json
2,401872941,2026-09-20T20:05Z,LAC,LV,home,3123076,00-0033885,David Njoku,83,,,,,,,,,,,,,,1,3,9,0,9,,,,,,,,,,,,,,,,,,,,,,,,,,,0,0,espn-401872941.json
2,401872941,2026-09-20T20:05Z,LAC,LV,home,4362477,00-0038573,Derius Davis,12,,,,,,,,,,,,,,0,1,0,0,0,,,1,1,0,0,0,0,0,,,,,,,,,,,,,,,,,,0,0,espn-401872941.json
2,401872941,2026-09-20T20:05Z,LAC,LV,home,4682506,00-0041392,Jake Slaughter,66,,,,,,,,,,,,,,,,,,,1,0,,,,,,,,,,,,,,,,,,,,,,,,,0,0,espn-401872941.json
2,401872941,2026-09-20T20:05Z,LAC,LV,home,4240528,00-0035202,Del'Shawn Phillips,53,,,,,,,,,,,,,,,,,,,,,7,4,0,0,0,0,0,,,,,,,,,,,,,,,,,,0,0,espn-401872941.json
2,401872941,2026-09-20T20:05Z,LAC,LV,home,3691739,00-0034790,Derwin James Jr.,3,,,,,,,,,,,,,,,,,,,,,7,2,0,0,0,0,0,,,,,,,,,,,,,,,,,,0,0,espn-401872941.json
2,401872941,2026-09-20T20:05Z,LAC,LV,home,16195,00-0030294,Tony Jefferson,23,,,,,,,,,,,,,,,,,,,,,6,3,0,0,0,0,0,,,,,,,,,,,,,,,,,,0,0,espn-401872941.json
2,401872941,2026-09-20T20:05Z,LAC,LV,home,3843769,00-0034356,Donte Jackson,26,,,,,,,,,,,,,,,,,,,,,5,3,0,1,1,0,0,,,,,,,,,,,,,,,,,,0,0,espn-401872941.json
2,401872941,2026-09-20T20:05Z,LAC,LV,home,4038946,00-0036338,Troy Dye,43,,,,,,,,,,,,,,,,,,,,,5,3,0,1,0,0,0,,,,,,,,,,,,,,,,,,0,0,espn-401872941.json
2,401872941,2026-09-20T20:05Z,LAC,LV,home,4427404,00-0039369,Cam Hart,20,,,,,,,,,,,,,,,,,,,,,4,3,0,0,2,0,0,1,2,0,,,,,,,,,,,,,,,0,0,espn-401872941.json
2,401872941,2026-09-20T20:05Z,LAC,LV,home,4567138,00-0039835,Justin Eboigbe,92,,,,,,,,,,,,,,,,,,,,,4,1,0,0,0,0,0,,,,,,,,,,,,,,,,,,0,0,espn-401872941.json
2,401872941,2026-09-20T20:05Z,LAC,LV,home,2979860,00-0033546,Dalvin Tomlinson,94,,,,,,,,,,,,,,,,,,,,,4,0,0.5,0,0,1,0,,,,,,,,,,,,,,,,,,0,0,espn-401872941.json
2,401872941,2026-09-20T20:05Z,LAC,LV,home,16710,00-0031040,Khalil Mack,52,,,,,,,,,,,,,,,,,,,,,3,2,1,1,0,2,0,,,,,,,,,,,,,,,,,,0,0,espn-401872941.json
2,401872941,2026-09-20T20:05Z,LAC,LV,home,4429018,00-0040221,RJ Mickens,27,,,,,,,,,,,,,,,,,,,,,3,2,0,0,0,0,0,,,,,,,,,,,,,,,,,,0,0,espn-401872941.json
2,401872941,2026-09-20T20:05Z,LAC,LV,home,4241597,00-0038553,Daiyan Henley,0,,,,,,,,,,,,,,,,,,,,,3,0,0,0,0,0,0,,,,,,,,,,,,,,,,,,0,0,espn-401872941.json
2,401872941,2026-09-20T20:05Z,LAC,LV,home,4429190,00-0041544,Akheem Mesidor,90,,,,,,,,,,,,,,,,,,,,,3,0,0.5,0,0,2,0,,,,,,,,,,,,,,,,,,0,0,espn-401872941.json
2,401872941,2026-09-20T20:05Z,LAC,LV,home,4838693,00-0041381,Rodney Shelley,24,,,,,,,,,,,,,,,,,,,,,2,2,0,0,0,0,0,,,,,,,,,,,,,,,,,,0,0,espn-401872941.json
2,401872941,2026-09-20T20:05Z,LAC,LV,home,4374269,00-0036181,Teair Tart,93,,,,,,,,,,,,,,,,,,,,,2,1,0,1,0,2,0,,,,,,,,,,,,,,,,,,0,0,espn-401872941.json
2,401872941,2026-09-20T20:05Z,LAC,LV,home,4432571,00-0039366,Tarheeb Still,4,,,,,,,,,,,,,,,,,,,,,2,0,0,0,0,0,0,,,,,,,,,,,,,,,,,,0,0,espn-401872941.json
2,401872941,2026-09-20T20:05Z,LAC,LV,home,5089178,00-0040144,Jamaree Caldwell,99,,,,,,,,,,,,,,,,,,,,,2,0,0,0,0,0,0,,,,,,,,,,,,,,,,,,0,0,espn-401872941.json
2,401872941,2026-09-20T20:05Z,LAC,LV,home,3917668,00-0035125,Alec Ingold,30,,,,,,,,,,,,,,,,,,,,,1,1,0,0,0,0,0,,,,,,,,,,,,,,,,,,0,0,espn-401872941.json
2,401872941,2026-09-20T20:05Z,LAC,LV,home,4430968,00-0039391,Kimani Vidal,28,,,,,,,,,,,,,,,,,,,,,1,1,0,0,0,0,0,,,,1,26,0,,,,,,,,,,,,0,0,espn-401872941.json
2,401872941,2026-09-20T20:05Z,LAC,LV,home,4682818,00-0041072,Nick Barrett,91,,,,,,,,,,,,,,,,,,,,,1,1,0,0,0,1,0,,,,,,,,,,,,,,,,,,0,0,espn-401872941.json
2,401872941,2026-09-20T20:05Z,LAC,LV,home,2576702,00-0032146,Bud Dupree,48,,,,,,,,,,,,,,,,,,,,,1,0,0,0,0,1,0,,,,,,,,,,,,,,,,,,0,0,espn-401872941.json
2,401872941,2026-09-20T20:05Z,LAC,LV,home,4431442,00-0039111,Tuli Tuipulotu,45,,,,,,,,,,,,,,,,,,,,,1,0,0,0,0,1,0,,,,,,,,,,,,,,,,,,0,0,espn-401872941.json
2,401872941,2026-09-20T20:05Z,LAC,LV,home,4950551,00-0041064,Genesis Smith,22,,,,,,,,,,,,,,,,,,,,,1,0,0,0,1,0,0,,,,,,,,,,,,,,,,,,0,0,espn-401872941.json
2,401872941,2026-09-20T20:05Z,LAC,LV,home,4362081,00-0037224,Cameron Dicker,11,,,,,,,,,,,,,,,,,,,,,,,,,,,,,,,,,,,,,0,1,0,2,2,2,,,0,0,espn-401872941.json
2,401872941,2026-09-20T20:05Z,LAC,LV,home,3126368,00-0034162,JK Scott,16,,,,,,,,,,,,,,,,,,,,,,,,,,,,,,,,,,,,,,,,,,,5,258,0,0,espn-401872941.json
2,401872942,2026-09-20T20:25Z,MIA,SF,away,4242512,00-0038128,Malik Willis,2,14,23,197,1,0,4,15,56.6,103.0,2,6,0,4,,,,,,,,,,,,,,,,,,,,,,,,,,,,,,,,0,0,espn-401872942.json
2,401872942,2026-09-20T20:25Z,MIA,SF,away,4429160,00-0039040,De'Von Achane,28,,,,,,,,,,20,74,0,17,3,6,19,0,7,,,,,,,,,,,,,,,,,,,,,,,,,,,0,0,espn-401872942.json
2,401872942,2026-09-20T20:25Z,MIA,SF,away,4682745,00-0039874,Jaylen Wright,5,,,,,,,,,,2,11,0,8,,,,,,,,,,,,,,,,,,3,79,0,,,,,,,,,,,,0,0,espn-401872942.json
2,401872942,2026-09-20T20:25Z,MIA,SF,away,4711533,00-0040198,Ollie Gordon II,0,,,,,,,,,,3,7,0,5,,,,,,,,,,,,,,,,,,,,,,,,,,,,,,,,0,0,espn-401872942.json
2,401872942,2026-09-20T20:25Z,MIA,SF,away,4569603,00-0039880,Malik Washington,6,,,,,,,,,,1,4,0,4,4,5,43,0,23,,,,,,,,,,,,,3,69,0,1,7,0,,,,,,,,,0,0,espn-401872942.json
2,401872942,2026-09-20T20:25Z,MIA,SF,away,2977680,00-0032065,Bradley Pinion,48,,,,,,,,,,1,0,0,0,,,,,,1,0,1,1,0,0,0,0,0,,,,,,,,,,,,,,,,3,130,0,0,espn-401872942.json
2,401872942,2026-09-20T20:25Z,MIA,SF,away,4369466,00-0038824,Ryan Miller,84,,,,,,,,,,,,,,1,1,77,1,77,,,,,,,,,,,,,,,,,,,,,,,,,,,1,0,espn-401872942.json
2,401872942,2026-09-20T20:25Z,MIA,SF,away,4869645,00-0041523,Caleb Douglas,7,,,,,,,,,,,,,,2,3,19,0,11,,,,,,,,,,,,,,,,,,,,,,,,,,,0,0,espn-401872942.json
2,401872942,2026-09-20T20:25Z,MIA,SF,away,4685116,00-0041436,DJ Herman,34,,,,,,,,,,,,,,1,3,18,0,18,1,0,,,,,,,,,,,,,,,,,,,,,,,,,0,0,espn-401872942.json
2,401872942,2026-09-20T20:25Z,MIA,SF,away,4367209,00-0037252,Greg Dulcich,85,,,,,,,,,,,,,,2,3,17,0,11,,,,,,,,,,,,,,,,,,,,,,,,,,,0,0,espn-401872942.json
2,401872942,2026-09-20T20:25Z,MIA,SF,away,4880236,00-0041524,Will Kacmarek,89,,,,,,,,,,,,,,1,1,4,0,4,,,1,0,0,0,0,0,0,,,,,,,,,,,,,,,,,,0,0,espn-401872942.json
2,401872942,2026-09-20T20:25Z,MIA,SF,away,4869961,00-0041525,Chris Bell,18,,,,,,,,,,,,,,0,1,0,0,0,,,,,,,,,,,,,,,,,,,,,,,,,,,0,0,espn-401872942.json
2,401872942,2026-09-20T20:25Z,MIA,SF,away,4880346,00-0041528,Michael Taaffe,16,,,,,,,,,,,,,,,,,,,,,9,5,0,0,0,0,0,,,,,,,,,,,,,,,,,,0,0,espn-401872942.json
2,401872942,2026-09-20T20:25Z,MIA,SF,away,4566094,00-0041522,Jacob Rodriguez,10,,,,,,,,,,,,,,,,,,,,,8,3,0,0,0,1,0,,,,,,,,,,,,,,,,,,0,0,espn-401872942.json
2,401872942,2026-09-20T20:25Z,MIA,SF,away,4432730,00-0040178,Jason Marshall Jr.,4,,,,,,,,,,,,,,,,,,,,,6,3,0,0,0,0,0,,,,,,,,,,,,,,,,,,0,0,espn-401872942.json
2,401872942,2026-09-20T20:25Z,MIA,SF,away,4046528,,Josh Uche,9,,,,,,,,,,,,,,,,,,,,,5,2,0,1,0,1,0,,,,,,,,,,,,,,,,,,0,0,espn-401872942.json
2,401872942,2026-09-20T20:25Z,MIA,SF,away,4683276,00-0040248,Zeek Biggers,93,,,,,,,,,,,,,,,,,,,,,4,1,0,0,0,0,0,,,,,,,,,,,,,,,,,,0,0,espn-401872942.json
2,401872942,2026-09-20T20:25Z,MIA,SF,away,4043130,00-0036409,Jordyn Brooks,20,,,,,,,,,,,,,,,,,,,,,3,2,0,0,0,0,0,,,,,,,,,,,,,,,,,,0,0,espn-401872942.json
2,401872942,2026-09-20T20:25Z,MIA,SF,away,4360488,,JuJu Brents,8,,,,,,,,,,,,,,,,,,,,,3,2,0,0,0,0,0,,,,,,,,,,,,,,,,,,0,0,espn-401872942.json
2,401872942,2026-09-20T20:25Z,MIA,SF,away,4259804,00-0036362,Willie Gay Jr.,40,,,,,,,,,,,,,,,,,,,,,3,1,0,0,0,0,0,,,,,,,,,,,,,,,,,,0,0,espn-401872942.json
2,401872942,2026-09-20T20:25Z,MIA,SF,away,4685637,00-0040066,Jackson Woodard,42,,,,,,,,,,,,,,,,,,,,,3,1,0,0,0,0,0,,,,,,,,,,,,,,,,,,0,0,espn-401872942.json
2,401872942,2026-09-20T20:25Z,MIA,SF,away,3932335,00-0036677,Zayne Anderson,23,,,,,,,,,,,,,,,,,,,,,2,2,0,0,0,0,0,,,,,,,,,,,,,,,,,,0,0,espn-401872942.json
2,401872942,2026-09-20T20:25Z,MIA,SF,away,3728258,00-0035692,Clelin Ferrell,98,,,,,,,,,,,,,,,,,,,,,2,1,0,0,0,0,0,,,,,,,,,,,,,,,,,,0,0,espn-401872942.json
2,401872942,2026-09-20T20:25Z,MIA,SF,away,4431664,00-0040182,Dante Trader Jr.,11,,,,,,,,,,,,,,,,,,,,,2,1,0,0,0,0,0,,,,,,,,,,,,,,,,,,0,0,espn-401872942.json
2,401872942,2026-09-20T20:25Z,MIA,SF,away,4259547,00-0036682,Malik Herring,90,,,,,,,,,,,,,,,,,,,,,2,0,0,0,0,0,0,,,,,,,,,,,,,,,,,,0,0,espn-401872942.json
2,401872942,2026-09-20T20:25Z,MIA,SF,away,4368056,00-0038429,Liam Anderson,50,,,,,,,,,,,,,,,,,,,,,1,1,0,0,0,0,0,,,,,,,,,,,,,,,,,,0,0,espn-401872942.json
2,401872942,2026-09-20T20:25Z,MIA,SF,away,4371946,00-0038521,Reese Taylor,35,,,,,,,,,,,,,,,,,,,,,1,1,0,0,0,0,0,,,,,,,,,,,,,,,,,,0,0,espn-401872942.json
2,401872942,2026-09-20T20:25Z,MIA,SF,away,4869579,00-0041533,Chris Johnson,3,,,,,,,,,,,,,,,,,,,,,1,1,0,0,0,0,0,,,,,,,,,,,,,,,,,,0,0,espn-401872942.json
2,401872942,2026-09-20T20:25Z,MIA,SF,away,3057956,00-0034285,Zach Sieler,92,,,,,,,,,,,,,,,,,,,,,1,0,0,0,0,0,0,,,,,,,,,,,,,,,,,,0,0,espn-401872942.json
2,401872942,2026-09-20T20:25Z,MIA,SF,away,4837188,00-0040175,Jordan Phillips,94,,,,,,,,,,,,,,,,,,,,,1,0,0,0,0,0,0,,,,,,,,,,,,,,,,,,0,0,espn-401872942.json
2,401872942,2026-09-20T20:25Z,MIA,SF,away,4872841,00-0039532,Julius Wood,25,,,,,,,,,,,,,,,,,,,,,1,0,0,0,0,0,0,,,,,,,,,,,,,,,,,,0,0,espn-401872942.json
2,401872942,2026-09-20T20:25Z,MIA,SF,away,4243371,00-0036816,Riley Patterson,47,,,,,,,,,,,,,,,,,,,,,,,,,,,,,,,,,,,,,2,3,28,1,1,7,,,0,0,espn-401872942.json
2,401872942,2026-09-20T20:25Z,SF,MIA,home,4361741,00-0037834,Brock Purdy,13,20,22,287,2,0,0,0,99.6,149.1,3,30,1,18,,,,,,,,,,,,,,,,,,,,,,,,,,,,,,,,1,0,espn-401872942.json
2,401872942,2026-09-20T20:25Z,SF,MIA,home,4696044,00-0041052,Kaelon Black,26,,,,,,,,,,7,25,0,6,,,,,,,,,,,,,,,,,,,,,,,,,,,,,,,,0,0,espn-401872942.json
2,401872942,2026-09-20T20:25Z,SF,MIA,home,3117251,00-0033280,Christian McCaffrey,23,,,,,,,,,,10,23,2,5,4,4,43,0,16,,,,,,,,,,,,,,,,,,,,,,,,,,,2,1,espn-401872942.json
2,401872942,2026-09-20T20:25Z,SF,MIA,home,4685397,00-0040177,Jordan James,29,,,,,,,,,,4,15,0,8,,,,,,,,,,,,,,,,,,,,,,,,,,,,,,,,0,0,espn-401872942.json
2,401872942,2026-09-20T20:25Z,SF,MIA,home,3126486,00-0035719,Deebo Samuel Sr.,19,,,,,,,,,,1,4,0,4,3,4,31,0,21,,,,,,,,,,,,,1,29,0,,,,,,,,,,,,0,0,espn-401872942.json
2,401872942,2026-09-20T20:25Z,SF,MIA,home,4241464,00-0036972,Mac Jones,10,,,,,,,,,,2,-2,0,-1,,,,,,,,,,,,,,,,,,,,,,,,,,,,,,,,0,0,espn-401872942.json
2,401872942,2026-09-20T20:25Z,SF,MIA,home,3040151,00-0033288,George Kittle,85,,,,,,,,,,,,,,4,4,80,1,40,,,,,,,,,,,,,,,,,,,,,,,,,,,1,0,espn-401872942.json
2,401872942,2026-09-20T20:25Z,SF,MIA,home,16737,00-0031408,Mike Evans,5,,,,,,,,,,,,,,3,3,54,0,27,,,,,,,,,,,,,,,,,,,,,,,,,,,0,0,espn-401872942.json
2,401872942,2026-09-20T20:25Z,SF,MIA,home,3043116,00-0032775,Demarcus Robinson,11,,,,,,,,,,,,,,3,3,34,0,19,,,,,,,,,,,,,,,,,,,,,,,,,,,0,0,espn-401872942.json
2,401872942,2026-09-20T20:25Z,SF,MIA,home,16002,00-0029892,Kyle Juszczyk,44,,,,,,,,,,,,,,2,2,27,1,21,,,,,,,,,,,,,,,,,,,,,,,,,,,1,0,espn-401872942.json
2,401872942,2026-09-20T20:25Z,SF,MIA,home,3047876,00-0034854,KhaDarel Hodge,86,,,,,,,,,,,,,,1,1,18,0,18,,,1,0,0,0,0,0,0,,,,,,,,,,,,,,,,,,0,0,espn-401872942.json
2,401872942,2026-09-20T20:25Z,SF,MIA,home,4693644,00-0038554,Ji'Ayir Brown,27,,,,,,,,,,,,,,,,,,,,,13,4,0,1,0,0,0,,,,,,,,,,,,,,,,,,0,0,espn-401872942.json
2,401872942,2026-09-20T20:25Z,SF,MIA,home,3916903,00-0034982,Dre Greenlaw,57,,,,,,,,,,,,,,,,,,,,,8,5,0,0,0,0,0,,,,,,,,,,,,,,,,,,0,0,espn-401872942.json
2,401872942,2026-09-20T20:25Z,SF,MIA,home,4693337,00-0040185,Marques Sigle,36,,,,,,,,,,,,,,,,,,,,,7,3,1,1,0,1,0,,,,,,,,,,,,,,,,,,0,0,espn-401872942.json
2,401872942,2026-09-20T20:25Z,SF,MIA,home,4685369,00-0041557,Gracen Halton,93,,,,,,,,,,,,,,,,,,,,,5,3,0,1,0,0,0,,,,,,,,,,,,,,,,,,0,0,espn-401872942.json
2,401872942,2026-09-20T20:25Z,SF,MIA,home,4565200,00-0040152,Upton Stout,20,,,,,,,,,,,,,,,,,,,,,5,2,0.5,1,1,1,0,,,,,,,,,,,,,,,,,,0,0,espn-401872942.json
2,401872942,2026-09-20T20:25Z,SF,MIA,home,3138826,00-0034815,Fred Warner,54,,,,,,,,,,,,,,,,,,,,,5,1,0.5,0,0,1,0,,,,,,,,,,,,,,,,,,0,0,espn-401872942.json
2,401872942,2026-09-20T20:25Z,SF,MIA,home,4242488,00-0036563,Deommodore Lenoir,2,,,,,,,,,,,,,,,,,,,,,4,2,0,0,0,0,0,,,,,,,,,,,,,,,,,,0,0,espn-401872942.json
2,401872942,2026-09-20T20:25Z,SF,MIA,home,4040605,00-0035717,Nick Bosa,97,,,,,,,,,,,,,,,,,,,,,3,0,0,0,0,0,0,,,,,,,,,,,,,,,,,,0,0,espn-401872942.json
2,401872942,2026-09-20T20:25Z,SF,MIA,home,4686308,00-0040711,C.J. West,99,,,,,,,,,,,,,,,,,,,,,3,0,0,0,0,0,0,,,,,,,,,,,,,,,,,,0,0,espn-401872942.json
2,401872942,2026-09-20T20:25Z,SF,MIA,home,4243493,00-0039148,Keion White,56,,,,,,,,,,,,,,,,,,,,,2,1,1,1,0,1,0,,,,,,,,,,,,,,,,,,0,0,espn-401872942.json
2,401872942,2026-09-20T20:25Z,SF,MIA,home,4039029,00-0036341,Khalid Kareem,47,,,,,,,,,,,,,,,,,,,,,2,1,0,0,0,0,0,,,,,,,,,,,,,,,,,,0,0,espn-401872942.json
2,401872942,2026-09-20T20:25Z,SF,MIA,home,4360290,00-0038643,Brayden Willis,9,,,,,,,,,,,,,,,,,,,,,2,1,0,0,0,0,0,,,,,,,,,,,,,,,,,,0,0,espn-401872942.json
2,401872942,2026-09-20T20:25Z,SF,MIA,home,4427325,00-0039345,Renardo Green,0,,,,,,,,,,,,,,,,,,,,,2,1,0,0,0,0,0,,,,,,,,,,,,,,,,,,0,0,espn-401872942.json
2,401872942,2026-09-20T20:25Z,SF,MIA,home,4693371,00-0041363,James Thompson Jr.,96,,,,,,,,,,,,,,,,,,,,,2,1,0,0,0,0,0,,,,,,,,,,,,,,,,,,0,0,espn-401872942.json
2,401872942,2026-09-20T20:25Z,SF,MIA,home,5086161,00-0041078,Jaden Dugger,53,,,,,,,,,,,,,,,,,,,,,2,1,0,0,0,0,0,,,,,,,,,,,,,,,,,,0,0,espn-401872942.json
2,401872942,2026-09-20T20:25Z,SF,MIA,home,3116097,00-0035413,Luke Gifford,51,,,,,,,,,,,,,,,,,,,,,2,0,0,0,0,0,0,,,,,,,,,,,,,,,,,,0,0,espn-401872942.json
2,401872942,2026-09-20T20:25Z,SF,MIA,home,3858271,00-0036329,Ashtyn Davis,24,,,,,,,,,,,,,,,,,,,,,2,0,0,0,0,0,0,,,,,,,,,,,,,,,,,,0,0,espn-401872942.json
2,401872942,2026-09-20T20:25Z,SF,MIA,home,4035840,00-0036942,Osa Odighizuwa,92,,,,,,,,,,,,,,,,,,,,,2,0,0,0,0,1,0,,,,,,,,,,,,,,,,,,0,0,espn-401872942.json
2,401872942,2026-09-20T20:25Z,SF,MIA,home,4432244,00-0041556,Romello Height,94,,,,,,,,,,,,,,,,,,,,,1,1,1,0,0,0,0,,,,,,,,,,,,,,,,,,0,0,espn-401872942.json
2,401872942,2026-09-20T20:25Z,SF,MIA,home,4040612,00-0036887,Luke Farrell,89,,,,,,,,,,,,,,,,,,,,,1,1,0,0,0,0,0,,,,,,,,,,,,,,,,,,0,0,espn-401872942.json
2,401872942,2026-09-20T20:25Z,SF,MIA,home,4241807,00-0036844,Garret Wallow,49,,,,,,,,,,,,,,,,,,,,,1,0,0,0,0,0,0,,,,,,,,,,,,,,,,,,0,0,espn-401872942.json
2,401872942,2026-09-20T20:25Z,SF,MIA,home,4696211,00-0039360,Malik Mustapha,6,,,,,,,,,,,,,,,,,,,,,1,0,0,0,0,0,0,,,,,,,,,,,,,,,,,,0,0,espn-401872942.json
2,401872942,2026-09-20T20:25Z,SF,MIA,home,4035686,00-0038039,Jack Jones,25,,,,,,,,,,,,,,,,,,,,,0,0,0,0,1,0,0,,,,,,,,,,,,,,,,,,0,0,espn-401872942.json
2,401872942,2026-09-20T20:25Z,SF,MIA,home,4575665,00-0039365,Jacob Cowing,4,,,,,,,,,,,,,,,,,,,,,,,,,,,,,,,1,25,0,2,1,0,,,,,,,,,0,0,espn-401872942.json
2,401872942,2026-09-20T20:25Z,SF,MIA,home,4034949,00-0034173,Eddy Pineiro,18,,,,,,,,,,,,,,,,,,,,,,,,,,,,,,,,,,,,,0,0,0,5,5,5,,,0,0,espn-401872942.json
2,401872942,2026-09-20T20:25Z,SF,MIA,home,3125280,00-0035821,Corliss Waitman,15,,,,,,,,,,,,,,,,,,,,,,,,,,,,,,,,,,,,,,,,,,,2,93,0,0,espn-401872942.json
2,401872943,2026-09-20T20:25Z,SEA,ARI,away,3924327,00-0035704,Drew Lock,2,19,26,235,3,0,1,16,88.5,139.1,,,,,,,,,,,,,,,,,,,,,,,,,,,,,,,,,,,,0,0,espn-401872943.json
2,401872943,2026-09-20T20:25Z,SEA,ARI,away,4887558,00-0038797,Emanuel Wilson,23,,,,,,,,,,21,92,0,18,0,1,0,0,0,,,,,,,,,,,,,,,,,,,,,,,,,,,0,0,espn-401872943.json
2,401872943,2026-09-20T20:25Z,SEA,ARI,away,4685512,00-0041512,Jadarian Price,8,,,,,,,,,,13,52,0,25,1,2,8,0,8,1,1,,,,,,,,,,,,,,,,,,,,,,,,,0,0,espn-401872943.json
2,401872943,2026-09-20T20:25Z,SEA,ARI,away,4429835,00-0039299,George Holani,36,,,,,,,,,,4,13,0,6,1,1,2,0,2,,,1,1,0,0,0,0,0,,,,,,,,,,,,,,,,,,0,0,espn-401872943.json
2,401872943,2026-09-20T20:25Z,SEA,ARI,away,4032473,00-0037545,Rashid Shaheed,22,,,,,,,,,,1,4,0,4,3,6,35,0,23,1,0,,,,,,,,,,,2,47,0,3,29,0,,,,,,,,,0,0,espn-401872943.json
2,401872943,2026-09-20T20:25Z,SEA,ARI,away,4576297,00-0039793,AJ Barner,88,,,,,,,,,,1,1,1,1,1,1,8,0,8,,,,,,,,,,,,,,,,,,,,,,,,,,,1,0,espn-401872943.json
2,401872943,2026-09-20T20:25Z,SEA,ARI,away,4430878,00-0038543,Jaxon Smith-Njigba,11,,,,,,,,,,,,,,9,11,155,3,82,,,,,,,,,,,,,,,,,,,,,,,,,,,3,1,espn-401872943.json
2,401872943,2026-09-20T20:25Z,SEA,ARI,away,2977187,00-0033908,Cooper Kupp,10,,,,,,,,,,,,,,2,2,20,0,16,,,,,,,,,,,,,,,,,,,,,,,,,,,0,0,espn-401872943.json
2,401872943,2026-09-20T20:25Z,SEA,ARI,away,4678006,00-0040739,Elijah Arroyo,18,,,,,,,,,,,,,,1,1,17,0,17,,,,,,,,,,,,,,,,,,,,,,,,,,,0,0,espn-401872943.json
2,401872943,2026-09-20T20:25Z,SEA,ARI,away,2975863,00-0033576,Eric Saubert,81,,,,,,,,,,,,,,1,1,-10,0,-10,,,,,,,,,,,,,,,,,,,,,,,,,,,0,0,espn-401872943.json
2,401872943,2026-09-20T20:25Z,SEA,ARI,away,4037521,00-0037003,Chazz Surratt,44,,,,,,,,,,,,,,,,,,,0,0,,,,,,,,,,,,,,,,,,,,,,,,,0,0,espn-401872943.json
2,401872943,2026-09-20T20:25Z,SEA,ARI,away,4362851,00-0036994,Ernest Jones IV,13,,,,,,,,,,,,,,,,,,,,,8,4,0,0,0,0,0,,,,,,,,,,,,,,,,,,0,0,espn-401872943.json
2,401872943,2026-09-20T20:25Z,SEA,ARI,away,4575431,00-0039169,Devon Witherspoon,21,,,,,,,,,,,,,,,,,,,,,8,4,0,1,0,0,0,,,,,,,,,,,,,,,,,,0,0,espn-401872943.json
2,401872943,2026-09-20T20:25Z,SEA,ARI,away,4428659,00-0038922,Drake Thomas,32,,,,,,,,,,,,,,,,,,,,,7,6,0,1,0,0,0,,,,,,,,,,,,,,,,,,0,0,espn-401872943.json
2,401872943,2026-09-20T20:25Z,SEA,ARI,away,2971622,00-0031933,Leonard Williams,99,,,,,,,,,,,,,,,,,,,,,6,4,1,2,0,1,0,,,,,,,,,,,,,,,,,,0,0,espn-401872943.json
2,401872943,2026-09-20T20:25Z,SEA,ARI,away,4430838,00-0040647,Rylie Mills,98,,,,,,,,,,,,,,,,,,,,,4,1,0,0,0,0,0,,,,,,,,,,,,,,,,,,0,0,espn-401872943.json
2,401872943,2026-09-20T20:25Z,SEA,ARI,away,4046675,00-0034974,Julian Love,20,,,,,,,,,,,,,,,,,,,,,3,3,0,0,2,0,0,1,0,0,,,,,,,,,,,,,,,0,0,espn-401872943.json
2,401872943,2026-09-20T20:25Z,SEA,ARI,away,4570040,00-0039309,Byron Murphy II,91,,,,,,,,,,,,,,,,,,,,,2,0,0,0,0,0,0,,,,,,,,,,,,,,,,,,0,0,espn-401872943.json
2,401872943,2026-09-20T20:25Z,SEA,ARI,away,3115312,00-0032387,Jarran Reed,90,,,,,,,,,,,,,,,,,,,,,1,1,1,1,0,2,0,,,,,,,,,,,,,,,,,,0,0,espn-401872943.json
2,401872943,2026-09-20T20:25Z,SEA,ARI,away,4372020,00-0037137,Josh Jobe,29,,,,,,,,,,,,,,,,,,,,,1,1,0,0,0,0,0,,,,,,,,,,,,,,,,,,0,0,espn-401872943.json
2,401872943,2026-09-20T20:25Z,SEA,ARI,away,4427190,00-0038866,AJ Finley,30,,,,,,,,,,,,,,,,,,,,,1,1,0,0,0,0,0,,,,,,,,,,,,,,,,,,0,0,espn-401872943.json
2,401872943,2026-09-20T20:25Z,SEA,ARI,away,4684543,00-0040873,Julian Neal,1,,,,,,,,,,,,,,,,,,,,,1,1,0,0,0,0,0,,,,,,,,,,,,,,,,,,0,0,espn-401872943.json
2,401872943,2026-09-20T20:25Z,SEA,ARI,away,4869523,00-0040733,Nick Emmanwori,3,,,,,,,,,,,,,,,,,,,,,1,1,0,0,0,0,0,,,,,,,,,,,,,,,,,,0,0,espn-401872943.json
2,401872943,2026-09-20T20:25Z,SEA,ARI,away,5082331,00-0041382,Avery Smith,27,,,,,,,,,,,,,,,,,,,,,1,1,0,0,0,0,0,,,,,,,,,,,,,,,,,,0,0,espn-401872943.json
2,401872943,2026-09-20T20:25Z,SEA,ARI,away,3120358,00-0034350,Uchenna Nwosu,7,,,,,,,,,,,,,,,,,,,,,1,0,0,0,0,0,0,,,,,,,,,,,,,,,,,,0,0,espn-401872943.json
2,401872943,2026-09-20T20:25Z,SEA,ARI,away,4567222,00-0039795,Nehemiah Pritchett,28,,,,,,,,,,,,,,,,,,,,,1,0,0,0,0,0,0,,,,,,,,,,,,,,,,,,0,0,espn-401872943.json
2,401872943,2026-09-20T20:25Z,SEA,ARI,away,4567226,00-0039047,Derick Hall,58,,,,,,,,,,,,,,,,,,,,,1,0,0,0,0,3,0,,,,,,,,,,,,,,,,,,0,0,espn-401872943.json
2,401872943,2026-09-20T20:25Z,SEA,ARI,away,16802,00-0031411,DeMarcus Lawrence,0,,,,,,,,,,,,,,,,,,,,,0,0,0,0,1,1,0,,,,,,,,,,,,,,,,,,0,0,espn-401872943.json
2,401872943,2026-09-20T20:25Z,SEA,ARI,away,4248455,00-0037323,Rodney Thomas II,24,,,,,,,,,,,,,,,,,,,,,0,0,0,0,1,0,0,,,,,,,,,,,,,,,,,,0,0,espn-401872943.json
2,401872943,2026-09-20T20:25Z,SEA,ARI,away,2473037,00-0031492,Jason Myers,5,,,,,,,,,,,,,,,,,,,,,,,,,,,,,,,,,,,,,1,1,33,4,4,7,,,0,0,espn-401872943.json
2,401872943,2026-09-20T20:25Z,SEA,ARI,away,3929851,00-0034160,Michael Dickson,4,,,,,,,,,,,,,,,,,,,,,,,,,,,,,,,,,,,,,,,,,,,2,93,0,0,espn-401872943.json
2,401872943,2026-09-20T20:25Z,ARI,SEA,home,2578570,00-0033119,Jacoby Brissett,7,17,28,95,1,1,2,14,41.8,63.8,1,7,0,7,,,,,,,,,,,,,,,,,,,,,,,,,,,,,,,,0,0,espn-401872943.json
2,401872943,2026-09-20T20:25Z,ARI,SEA,home,4870808,00-0041027,Jeremiyah Love,4,,,,,,,,,,9,29,0,9,3,3,16,0,9,,,,,,,,,,,,,,,,,,,,,,,,,,,0,0,espn-401872943.json
2,401872943,2026-09-20T20:25Z,ARI,SEA,home,4427728,00-0037157,Bam Knight,20,,,,,,,,,,2,24,0,18,,,,,,,,,,,,,,,,,,,,,,,,,,,,,,,,0,0,espn-401872943.json
2,401872943,2026-09-20T20:25Z,ARI,SEA,home,4373626,00-0037263,Tyler Allgeier,22,,,,,,,,,,5,10,0,5,2,2,9,0,5,,,,,,,,,,,,,,,,,,,,,,,,,,,0,0,espn-401872943.json
2,401872943,2026-09-20T20:25Z,ARI,SEA,home,4361307,00-0037744,Trey McBride,85,,,,,,,,,,,,,,8,10,41,1,9,,,,,,,,,,,,,,,,,,,,,,,,,,,1,0,espn-401872943.json
2,401872943,2026-09-20T20:25Z,ARI,SEA,home,4360761,00-0038559,Michael Wilson,14,,,,,,,,,,,,,,2,7,18,0,9,,,,,,,,,,,,,,,,,,,,,,,,,,,0,0,espn-401872943.json
2,401872943,2026-09-20T20:25Z,ARI,SEA,home,3045523,00-0033307,Kendrick Bourne,17,,,,,,,,,,,,,,2,3,11,0,8,,,,,,,,,,,,,,,,,,,,,,,,,,,0,0,espn-401872943.json
2,401872943,2026-09-20T20:25Z,ARI,SEA,home,4432708,00-0039849,Marvin Harrison Jr.,18,,,,,,,,,,,,,,0,1,0,0,0,,,,,,,,,,,,,,,,,,,,,,,,,,,0,0,espn-401872943.json
2,401872943,2026-09-20T20:25Z,ARI,SEA,home,4244606,00-0036933,Zaven Collins,25,,,,,,,,,,,,,,,,,,,0,0,5,2,0,1,0,0,0,,,,,,,,,,,,,,,,,,0,0,espn-401872943.json
2,401872943,2026-09-20T20:25Z,ARI,SEA,home,3127287,00-0033890,Budda Baker,3,,,,,,,,,,,,,,,,,,,,,11,7,1,1,1,1,0,,,,,,,,,,,,,,,,,,0,0,espn-401872943.json
2,401872943,2026-09-20T20:25Z,ARI,SEA,home,4040983,00-0035144,Mack Wilson Sr.,1,,,,,,,,,,,,,,,,,,,,,9,4,0,0,0,0,0,,,,,,,,,,,,,,,,,,0,0,espn-401872943.json
2,401872943,2026-09-20T20:25Z,ARI,SEA,home,4249739,00-0037596,Jack Gibbens,50,,,,,,,,,,,,,,,,,,,,,9,1,0,0,1,1,0,,,,,,,,,,,,,,,,,,0,0,espn-401872943.json
2,401872943,2026-09-20T20:25Z,ARI,SEA,home,3918331,00-0035378,Andrew Wingard,28,,,,,,,,,,,,,,,,,,,,,8,5,0,1,0,0,0,,,,,,,,,,,,,,,,,,0,0,espn-401872943.json
2,401872943,2026-09-20T20:25Z,ARI,SEA,home,4362225,00-0038623,Dante Stills,55,,,,,,,,,,,,,,,,,,,,,7,2,0,0,0,0,0,,,,,,,,,,,,,,,,,,0,0,espn-401872943.json
2,401872943,2026-09-20T20:25Z,ARI,SEA,home,4569480,00-0039854,Darius Robinson,56,,,,,,,,,,,,,,,,,,,,,6,3,0,1,0,0,0,,,,,,,,,,,,,,,,,,0,0,espn-401872943.json
2,401872943,2026-09-20T20:25Z,ARI,SEA,home,4428996,00-0040137,Jordan Burch,52,,,,,,,,,,,,,,,,,,,,,4,3,0,1,0,0,0,,,,,,,,,,,,,,,,,,0,0,espn-401872943.json
2,401872943,2026-09-20T20:25Z,ARI,SEA,home,4040805,00-0036568,Roy Lopez,51,,,,,,,,,,,,,,,,,,,,,4,1,0,0,0,0,0,,,,,,,,,,,,,,,,,,0,0,espn-401872943.json
2,401872943,2026-09-20T20:25Z,ARI,SEA,home,4685408,00-0040751,Will Johnson,2,,,,,,,,,,,,,,,,,,,,,4,1,0,0,1,0,0,,,,,,,,,,,,,,,,,,0,0,espn-401872943.json
2,401872943,2026-09-20T20:25Z,ARI,SEA,home,4698113,00-0039807,Max Melton,16,,,,,,,,,,,,,,,,,,,,,3,2,0,1,0,0,0,,,,,,,,,,,,,,,,,,0,0,espn-401872943.json
2,401872943,2026-09-20T20:25Z,ARI,SEA,home,4241987,00-0036995,Baron Browning,5,,,,,,,,,,,,,,,,,,,,,2,2,0,0,0,0,0,,,,,,,,,,,,,,,,,,0,0,espn-401872943.json
2,401872943,2026-09-20T20:25Z,ARI,SEA,home,3116449,00-0035636,L.J. Collier,91,,,,,,,,,,,,,,,,,,,,,2,1,0,0,0,0,0,,,,,,,,,,,,,,,,,,0,0,espn-401872943.json
2,401872943,2026-09-20T20:25Z,ARI,SEA,home,4426923,00-0038984,Kei'Trel Clark,13,,,,,,,,,,,,,,,,,,,,,2,1,0,0,0,0,0,,,,,,,,,,,,,,,,,,0,0,espn-401872943.json
2,401872943,2026-09-20T20:25Z,ARI,SEA,home,4685503,00-0040706,Walter Nolen III,97,,,,,,,,,,,,,,,,,,,,,2,0,0,0,0,1,0,,,,,,,,,,,,,,,,,,0,0,espn-401872943.json
2,401872943,2026-09-20T20:25Z,ARI,SEA,home,3693166,00-0034381,Josh Sweat,10,,,,,,,,,,,,,,,,,,,,,1,1,0,0,0,0,0,,,,,,,,,,,,,,,,,,0,0,espn-401872943.json
2,401872943,2026-09-20T20:25Z,ARI,SEA,home,4426844,00-0039041,Elijah Higgins,84,,,,,,,,,,,,,,,,,,,,,1,1,0,0,0,0,0,,,,,,,,,,,,,,,,,,0,0,espn-401872943.json
2,401872943,2026-09-20T20:25Z,ARI,SEA,home,4429071,00-0040645,Cody Simon,0,,,,,,,,,,,,,,,,,,,,,1,1,0,0,0,0,0,,,,,,,,,,,,,,,,,,0,0,espn-401872943.json
2,401872943,2026-09-20T20:25Z,ARI,SEA,home,4432668,00-0040195,Denzel Burke,29,,,,,,,,,,,,,,,,,,,,,1,1,0,0,0,0,0,,,,,,,,,,,,,,,,,,0,0,espn-401872943.json
2,401872943,2026-09-20T20:25Z,ARI,SEA,home,4709695,00-0041093,Karson Sharar,43,,,,,,,,,,,,,,,,,,,,,1,1,0,0,0,0,0,,,,,,,,,,,,,,,,,,0,0,espn-401872943.json
2,401872943,2026-09-20T20:25Z,ARI,SEA,home,4239944,00-0037004,Hunter Long,89,,,,,,,,,,,,,,,,,,,,,1,0,0,0,0,0,0,,,,,,,,,,,,,,,,,,0,0,espn-401872943.json
2,401872943,2026-09-20T20:25Z,ARI,SEA,home,4363538,00-0038567,Chad Ryland,38,,,,,,,,,,,,,,,,,,,,,1,0,0,0,0,0,0,,,,,,,,,,0,0,0,1,1,1,,,0,0,espn-401872943.json
2,401872943,2026-09-20T20:25Z,ARI,SEA,home,4692835,00-0038640,Jalen Brooks,86,,,,,,,,,,,,,,,,,,,,,,,,,,,,,,,2,56,0,,,,,,,,,,,,0,0,espn-401872943.json
2,401872943,2026-09-20T20:25Z,ARI,SEA,home,4039050,00-0036331,Devin Duvernay,81,,,,,,,,,,,,,,,,,,,,,,,,,,,,,,,1,40,0,,,,,,,,,,,,0,0,espn-401872943.json
2,401872943,2026-09-20T20:25Z,ARI,SEA,home,4045180,00-0035859,Blake Gillikin,12,,,,,,,,,,,,,,,,,,,,,,,,,,,,,,,,,,,,,,,,,,,7,289,0,0,espn-401872943.json
2,401872944,2026-09-20T20:25Z,WSH,DAL,away,2576980,00-0032268,Marcus Mariota,8,11,16,111,1,0,0,0,83.2,109.1,1,3,0,3,,,,,,,,,,,,,,,,,,,,,,,,,,,,,,,,0,0,espn-401872944.json
2,401872944,2026-09-20T20:25Z,WSH,DAL,away,4426348,00-0039910,Jayden Daniels,5,11,17,96,1,0,0,0,69.5,99.1,7,69,0,20,,,,,,1,0,,,,,,,,,,,,,,,,,,,,,,,,,0,0,espn-401872944.json
2,401872944,2026-09-20T20:25Z,WSH,DAL,away,4361577,00-0036626,Dyami Brown,6,1,1,0,0,0,0,0,0.1,79.2,,,,,4,6,21,0,18,1,1,,,,,,,,,,,,,,,,,,,,,,,,,0,0,espn-401872944.json
2,401872944,2026-09-20T20:25Z,WSH,DAL,away,5081432,00-0041040,Antonio Williams,14,0,1,0,0,0,0,0,0.7,39.6,,,,,3,3,24,0,10,,,,,,,,,,,,,,,,,,,,,,,,,,,0,0,espn-401872944.json
2,401872944,2026-09-20T20:25Z,WSH,DAL,away,4697815,00-0037256,Rachaad White,1,,,,,,,,,,7,43,0,14,6,6,40,0,13,,,,,,,,,,,,,,,,,,,,,,,,,,,0,0,espn-401872944.json
2,401872944,2026-09-20T20:25Z,WSH,DAL,away,4575131,00-0040242,Jacory Croskey-Merritt,22,,,,,,,,,,12,43,0,9,1,1,5,0,5,0,0,,,,,,,,,,,,,,,,,,,,,,,,,0,0,espn-401872944.json
2,401872944,2026-09-20T20:25Z,WSH,DAL,away,4685246,00-0041096,Kaytron Allen,31,,,,,,,,,,5,24,0,9,,,,,,,,,,,,,,,,,,,,,,,,,,,,,,,,0,0,espn-401872944.json
2,401872944,2026-09-20T20:25Z,WSH,DAL,away,3121422,00-0035659,Terry McLaurin,17,,,,,,,,,,,,,,2,9,50,0,26,,,,,,,,,,,,,,,,,,,,,,,,,,,0,0,espn-401872944.json
2,401872944,2026-09-20T20:25Z,WSH,DAL,away,2976212,00-0031588,Stefon Diggs,3,,,,,,,,,,,,,,5,6,47,2,20,,,,,,,,,,,,,,,,,,,,,,,,,,,2,0,espn-401872944.json
2,401872944,2026-09-20T20:25Z,WSH,DAL,away,4361088,00-0039686,Colson Yankoff,80,,,,,,,,,,,,,,1,1,14,0,14,,,1,0,0,0,0,0,0,,,,,,,,,,,,,,,,,,0,0,espn-401872944.json
2,401872944,2026-09-20T20:25Z,WSH,DAL,away,4690923,00-0039912,Ben Sinnott,82,,,,,,,,,,,,,,1,1,6,0,6,,,,,,,,,,,,,,,,,,,,,,,,,,,0,0,espn-401872944.json
2,401872944,2026-09-20T20:25Z,WSH,DAL,away,4567156,00-0037742,Treylon Burks,13,,,,,,,,,,,,,,0,1,0,0,0,,,,,,,,,,,,,,,,,,,,,,,,,,,0,0,espn-401872944.json
2,401872944,2026-09-20T20:25Z,WSH,DAL,away,4602667,00-0040164,Jaylin Lane,83,,,,,,,,,,,,,,,,,,,1,0,,,,,,,,,,,6,120,0,1,14,0,,,,,,,,,0,0,espn-401872944.json
2,401872944,2026-09-20T20:25Z,WSH,DAL,away,4426901,00-0037819,Leo Chenal,54,,,,,,,,,,,,,,,,,,,,,12,6,0,0,0,0,0,,,,,,,,,,,,,,,,,,0,0,espn-401872944.json
2,401872944,2026-09-20T20:25Z,WSH,DAL,away,3125248,00-0034465,Jeremy Reaves,39,,,,,,,,,,,,,,,,,,,,,7,4,0,0,0,0,0,,,,,,,,,,,,,,,,,,0,0,espn-401872944.json
2,401872944,2026-09-20T20:25Z,WSH,DAL,away,4239694,00-0036375,Amik Robertson,2,,,,,,,,,,,,,,,,,,,,,5,5,0,0,2,0,0,,,,,,,,,,,,,,,,,,0,0,espn-401872944.json
2,401872944,2026-09-20T20:25Z,WSH,DAL,away,3928979,00-0034373,Dorance Armstrong,92,,,,,,,,,,,,,,,,,,,,,5,3,0,0,0,1,0,,,,,,,,,,,,,,,,,,0,0,espn-401872944.json
2,401872944,2026-09-20T20:25Z,WSH,DAL,away,4428414,00-0039898,Mike Sainristil,0,,,,,,,,,,,,,,,,,,,,,4,3,0,0,0,0,0,,,,,,,,,,,,,,,,,,0,0,espn-401872944.json
2,401872944,2026-09-20T20:25Z,WSH,DAL,away,4426403,00-0037616,Nick Cross,25,,,,,,,,,,,,,,,,,,,,,3,3,0,1,0,0,0,,,,,,,,,,,,,,,,,,0,0,espn-401872944.json
2,401872944,2026-09-20T20:25Z,WSH,DAL,away,4242205,00-0036286,K'Lavon Chaisson,45,,,,,,,,,,,,,,,,,,,,,3,2,1,1,0,1,0,,,,,,,,,,,,,,,,,,0,0,espn-401872944.json
2,401872944,2026-09-20T20:25Z,WSH,DAL,away,3943270,00-0033551,Rasul Douglas,29,,,,,,,,,,,,,,,,,,,,,3,1,0,0,0,0,0,,,,,,,,,,,,,,,,,,0,0,espn-401872944.json
2,401872944,2026-09-20T20:25Z,WSH,DAL,away,5081807,00-0041028,Sonny Styles,52,,,,,,,,,,,,,,,,,,,,,3,0,0,0,0,0,0,,,,,,,,,,,,,,,,,,0,0,espn-401872944.json
2,401872944,2026-09-20T20:25Z,WSH,DAL,away,4259491,00-0036260,Javon Kinlaw,99,,,,,,,,,,,,,,,,,,,,,2,2,1,1,0,1,0,,,,,,,,,,,,,,,,,,0,0,espn-401872944.json
2,401872944,2026-09-20T20:25Z,WSH,DAL,away,3929956,00-0034397,Tim Settle,97,,,,,,,,,,,,,,,,,,,,,2,2,0,0,0,0,0,,,,,,,,,,,,,,,,,,0,0,espn-401872944.json
2,401872944,2026-09-20T20:25Z,WSH,DAL,away,4361090,00-0040318,Ale Kaho,51,,,,,,,,,,,,,,,,,,,,,2,2,0,0,0,0,0,,,,,,,,,,,,,,,,,,0,0,espn-401872944.json
2,401872944,2026-09-20T20:25Z,WSH,DAL,away,4361422,00-0036940,Odafe Oweh,98,,,,,,,,,,,,,,,,,,,,,2,2,0,0,0,1,0,,,,,,,,,,,,,,,,,,0,0,espn-401872944.json
2,401872944,2026-09-20T20:25Z,WSH,DAL,away,3925354,00-0034333,Daron Payne,94,,,,,,,,,,,,,,,,,,,,,2,1,0,0,0,1,0,,,,,,,,,,,,,,,,,,0,0,espn-401872944.json
2,401872944,2026-09-20T20:25Z,WSH,DAL,away,4360378,00-0039149,Quan Martin,20,,,,,,,,,,,,,,,,,,,,,2,1,0,0,0,0,0,,,,,,,,,,,,,,,,,,0,0,espn-401872944.json
2,401872944,2026-09-20T20:25Z,WSH,DAL,away,4361357,00-0039412,Javontae Jean-Baptiste,41,,,,,,,,,,,,,,,,,,,,,2,1,0,0,0,0,0,,,,,,,,,,,,,,,,,,0,0,espn-401872944.json
2,401872944,2026-09-20T20:25Z,WSH,DAL,away,2971586,00-0033918,Fabian Moreau,24,,,,,,,,,,,,,,,,,,,,,1,1,0,0,0,0,0,,,,,,,,,,,,,,,,,,0,0,espn-401872944.json
2,401872944,2026-09-20T20:25Z,WSH,DAL,away,3929865,00-0035279,Charles Omenihu,90,,,,,,,,,,,,,,,,,,,,,0,0,0,0,0,1,0,,,,,,,,,,,,,,,,,,0,0,espn-401872944.json
2,401872944,2026-09-20T20:25Z,WSH,DAL,away,5081335,00-0041182,Drew Stevens,19,,,,,,,,,,,,,,,,,,,,,,,,,,,,,,,,,,,,,2,3,47,2,2,8,,,0,0,espn-401872944.json
2,401872944,2026-09-20T20:25Z,WSH,DAL,away,16166,00-0030140,Tress Way,10,,,,,,,,,,,,,,,,,,,,,,,,,,,,,,,,,,,,,,,,,,,1,47,0,0,espn-401872944.json
2,401872944,2026-09-20T20:25Z,DAL,WSH,home,2577417,00-0033077,Dak Prescott,4,26,31,279,4,0,2,13,89.2,143.8,4,26,0,11,,,,,,,,,,,,,,,,,,,,,,,,,,,,,,,,0,0,espn-401872944.json
2,401872944,2026-09-20T20:25Z,DAL,WSH,home,4361579,00-0036997,Javonte Williams,33,,,,,,,,,,12,30,0,9,3,4,20,0,8,,,,,,,,,,,,,,,,,,,,,,,,,,,0,0,espn-401872944.json
2,401872944,2026-09-20T20:25Z,DAL,WSH,home,4362478,00-0038705,Emari Demercado,31,,,,,,,,,,3,8,0,7,,,,,,,,,,,,,,,,,,,,,,,,,,,,,,,,0,0,espn-401872944.json
2,401872944,2026-09-20T20:25Z,DAL,WSH,home,3676833,00-0037801,KaVontae Turpin,9,,,,,,,,,,1,1,0,1,,,,,,,,,,,,,,,,,,4,122,0,1,9,0,,,,,,,,,0,0,espn-401872944.json
2,401872944,2026-09-20T20:25Z,DAL,WSH,home,4383396,00-0038738,Hunter Luepke,30,,,,,,,,,,1,1,0,1,,,,,,,,2,0,0,0,0,0,0,,,,,,,,,,,,,,,,,,0,0,espn-401872944.json
2,401872944,2026-09-20T20:25Z,DAL,WSH,home,4241389,00-0036358,CeeDee Lamb,88,,,,,,,,,,,,,,8,9,153,2,38,,,,,,,,,,,,,,,,,,,,,,,,,,,2,1,espn-401872944.json
2,401872944,2026-09-20T20:25Z,DAL,WSH,home,4242355,00-0038041,Jake Ferguson,87,,,,,,,,,,,,,,4,4,43,2,14,,,,,,,,,,,,,,,,,,,,,,,,,,,2,0,espn-401872944.json
2,401872944,2026-09-20T20:25Z,DAL,WSH,home,4426354,00-0037247,George Pickens,3,,,,,,,,,,,,,,6,8,40,0,12,,,,,,,,,,,,,,,,,,,,,,,,,,,0,0,espn-401872944.json
2,401872944,2026-09-20T20:25Z,DAL,WSH,home,5083754,00-0039410,Ryan Flournoy,19,,,,,,,,,,,,,,5,6,23,0,10,,,,,,,,,,,,,,,,,,,,,,,,,,,0,0,espn-401872944.json
2,401872944,2026-09-20T20:25Z,DAL,WSH,home,4428914,00-0038625,Dee Winters,53,,,,,,,,,,,,,,,,,,,0,0,9,7,0,1,0,0,0,,,,,,,,,,,,,,,,,,0,0,espn-401872944.json
2,401872944,2026-09-20T20:25Z,DAL,WSH,home,4870706,00-0040865,Caleb Downs,13,,,,,,,,,,,,,,,,,,,,,9,6,0,0,1,0,0,,,,,,,,,,,,,,,,,,0,0,espn-401872944.json
2,401872944,2026-09-20T20:25Z,DAL,WSH,home,4685266,00-0040872,Jaishawn Barham,55,,,,,,,,,,,,,,,,,,,,,7,4,0,1,0,0,0,,,,,,,,,,,,,,,,,,0,0,espn-401872944.json
2,401872944,2026-09-20T20:25Z,DAL,WSH,home,4241921,00-0037561,Markquese Bell,14,,,,,,,,,,,,,,,,,,,,,6,5,0,0,0,0,0,,,,,,,,,,,,,,,,,,0,0,espn-401872944.json
2,401872944,2026-09-20T20:25Z,DAL,WSH,home,4248911,00-0037275,DaRon Bland,26,,,,,,,,,,,,,,,,,,,,,5,4,0,0,1,0,0,,,,,,,,,,,,,,,,,,0,0,espn-401872944.json
2,401872944,2026-09-20T20:25Z,DAL,WSH,home,4043089,00-0035705,Jalen Thompson,34,,,,,,,,,,,,,,,,,,,,,5,3,0,0,0,1,0,,,,,,,,,,,,,,,,,,0,0,espn-401872944.json
2,401872944,2026-09-20T20:25Z,DAL,WSH,home,4040982,00-0035718,Quinnen Williams,92,,,,,,,,,,,,,,,,,,,,,4,2,0,1,0,1,0,,,,,,,,,,,,,,,,,,0,0,espn-401872944.json
2,401872944,2026-09-20T20:25Z,DAL,WSH,home,5095865,00-0040008,Shavon Revel Jr.,28,,,,,,,,,,,,,,,,,,,,,3,3,0,0,1,0,0,,,,,,,,,,,,,,,,,,0,0,espn-401872944.json
2,401872944,2026-09-20T20:25Z,DAL,WSH,home,4046523,00-0034967,Rashan Gary,7,,,,,,,,,,,,,,,,,,,,,3,2,0,0,0,0,0,,,,,,,,,,,,,,,,,,0,0,espn-401872944.json
2,401872944,2026-09-20T20:25Z,DAL,WSH,home,4360967,00-0039530,Brevyn Spann-Ford,89,,,,,,,,,,,,,,,,,,,,,3,2,0,0,0,0,0,,,,,,,,,,,,,,,,,,0,0,espn-401872944.json
2,401872944,2026-09-20T20:25Z,DAL,WSH,home,4683848,00-0040725,Donovan Ezeiruaku,6,,,,,,,,,,,,,,,,,,,,,3,2,0,0,0,0,0,,,,,,,,,,,,,,,,,,0,0,espn-401872944.json
2,401872944,2026-09-20T20:25Z,DAL,WSH,home,3122752,00-0033120,Kenny Clark,97,,,,,,,,,,,,,,,,,,,,,3,1,0,0,0,1,0,,,,,,,,,,,,,,,,,,0,0,espn-401872944.json
2,401872944,2026-09-20T20:25Z,DAL,WSH,home,4685400,00-0040011,Shemar James,50,,,,,,,,,,,,,,,,,,,,,3,1,0,0,0,0,0,,,,,,,,,,,,,,,,,,0,0,espn-401872944.json
2,401872944,2026-09-20T20:25Z,DAL,WSH,home,4689333,00-0038742,Tyrus Wheat,59,,,,,,,,,,,,,,,,,,,,,2,1,0,0,0,0,0,,,,,,,,,,,,,,,,,,0,0,espn-401872944.json
2,401872944,2026-09-20T20:25Z,DAL,WSH,home,3929850,00-0035227,P.J. Locke,1,,,,,,,,,,,,,,,,,,,,,1,1,0,0,0,0,0,,,,,,,,,,,,,,,,,,0,0,espn-401872944.json
2,401872944,2026-09-20T20:25Z,DAL,WSH,home,4384549,00-0037839,Cobie Durant,2,,,,,,,,,,,,,,,,,,,,,1,1,0,0,1,0,0,,,,,,,,,,,,,,,,,,0,0,espn-401872944.json
2,401872944,2026-09-20T20:25Z,DAL,WSH,home,4710067,00-0041537,Malachi Lawrence,57,,,,,,,,,,,,,,,,,,,,,1,1,0,0,0,1,0,,,,,,,,,,,,,,,,,,0,0,espn-401872944.json
2,401872944,2026-09-20T20:25Z,DAL,WSH,home,4870960,00-0040880,LT Overton,99,,,,,,,,,,,,,,,,,,,,,1,1,0,0,0,0,0,,,,,,,,,,,,,,,,,,0,0,espn-401872944.json
2,401872944,2026-09-20T20:25Z,DAL,WSH,home,13976,00-0027940,Von Miller,40,,,,,,,,,,,,,,,,,,,,,1,0,0,0,0,0,0,,,,,,,,,,,,,,,,,,0,0,espn-401872944.json
2,401872944,2026-09-20T20:25Z,DAL,WSH,home,4595352,00-0040045,Alijah Clark,11,,,,,,,,,,,,,,,,,,,,,1,0,0,0,0,0,0,,,,,,,,,,,,,,,,,,0,0,espn-401872944.json
2,401872944,2026-09-20T20:25Z,DAL,WSH,home,2980097,00-0033093,Jonathan Bullard,90,,,,,,,,,,,,,,,,,,,,,0,0,0,0,0,1,0,,,,,,,,,,,,,,,,,,0,0,espn-401872944.json
2,401872944,2026-09-20T20:25Z,DAL,WSH,home,4367210,00-0037270,Otito Ogbonnia,91,,,,,,,,,,,,,,,,,,,,,0,0,0,0,0,1,0,,,,,,,,,,,,,,,,,,0,0,espn-401872944.json
2,401872944,2026-09-20T20:25Z,DAL,WSH,home,3953687,00-0037692,Brandon Aubrey,17,,,,,,,,,,,,,,,,,,,,,,,,,,,,,,,,,,,,,3,3,60,4,4,13,,,0,0,espn-401872944.json
2,401872944,2026-09-20T20:25Z,DAL,WSH,home,14950,00-0029692,Bryan Anger,5,,,,,,,,,,,,,,,,,,,,,,,,,,,,,,,,,,,,,,,,,,,1,48,0,0,espn-401872944.json
2,401872945,2026-09-21T00:20Z,IND,KC,away,3917792,00-0035710,Daniel Jones,17,22,31,210,1,1,0,0,73.8,86.8,3,10,0,5,,,,,,,,,,,,,,,,,,,,,,,,,,,,,,,,0,0,espn-401872945.json
2,401872945,2026-09-21T00:20Z,IND,KC,away,4242335,00-0036223,Jonathan Taylor,28,,,,,,,,,,24,92,2,24,4,4,40,0,15,,,,,,,,,,,,,,,,,,,,,,,,,,,2,0,espn-401872945.json
2,401872945,2026-09-21T00:20Z,IND,KC,away,4683151,00-0041132,Deion Burks,80,,,,,,,,,,2,14,0,10,,,,,,,,1,0,0,0,0,0,0,,,,,,,,,,,,,,,,,,0,0,espn-401872945.json
2,401872945,2026-09-21T00:20Z,IND,KC,away,4431459,00-0040128,Tyler Warren,84,,,,,,,,,,1,3,0,3,6,7,21,1,8,,,,,,,,,,,,,,,,,,,,,,,,,,,1,1,espn-401872945.json
2,401872945,2026-09-21T00:20Z,IND,KC,away,4686468,00-0041125,Seth McGowan,20,,,,,,,,,,2,0,0,1,,,,,,,,,,,,,,,,,,2,58,0,,,,,,,,,,,,0,0,espn-401872945.json
2,401872945,2026-09-21T00:20Z,IND,KC,away,4688813,00-0038997,Josh Downs,2,,,,,,,,,,,,,,7,9,72,0,20,,,,,,,,,,,,,,,,,,,,,,,,,,,0,0,espn-401872945.json
2,401872945,2026-09-21T00:20Z,IND,KC,away,3051889,00-0032951,Laquon Treadwell,13,,,,,,,,,,,,,,3,3,61,0,48,,,1,0,0,0,0,0,0,,,,,,,,,,,,,,,,,,0,0,espn-401872945.json
2,401872945,2026-09-21T00:20Z,IND,KC,away,4360078,00-0037664,Alec Pierce,14,,,,,,,,,,,,,,1,1,11,0,11,,,,,,,,,,,,,,,,,,,,,,,,,,,0,0,espn-401872945.json
2,401872945,2026-09-21T00:20Z,IND,KC,away,15818,00-0030279,Keenan Allen,10,,,,,,,,,,,,,,1,5,5,0,5,,,,,,,,,,,,,,,,,,,,,,,,,,,0,0,espn-401872945.json
2,401872945,2026-09-21T00:20Z,IND,KC,away,4722908,,Drew Ogletree,85,,,,,,,,,,,,,,0,1,0,0,0,,,2,2,0,0,0,0,0,,,,,,,,,,,,,,,,,,0,0,espn-401872945.json
2,401872945,2026-09-21T00:20Z,IND,KC,away,3917142,00-0036298,Akeem Davis-Gaither,51,,,,,,,,,,,,,,,,,,,,,14,7,0,1,0,0,0,,,,,,,,,,,,,,,,,,0,0,espn-401872945.json
2,401872945,2026-09-21T00:20Z,IND,KC,away,4035861,,Cam Bynum,0,,,,,,,,,,,,,,,,,,,,,9,5,0,0,0,0,0,,,,,,,,,,,,,,,,,,0,0,espn-401872945.json
2,401872945,2026-09-21T00:20Z,IND,KC,away,4432789,00-0040235,Hunter Wohler,30,,,,,,,,,,,,,,,,,,,,,8,3,0,0,0,0,0,,,,,,,,,,,,,,,,,,0,0,espn-401872945.json
2,401872945,2026-09-21T00:20Z,IND,KC,away,4427250,00-0037190,Sauce Gardner,1,,,,,,,,,,,,,,,,,,,,,6,4,0,0,1,0,0,,,,,,,,,,,,,,,,,,0,0,espn-401872945.json
2,401872945,2026-09-21T00:20Z,IND,KC,away,4601021,00-0039377,Jaylon Carlies,57,,,,,,,,,,,,,,,,,,,,,6,3,0,0,0,0,0,,,,,,,,,,,,,,,,,,0,0,espn-401872945.json
2,401872945,2026-09-21T00:20Z,IND,KC,away,4682909,00-0040139,Justin Walley,27,,,,,,,,,,,,,,,,,,,,,5,3,0,0,1,0,0,,,,,,,,,,,,,,,,,,0,0,espn-401872945.json
2,401872945,2026-09-21T00:20Z,IND,KC,away,5088571,00-0041518,Bryce Boettcher,50,,,,,,,,,,,,,,,,,,,,,5,2,0,0,0,0,0,,,,,,,,,,,,,,,,,,0,0,espn-401872945.json
2,401872945,2026-09-21T00:20Z,IND,KC,away,2971282,00-0032378,DeForest Buckner,99,,,,,,,,,,,,,,,,,,,,,5,1,1,1,1,1,0,,,,,,,,,,,,,,,,,,0,0,espn-401872945.json
2,401872945,2026-09-21T00:20Z,IND,KC,away,4361196,00-0037753,Cam Taylor-Britt,29,,,,,,,,,,,,,,,,,,,,,5,1,0,0,0,0,0,,,,,,,,,,,,,,,,,,0,0,espn-401872945.json
2,401872945,2026-09-21T00:20Z,IND,KC,away,4426473,00-0039340,Laiatu Latu,97,,,,,,,,,,,,,,,,,,,,,4,2,0,0,0,0,0,,,,,,,,,,,,,,,,,,0,0,espn-401872945.json
2,401872945,2026-09-21T00:20Z,IND,KC,away,4058825,00-0033952,Grover Stewart,90,,,,,,,,,,,,,,,,,,,,,4,1,0,0,0,1,0,,,,,,,,,,,,,,,,,,0,0,espn-401872945.json
2,401872945,2026-09-21T00:20Z,IND,KC,away,3863182,00-0035674,Jerry Tillery,94,,,,,,,,,,,,,,,,,,,,,3,2,1,1,0,1,0,,,,,,,,,,,,,,,,,,0,0,espn-401872945.json
2,401872945,2026-09-21T00:20Z,IND,KC,away,4566154,00-0040744,Jaylahn Tuimoloau,91,,,,,,,,,,,,,,,,,,,,,3,1,0,0,0,0,0,,,,,,,,,,,,,,,,,,0,0,espn-401872945.json
2,401872945,2026-09-21T00:20Z,IND,KC,away,4037361,00-0034573,Charvarius Ward,7,,,,,,,,,,,,,,,,,,,,,2,1,0,0,0,0,0,,,,,,,,,,,,,,,,,,0,0,espn-401872945.json
2,401872945,2026-09-21T00:20Z,IND,KC,away,4685324,00-0041111,Caden Curry,55,,,,,,,,,,,,,,,,,,,,,2,1,0,0,0,0,0,,,,,,,,,,,,,,,,,,0,0,espn-401872945.json
2,401872945,2026-09-21T00:20Z,IND,KC,away,4905664,00-0041043,A.J. Haulcy,25,,,,,,,,,,,,,,,,,,,,,2,1,0,0,0,0,0,,,,,,,,,,,,,,,,,,0,0,espn-401872945.json
2,401872945,2026-09-21T00:20Z,IND,KC,away,5153072,00-0040928,Kapena Gushiken,34,,,,,,,,,,,,,,,,,,,,,2,1,0,1,1,0,0,,,,,,,,,,,,,,,,,,0,0,espn-401872945.json
2,401872945,2026-09-21T00:20Z,IND,KC,away,4331768,00-0034485,Jonathan Owens,38,,,,,,,,,,,,,,,,,,,,,1,1,0,0,0,0,0,,,,,,,,,,,,,,,,,,0,0,espn-401872945.json
2,401872945,2026-09-21T00:20Z,IND,KC,away,4692638,00-0041227,Tahj Chambers,44,,,,,,,,,,,,,,,,,,,,,1,1,0,0,0,0,0,,,,,,,,,,,,,,,,,,0,0,espn-401872945.json
2,401872945,2026-09-21T00:20Z,IND,KC,away,3843843,00-0034825,Arden Key,98,,,,,,,,,,,,,,,,,,,,,1,0,0,0,0,1,0,,,,,,,,,,,,,,,,,,0,0,espn-401872945.json
2,401872945,2026-09-21T00:20Z,IND,KC,away,4870598,00-0041039,CJ Allen,53,,,,,,,,,,,,,,,,,,,,,1,0,0,0,0,0,0,,,,,,,,,,,,,,,,,,0,0,espn-401872945.json
2,401872945,2026-09-21T00:20Z,IND,KC,away,4429684,00-0039816,Anthony Gould,6,,,,,,,,,,,,,,,,,,,,,,,,,,,,,,,4,102,0,,,,,,,,,,,,0,0,espn-401872945.json
2,401872945,2026-09-21T00:20Z,IND,KC,away,4571557,00-0039576,Spencer Shrader,3,,,,,,,,,,,,,,,,,,,,,,,,,,,,,,,,,,,,,3,3,49,3,3,12,,,0,0,espn-401872945.json
2,401872945,2026-09-21T00:20Z,IND,KC,away,3914922,00-0033269,Rigoberto Sanchez,8,,,,,,,,,,,,,,,,,,,,,,,,,,,,,,,,,,,,,,,,,,,2,86,0,0,espn-401872945.json
2,401872945,2026-09-21T00:20Z,KC,IND,home,3139477,00-0033873,Patrick Mahomes,15,32,47,382,3,0,2,11,77.6,114.0,2,17,0,13,,,,,,,,,,,,,,,,,,,,,,,,,,,,,,,,0,0,espn-401872945.json
2,401872945,2026-09-21T00:20Z,KC,IND,home,4567048,00-0038134,Kenneth Walker III,9,,,,,,,,,,24,117,0,19,6,10,61,0,22,,,,,,,,,,,,,,,,,,,,,,,,,,,0,0,espn-401872945.json
2,401872945,2026-09-21T00:20Z,KC,IND,home,4832955,00-0041013,Emmett Johnson,10,,,,,,,,,,2,15,0,8,2,2,20,0,12,,,1,1,0,0,0,0,0,,,,1,34,0,,,,,,,,,,,,0,0,espn-401872945.json
2,401872945,2026-09-21T00:20Z,KC,IND,home,4256074,00-0036909,Khyiris Tonga,92,,,,,,,,,,1,3,0,3,,,,,,,,,,,,,,,,,,,,,,,,,,,,,,,,0,0,espn-401872945.json
2,401872945,2026-09-21T00:20Z,KC,IND,home,15847,00-0030506,Travis Kelce,87,,,,,,,,,,,,,,9,11,101,1,18,,,,,,,,,,,,,,,,,,,,,,,,,,,1,0,espn-401872945.json
2,401872945,2026-09-21T00:20Z,KC,IND,home,4362921,00-0038104,Tyquan Thornton,2,,,,,,,,,,,,,,4,4,86,0,45,,,,,,,,,,,,,,,,,,,,,,,,,,,0,0,espn-401872945.json
2,401872945,2026-09-21T00:20Z,KC,IND,home,4428331,00-0039067,Rashee Rice,4,,,,,,,,,,,,,,4,6,83,0,31,,,,,,,,,,,,,,,,,,,,,,,,,,,0,0,espn-401872945.json
2,401872945,2026-09-21T00:20Z,KC,IND,home,4683062,00-0039894,Xavier Worthy,1,,,,,,,,,,,,,,5,7,25,1,16,,,,,,,,,,,,,,,,,,,,,,,,,,,1,0,espn-401872945.json
2,401872945,2026-09-21T00:20Z,KC,IND,home,5082630,00-0040646,Jalen Royals,11,,,,,,,,,,,,,,2,2,6,1,5,,,2,0,0,0,0,0,0,,,,,,,,,,,,,,,,,,1,0,espn-401872945.json
2,401872945,2026-09-21T00:20Z,KC,IND,home,4240472,00-0036637,Noah Gray,83,,,,,,,,,,,,,,0,1,0,0,0,,,,,,,,,,,,,,,,,,,,,,,,,,,0,0,espn-401872945.json
2,401872945,2026-09-21T00:20Z,KC,IND,home,4362759,00-0036621,Nick Bolton,32,,,,,,,,,,,,,,,,,,,,,13,6,0,1,0,0,0,,,,,,,,,,,,,,,,,,0,0,espn-401872945.json
2,401872945,2026-09-21T00:20Z,KC,IND,home,4685232,00-0039825,Jaden Hicks,21,,,,,,,,,,,,,,,,,,,,,10,5,0,1,0,0,0,,,,,,,,,,,,,,,,,,0,0,espn-401872945.json
2,401872945,2026-09-21T00:20Z,KC,IND,home,3129310,00-0035262,Drue Tranquill,23,,,,,,,,,,,,,,,,,,,,,8,4,0,2,1,0,0,,,,,,,,,,,,,,,,,,0,0,espn-401872945.json
2,401872945,2026-09-21T00:20Z,KC,IND,home,4040432,00-0036374,L'Jarius Sneed,38,,,,,,,,,,,,,,,,,,,,,7,4,0,0,1,0,0,,,,,,,,,,,,,,,,,,0,0,espn-401872945.json
2,401872945,2026-09-21T00:20Z,KC,IND,home,3044859,00-0032762,Chris Jones,95,,,,,,,,,,,,,,,,,,,,,6,3,0,0,0,1,0,,,,,,,,,,,,,,,,,,0,0,espn-401872945.json
2,401872945,2026-09-21T00:20Z,KC,IND,home,4610705,00-0040670,Nohl Williams,20,,,,,,,,,,,,,,,,,,,,,5,4,0,1,1,0,0,,,,,,,,,,,,,,,,,,0,0,espn-401872945.json
2,401872945,2026-09-21T00:20Z,KC,IND,home,4426659,00-0037192,George Karlaftis,56,,,,,,,,,,,,,,,,,,,,,5,2,0,0,0,0,0,,,,,,,,,,,,,,,,,,0,0,espn-401872945.json
2,401872945,2026-09-21T00:20Z,KC,IND,home,4039413,00-0036380,Alohi Gilman,17,,,,,,,,,,,,,,,,,,,,,5,1,0,0,1,0,0,,,,,,,,,,,,,,,,,,0,0,espn-401872945.json
2,401872945,2026-09-21T00:20Z,KC,IND,home,4871063,00-0041545,Peter Woods,99,,,,,,,,,,,,,,,,,,,,,3,0,0,0,0,0,0,,,,,,,,,,,,,,,,,,0,0,espn-401872945.json
2,401872945,2026-09-21T00:20Z,KC,IND,home,4036959,00-0035900,Cole Christiansen,48,,,,,,,,,,,,,,,,,,,,,2,2,0,0,0,0,0,,,,,,,,,,,,,,,,,,0,0,espn-401872945.json
2,401872945,2026-09-21T00:20Z,KC,IND,home,4684432,00-0040640,Ashton Gillotte,97,,,,,,,,,,,,,,,,,,,,,2,2,0,0,0,0,0,,,,,,,,,,,,,,,,,,0,0,espn-401872945.json
2,401872945,2026-09-21T00:20Z,KC,IND,home,4035433,00-0036416,Kristian Fulton,8,,,,,,,,,,,,,,,,,,,,,2,1,0,0,1,0,0,1,0,0,,,,,,,,,,,,,,,0,0,espn-401872945.json
2,401872945,2026-09-21T00:20Z,KC,IND,home,4249766,00-0037208,Jack Cochrane,43,,,,,,,,,,,,,,,,,,,,,2,1,0,1,0,0,0,,,,,,,,,,,,,,,,,,0,0,espn-401872945.json
2,401872945,2026-09-21T00:20Z,KC,IND,home,4428383,,Chris Roland-Wallace,30,,,,,,,,,,,,,,,,,,,,,1,1,0,0,0,0,0,,,,,,,,,,,,,,,,,,0,0,espn-401872945.json
2,401872945,2026-09-21T00:20Z,KC,IND,home,3055899,00-0033303,Harrison Butker,7,,,,,,,,,,,,,,,,,,,,,1,0,0,0,0,0,0,,,,,,,,,,4,5,46,3,3,15,,,0,0,espn-401872945.json
2,401872945,2026-09-21T00:20Z,KC,IND,home,4602389,00-0040072,Jeffrey Bassa,31,,,,,,,,,,,,,,,,,,,,,1,0,0,0,0,0,0,,,,,,,,,,,,,,,,,,0,0,espn-401872945.json
2,401872945,2026-09-21T00:20Z,KC,IND,home,4710706,00-0041497,Jadon Canady,22,,,,,,,,,,,,,,,,,,,,,1,0,0,0,0,0,0,,,,,,,,,,,,,,,,,,0,0,espn-401872945.json
2,401872945,2026-09-21T00:20Z,KC,IND,home,4612387,00-0039006,Felix Anudike-Uzomah,91,,,,,,,,,,,,,,,,,,,,,0,0,0,0,0,2,0,,,,,,,,,,,,,,,,,,0,0,espn-401872945.json
2,401872945,2026-09-21T00:20Z,KC,IND,home,5081927,00-0041501,R Mason Thomas,51,,,,,,,,,,,,,,,,,,,,,0,0,0,0,0,1,0,,,,,,,,,,,,,,,,,,0,0,espn-401872945.json
2,401872945,2026-09-21T00:20Z,KC,IND,home,4596602,00-0040078,Brashard Smith,24,,,,,,,,,,,,,,,,,,,,,,,,,,,,,,,5,133,0,,,,,,,,,,,,0,0,espn-401872945.json
2,401872945,2026-09-21T00:20Z,KC,IND,home,4372716,00-0038519,Nikko Remigio,81,,,,,,,,,,,,,,,,,,,,,,,,,,,,,,,,,,2,8,0,,,,,,,,,0,0,espn-401872945.json
2,401872945,2026-09-21T00:20Z,KC,IND,home,4361496,00-0037284,Matt Araiza,14,,,,,,,,,,,,,,,,,,,,,,,,,,,,,,,,,,,,,,,,,,,2,109,0,0,espn-401872945.json
2,401872946,2026-09-20T17:00Z,PIT,NE,away,8439,00-0023459,Aaron Rodgers,8,23,39,187,0,1,4,43,26.7,60.5,1,5,0,5,,,,,,2,1,1,1,0,0,0,0,0,,,,,,,,,,,,,,,,,,0,0,espn-401872946.json
2,401872946,2026-09-20T17:00Z,PIT,NE,away,3116407,00-0034771,Mason Rudolph,2,0,1,0,0,0,0,0,7.0,39.6,1,3,0,3,,,,,,,,,,,,,,,,,,,,,,,,,,,,,,,,0,0,espn-401872946.json
2,401872946,2026-09-20T17:00Z,PIT,NE,away,4569987,00-0037228,Jaylen Warren,30,,,,,,,,,,11,43,0,10,2,4,34,0,26,,,,,,,,,,,,,,,,,,,,,,,,,,,0,0,espn-401872946.json
2,401872946,2026-09-20T17:00Z,PIT,NE,away,4038815,00-0036139,Rico Dowdle,13,,,,,,,,,,7,22,0,6,2,2,22,0,13,,,,,,,,,,,,,,,,,,,,,,,,,,,0,0,espn-401872946.json
2,401872946,2026-09-20T17:00Z,PIT,NE,away,4037457,00-0035594,Travis Homer,21,,,,,,,,,,2,16,0,14,,,,,,,,,,,,,,,,,,,,,,,,,,,,,,,,0,0,espn-401872946.json
2,401872946,2026-09-20T17:00Z,PIT,NE,away,4361411,00-0036894,Pat Freiermuth,88,,,,,,,,,,1,2,0,2,4,5,32,0,9,,,,,,,,,,,,,,,,,,,,,,,,,,,0,0,espn-401872946.json
2,401872946,2026-09-20T17:00Z,PIT,NE,away,4685261,00-0041489,Germie Bernard,17,,,,,,,,,,,,,,4,8,35,0,19,,,,,,,,,,,,,,,,,,,,,,,,,,,0,0,espn-401872946.json
2,401872946,2026-09-20T17:00Z,PIT,NE,away,4431492,00-0039739,Roman Wilson,14,,,,,,,,,,,,,,5,6,28,0,9,,,,,,,,,,,,,,,,,,,,,,,,,,,0,0,espn-401872946.json
2,401872946,2026-09-20T17:00Z,PIT,NE,away,4047650,00-0035640,DK Metcalf,4,,,,,,,,,,,,,,4,9,27,0,16,,,,,,,,,,,,,,,,,,,,,,,,,,,0,0,espn-401872946.json
2,401872946,2026-09-20T17:00Z,PIT,NE,away,4430802,00-0038558,Darnell Washington,80,,,,,,,,,,,,,,1,2,7,0,7,,,,,,,,,,,,,,,,,,,,,,,,,,,0,0,espn-401872946.json
2,401872946,2026-09-20T17:00Z,PIT,NE,away,4035656,00-0036862,Ben Skowronek,15,,,,,,,,,,,,,,1,1,2,0,2,,,,,,,,,,,,,,,,,,,,,,,,,,,0,0,espn-401872946.json
2,401872946,2026-09-20T17:00Z,PIT,NE,away,4361652,00-0039741,Payton Wilson,41,,,,,,,,,,,,,,,,,,,0,0,6,4,0,1,0,0,0,,,,,,,,,,,,,,,,,,0,0,espn-401872946.json
2,401872946,2026-09-20T17:00Z,PIT,NE,away,4427170,00-0039871,Troy Fautanu,76,,,,,,,,,,,,,,,,,,,0,0,,,,,,,,,,,,,,,,,,,,,,,,,0,0,espn-401872946.json
2,401872946,2026-09-20T17:00Z,PIT,NE,away,4682980,00-0040678,Derrick Harmon,99,,,,,,,,,,,,,,,,,,,,,8,1,0.5,0,0,1,0,,,,,,,,,,,,,,,,,,0,0,espn-401872946.json
2,401872946,2026-09-20T17:00Z,PIT,NE,away,4429164,00-0038577,Nick Herbig,51,,,,,,,,,,,,,,,,,,,,,7,4,0,3,0,0,0,,,,,,,,,,,,,,,,,,0,0,espn-401872946.json
2,401872946,2026-09-20T17:00Z,PIT,NE,away,4570044,00-0038135,Jaquan Brisker,3,,,,,,,,,,,,,,,,,,,,,6,1,0,0,0,0,0,,,,,,,,,,,,,,,,,,0,0,espn-401872946.json
2,401872946,2026-09-20T17:00Z,PIT,NE,away,2969961,00-0033941,Rayshawn Jenkins,20,,,,,,,,,,,,,,,,,,,,,5,4,0,0,0,0,0,,,,,,,,,,,,,,,,,,0,0,espn-401872946.json
2,401872946,2026-09-20T17:00Z,PIT,NE,away,4363034,00-0036617,Asante Samuel Jr.,22,,,,,,,,,,,,,,,,,,,,,5,3,0,0,1,0,0,,,,,,,,,,,,,,,,,,0,0,espn-401872946.json
2,401872946,2026-09-20T17:00Z,PIT,NE,away,3045373,00-0033055,Jalen Ramsey,5,,,,,,,,,,,,,,,,,,,,,5,2,0,0,0,0,0,,,,,,,,,,,,,,,,,,0,0,espn-401872946.json
2,401872946,2026-09-20T17:00Z,PIT,NE,away,4820584,00-0041401,Robert Spears-Jennings,28,,,,,,,,,,,,,,,,,,,,,4,3,0,0,0,0,0,,,,,,,,,,,,,,,,,,0,0,espn-401872946.json
2,401872946,2026-09-20T17:00Z,PIT,NE,away,3045282,00-0033886,T.J. Watt,90,,,,,,,,,,,,,,,,,,,,,4,2,1.5,1,0,2,0,,,,,,,,,,,,,,,,,,0,0,espn-401872946.json
2,401872946,2026-09-20T17:00Z,PIT,NE,away,4037333,00-0036333,Alex Highsmith,56,,,,,,,,,,,,,,,,,,,,,3,2,1,2,1,3,0,,,,,,,,,,,,,,,,,,0,0,espn-401872946.json
2,401872946,2026-09-20T17:00Z,PIT,NE,away,3873935,00-0035699,Jamel Dean,35,,,,,,,,,,,,,,,,,,,,,3,2,0,0,0,0,0,,,,,,,,,,,,,,,,,,0,0,espn-401872946.json
2,401872946,2026-09-20T17:00Z,PIT,NE,away,13977,00-0027969,Cameron Heyward,97,,,,,,,,,,,,,,,,,,,,,3,0,0,0,1,1,0,,,,,,,,,,,,,,,,,,0,0,espn-401872946.json
2,401872946,2026-09-20T17:00Z,PIT,NE,away,4426694,00-0039110,Keeanu Benton,95,,,,,,,,,,,,,,,,,,,,,3,0,0,0,0,0,0,,,,,,,,,,,,,,,,,,0,0,espn-401872946.json
2,401872946,2026-09-20T17:00Z,PIT,NE,away,4242207,00-0036323,Patrick Queen,6,,,,,,,,,,,,,,,,,,,,,2,0,0,0,1,0,0,1,3,0,,,,,,,,,,,,,,,0,0,espn-401872946.json
2,401872946,2026-09-20T17:00Z,PIT,NE,away,3047495,00-0034810,Sebastian Joseph-Day,69,,,,,,,,,,,,,,,,,,,,,1,1,0,1,0,0,0,,,,,,,,,,,,,,,,,,0,0,espn-401872946.json
2,401872946,2026-09-20T17:00Z,PIT,NE,away,3116689,00-0035286,Cole Holcomb,55,,,,,,,,,,,,,,,,,,,,,1,1,0,0,0,0,0,,,,,,,,,,,,,,,,,,0,0,espn-401872946.json
2,401872946,2026-09-20T17:00Z,PIT,NE,away,5081338,00-0041397,Kaden Wetjen,10,,,,,,,,,,,,,,,,,,,,,,,,,,,,,,,4,92,0,2,21,0,,,,,,,,,0,0,espn-401872946.json
2,401872946,2026-09-20T17:00Z,PIT,NE,away,5081508,00-0041490,Eli Heidenreich,29,,,,,,,,,,,,,,,,,,,,,,,,,,,,,,,1,26,0,,,,,,,,,,,,0,0,espn-401872946.json
2,401872946,2026-09-20T17:00Z,PIT,NE,away,17372,00-0031136,Chris Boswell,9,,,,,,,,,,,,,,,,,,,,,,,,,,,,,,,,,,,,,1,2,56,0,0,3,,,0,0,espn-401872946.json
2,401872946,2026-09-20T17:00Z,PIT,NE,away,3051397,00-0033729,Cameron Johnston,19,,,,,,,,,,,,,,,,,,,,,,,,,,,,,,,,,,,,,,,,,,,8,385,0,0,espn-401872946.json
2,401872946,2026-09-20T17:00Z,NE,PIT,home,4431452,00-0039851,Drake Maye,10,14,22,208,0,1,3,17,67.6,75.6,4,17,0,13,,,,,,,,,,,,,,,,,,,,,,,,,,,,,,,,0,0,espn-401872946.json
2,401872946,2026-09-20T17:00Z,NE,PIT,home,4432710,00-0040734,TreVeyon Henderson,32,,,,,,,,,,16,76,1,39,,,,,,,,,,,,,,,,,,,,,,,,,,,,,,,,1,1,espn-401872946.json
2,401872946,2026-09-20T17:00Z,NE,PIT,home,4569173,00-0036875,Rhamondre Stevenson,38,,,,,,,,,,6,43,0,24,1,2,3,0,3,1,1,,,,,,,,,,,,,,,,,,,,,,,,,0,0,espn-401872946.json
2,401872946,2026-09-20T17:00Z,NE,PIT,home,4431431,00-0040556,Corey Kiner,9,,,,,,,,,,2,0,0,2,,,,,,,,,,,,,,,,,,,,,,,,,,,,,,,,0,0,espn-401872946.json
2,401872946,2026-09-20T17:00Z,NE,PIT,home,4361432,00-0037816,Romeo Doubs,87,,,,,,,,,,,,,,3,4,96,0,63,1,0,,,,,,,,,,,,,,,,,,,,,,,,,0,0,espn-401872946.json
2,401872946,2026-09-20T17:00Z,NE,PIT,home,3046439,00-0033090,Hunter Henry,85,,,,,,,,,,,,,,3,5,40,0,29,,,1,1,0,0,0,0,0,,,,,,,,,,,,,,,,,,0,0,espn-401872946.json
2,401872946,2026-09-20T17:00Z,NE,PIT,home,4831959,00-0041395,Eli Raridon,82,,,,,,,,,,,,,,1,1,30,0,30,,,,,,,,,,,,,,,,,,,,,,,,,,,0,0,espn-401872946.json
2,401872946,2026-09-20T17:00Z,NE,PIT,home,2991662,00-0033555,Mack Hollins,13,,,,,,,,,,,,,,2,2,18,0,10,,,,,,,,,,,,,,,,,,,,,,,,,,,0,0,espn-401872946.json
2,401872946,2026-09-20T17:00Z,NE,PIT,home,4613202,00-0040131,Kyle Williams,18,,,,,,,,,,,,,,1,2,10,0,10,,,,,,,,,,,,,1,29,0,,,,,,,,,,,,0,0,espn-401872946.json
2,401872946,2026-09-20T17:00Z,NE,PIT,home,4427095,00-0038621,DeMario Douglas,3,,,,,,,,,,,,,,1,2,9,0,9,,,,,,,,,,,,,,,,,,,,,,,,,,,0,0,espn-401872946.json
2,401872946,2026-09-20T17:00Z,NE,PIT,home,4039505,00-0036187,Reggie Gilliam,44,,,,,,,,,,,,,,1,2,4,0,4,,,1,1,0,0,0,0,0,,,,,,,,,,,,,,,,,,0,0,espn-401872946.json
2,401872946,2026-09-20T17:00Z,NE,PIT,home,4695193,00-0040563,Efton Chism III,86,,,,,,,,,,,,,,1,1,-2,0,-2,,,1,1,0,0,0,0,0,,,,,,,,,,,,,,,,,,0,0,espn-401872946.json
2,401872946,2026-09-20T17:00Z,NE,PIT,home,4688432,00-0040574,Elijah Ponder,91,,,,,,,,,,,,,,,,,,,0,0,5,3,1,3,0,2,1,,,,,,,,,,,,,,,,,,1,0,espn-401872946.json
2,401872946,2026-09-20T17:00Z,NE,PIT,home,4245273,00-0036813,Christian Elliss,53,,,,,,,,,,,,,,,,,,,,,12,7,1,1,0,1,0,,,,,,,,,,,,,,,,,,0,0,espn-401872946.json
2,401872946,2026-09-20T17:00Z,NE,PIT,home,4368113,00-0039770,Charles Woods,22,,,,,,,,,,,,,,,,,,,,,10,8,0,0,1,0,0,,,,,,,,,,,,,,,,,,0,0,espn-401872946.json
2,401872946,2026-09-20T17:00Z,NE,PIT,home,4428930,00-0040716,Craig Woodson,4,,,,,,,,,,,,,,,,,,,,,7,4,0,0,1,0,0,,,,,,,,,,,,,,,,,,0,0,espn-401872946.json
2,401872946,2026-09-20T17:00Z,NE,PIT,home,3129446,00-0034720,Robert Spillane,14,,,,,,,,,,,,,,,,,,,,,6,3,0,0,0,1,0,,,,,,,,,,,,,,,,,,0,0,espn-401872946.json
2,401872946,2026-09-20T17:00Z,NE,PIT,home,4686772,00-0039147,Christian Gonzalez,0,,,,,,,,,,,,,,,,,,,,,4,3,0,0,2,0,0,,,,,,,,,,,,,,,,,,0,0,espn-401872946.json
2,401872946,2026-09-20T17:00Z,NE,PIT,home,2574056,00-0033132,Kevin Byard,31,,,,,,,,,,,,,,,,,,,,,4,2,0,0,0,0,0,,,,,,,,,,,,,,,,,,0,0,espn-401872946.json
2,401872946,2026-09-20T17:00Z,NE,PIT,home,4837244,00-0041569,Gabe Jacas,50,,,,,,,,,,,,,,,,,,,,,3,1,0,0,1,1,0,1,11,0,,,,,,,,,,,,,,,0,0,espn-401872946.json
2,401872946,2026-09-20T17:00Z,NE,PIT,home,4698181,00-0041402,Quintayvious Hutchins,45,,,,,,,,,,,,,,,,,,,,,3,0,0,0,0,0,0,,,,,,,,,,,,,,,,,,0,0,espn-401872946.json
2,401872946,2026-09-20T17:00Z,NE,PIT,home,4611993,00-0040171,Joshua Farmer,92,,,,,,,,,,,,,,,,,,,,,2,1,1,1,0,1,0,,,,,,,,,,,,,,,,,,0,0,espn-401872946.json
2,401872946,2026-09-20T17:00Z,NE,PIT,home,4241720,00-0037253,Marcus Jones,25,,,,,,,,,,,,,,,,,,,,,2,1,0,0,0,0,0,,,,,,,4,40,0,,,,,,,,,0,0,espn-401872946.json
2,401872946,2026-09-20T17:00Z,NE,PIT,home,4432758,00-0040204,Jaylen Reed,23,,,,,,,,,,,,,,,,,,,,,2,1,0,0,0,0,0,,,,,,,,,,,,,,,,,,0,0,espn-401872946.json
2,401872946,2026-09-20T17:00Z,NE,PIT,home,5085407,00-0041109,Namdi Obiazor,48,,,,,,,,,,,,,,,,,,,,,2,1,0,0,0,0,0,,,,,,,,,,,,,,,,,,0,0,espn-401872946.json
2,401872946,2026-09-20T17:00Z,NE,PIT,home,4240042,00-0038653,Cory Durden,94,,,,,,,,,,,,,,,,,,,,,2,0,0,0,0,0,0,,,,,,,,,,,,,,,,,,0,0,espn-401872946.json
2,401872946,2026-09-20T17:00Z,NE,PIT,home,4372030,00-0036981,Christian Barmore,90,,,,,,,,,,,,,,,,,,,,,1,1,1,1,0,1,0,,,,,,,,,,,,,,,,,,0,0,espn-401872946.json
2,401872946,2026-09-20T17:00Z,NE,PIT,home,16910,00-0031054,DaQuan Jones,99,,,,,,,,,,,,,,,,,,,,,1,1,0,0,0,0,0,,,,,,,,,,,,,,,,,,0,0,espn-401872946.json
2,401872946,2026-09-20T17:00Z,NE,PIT,home,4428072,00-0039829,Darius Muasau,54,,,,,,,,,,,,,,,,,,,,,1,1,0,0,0,0,0,,,,,,,,,,,,,,,,,,0,0,espn-401872946.json
2,401872946,2026-09-20T17:00Z,NE,PIT,home,4606666,00-0041088,Karon Prunty,21,,,,,,,,,,,,,,,,,,,,,1,1,0,0,0,0,0,,,,,,,,,,,,,,,,,,0,0,espn-401872946.json
2,401872946,2026-09-20T17:00Z,NE,PIT,home,3915525,00-0035678,Dre'Mont Jones,5,,,,,,,,,,,,,,,,,,,,,1,0,0,0,0,0,0,,,,,,,,,,,,,,,,,,0,0,espn-401872946.json
2,401872946,2026-09-20T17:00Z,NE,PIT,home,4239699,00-0036916,Milton Williams,97,,,,,,,,,,,,,,,,,,,,,1,0,0,0,0,0,0,,,,,,,,,,,,,,,,,,0,0,espn-401872946.json
2,401872946,2026-09-20T17:00Z,NE,PIT,home,4372026,00-0038564,Cameron Latu,36,,,,,,,,,,,,,,,,,,,,,1,0,0,0,0,0,0,,,,,,,,,,,,,,,,,,0,0,espn-401872946.json
2,401872946,2026-09-20T17:00Z,NE,PIT,home,4890074,00-0041455,Erick Hunter,49,,,,,,,,,,,,,,,,,,,,,1,0,0,0,0,0,0,,,,,,,,,,,,,,,,,,0,0,espn-401872946.json
2,401872946,2026-09-20T17:00Z,NE,PIT,home,4569923,00-0040200,Andy Borregales,8,,,,,,,,,,,,,,,,,,,,,,,,,,,,,,,,,,,,,2,3,45,2,2,8,,,0,0,espn-401872946.json
2,401872946,2026-09-20T17:00Z,NE,PIT,home,4035685,00-0034941,Mitch Wishnowsky,19,,,,,,,,,,,,,,,,,,,,,,,,,,,,,,,,,,,,,,,,,,,4,185,0,0,espn-401872946.json
2,401872947,2026-09-22T00:15Z,NYG,LAR,away,2969939,00-0031503,Jameis Winston,19,11,27,111,0,1,2,1,17.4,37.7,2,1,0,1,,,,,,,,,,,,,,,,,,,,,,,,,,,,,,,,0,0,espn-401872947.json
2,401872947,2026-09-22T00:15Z,NYG,LAR,away,4689114,00-0040691,Jaxson Dart,6,3,5,20,0,0,0,0,61.6,68.8,,,,,,,,,,,,,,,,,,,,,,,,,,,,,,,,,,,,0,0,espn-401872947.json
2,401872947,2026-09-22T00:15Z,NYG,LAR,away,4696981,00-0040715,Cam Skattebo,44,,,,,,,,,,12,36,0,8,4,4,19,0,19,1,0,,,,,,,,,,,,,,,,,,,,,,,,,0,0,espn-401872947.json
2,401872947,2026-09-22T00:15Z,NYG,LAR,away,4040761,00-0035250,Devin Singletary,26,,,,,,,,,,3,9,0,6,0,1,0,0,0,,,,,,,,,,,,,,,,,,,,,,,,,,,0,0,espn-401872947.json
2,401872947,2026-09-22T00:15Z,NYG,LAR,away,4241457,00-0036893,Najee Harris,23,,,,,,,,,,4,6,0,4,,,,,,,,,,,,,,,,,,,,,,,,,,,,,,,,0,0,espn-401872947.json
2,401872947,2026-09-22T00:15Z,NYG,LAR,away,4040655,00-0036309,Darnell Mooney,17,,,,,,,,,,,,,,2,3,48,0,33,,,,,,,,,,,,,,,,,,,,,,,,,,,0,0,espn-401872947.json
2,401872947,2026-09-22T00:15Z,NYG,LAR,away,4361050,00-0037838,Isaiah Likely,9,,,,,,,,,,,,,,5,10,33,0,13,,,,,,,,,,,,,,,,,,,,,,,,,,,0,0,espn-401872947.json
2,401872947,2026-09-22T00:15Z,NYG,LAR,away,4682648,00-0041042,Malachi Fields,88,,,,,,,,,,,,,,2,6,30,0,16,,,1,1,0,0,0,0,0,,,,,,,,,,,,,,,,,,0,0,espn-401872947.json
2,401872947,2026-09-22T00:15Z,NYG,LAR,away,4595348,00-0039337,Malik Nabers,1,,,,,,,,,,,,,,1,4,1,0,1,,,,,,,,,,,,,,,,,,,,,,,,,,,0,0,espn-401872947.json
2,401872947,2026-09-22T00:15Z,NYG,LAR,away,4429148,00-0039847,Theo Johnson,84,,,,,,,,,,,,,,0,4,0,0,0,,,1,1,0,0,0,0,0,,,,,,,,,,,,,,,,,,0,0,espn-401872947.json
2,401872947,2026-09-22T00:15Z,NYG,LAR,away,4373809,00-0036998,Jevon Holland,8,,,,,,,,,,,,,,,,,,,0,0,8,5,0,0,1,0,0,1,0,0,,,,,,,,,,,,,,,0,0,espn-401872947.json
2,401872947,2026-09-22T00:15Z,NYG,LAR,away,4430261,00-0039861,Tyler Nubin,27,,,,,,,,,,,,,,,,,,,,,8,5,0,0,1,0,0,,,,,,,,,,,,,,,,,,0,0,espn-401872947.json
2,401872947,2026-09-22T00:15Z,NYG,LAR,away,4950400,00-0041509,Arvell Reese,52,,,,,,,,,,,,,,,,,,,,,7,3,0,0,0,0,0,,,,,,,,,,,,,,,,,,0,0,espn-401872947.json
2,401872947,2026-09-22T00:15Z,NYG,LAR,away,4361266,00-0036996,Greg Newsome II,20,,,,,,,,,,,,,,,,,,,,,5,4,0,0,1,0,0,,,,,,,,,,,,,,,,,,0,0,espn-401872947.json
2,401872947,2026-09-22T00:15Z,NYG,LAR,away,3929950,00-0034673,Tremaine Edmunds,49,,,,,,,,,,,,,,,,,,,,,5,0,0,0,1,0,0,,,,,,,,,,,,,,,,,,0,0,espn-401872947.json
2,401872947,2026-09-22T00:15Z,NYG,LAR,away,4036132,00-0036982,Chauncey Golston,57,,,,,,,,,,,,,,,,,,,,,4,4,0,0,0,0,0,,,,,,,,,,,,,,,,,,0,0,espn-401872947.json
2,401872947,2026-09-22T00:15Z,NYG,LAR,away,2977670,00-0032424,DJ Reader,98,,,,,,,,,,,,,,,,,,,,,3,3,0,0,0,0,0,,,,,,,,,,,,,,,,,,0,0,espn-401872947.json
2,401872947,2026-09-22T00:15Z,NYG,LAR,away,4921249,00-0041462,Colton Hood,12,,,,,,,,,,,,,,,,,,,,,3,2,0,0,0,0,0,,,,,,,,,,,,,,,,,,0,0,espn-401872947.json
2,401872947,2026-09-22T00:15Z,NYG,LAR,away,4725996,00-0040677,Abdul Carter,3,,,,,,,,,,,,,,,,,,,,,3,1,1,1,0,1,0,,,,,,,,,,,,,,,,,,0,0,espn-401872947.json
2,401872947,2026-09-22T00:15Z,NYG,LAR,away,3932901,00-0034248,Elijah Campbell,28,,,,,,,,,,,,,,,,,,,,,3,1,0,0,0,0,0,,,,,,,,,,,,,,,,,,0,0,espn-401872947.json
2,401872947,2026-09-22T00:15Z,NYG,LAR,away,4362234,00-0038399,Zaire Barnes,46,,,,,,,,,,,,,,,,,,,,,3,1,0,0,0,0,0,,,,,,,,,,,,,,,,,,0,0,espn-401872947.json
2,401872947,2026-09-22T00:15Z,NYG,LAR,away,4035631,00-0035713,Brian Burns,0,,,,,,,,,,,,,,,,,,,,,2,2,0,0,0,1,0,,,,,,,,,,,,,,,,,,0,0,espn-401872947.json
2,401872947,2026-09-22T00:15Z,NYG,LAR,away,4427636,00-0038986,Nic Jones,31,,,,,,,,,,,,,,,,,,,,,2,1,0,0,0,0,0,,,,,,,,,,,,,,,,,,0,0,espn-401872947.json
2,401872947,2026-09-22T00:15Z,NYG,LAR,away,16837,00-0031270,Shelby Harris,93,,,,,,,,,,,,,,,,,,,,,1,1,0,0,0,0,0,,,,,,,,,,,,,,,,,,0,0,espn-401872947.json
2,401872947,2026-09-22T00:15Z,NYG,LAR,away,4362492,00-0036587,Ar'Darius Washington,24,,,,,,,,,,,,,,,,,,,,,1,1,0,0,0,0,0,,,,,,,,,,,,,,,,,,0,0,espn-401872947.json
2,401872947,2026-09-22T00:15Z,NYG,LAR,away,4431321,,Dru Phillips,22,,,,,,,,,,,,,,,,,,,,,1,1,0,0,0,0,0,,,,,,,,,,,,,,,,,,0,0,espn-401872947.json
2,401872947,2026-09-22T00:15Z,NYG,LAR,away,4360516,00-0039384,Tyrone Tracy Jr.,29,,,,,,,,,,,,,,,,,,,,,1,0,0,0,0,0,0,,,,2,52,0,,,,,,,,,,,,0,0,espn-401872947.json
2,401872947,2026-09-22T00:15Z,NYG,LAR,away,5144942,,CJ Okoye,99,,,,,,,,,,,,,,,,,,,,,1,0,0,0,0,0,0,,,,,,,,,,,,,,,,,,0,0,espn-401872947.json
2,401872947,2026-09-22T00:15Z,NYG,LAR,away,3123075,00-0034419,Braxton Berrios,87,,,,,,,,,,,,,,,,,,,,,,,,,,,,,,,2,53,0,,,,,,,,,,,,0,0,espn-401872947.json
2,401872947,2026-09-22T00:15Z,NYG,LAR,away,5082424,00-0041145,Dominic Zvada,34,,,,,,,,,,,,,,,,,,,,,,,,,,,,,,,,,,,,,2,2,52,0,0,6,,,0,0,espn-401872947.json
2,401872947,2026-09-22T00:15Z,NYG,LAR,away,4260224,00-0038094,Jordan Stout,15,,,,,,,,,,,,,,,,,,,,,,,,,,,,,,,,,,,,,,,,,,,6,315,0,0,espn-401872947.json
2,401872947,2026-09-22T00:15Z,LAR,NYG,home,12483,00-0026498,Matthew Stafford,9,22,31,327,4,1,1,9,76.3,131.3,4,-1,0,2,,,,,,,,,,,,,,,,,,,,,,,,,,,,,,,,0,0,espn-401872947.json
2,401872947,2026-09-22T00:15Z,LAR,NYG,home,4430737,00-0037840,Kyren Williams,23,,,,,,,,,,12,85,0,20,2,2,12,1,10,1,1,,,,,,,,,,,,,,,,,,,,,,,,,1,0,espn-401872947.json
2,401872947,2026-09-22T00:15Z,LAR,NYG,home,4429096,00-0039738,Blake Corum,24,,,,,,,,,,12,79,0,18,1,1,13,0,13,1,0,,,,,,,,,,,,,,,,,,,,,,,,,0,0,espn-401872947.json
2,401872947,2026-09-22T00:15Z,LAR,NYG,home,16800,00-0031381,Davante Adams,17,,,,,,,,,,,,,,8,10,195,2,64,,,1,1,0,0,0,0,0,,,,,,,,,,,,,,,,,,2,1,espn-401872947.json
2,401872947,2026-09-22T00:15Z,LAR,NYG,home,4570037,00-0040737,Terrance Ferguson,18,,,,,,,,,,,,,,6,9,54,1,20,,,,,,,,,,,,,,,,,,,,,,,,,,,1,0,espn-401872947.json
2,401872947,2026-09-22T00:15Z,LAR,NYG,home,4360797,00-0036849,Tutu Atwell,8,,,,,,,,,,,,,,1,2,19,0,19,,,,,,,,,,,,,,,,,,,,,,,,,,,0,0,espn-401872947.json
2,401872947,2026-09-22T00:15Z,LAR,NYG,home,4242557,00-0036244,Colby Parkinson,84,,,,,,,,,,,,,,2,2,15,0,8,,,,,,,,,,,,,,,,,,,,,,,,,,,0,0,espn-401872947.json
2,401872947,2026-09-22T00:15Z,LAR,NYG,home,4710855,00-0040590,Konata Mumpfield,4,,,,,,,,,,,,,,1,2,12,0,12,,,,,,,,,,,,,,,,,,,,,,,,,,,0,0,espn-401872947.json
2,401872947,2026-09-22T00:15Z,LAR,NYG,home,4426553,00-0039074,Davis Allen,87,,,,,,,,,,,,,,1,1,7,0,7,,,,,,,,,,,,,,,,,,,,,,,,,,,0,0,espn-401872947.json
2,401872947,2026-09-22T00:15Z,LAR,NYG,home,4386544,00-0038359,Xavier Smith,19,,,,,,,,,,,,,,0,1,0,0,0,,,,,,,,,,,,,2,29,0,4,32,0,,,,,,,,,0,0,espn-401872947.json
2,401872947,2026-09-22T00:15Z,LAR,NYG,home,4249128,00-0037841,Quentin Lake,37,,,,,,,,,,,,,,,,,,,,,7,6,0,0,3,0,0,,,,,,,,,,,,,,,,,,0,0,espn-401872947.json
2,401872947,2026-09-22T00:15Z,LAR,NYG,home,4243181,00-0037587,Nate Landman,53,,,,,,,,,,,,,,,,,,,,,7,3,0,1,0,0,0,,,,,,,,,,,,,,,,,,0,0,espn-401872947.json
2,401872947,2026-09-22T00:15Z,LAR,NYG,home,4875196,00-0039137,Byron Young,0,,,,,,,,,,,,,,,,,,,,,5,3,1,1,0,3,0,,,,,,,,,,,,,,,,,,0,0,espn-401872947.json
2,401872947,2026-09-22T00:15Z,LAR,NYG,home,4428550,00-0039774,Omar Speights,48,,,,,,,,,,,,,,,,,,,,,5,1,0,0,0,0,0,,,,,,,,,,,,,,,,,,0,0,espn-401872947.json
2,401872947,2026-09-22T00:15Z,LAR,NYG,home,4242154,00-0036349,Kam Curl,3,,,,,,,,,,,,,,,,,,,,,4,4,0,0,1,0,0,,,,,,,,,,,,,,,,,,0,0,espn-401872947.json
2,401872947,2026-09-22T00:15Z,LAR,NYG,home,4697639,00-0037195,Jaylen Watson,35,,,,,,,,,,,,,,,,,,,,,4,3,0,0,1,0,0,,,,,,,,,,,,,,,,,,0,0,espn-401872947.json
2,401872947,2026-09-22T00:15Z,LAR,NYG,home,3125114,00-0034234,Poona Ford,97,,,,,,,,,,,,,,,,,,,,,4,1,0,0,0,0,0,,,,,,,,,,,,,,,,,,0,0,espn-401872947.json
2,401872947,2026-09-22T00:15Z,LAR,NYG,home,4250621,00-0039138,Kobie Turner,91,,,,,,,,,,,,,,,,,,,,,4,1,0,0,0,1,0,,,,,,,,,,,,,,,,,,0,0,espn-401872947.json
2,401872947,2026-09-22T00:15Z,LAR,NYG,home,4572371,00-0039772,Josh Wallace,30,,,,,,,,,,,,,,,,,,,,,3,3,0,0,0,0,0,,,,,,,,,,,,,,,,,,0,0,espn-401872947.json
2,401872947,2026-09-22T00:15Z,LAR,NYG,home,16716,00-0031388,Aaron Donald,99,,,,,,,,,,,,,,,,,,,,,3,1,0,1,0,0,0,,,,,,,,,,,,,,,,,,0,0,espn-401872947.json
2,401872947,2026-09-22T00:15Z,LAR,NYG,home,4426405,00-0037191,Trent McDuffie,22,,,,,,,,,,,,,,,,,,,,,2,2,0,0,4,0,0,1,22,0,,,,,,,,,,,,,,,0,0,espn-401872947.json
2,401872947,2026-09-22T00:15Z,LAR,NYG,home,4430919,00-0041404,Wesley Bailey,47,,,,,,,,,,,,,,,,,,,,,1,1,1,0,0,1,0,,,,,,,,,,,,,,,,,,0,0,espn-401872947.json
2,401872947,2026-09-22T00:15Z,LAR,NYG,home,4362294,00-0039061,Desjuan Johnson,94,,,,,,,,,,,,,,,,,,,,,1,0,0,0,0,1,0,,,,,,,,,,,,,,,,,,0,0,espn-401872947.json
2,401872947,2026-09-22T00:15Z,LAR,NYG,home,4427120,00-0039776,Jaylen McCollough,2,,,,,,,,,,,,,,,,,,,,,1,0,0,0,0,1,0,,,,,,,,,,,,,,,,,,0,0,espn-401872947.json
2,401872947,2026-09-22T00:15Z,LAR,NYG,home,4574716,00-0039498,Harrison Mevis,92,,,,,,,,,,,,,,,,,,,,,1,0,0,0,0,0,0,,,,,,,,,,0,1,0,4,4,4,,,0,0,espn-401872947.json
2,401872947,2026-09-22T00:15Z,LAR,NYG,home,4682983,00-0040580,Josaiah Stewart,10,,,,,,,,,,,,,,,,,,,,,1,0,0,0,0,0,0,,,,,,,,,,,,,,,,,,0,0,espn-401872947.json
2,401872947,2026-09-22T00:15Z,LAR,NYG,home,4362245,00-0039734,Braden Fiske,55,,,,,,,,,,,,,,,,,,,,,0,0,0,0,0,1,0,,,,,,,,,,,,,,,,,,0,0,espn-401872947.json
2,401872947,2026-09-22T00:15Z,LAR,NYG,home,4429767,00-0039151,Emmanuel Forbes Jr.,1,,,,,,,,,,,,,,,,,,,,,0,0,0,0,1,0,0,,,,,,,,,,,,,,,,,,0,0,espn-401872947.json
2,401872947,2026-09-22T00:15Z,LAR,NYG,home,5125875,00-0039059,Ethan Evans,42,,,,,,,,,,,,,,,,,,,,,,,,,,,,,,,,,,,,,,,,,,,3,143,0,0,espn-401872947.json
3,401872948,2026-09-25T00:15Z,ATL,GB,away,4360423,00-0039917,Michael Penix Jr.,9,18,25,256,1,1,0,0,84.9,101.4,2,-2,0,-1,,,,,,,,,,,,,,,,,,,,,,,,,,,,,,,,0,0,espn-401872948.json
3,401872948,2026-09-25T00:15Z,ATL,GB,away,4430807,00-0038542,Bijan Robinson,7,,,,,,,,,,29,194,2,55,2,2,19,0,17,,,,,,,,,,,,,,,,,,,,,,,,,,,2,0,espn-401872948.json
3,401872948,2026-09-25T00:15Z,ATL,GB,away,4241474,00-0037746,Brian Robinson Jr.,15,,,,,,,,,,10,50,1,16,,,,,,,,,,,,,,,,,,2,54,0,,,,,,,,,,,,1,0,espn-401872948.json
3,401872948,2026-09-25T00:15Z,ATL,GB,away,4426502,00-0037238,Drake London,5,,,,,,,,,,,,,,9,10,194,0,68,,,1,1,0,0,0,0,0,,,,,,,,,,,,,,,,,,0,0,espn-401872948.json
3,401872948,2026-09-25T00:15Z,ATL,GB,away,3043275,00-0032392,Austin Hooper,81,,,,,,,,,,,,,,2,2,11,1,6,,,,,,,,,,,,,,,,,,,,,,,,,,,1,0,espn-401872948.json
3,401872948,2026-09-25T00:15Z,ATL,GB,away,4361409,00-0037741,Jahan Dotson,4,,,,,,,,,,,,,,1,3,11,0,11,,,,,,,,,,,,,,,,,,,,,,,,,,,0,0,espn-401872948.json
3,401872948,2026-09-25T00:15Z,ATL,GB,away,3917914,00-0035208,Olamide Zaccheaus,14,,,,,,,,,,,,,,2,2,9,0,5,,,,,,,,,,,,,,,,1,4,0,,,,,,,,,0,0,espn-401872948.json
3,401872948,2026-09-25T00:15Z,ATL,GB,away,4870612,00-0041044,Zachariah Branch,17,,,,,,,,,,,,,,1,2,7,0,7,,,,,,,,,,,,,1,22,0,1,18,0,,,,,,,,,0,0,espn-401872948.json
3,401872948,2026-09-25T00:15Z,ATL,GB,away,4360248,00-0036970,Kyle Pitts Sr.,8,,,,,,,,,,,,,,1,2,5,0,5,,,,,,,,,,,,,,,,,,,,,,,,,,,0,0,espn-401872948.json
3,401872948,2026-09-25T00:15Z,ATL,GB,away,4240596,00-0036281,C.J. Henderson,26,,,,,,,,,,,,,,,,,,,,,8,8,0,0,3,0,0,,,,,,,,,,,,,,,,,,0,0,espn-401872948.json
3,401872948,2026-09-25T00:15Z,ATL,GB,away,3895841,00-0034843,Mike Hughes,21,,,,,,,,,,,,,,,,,,,,,7,6,0,0,0,0,0,,,,,,,,,,,,,,,,,,0,0,espn-401872948.json
3,401872948,2026-09-25T00:15Z,ATL,GB,away,4431005,00-0040148,Xavier Watts,31,,,,,,,,,,,,,,,,,,,,,5,3,0,0,1,0,0,1,17,0,,,,,,,,,,,,,,,0,0,espn-401872948.json
3,401872948,2026-09-25T00:15Z,ATL,GB,away,4249624,00-0037317,Nick Muse,87,,,,,,,,,,,,,,,,,,,,,4,2,0,0,0,0,0,,,,,,,,,,,,,,,,,,0,0,espn-401872948.json
3,401872948,2026-09-25T00:15Z,ATL,GB,away,4685502,00-0041112,Harold Perkins Jr.,56,,,,,,,,,,,,,,,,,,,,,4,2,0,0,0,0,0,,,,,,,,,,,,,,,,,,0,0,espn-401872948.json
3,401872948,2026-09-25T00:15Z,ATL,GB,away,3919512,00-0034675,Jessie Bates III,3,,,,,,,,,,,,,,,,,,,,,4,1,0,0,1,0,0,,,,,,,,,,,,,,,,,,0,0,espn-401872948.json
3,401872948,2026-09-25T00:15Z,ATL,GB,away,4595343,00-0041066,Kendal Daniels,53,,,,,,,,,,,,,,,,,,,,,3,2,0,1,0,0,0,,,,,,,,,,,,,,,,,,0,0,espn-401872948.json
3,401872948,2026-09-25T00:15Z,ATL,GB,away,4369886,00-0036463,Chris Blair,19,,,,,,,,,,,,,,,,,,,,,2,2,0,0,0,0,0,,,,,,,,,,,,,,,,,,0,0,espn-401872948.json
3,401872948,2026-09-25T00:15Z,ATL,GB,away,4361510,00-0037815,Cameron Thomas,99,,,,,,,,,,,,,,,,,,,,,2,1,1,1,0,4,0,,,,,,,,,,,,,,,,,,0,0,espn-401872948.json
3,401872948,2026-09-25T00:15Z,ATL,GB,away,4037626,00-0036990,Divine Deablo,0,,,,,,,,,,,,,,,,,,,,,2,1,0,0,1,1,0,,,,,,,,,,,,,,,,,,0,0,espn-401872948.json
3,401872948,2026-09-25T00:15Z,ATL,GB,away,4429014,00-0039070,Gervon Dexter Sr.,95,,,,,,,,,,,,,,,,,,,,,2,1,0,0,0,2,0,,,,,,,,,,,,,,,,,,0,0,espn-401872948.json
3,401872948,2026-09-25T00:15Z,ATL,GB,away,4376288,00-0036204,LaCale London,94,,,,,,,,,,,,,,,,,,,,,2,0,0,0,0,0,0,,,,,,,,,,,,,,,,,,0,0,espn-401872948.json
3,401872948,2026-09-25T00:15Z,ATL,GB,away,4360386,00-0039002,Sydney Brown,29,,,,,,,,,,,,,,,,,,,,,1,1,0,0,0,0,0,,,,,,,,,,,,,,,,,,0,0,espn-401872948.json
3,401872948,2026-09-25T00:15Z,ATL,GB,away,4426412,00-0038980,Zach Harrison,96,,,,,,,,,,,,,,,,,,,,,1,1,0,1,0,0,0,,,,,,,,,,,,,,,,,,0,0,espn-401872948.json
3,401872948,2026-09-25T00:15Z,ATL,GB,away,4431194,00-0040156,Billy Bowman Jr.,33,,,,,,,,,,,,,,,,,,,,,1,1,0,0,2,0,0,,,,,,,,,,,,,,,,,,0,0,espn-401872948.json
3,401872948,2026-09-25T00:15Z,ATL,GB,away,4567099,00-0037823,Christian Harris,45,,,,,,,,,,,,,,,,,,,,,1,1,0,0,0,0,0,,,,,,,,,,,,,,,,,,0,0,espn-401872948.json
3,401872948,2026-09-25T00:15Z,ATL,GB,away,3043168,00-0031576,Za'Darius Smith,55,,,,,,,,,,,,,,,,,,,,,1,0,0,0,0,0,0,,,,,,,,,,,,,,,,,,0,0,espn-401872948.json
3,401872948,2026-09-25T00:15Z,ATL,GB,away,3128303,00-0034801,Josh Woods,42,,,,,,,,,,,,,,,,,,,,,1,0,0,0,0,0,0,,,,,,,,,,,,,,,,,,0,0,espn-401872948.json
3,401872948,2026-09-25T00:15Z,ATL,GB,away,4870988,00-0041469,Avieon Terrell,12,,,,,,,,,,,,,,,,,,,,,1,0,0,0,0,0,0,,,,,,,,,,,,,,,,,,0,0,espn-401872948.json
3,401872948,2026-09-25T00:15Z,ATL,GB,away,4427090,00-0039859,Brandon Dorlus,54,,,,,,,,,,,,,,,,,,,,,0,0,0,0,0,4,0,,,,,,,,,,,,,,,,,,0,0,espn-401872948.json
3,401872948,2026-09-25T00:15Z,ATL,GB,away,4428713,00-0039837,Bralen Trice,48,,,,,,,,,,,,,,,,,,,,,0,0,0,0,1,0,0,,,,,,,,,,,,,,,,,,0,0,espn-401872948.json
3,401872948,2026-09-25T00:15Z,ATL,GB,away,4431567,00-0039889,Maason Smith,92,,,,,,,,,,,,,,,,,,,,,0,0,0,0,0,1,0,,,,,,,,,,,,,,,,,,0,0,espn-401872948.json
3,401872948,2026-09-25T00:15Z,ATL,GB,away,10621,00-0025565,Nick Folk,6,,,,,,,,,,,,,,,,,,,,,,,,,,,,,,,,,,,,,2,2,44,3,3,9,,,0,0,espn-401872948.json
3,401872948,2026-09-25T00:15Z,ATL,GB,away,3931395,00-0035280,Jake Bailey,16,,,,,,,,,,,,,,,,,,,,,,,,,,,,,,,,,,,,,,,,,,,2,91,0,0,espn-401872948.json
3,401872948,2026-09-25T00:15Z,GB,ATL,home,4036378,00-0036264,Jordan Love,10,28,53,312,2,1,1,1,43.2,75.4,1,0,0,0,,,,,,1,0,,,,,,,,,,,,,,,,,,,,,,,,,0,0,espn-401872948.json
3,401872948,2026-09-25T00:15Z,GB,ATL,home,4429023,00-0039811,MarShawn Lloyd,32,,,,,,,,,,4,11,0,6,2,3,7,0,10,,,,,,,,,,,,,,,,,,,,,,,,,,,0,0,espn-401872948.json
3,401872948,2026-09-25T00:15Z,GB,ATL,home,4819231,00-0040142,Kaleb Johnson,26,,,,,,,,,,4,6,0,5,1,3,10,0,10,,,,,,,,,,,,,,,,,,,,,,,,,,,0,0,espn-401872948.json
3,401872948,2026-09-25T00:15Z,GB,ATL,home,4701936,00-0040667,Matthew Golden,0,,,,,,,,,,,,,,5,12,100,1,45,,,,,,,,,,,,,,,,,,,,,,,,,,,1,0,espn-401872948.json
3,401872948,2026-09-25T00:15Z,GB,ATL,home,4248528,00-0038124,Christian Watson,9,,,,,,,,,,,,,,7,10,96,1,34,,,,,,,,,,,,,,,,,,,,,,,,,,,1,1,espn-401872948.json
3,401872948,2026-09-25T00:15Z,GB,ATL,home,4430191,00-0038090,Skyy Moore,23,,,,,,,,,,,,,,3,7,31,0,12,,,,,,,,,,,,,5,134,0,,,,,,,,,,,,0,0,espn-401872948.json
3,401872948,2026-09-25T00:15Z,GB,ATL,home,4572680,00-0038996,Tucker Kraft,85,,,,,,,,,,,,,,4,8,26,0,9,0,0,,,,,,,,,,,,,,,,,,,,,,,,,0,0,espn-401872948.json
3,401872948,2026-09-25T00:15Z,GB,ATL,home,4635009,00-0040948,J. Michael Sturdivant,87,,,,,,,,,,,,,,3,3,22,0,10,,,,,,,,,,,,,,,,,,,,,,,,,,,0,0,espn-401872948.json
3,401872948,2026-09-25T00:15Z,GB,ATL,home,3054212,00-0033858,Jonnu Smith,18,,,,,,,,,,,,,,2,3,16,0,9,,,,,,,,,,,,,,,,,,,,,,,,,,,0,0,espn-401872948.json
3,401872948,2026-09-25T00:15Z,GB,ATL,home,3149687,00-0038685,Chris Brooks,30,,,,,,,,,,,,,,1,1,4,0,4,,,1,1,0,0,0,0,0,,,,,,,,,,,,,,,,,,0,0,espn-401872948.json
3,401872948,2026-09-25T00:15Z,GB,ATL,home,4259305,00-0037091,Bo Melton,16,,,,,,,,,,,,,,0,1,0,0,0,,,2,1,0,0,0,0,0,,,,2,46,0,,,,,,,,,,,,0,0,espn-401872948.json
3,401872948,2026-09-25T00:15Z,GB,ATL,home,4428863,00-0039813,Evan Williams,33,,,,,,,,,,,,,,,,,,,,,10,4,0,0,0,0,0,,,,,,,,,,,,,,,,,,0,0,espn-401872948.json
3,401872948,2026-09-25T00:15Z,GB,ATL,home,3124005,00-0034431,Zaire Franklin,44,,,,,,,,,,,,,,,,,,,,,10,3,0,1,0,0,0,,,,,,,,,,,,,,,,,,0,0,espn-401872948.json
3,401872948,2026-09-25T00:15Z,GB,ATL,home,5076652,00-0041470,Brandon Cisse,2,,,,,,,,,,,,,,,,,,,,,7,4,0,0,0,0,0,,,,,,,,,,,,,,,,,,0,0,espn-401872948.json
3,401872948,2026-09-25T00:15Z,GB,ATL,home,4688930,00-0039867,Javon Bullard,7,,,,,,,,,,,,,,,,,,,,,7,3,0,1,0,0,0,,,,,,,,,,,,,,,,,,0,0,espn-401872948.json
3,401872948,2026-09-25T00:15Z,GB,ATL,home,4259493,00-0035133,Keisean Nixon,25,,,,,,,,,,,,,,,,,,,,,6,3,0,0,0,0,0,,,,,,,,,,,,,,,,,,0,0,espn-401872948.json
3,401872948,2026-09-25T00:15Z,GB,ATL,home,4430438,00-0039850,Edgerrin Cooper,56,,,,,,,,,,,,,,,,,,,,,6,2,0,1,0,0,0,,,,,,,,,,,,,,,,,,0,0,espn-401872948.json
3,401872948,2026-09-25T00:15Z,GB,ATL,home,4241470,00-0036388,Xavier McKinney,29,,,,,,,,,,,,,,,,,,,,,5,4,0,0,1,0,0,1,5,0,,,,,,,,,,,,,,,0,0,espn-401872948.json
3,401872948,2026-09-25T00:15Z,GB,ATL,home,4361791,00-0037075,Devonte Wyatt,95,,,,,,,,,,,,,,,,,,,,,4,2,0,0,0,0,0,,,,,,,,,,,,,,,,,,0,0,espn-401872948.json
3,401872948,2026-09-25T00:15Z,GB,ATL,home,4239947,00-0036658,Isaiah McDuffie,58,,,,,,,,,,,,,,,,,,,,,4,1,0,1,0,0,0,,,,,,,,,,,,,,,,,,0,0,espn-401872948.json
3,401872948,2026-09-25T00:15Z,GB,ATL,home,4361776,00-0038463,Brenton Cox Jr.,57,,,,,,,,,,,,,,,,,,,,,4,1,0,1,0,0,0,,,,,,,,,,,,,,,,,,0,0,espn-401872948.json
3,401872948,2026-09-25T00:15Z,GB,ATL,home,4686906,00-0039112,Lukas Van Ness,90,,,,,,,,,,,,,,,,,,,,,4,1,0,0,0,1,0,,,,,,,,,,,,,,,,,,0,0,espn-401872948.json
3,401872948,2026-09-25T00:15Z,GB,ATL,home,2983055,00-0033109,Javon Hargrave,98,,,,,,,,,,,,,,,,,,,,,3,1,0,0,1,0,0,,,,,,,,,,,,,,,,,,0,0,espn-401872948.json
3,401872948,2026-09-25T00:15Z,GB,ATL,home,4683643,00-0040010,Barryn Sorrell,99,,,,,,,,,,,,,,,,,,,,,3,1,0,0,0,0,0,,,,,,,,,,,,,,,,,,0,0,espn-401872948.json
3,401872948,2026-09-25T00:15Z,GB,ATL,home,4373423,00-0038398,Karl Brooks,94,,,,,,,,,,,,,,,,,,,,,2,1,0,0,0,0,0,,,,,,,,,,,,,,,,,,0,0,espn-401872948.json
3,401872948,2026-09-25T00:15Z,GB,ATL,home,4567406,00-0039812,Ty'Ron Hopper,59,,,,,,,,,,,,,,,,,,,,,2,1,0,0,0,0,0,,,,,,,,,,,,,,,,,,0,0,espn-401872948.json
3,401872948,2026-09-25T00:15Z,GB,ATL,home,4685315,00-0040877,Dani Dennis-Sutton,51,,,,,,,,,,,,,,,,,,,,,2,0,0,0,0,0,0,,,,,,,,,,,,,,,,,,0,0,espn-401872948.json
3,401872948,2026-09-25T00:15Z,GB,ATL,home,4036141,00-0036648,Nick Niemann,31,,,,,,,,,,,,,,,,,,,,,1,0,0,0,0,0,0,,,,,,,,,,,,,,,,,,0,0,espn-401872948.json
3,401872948,2026-09-25T00:15Z,GB,ATL,home,4259762,00-0037094,Jonathan Ford,96,,,,,,,,,,,,,,,,,,,,,1,0,0,0,0,0,0,,,,,,,,,,,,,,,,,,0,0,espn-401872948.json
3,401872948,2026-09-25T00:15Z,GB,ATL,home,4820574,00-0040869,Chris McClellan,55,,,,,,,,,,,,,,,,,,,,,1,0,0,0,0,0,0,,,,,,,,,,,,,,,,,,0,0,espn-401872948.json
3,401872948,2026-09-25T00:15Z,GB,ATL,home,4869461,00-0040899,Trey Smack,28,,,,,,,,,,,,,,,,,,,,,,,,,,,,,,,,,,,,,0,1,0,2,2,2,,,0,0,espn-401872948.json
3,401872948,2026-09-25T00:15Z,GB,ATL,home,4248789,00-0037547,Daniel Whelan,19,,,,,,,,,,,,,,,,,,,,,,,,,,,,,,,,,,,,,,,,,,,5,250,0,0,espn-401872948.json
3,401872949,2026-09-27T17:00Z,CAR,CLE,away,4685720,00-0039150,Bryce Young,9,26,48,291,1,1,3,29,38.2,70.7,,,,,,,,,,,,,,,,,,,,,,,,,,,,,,,,,,,,0,0,espn-401872949.json
3,401872949,2026-09-27T17:00Z,CAR,CLE,away,4241416,00-0036555,Chuba Hubbard,30,,,,,,,,,,19,82,0,16,4,4,28,0,30,,,,,,,,,,,,,,,,,,,,,,,,,,,0,0,espn-401872949.json
3,401872949,2026-09-27T17:00Z,CAR,CLE,away,4239934,00-0036265,AJ Dillon,28,,,,,,,,,,4,16,0,11,1,1,-2,0,-2,,,,,,,,,,,,,,,,,,,,,,,,,,,0,0,espn-401872949.json
3,401872949,2026-09-27T17:00Z,CAR,CLE,away,4360763,00-0038840,Brycen Tremayne,87,,,,,,,,,,,,,,4,6,83,0,31,,,,,,,,,,,,,,,,,,,,,,,,,,,0,0,espn-401872949.json
3,401872949,2026-09-27T17:00Z,CAR,CLE,away,2576925,00-0031610,Darren Waller,88,,,,,,,,,,,,,,5,8,51,0,14,,,,,,,,,,,,,,,,,,,,,,,,,,,0,0,espn-401872949.json
3,401872949,2026-09-27T17:00Z,CAR,CLE,away,4372780,00-0037005,Tommy Tremble,82,,,,,,,,,,,,,,3,4,41,0,17,,,,,,,,,,,,,,,,,,,,,,,,,,,0,0,espn-401872949.json
3,401872949,2026-09-27T17:00Z,CAR,CLE,away,4683243,00-0040187,Mitchell Evans,84,,,,,,,,,,,,,,3,3,36,0,19,,,,,,,,,,,,,,,,,,,,,,,,,,,0,0,espn-401872949.json
3,401872949,2026-09-27T17:00Z,CAR,CLE,away,4567096,00-0037614,John Metchie III,13,,,,,,,,,,,,,,2,5,19,1,11,,,,,,,,,,,,,,,,,,,,,,,,,,,1,0,espn-401872949.json
3,401872949,2026-09-27T17:00Z,CAR,CLE,away,4695883,00-0039491,Jalen Coker,18,,,,,,,,,,,,,,2,4,18,0,13,,,,,,,,,,,,,,,,,,,,,,,,,,,0,0,espn-401872949.json
3,401872949,2026-09-27T17:00Z,CAR,CLE,away,4685472,00-0040124,Tetairoa McMillan,4,,,,,,,,,,,,,,2,5,17,0,12,,,,,,,,,,,,,,,,,,,,,,,,,,,0,0,espn-401872949.json
3,401872949,2026-09-27T17:00Z,CAR,CLE,away,4212909,00-0033589,David Moore,83,,,,,,,,,,,,,,0,2,0,0,0,,,1,1,0,0,0,0,0,,,,3,59,0,2,14,0,,,,,,,,,0,0,espn-401872949.json
3,401872949,2026-09-27T17:00Z,CAR,CLE,away,4714157,00-0038791,Thomas Incoom,48,,,,,,,,,,,,,,,,,,,0,0,1,1,0,0,0,0,0,,,,,,,,,,,,,,,,,,0,0,espn-401872949.json
3,401872949,2026-09-27T17:00Z,CAR,CLE,away,4429110,00-0040159,Lathan Ransom,22,,,,,,,,,,,,,,,,,,,,,8,5,0,0,1,0,0,,,,,,,,,,,,,,,,,,0,0,espn-401872949.json
3,401872949,2026-09-27T17:00Z,CAR,CLE,away,5151083,00-0041063,Will Lee III,24,,,,,,,,,,,,,,,,,,,,,6,3,0,0,1,0,0,,,,,,,,,,,,,,,,,,0,0,espn-401872949.json
3,401872949,2026-09-27T17:00Z,CAR,CLE,away,4035232,00-0035352,Tyrel Dodson,33,,,,,,,,,,,,,,,,,,,,,6,1,0,0,0,0,0,,,,,,,,,,,,,,,,,,0,0,espn-401872949.json
3,401872949,2026-09-27T17:00Z,CAR,CLE,away,4035495,00-0036220,Derrick Brown,95,,,,,,,,,,,,,,,,,,,,,5,5,0,0,1,0,0,,,,,,,,,,,,,,,,,,0,0,espn-401872949.json
3,401872949,2026-09-27T17:00Z,CAR,CLE,away,4566384,00-0041076,Zakee Wheatley,20,,,,,,,,,,,,,,,,,,,,,5,4,0,0,0,0,0,,,,,,,,,,,,,,,,,,0,0,espn-401872949.json
3,401872949,2026-09-27T17:00Z,CAR,CLE,away,4362487,00-0036962,Tre'von Moehrig,7,,,,,,,,,,,,,,,,,,,,,4,2,0,1,0,0,0,,,,,,,,,,,,,,,,,,0,0,espn-401872949.json
3,401872949,2026-09-27T17:00Z,CAR,CLE,away,3117253,00-0035687,Bobby Okereke,58,,,,,,,,,,,,,,,,,,,,,4,1,0,0,0,0,0,,,,,,,,,,,,,,,,,,0,0,espn-401872949.json
3,401872949,2026-09-27T17:00Z,CAR,CLE,away,4244607,00-0038101,Akayleb Evans,29,,,,,,,,,,,,,,,,,,,,,4,1,0,0,1,0,0,,,,,,,,,,,,,,,,,,0,0,espn-401872949.json
3,401872949,2026-09-27T17:00Z,CAR,CLE,away,4431551,00-0041478,Lee Hunter,92,,,,,,,,,,,,,,,,,,,,,4,1,0,0,0,0,0,,,,,,,,,,,,,,,,,,0,0,espn-401872949.json
3,401872949,2026-09-27T17:00Z,CAR,CLE,away,4429166,00-0040136,Princely Umanmielen,3,,,,,,,,,,,,,,,,,,,,,3,2,1,1,0,1,0,,,,,,,,,,,,,,,,,,0,0,espn-401872949.json
3,401872949,2026-09-27T17:00Z,CAR,CLE,away,4036063,00-0037007,Patrick Jones II,91,,,,,,,,,,,,,,,,,,,,,3,2,0,1,0,1,0,,,,,,,,,,,,,,,,,,0,0,espn-401872949.json
3,401872949,2026-09-27T17:00Z,CAR,CLE,away,4428125,00-0039637,Maema Njongmeta,45,,,,,,,,,,,,,,,,,,,,,3,2,0,0,0,0,0,,,,,,,,,,,,,,,,,,0,0,espn-401872949.json
3,401872949,2026-09-27T17:00Z,CAR,CLE,away,4362847,00-0036944,Jaycee Horn,8,,,,,,,,,,,,,,,,,,,,,2,1,0,0,0,0,0,,,,,,,,,,,,,,,,,,0,0,espn-401872949.json
3,401872949,2026-09-27T17:00Z,CAR,CLE,away,4242975,00-0036934,Jaelan Phillips,5,,,,,,,,,,,,,,,,,,,,,2,0,0,0,0,1,0,,,,,,,,,,,,,,,,,,0,0,espn-401872949.json
3,401872949,2026-09-27T17:00Z,CAR,CLE,away,4431077,00-0040458,TeRah Edwards,93,,,,,,,,,,,,,,,,,,,,,2,0,0,0,0,1,0,,,,,,,,,,,,,,,,,,0,0,espn-401872949.json
3,401872949,2026-09-27T17:00Z,CAR,CLE,away,3917016,00-0036305,Trevis Gipson,52,,,,,,,,,,,,,,,,,,,,,1,1,1,1,0,1,0,,,,,,,,,,,,,,,,,,0,0,espn-401872949.json
3,401872949,2026-09-27T17:00Z,CAR,CLE,away,3917853,00-0035277,Mike Jackson,2,,,,,,,,,,,,,,,,,,,,,1,1,0,0,0,0,0,,,,,,,,,,,,,,,,,,0,0,espn-401872949.json
3,401872949,2026-09-27T17:00Z,CAR,CLE,away,4035462,00-0036356,Isaiah Simmons,27,,,,,,,,,,,,,,,,,,,,,1,1,0,0,0,0,0,,,,,,,,,,,,,,,,,,0,0,espn-401872949.json
3,401872949,2026-09-27T17:00Z,CAR,CLE,away,4034948,00-0036825,Feleipe Franks,81,,,,,,,,,,,,,,,,,,,,,1,0,0,0,0,0,0,,,,,,,,,,,,,,,,,,0,0,espn-401872949.json
3,401872949,2026-09-27T17:00Z,CAR,CLE,away,4372518,00-0036903,Bobby Brown III,97,,,,,,,,,,,,,,,,,,,,,1,0,0,0,0,0,0,,,,,,,,,,,,,,,,,,0,0,espn-401872949.json
3,401872949,2026-09-27T17:00Z,CAR,CLE,away,4602967,00-0041148,Aaron Hall,94,,,,,,,,,,,,,,,,,,,,,1,0,0,0,0,1,0,,,,,,,,,,,,,,,,,,0,0,espn-401872949.json
3,401872949,2026-09-27T17:00Z,CAR,CLE,away,4697636,00-0039380,Chau Smith-Wade,26,,,,,,,,,,,,,,,,,,,,,1,0,0,0,0,0,0,,,,,,,,,,,,,,,,,,0,0,espn-401872949.json
3,401872949,2026-09-27T17:00Z,CAR,CLE,away,4875592,00-0041119,Jackson Kuwatch,46,,,,,,,,,,,,,,,,,,,,,1,0,0,0,0,0,0,,,,,,,,,,,,,,,,,,0,0,espn-401872949.json
3,401872949,2026-09-27T17:00Z,CAR,CLE,away,4709392,00-0040394,Anthony Tyus III,34,,,,,,,,,,,,,,,,,,,,,,,,,,,,,,,2,47,0,,,,,,,,,,,,0,0,espn-401872949.json
3,401872949,2026-09-27T17:00Z,CAR,CLE,away,4568263,00-0040279,Ryan Fitzgerald,10,,,,,,,,,,,,,,,,,,,,,,,,,,,,,,,,,,,,,4,4,53,0,0,12,,,0,0,espn-401872949.json
3,401872949,2026-09-27T17:00Z,CAR,CLE,away,15928,00-0030092,Sam Martin,6,,,,,,,,,,,,,,,,,,,,,,,,,,,,,,,,,,,,,,,,,,,3,139,0,0,espn-401872949.json
3,401872949,2026-09-27T17:00Z,CLE,CAR,home,3122840,00-0033537,Deshaun Watson,4,16,30,144,2,0,2,17,60.4,88.8,11,45,0,21,,,,,,,,,,,,,,,,,,,,,,,,,,,,,,,,0,0,espn-401872949.json
3,401872949,2026-09-27T17:00Z,CLE,CAR,home,4432762,00-0040668,Shedeur Sanders,2,1,1,0,0,0,0,0,5.2,79.2,,,,,,,,,,,,,,,,,,,,,,,,,,,,,,,,,,,,0,0,espn-401872949.json
3,401872949,2026-09-27T17:00Z,CLE,CAR,home,4685702,00-0040784,Quinshon Judkins,10,,,,,,,,,,18,70,0,11,2,2,9,0,9,,,,,,,,,,,,,,,,,,,,,,,,,,,0,0,espn-401872949.json
3,401872949,2026-09-27T17:00Z,CLE,CAR,home,4601080,00-0040466,Raheim Sanders,23,,,,,,,,,,1,17,0,17,4,5,34,0,10,,,,,,,,,,,,,2,47,0,,,,,,,,,,,,0,0,espn-401872949.json
3,401872949,2026-09-27T17:00Z,CLE,CAR,home,5083076,00-0040663,Harold Fannin Jr.,44,,,,,,,,,,,,,,7,9,51,2,14,,,,,,,,,,,,,,,,,,,,,,,,,,,2,1,espn-401872949.json
3,401872949,2026-09-27T17:00Z,CLE,CAR,home,4832800,00-0041037,Denzel Boston,12,,,,,,,,,,,,,,2,4,41,0,28,,,,,,,,,,,,,,,,,,,,,,,,,,,0,0,espn-401872949.json
3,401872949,2026-09-27T17:00Z,CLE,CAR,home,4870653,00-0041547,KC Concepcion,1,,,,,,,,,,,,,,2,9,9,0,5,,,,,,,,,,,,,,,,1,1,0,,,,,,,,,0,0,espn-401872949.json
3,401872949,2026-09-27T17:00Z,CLE,CAR,home,2515270,00-0031595,Michael Burton,34,,,,,,,,,,,,,,0,1,0,0,0,,,,,,,,,,,,,,,,,,,,,,,,,,,0,0,espn-401872949.json
3,401872949,2026-09-27T17:00Z,CLE,CAR,home,4613104,00-0039920,Malachi Corley,11,,,,,,,,,,,,,,,,,,,1,1,3,2,0,0,0,0,0,,,,4,104,0,,,,,,,,,,,,0,0,espn-401872949.json
3,401872949,2026-09-27T17:00Z,CLE,CAR,home,3110565,00-0035680,Quincy Williams,5,,,,,,,,,,,,,,,,,,,,,9,5,0,1,0,1,0,,,,,,,,,,,,,,,,,,0,0,espn-401872949.json
3,401872949,2026-09-27T17:00Z,CLE,CAR,home,4360677,00-0038565,Mekhi Blackmon,29,,,,,,,,,,,,,,,,,,,,,8,6,0,0,1,0,0,,,,,,,,,,,,,,,,,,0,0,espn-401872949.json
3,401872949,2026-09-27T17:00Z,CLE,CAR,home,4569620,00-0038715,Ronnie Hickman,33,,,,,,,,,,,,,,,,,,,,,8,3,0,0,1,0,0,1,-2,0,,,,,,,,,,,,,,,0,0,espn-401872949.json
3,401872949,2026-09-27T17:00Z,CLE,CAR,home,4873232,00-0040685,Mason Graham,94,,,,,,,,,,,,,,,,,,,,,7,4,2,3,0,2,0,,,,,,,,,,,,,,,,,,0,0,espn-401872949.json
3,401872949,2026-09-27T17:00Z,CLE,CAR,home,4876017,00-0040579,Carson Schwesinger,49,,,,,,,,,,,,,,,,,,,,,6,1,0,0,0,0,0,,,,,,,,,,,,,,,,,,0,0,espn-401872949.json
3,401872949,2026-09-27T17:00Z,CLE,CAR,home,4837186,00-0041471,Emmanuel McNeil-Warren,28,,,,,,,,,,,,,,,,,,,,,5,0,0,0,0,0,0,,,,,,,,,,,,,,,,,,0,0,espn-401872949.json
3,401872949,2026-09-27T17:00Z,CLE,CAR,home,4242208,00-0036282,Grant Delpit,9,,,,,,,,,,,,,,,,,,,,,4,2,0,0,0,0,0,,,,,,,,,,,,,,,,,,0,0,espn-401872949.json
3,401872949,2026-09-27T17:00Z,CLE,CAR,home,3915535,00-0034856,Denzel Ward,21,,,,,,,,,,,,,,,,,,,,,3,3,0,0,1,0,0,,,,,,,,,,,,,,,,,,0,0,espn-401872949.json
3,401872949,2026-09-27T17:00Z,CLE,CAR,home,4427963,00-0038574,Isaiah McGuire,57,,,,,,,,,,,,,,,,,,,,,3,2,1,2,0,1,0,,,,,,,,,,,,,,,,,,0,0,espn-401872949.json
3,401872949,2026-09-27T17:00Z,CLE,CAR,home,4578085,00-0039852,Jared Verse,8,,,,,,,,,,,,,,,,,,,,,3,2,0,0,0,1,0,,,,,,,,,,,,,,,,,,0,0,espn-401872949.json
3,401872949,2026-09-27T17:00Z,CLE,CAR,home,4600415,00-0039895,Mike Hall Jr.,51,,,,,,,,,,,,,,,,,,,,,3,2,0,0,0,0,0,,,,,,,,,,,,,,,,,,0,0,espn-401872949.json
3,401872949,2026-09-27T17:00Z,CLE,CAR,home,4695783,00-0039417,Myles Harden,26,,,,,,,,,,,,,,,,,,,,,3,2,0,0,1,0,0,,,,,,,,,,,,,,,,,,0,0,espn-401872949.json
3,401872949,2026-09-27T17:00Z,CLE,CAR,home,3040471,00-0033131,Maliek Collins,96,,,,,,,,,,,,,,,,,,,,,3,0,0,0,0,2,0,,,,,,,,,,,,,,,,,,0,0,espn-401872949.json
3,401872949,2026-09-27T17:00Z,CLE,CAR,home,5085888,00-0040261,Easton Mascarenas-Arnold,42,,,,,,,,,,,,,,,,,,,,,3,0,0,0,0,0,0,,,,,,,,,,,,,,,,,,0,0,espn-401872949.json
3,401872949,2026-09-27T17:00Z,CLE,CAR,home,4567242,00-0037665,Sam Williams,54,,,,,,,,,,,,,,,,,,,,,2,0,0,0,0,0,0,,,,,,,,,,,,,,,,,,0,0,espn-401872949.json
3,401872949,2026-09-27T17:00Z,CLE,CAR,home,4605792,00-0040255,Adin Huntington,98,,,,,,,,,,,,,,,,,,,,,2,0,0,0,0,0,0,,,,,,,,,,,,,,,,,,0,0,espn-401872949.json
3,401872949,2026-09-27T17:00Z,CLE,CAR,home,3115336,00-0033876,Derek Barnett,97,,,,,,,,,,,,,,,,,,,,,1,1,0,0,1,1,0,,,,,,,,,,,,,,,,,,0,0,espn-401872949.json
3,401872949,2026-09-27T17:00Z,CLE,CAR,home,4035505,00-0036306,Daniel Thomas,24,,,,,,,,,,,,,,,,,,,,,1,1,0,0,0,0,0,,,,,,,,,,,,,,,,,,0,0,espn-401872949.json
3,401872949,2026-09-27T17:00Z,CLE,CAR,home,4241424,00-0036630,Tylan Wallace,16,,,,,,,,,,,,,,,,,,,,,1,0,0,0,0,0,0,,,,,,,,,,,,,,,,,,0,0,espn-401872949.json
3,401872949,2026-09-27T17:00Z,CLE,CAR,home,4258620,00-0038428,Andre Szmyt,25,,,,,,,,,,,,,,,,,,,,,,,,,,,,,,,,,,,,,2,2,48,1,1,7,,,0,0,espn-401872949.json
3,401872949,2026-09-27T17:00Z,CLE,CAR,home,4039396,00-0034721,Corey Bojorquez,13,,,,,,,,,,,,,,,,,,,,,,,,,,,,,,,,,,,,,,,,,,,5,243,0,0,espn-401872949.json
3,401872950,2026-09-27T17:00Z,CIN,PIT,away,3915511,00-0036442,Joe Burrow,9,28,37,282,3,0,1,13,92.2,123.9,2,13,0,8,,,,,,1,1,,,,,,,,,,,,,,,,,,,,,,,,,0,0,espn-401872950.json
3,401872950,2026-09-27T17:00Z,CIN,PIT,away,4362238,00-0038597,Chase Brown,30,,,,,,,,,,13,61,0,13,2,2,8,0,12,,,,,,,,,,,,,,,,,,,,,,,,,,,0,0,espn-401872950.json
3,401872950,2026-09-27T17:00Z,CIN,PIT,away,3116389,00-0033526,Samaje Perine,34,,,,,,,,,,3,9,0,5,1,3,5,0,5,,,,,,,,,,,,,1,26,0,,,,,,,,,,,,0,0,espn-401872950.json
3,401872950,2026-09-27T17:00Z,CIN,PIT,away,4362628,00-0036900,Ja'Marr Chase,1,,,,,,,,,,,,,,9,12,98,1,21,,,,,,,,,,,,,,,,,,,,,,,,,,,1,0,espn-401872950.json
3,401872950,2026-09-27T17:00Z,CIN,PIT,away,4239993,00-0036410,Tee Higgins,5,,,,,,,,,,,,,,6,7,90,1,28,,,,,,,,,,,,,,,,,,,,,,,,,,,1,0,espn-401872950.json
3,401872950,2026-09-27T17:00Z,CIN,PIT,away,3116164,00-0034829,Mike Gesicki,88,,,,,,,,,,,,,,3,3,37,1,25,,,,,,,,,,,,,,,,,,,,,,,,,,,1,0,espn-401872950.json
3,401872950,2026-09-27T17:00Z,CIN,PIT,away,4384852,00-0040785,Dohnte Meyers,81,,,,,,,,,,,,,,3,5,29,0,23,,,,,,,,,,,,,,,,,,,,,,,,,,,0,0,espn-401872950.json
3,401872950,2026-09-27T17:00Z,CIN,PIT,away,3050481,00-0034613,Tanner Hudson,87,,,,,,,,,,,,,,2,2,13,0,7,,,,,,,,,,,,,,,,,,,,,,,,,,,0,0,espn-401872950.json
3,401872950,2026-09-27T17:00Z,CIN,PIT,away,5092508,00-0041069,Colbie Young,86,,,,,,,,,,,,,,1,1,2,0,2,,,,,,,,,,,,,,,,,,,,,,,,,,,0,0,espn-401872950.json
3,401872950,2026-09-27T17:00Z,CIN,PIT,away,3127310,00-0035631,Drew Sample,89,,,,,,,,,,,,,,1,2,0,0,0,,,,,,,,,,,,,,,,,,,,,,,,,,,0,0,espn-401872950.json
3,401872950,2026-09-27T17:00Z,CIN,PIT,away,4570738,00-0040534,Ke'Shawn Williams,12,,,,,,,,,,,,,,,,,,,1,1,,,,,,,,,,,5,131,0,1,0,0,,,,,,,,,0,0,espn-401872950.json
3,401872950,2026-09-27T17:00Z,CIN,PIT,away,4427729,00-0040738,Demetrius Knight Jr.,44,,,,,,,,,,,,,,,,,,,,,9,2,0,0,0,0,0,,,,,,,,,,,,,,,,,,0,0,espn-401872950.json
3,401872950,2026-09-27T17:00Z,CIN,PIT,away,4401811,00-0036231,Kyle Dugger,29,,,,,,,,,,,,,,,,,,,,,8,4,0,0,1,0,0,,,,,,,,,,,,,,,,,,0,0,espn-401872950.json
3,401872950,2026-09-27T17:00Z,CIN,PIT,away,4431519,00-0040157,Barrett Carter,49,,,,,,,,,,,,,,,,,,,,,6,2,0,0,1,1,0,,,,,,,,,,,,,,,,,,0,0,espn-401872950.json
3,401872950,2026-09-27T17:00Z,CIN,PIT,away,4726127,00-0041464,Tacario Davis,20,,,,,,,,,,,,,,,,,,,,,5,5,0,0,1,0,0,,,,,,,,,,,,,,,,,,0,0,espn-401872950.json
3,401872950,2026-09-27T17:00Z,CIN,PIT,away,4035483,00-0035683,Dexter Lawrence II,97,,,,,,,,,,,,,,,,,,,,,4,3,2,3,0,2,0,,,,,,,,,,,,,,,,,,0,0,espn-401872950.json
3,401872950,2026-09-27T17:00Z,CIN,PIT,away,4567098,00-0038560,Jordan Battle,27,,,,,,,,,,,,,,,,,,,,,4,3,0,0,1,0,0,1,11,0,,,,,,,,,,,,,,,0,0,espn-401872950.json
3,401872950,2026-09-27T17:00Z,CIN,PIT,away,4426422,,Dax Hill,23,,,,,,,,,,,,,,,,,,,,,4,2,0,0,1,0,0,,,,,,,,,,,,,,,,,,0,0,espn-401872950.json
3,401872950,2026-09-27T17:00Z,CIN,PIT,away,3051746,00-0034754,Oren Burks,42,,,,,,,,,,,,,,,,,,,,,2,2,0,0,0,0,0,,,,,,,,,,,,,,,,,,0,0,espn-401872950.json
3,401872950,2026-09-27T17:00Z,CIN,PIT,away,4247726,00-0037193,Bryan Cook,6,,,,,,,,,,,,,,,,,,,,,2,2,0,0,0,0,0,,,,,,,,,,,,,,,,,,0,0,espn-401872950.json
3,401872950,2026-09-27T17:00Z,CIN,PIT,away,3125356,00-0034446,Jalen Davis,35,,,,,,,,,,,,,,,,,,,,,2,1,0,0,0,0,0,,,,,,,,,,,,,,,,,,0,0,espn-401872950.json
3,401872950,2026-09-27T17:00Z,CIN,PIT,away,4430065,00-0039752,Cedric Johnson,52,,,,,,,,,,,,,,,,,,,,,2,1,0,0,0,0,0,,,,,,,,,,,,,,,,,,0,0,espn-401872950.json
3,401872950,2026-09-27T17:00Z,CIN,PIT,away,4710752,00-0041546,Cashius Howell,55,,,,,,,,,,,,,,,,,,,,,2,1,0,0,0,2,0,,,,,,,,,,,,,,,,,,0,0,espn-401872950.json
3,401872950,2026-09-27T17:00Z,CIN,PIT,away,3054840,00-0033523,Jonathan Allen,93,,,,,,,,,,,,,,,,,,,,,2,0,0,0,0,2,0,,,,,,,,,,,,,,,,,,0,0,espn-401872950.json
3,401872950,2026-09-27T17:00Z,CIN,PIT,away,4240612,,T.J. Slaton Jr.,98,,,,,,,,,,,,,,,,,,,,,2,0,0,0,0,0,0,,,,,,,,,,,,,,,,,,0,0,espn-401872950.json
3,401872950,2026-09-27T17:00Z,CIN,PIT,away,4362502,00-0038642,DJ Ivey,38,,,,,,,,,,,,,,,,,,,,,1,1,0,0,0,0,0,,,,,,,,,,,,,,,,,,0,0,espn-401872950.json
3,401872950,2026-09-27T17:00Z,CIN,PIT,away,4429946,00-0039632,PJ Jules,37,,,,,,,,,,,,,,,,,,,,,1,1,0,0,0,0,0,,,,,,,,,,,,,,,,,,0,0,espn-401872950.json
3,401872950,2026-09-27T17:00Z,CIN,PIT,away,3917797,00-0035363,Joe Giles-Harris,43,,,,,,,,,,,,,,,,,,,,,1,0,0,0,0,0,0,,,,,,,,,,,,,,,,,,0,0,espn-401872950.json
3,401872950,2026-09-27T17:00Z,CIN,PIT,away,4240754,00-0038133,Boye Mafe,53,,,,,,,,,,,,,,,,,,,,,1,0,0,0,0,0,0,,,,,,,,,,,,,,,,,,0,0,espn-401872950.json
3,401872950,2026-09-27T17:00Z,CIN,PIT,away,4432301,00-0039908,Kris Jenkins Jr.,90,,,,,,,,,,,,,,,,,,,,,1,0,0,0,0,0,0,,,,,,,,,,,,,,,,,,0,0,espn-401872950.json
3,401872950,2026-09-27T17:00Z,CIN,PIT,away,4570546,00-0039313,Swayze Bozeman,47,,,,,,,,,,,,,,,,,,,,,1,0,0,0,0,0,0,,,,,,,,,,,,,,,,,,0,0,espn-401872950.json
3,401872950,2026-09-27T17:00Z,CIN,PIT,away,4428985,00-0038546,Myles Murphy,99,,,,,,,,,,,,,,,,,,,,,0,0,0,0,0,1,0,,,,,,,,,,,,,,,,,,0,0,espn-401872950.json
3,401872950,2026-09-27T17:00Z,CIN,PIT,away,4572036,00-0038549,DJ Turner II,0,,,,,,,,,,,,,,,,,,,,,0,0,0,0,1,0,0,,,,,,,,,,,,,,,,,,0,0,espn-401872950.json
3,401872950,2026-09-27T17:00Z,CIN,PIT,away,4429299,00-0040208,Tahj Brooks,25,,,,,,,,,,,,,,,,,,,,,,,,,,,,,,,1,27,0,,,,,,,,,,,,0,0,espn-401872950.json
3,401872950,2026-09-27T17:00Z,CIN,PIT,away,4360234,00-0036854,Evan McPherson,2,,,,,,,,,,,,,,,,,,,,,,,,,,,,,,,,,,,,,2,2,50,3,3,9,,,0,0,espn-401872950.json
3,401872950,2026-09-27T17:00Z,CIN,PIT,away,4608820,00-0039323,Ryan Rehkow,8,,,,,,,,,,,,,,,,,,,,,,,,,,,,,,,,,,,,,,,,,,,2,84,0,0,espn-401872950.json
3,401872950,2026-09-27T17:00Z,PIT,CIN,home,8439,00-0023459,Aaron Rodgers,8,19,34,292,3,1,2,19,68.2,101.6,3,10,0,12,,,,,,,,,,,,,,,,,,,,,,,,,,,,,,,,0,0,espn-401872950.json
3,401872950,2026-09-27T17:00Z,PIT,CIN,home,4569987,00-0037228,Jaylen Warren,30,,,,,,,,,,17,127,0,35,3,4,49,0,30,,,,,,,,,,,,,,,,,,,,,,,,,,,0,0,espn-401872950.json
3,401872950,2026-09-27T17:00Z,PIT,CIN,home,4361411,00-0036894,Pat Freiermuth,88,,,,,,,,,,1,1,0,1,2,4,30,0,22,,,,,,,,,,,,,,,,,,,,,,,,,,,0,0,espn-401872950.json
3,401872950,2026-09-27T17:00Z,PIT,CIN,home,4037457,00-0035594,Travis Homer,21,,,,,,,,,,1,0,0,0,,,,,,,,1,0,0,0,0,0,0,,,,,,,,,,,,,,,,,,0,0,espn-401872950.json
3,401872950,2026-09-27T17:00Z,PIT,CIN,home,4428119,00-0038409,Lew Nichols,31,,,,,,,,,,1,0,0,0,,,,,,,,,,,,,,,,,,,,,,,,,,,,,,,,0,0,espn-401872950.json
3,401872950,2026-09-27T17:00Z,PIT,CIN,home,4430802,00-0038558,Darnell Washington,80,,,,,,,,,,,,,,3,4,67,0,47,,,,,,,,,,,,,,,,,,,,,,,,,,,0,0,espn-401872950.json
3,401872950,2026-09-27T17:00Z,PIT,CIN,home,4431492,00-0039739,Roman Wilson,14,,,,,,,,,,,,,,3,6,60,1,38,,,,,,,,,,,,,,,,,,,,,,,,,,,1,1,espn-401872950.json
3,401872950,2026-09-27T17:00Z,PIT,CIN,home,4047650,00-0035640,DK Metcalf,4,,,,,,,,,,,,,,3,5,31,1,14,,,,,,,,,,,,,,,,,,,,,,,,,,,1,0,espn-401872950.json
3,401872950,2026-09-27T17:00Z,PIT,CIN,home,4035656,00-0036862,Ben Skowronek,15,,,,,,,,,,,,,,1,1,23,1,23,0,0,,,,,,,,,,,,,,,,,,,,,,,,,1,0,espn-401872950.json
3,401872950,2026-09-27T17:00Z,PIT,CIN,home,4035687,00-0036252,Michael Pittman Jr.,11,,,,,,,,,,,,,,2,5,16,0,8,,,,,,,,,,,,,,,,,,,,,,,,,,,0,0,espn-401872950.json
3,401872950,2026-09-27T17:00Z,PIT,CIN,home,4685261,00-0041489,Germie Bernard,17,,,,,,,,,,,,,,1,1,14,0,14,,,,,,,,,,,,,,,,,,,,,,,,,,,0,0,espn-401872950.json
3,401872950,2026-09-27T17:00Z,PIT,CIN,home,2975674,00-0033757,Robert Tonyan,85,,,,,,,,,,,,,,1,1,2,0,2,,,,,,,,,,,,,,,,,,,,,,,,,,,0,0,espn-401872950.json
3,401872950,2026-09-27T17:00Z,PIT,CIN,home,3047495,00-0034810,Sebastian Joseph-Day,69,,,,,,,,,,,,,,,,,,,0,0,0,0,0,0,0,1,0,,,,,,,,,,,,,,,,,,0,0,espn-401872950.json
3,401872950,2026-09-27T17:00Z,PIT,CIN,home,4242207,00-0036323,Patrick Queen,6,,,,,,,,,,,,,,,,,,,,,13,4,0,1,1,0,0,,,,,,,,,,,,,,,,,,0,0,espn-401872950.json
3,401872950,2026-09-27T17:00Z,PIT,CIN,home,2969961,00-0033941,Rayshawn Jenkins,20,,,,,,,,,,,,,,,,,,,,,9,5,0,0,0,0,0,,,,,,,,,,,,,,,,,,0,0,espn-401872950.json
3,401872950,2026-09-27T17:00Z,PIT,CIN,home,3045373,00-0033055,Jalen Ramsey,5,,,,,,,,,,,,,,,,,,,,,8,4,0,1,0,0,0,,,,,,,,,,,,,,,,,,0,0,espn-401872950.json
3,401872950,2026-09-27T17:00Z,PIT,CIN,home,4570044,00-0038135,Jaquan Brisker,3,,,,,,,,,,,,,,,,,,,,,8,3,0,0,0,0,0,,,,,,,,,,,,,,,,,,0,0,espn-401872950.json
3,401872950,2026-09-27T17:00Z,PIT,CIN,home,4361652,00-0039741,Payton Wilson,41,,,,,,,,,,,,,,,,,,,,,6,0,0,0,1,0,0,,,,,,,,,,,,,,,,,,0,0,espn-401872950.json
3,401872950,2026-09-27T17:00Z,PIT,CIN,home,3873935,00-0035699,Jamel Dean,35,,,,,,,,,,,,,,,,,,,,,5,3,0,0,1,0,0,,,,,,,,,,,,,,,,,,0,0,espn-401872950.json
3,401872950,2026-09-27T17:00Z,PIT,CIN,home,4430947,00-0040188,Yahya Black,94,,,,,,,,,,,,,,,,,,,,,4,1,0,0,0,0,0,,,,,,,,,,,,,,,,,,0,0,espn-401872950.json
3,401872950,2026-09-27T17:00Z,PIT,CIN,home,4431590,00-0040160,Jack Sawyer,33,,,,,,,,,,,,,,,,,,,,,2,2,0,0,0,0,0,,,,,,,,,,,,,,,,,,0,0,espn-401872950.json
3,401872950,2026-09-27T17:00Z,PIT,CIN,home,4567979,00-0036504,Brandin Echols,26,,,,,,,,,,,,,,,,,,,,,2,2,0,0,0,0,0,,,,,,,,,,,,,,,,,,0,0,espn-401872950.json
3,401872950,2026-09-27T17:00Z,PIT,CIN,home,4363034,00-0036617,Asante Samuel Jr.,22,,,,,,,,,,,,,,,,,,,,,2,1,0,0,1,0,0,,,,,,,,,,,,,,,,,,0,0,espn-401872950.json
3,401872950,2026-09-27T17:00Z,PIT,CIN,home,4429490,00-0040231,Carson Bruener,44,,,,,,,,,,,,,,,,,,,,,2,1,0,0,0,0,0,,,,,,,,,,,,,,,,,,0,0,espn-401872950.json
3,401872950,2026-09-27T17:00Z,PIT,CIN,home,4692628,00-0040341,Doneiko Slaughter,40,,,,,,,,,,,,,,,,,,,,,2,1,0,0,0,0,0,,,,,,,,,,,,,,,,,,0,0,espn-401872950.json
3,401872950,2026-09-27T17:00Z,PIT,CIN,home,4682980,00-0040678,Derrick Harmon,99,,,,,,,,,,,,,,,,,,,,,1,1,1,1,0,1,0,,,,,,,,,,,,,,,,,,0,0,espn-401872950.json
3,401872950,2026-09-27T17:00Z,PIT,CIN,home,13977,00-0027969,Cameron Heyward,97,,,,,,,,,,,,,,,,,,,,,1,1,0,0,0,2,0,,,,,,,,,,,,,,,,,,0,0,espn-401872950.json
3,401872950,2026-09-27T17:00Z,PIT,CIN,home,3116689,00-0035286,Cole Holcomb,55,,,,,,,,,,,,,,,,,,,,,1,1,0,0,0,0,0,,,,,,,,,,,,,,,,,,0,0,espn-401872950.json
3,401872950,2026-09-27T17:00Z,PIT,CIN,home,4241087,00-0037336,Brock Hoffman,67,,,,,,,,,,,,,,,,,,,,,1,1,0,0,0,0,0,,,,,,,,,,,,,,,,,,0,0,espn-401872950.json
3,401872950,2026-09-27T17:00Z,PIT,CIN,home,4429164,00-0038577,Nick Herbig,51,,,,,,,,,,,,,,,,,,,,,1,1,0,0,0,0,0,,,,,,,,,,,,,,,,,,0,0,espn-401872950.json
3,401872950,2026-09-27T17:00Z,PIT,CIN,home,4685327,00-0041393,Daylen Everette,23,,,,,,,,,,,,,,,,,,,,,1,1,0,0,1,0,0,,,,,,,,,,,,,,,,,,0,0,espn-401872950.json
3,401872950,2026-09-27T17:00Z,PIT,CIN,home,3045282,00-0033886,T.J. Watt,90,,,,,,,,,,,,,,,,,,,,,1,0,0,0,0,1,0,,,,,,,,,,,,,,,,,,0,0,espn-401872950.json
3,401872950,2026-09-27T17:00Z,PIT,CIN,home,4820584,00-0041401,Robert Spears-Jennings,28,,,,,,,,,,,,,,,,,,,,,1,0,0,0,0,0,0,,,,,,,,,,,,,,,,,,0,0,espn-401872950.json
3,401872950,2026-09-27T17:00Z,PIT,CIN,home,4426694,00-0039110,Keeanu Benton,95,,,,,,,,,,,,,,,,,,,,,0,0,0,0,0,1,0,,,,,,,,,,,,,,,,,,0,0,espn-401872950.json
3,401872950,2026-09-27T17:00Z,PIT,CIN,home,5081338,00-0041397,Kaden Wetjen,10,,,,,,,,,,,,,,,,,,,,,,,,,,,,,,,5,102,0,1,5,0,,,,,,,,,0,0,espn-401872950.json
3,401872950,2026-09-27T17:00Z,PIT,CIN,home,17372,00-0031136,Chris Boswell,9,,,,,,,,,,,,,,,,,,,,,,,,,,,,,,,,,,,,,3,3,44,3,3,12,,,0,0,espn-401872950.json
3,401872950,2026-09-27T17:00Z,PIT,CIN,home,3051397,00-0033729,Cameron Johnston,19,,,,,,,,,,,,,,,,,,,,,,,,,,,,,,,,,,,,,,,,,,,1,51,0,0,espn-401872950.json
3,401872951,2026-09-27T17:00Z,HOU,IND,away,4432577,00-0039163,C.J. Stroud,7,16,27,167,1,0,3,14,47.1,89.6,2,10,0,8,,,,,,,,,,,,,,,,,,,,,,,,,,,,,,,,0,0,espn-401872951.json
3,401872951,2026-09-27T17:00Z,HOU,IND,away,4035538,00-0035685,David Montgomery,32,,,,,,,,,,11,33,0,9,2,2,15,0,10,,,,,,,,,,,,,,,,,,,,,,,,,,,0,0,espn-401872951.json
3,401872951,2026-09-27T17:00Z,HOU,IND,away,4429059,00-0040583,Woody Marks,4,,,,,,,,,,5,15,1,9,1,1,6,0,6,,,,,,,,,,,,,2,52,0,,,,,,,,,,,,1,0,espn-401872951.json
3,401872951,2026-09-27T17:00Z,HOU,IND,away,4586312,00-0040138,Jaylin Noel,13,,,,,,,,,,1,8,0,8,2,2,17,0,12,,,,,,,,,,,,,2,54,0,1,11,0,,,,,,,,,0,0,espn-401872951.json
3,401872951,2026-09-27T17:00Z,HOU,IND,away,4686422,00-0038618,Xavier Hutchinson,19,,,,,,,,,,2,4,0,3,3,6,51,0,28,,,,,,,,,,,,,,,,,,,,,,,,,,,0,0,espn-401872951.json
3,401872951,2026-09-27T17:00Z,HOU,IND,away,3117256,00-0034383,Dalton Schultz,86,,,,,,,,,,,,,,3,3,30,0,17,,,,,,,,,,,,,,,,,,,,,,,,,,,0,0,espn-401872951.json
3,401872951,2026-09-27T17:00Z,HOU,IND,away,4429022,00-0038608,Kayshon Boutte,14,,,,,,,,,,,,,,2,2,21,0,15,,,,,,,,,,,,,,,,,,,,,,,,,,,0,0,espn-401872951.json
3,401872951,2026-09-27T17:00Z,HOU,IND,away,4430681,00-0038728,Jared Wayne,17,,,,,,,,,,,,,,1,4,20,0,20,,,,,,,,,,,,,,,,,,,,,,,,,,,0,0,espn-401872951.json
3,401872951,2026-09-27T17:00Z,HOU,IND,away,3843945,00-0034981,Foster Moreau,87,,,,,,,,,,,,,,2,4,7,1,6,,,,,,,,,,,,,,,,,,,,,,,,,,,1,0,espn-401872951.json
3,401872951,2026-09-27T17:00Z,HOU,IND,away,4683159,00-0041467,Lewis Bond,82,,,,,,,,,,,,,,0,1,0,0,0,,,,,,,,,,,,,,,,,,,,,,,,,,,0,0,espn-401872951.json
3,401872951,2026-09-27T17:00Z,HOU,IND,away,4685724,00-0039108,Will Anderson Jr.,51,,,,,,,,,,,,,,,,,,,1,0,7,5,2.5,3,0,3,0,,,,,,,,,,,,,,,,,,0,0,espn-401872951.json
3,401872951,2026-09-27T17:00Z,HOU,IND,away,4361366,00-0036883,Tommy Togiai,72,,,,,,,,,,,,,,,,,,,0,0,6,2,0,0,0,0,0,,,,,,,,,,,,,,,,,,0,0,espn-401872951.json
3,401872951,2026-09-27T17:00Z,HOU,IND,away,4602699,00-0039343,Kamari Lassiter,3,,,,,,,,,,,,,,,,,,,0,0,9,6,0,1,0,0,0,,,,,,,,,,,,,,,,,,0,0,espn-401872951.json
3,401872951,2026-09-27T17:00Z,HOU,IND,away,3919117,00-0035166,Azeez Al-Shaair,0,,,,,,,,,,,,,,,,,,,,,11,2,0,0,0,0,0,,,,,,,,,,,,,,,,,,0,0,espn-401872951.json
3,401872951,2026-09-27T17:00Z,HOU,IND,away,4243956,00-0037130,Reed Blankenship,6,,,,,,,,,,,,,,,,,,,,,9,5,0,0,2,0,0,1,0,0,,,,,,,,,,,,,,,0,0,espn-401872951.json
3,401872951,2026-09-27T17:00Z,HOU,IND,away,4431517,00-0039838,Calen Bullock,2,,,,,,,,,,,,,,,,,,,,,7,5,0,1,0,0,0,,,,,,,,,,,,,,,,,,0,0,espn-401872951.json
3,401872951,2026-09-27T17:00Z,HOU,IND,away,4033812,00-0037457,Jake Hansen,35,,,,,,,,,,,,,,,,,,,,,7,3,0,0,0,0,0,,,,,,,,,,,,,,,,,,0,0,espn-401872951.json
3,401872951,2026-09-27T17:00Z,HOU,IND,away,2976560,00-0031565,Danielle Hunter,55,,,,,,,,,,,,,,,,,,,,,6,2,0.5,0,1,2,0,,,,,,,,,,,,,,,,,,0,0,espn-401872951.json
3,401872951,2026-09-27T17:00Z,HOU,IND,away,2970204,00-0032759,Sheldon Rankins,98,,,,,,,,,,,,,,,,,,,,,3,3,1,1,0,2,0,,,,,,,,,,,,,,,,,,0,0,espn-401872951.json
3,401872951,2026-09-27T17:00Z,HOU,IND,away,4699802,00-0041305,Sabastian Harsh,54,,,,,,,,,,,,,,,,,,,,,3,2,0,0,0,0,0,,,,,,,,,,,,,,,,,,0,0,espn-401872951.json
3,401872951,2026-09-27T17:00Z,HOU,IND,away,4360189,00-0038127,Logan Hall,96,,,,,,,,,,,,,,,,,,,,,3,1,0,0,0,0,0,,,,,,,,,,,,,,,,,,0,0,espn-401872951.json
3,401872951,2026-09-27T17:00Z,HOU,IND,away,4241223,00-0037246,Jalen Pitre,5,,,,,,,,,,,,,,,,,,,,,2,0,0,0,1,0,0,,,,,,,,,,,,,,,,,,0,0,espn-401872951.json
3,401872951,2026-09-27T17:00Z,HOU,IND,away,2969921,00-0032265,Mario Edwards Jr.,97,,,,,,,,,,,,,,,,,,,,,1,1,0,0,0,0,0,,,,,,,,,,,,,,,,,,0,0,espn-401872951.json
3,401872951,2026-09-27T17:00Z,HOU,IND,away,3134448,00-0034278,Tremon Smith,11,,,,,,,,,,,,,,,,,,,,,1,1,0,0,0,0,0,,,,1,29,0,,,,,,,,,,,,0,0,espn-401872951.json
3,401872951,2026-09-27T17:00Z,HOU,IND,away,4244300,00-0037082,Dominique Robinson,94,,,,,,,,,,,,,,,,,,,,,1,1,0,0,0,0,0,,,,,,,,,,,,,,,,,,0,0,espn-401872951.json
3,401872951,2026-09-27T17:00Z,HOU,IND,away,4426434,00-0037237,Derek Stingley Jr.,24,,,,,,,,,,,,,,,,,,,,,1,1,0,0,0,0,0,,,,,,,,,,,,,,,,,,0,0,espn-401872951.json
3,401872951,2026-09-27T17:00Z,HOU,IND,away,4427479,00-0039395,Jamal Hill,56,,,,,,,,,,,,,,,,,,,,,1,1,0,0,0,0,0,,,,,,,,,,,,,,,,,,0,0,espn-401872951.json
3,401872951,2026-09-27T17:00Z,HOU,IND,away,4837286,00-0041465,Wade Woodaz,30,,,,,,,,,,,,,,,,,,,,,1,1,0,0,0,0,0,,,,,,,,,,,,,,,,,,0,0,espn-401872951.json
3,401872951,2026-09-27T17:00Z,HOU,IND,away,3050199,00-0034091,George Odum,36,,,,,,,,,,,,,,,,,,,,,1,0,0,0,0,0,0,,,,,,,,,,,,,,,,,,0,0,espn-401872951.json
3,401872951,2026-09-27T17:00Z,HOU,IND,away,4685518,00-0041466,Kamari Ramsey,27,,,,,,,,,,,,,,,,,,,,,1,0,0,0,0,0,0,,,,,,,,,,,,,,,,,,0,0,espn-401872951.json
3,401872951,2026-09-27T17:00Z,HOU,IND,away,2971573,00-0032726,Ka'imi Fairbairn,15,,,,,,,,,,,,,,,,,,,,,,,,,,,,,,,,,,,,,1,1,24,2,2,5,,,0,0,espn-401872951.json
3,401872951,2026-09-27T17:00Z,HOU,IND,away,4570033,00-0040654,Kai Kroeger,38,,,,,,,,,,,,,,,,,,,,,,,,,,,,,,,,,,,,,,,,,,,5,261,0,0,espn-401872951.json
3,401872951,2026-09-27T17:00Z,IND,HOU,home,3917792,00-0035710,Daniel Jones,17,24,36,235,1,1,4,24,36.0,82.5,3,5,0,2,,,,,,3,2,,,,,,,,,,,,,,,,,,,,,,,,,0,0,espn-401872951.json
3,401872951,2026-09-27T17:00Z,IND,HOU,home,4242335,00-0036223,Jonathan Taylor,28,,,,,,,,,,23,68,0,11,2,3,4,0,3,0,0,,,,,,,,,,,,,,,,,,,,,,,,,0,0,espn-401872951.json
3,401872951,2026-09-27T17:00Z,IND,HOU,home,4686468,00-0041125,Seth McGowan,20,,,,,,,,,,4,14,0,7,,,,,,,,,,,,,,,,,,,,,,,,,,,,,,,,0,0,espn-401872951.json
3,401872951,2026-09-27T17:00Z,IND,HOU,home,4431459,00-0040128,Tyler Warren,84,,,,,,,,,,1,2,0,2,9,10,55,0,15,,,,,,,,,,,,,,,,,,,,,,,,,,,0,0,espn-401872951.json
3,401872951,2026-09-27T17:00Z,IND,HOU,home,4688813,00-0038997,Josh Downs,2,,,,,,,,,,,,,,5,11,77,0,24,,,,,,,,,,,,,,,,,,,,,,,,,,,0,0,espn-401872951.json
3,401872951,2026-09-27T17:00Z,IND,HOU,home,15818,00-0030279,Keenan Allen,10,,,,,,,,,,,,,,6,9,63,1,26,,,,,,,,,,,,,,,,,,,,,,,,,,,1,1,espn-401872951.json
3,401872951,2026-09-27T17:00Z,IND,HOU,home,3051889,00-0032951,Laquon Treadwell,13,,,,,,,,,,,,,,1,1,20,0,20,,,,,,,,,,,,,,,,,,,,,,,,,,,0,0,espn-401872951.json
3,401872951,2026-09-27T17:00Z,IND,HOU,home,2998565,00-0033217,Mo Alie-Cox,81,,,,,,,,,,,,,,1,1,16,0,16,,,1,1,0,0,0,0,0,,,,,,,,,,,,,,,,,,0,0,espn-401872951.json
3,401872951,2026-09-27T17:00Z,IND,HOU,home,4037361,00-0034573,Charvarius Ward,7,,,,,,,,,,,,,,,,,,,,,8,6,0,0,1,0,0,,,,,,,,,,,,,,,,,,0,0,espn-401872951.json
3,401872951,2026-09-27T17:00Z,IND,HOU,home,3917142,00-0036298,Akeem Davis-Gaither,51,,,,,,,,,,,,,,,,,,,,,7,3,0,0,1,0,0,,,,,,,,,,,,,,,,,,0,0,espn-401872951.json
3,401872951,2026-09-27T17:00Z,IND,HOU,home,2971282,00-0032378,DeForest Buckner,99,,,,,,,,,,,,,,,,,,,,,7,2,1.5,1,0,2,0,,,,,,,,,,,,,,,,,,0,0,espn-401872951.json
3,401872951,2026-09-27T17:00Z,IND,HOU,home,4427250,00-0037190,Sauce Gardner,1,,,,,,,,,,,,,,,,,,,,,5,4,0,0,2,0,0,,,,,,,,,,,,,,,,,,0,0,espn-401872951.json
3,401872951,2026-09-27T17:00Z,IND,HOU,home,4432789,00-0040235,Hunter Wohler,30,,,,,,,,,,,,,,,,,,,,,4,1,0,0,0,0,0,,,,,,,,,,,,,,,,,,0,0,espn-401872951.json
3,401872951,2026-09-27T17:00Z,IND,HOU,home,4374171,00-0039178,Austin Ajiake,58,,,,,,,,,,,,,,,,,,,,,3,2,0,0,0,0,0,,,,,,,,,,,,,,,,,,0,0,espn-401872951.json
3,401872951,2026-09-27T17:00Z,IND,HOU,home,4682909,00-0040139,Justin Walley,27,,,,,,,,,,,,,,,,,,,,,3,2,0,0,2,0,0,,,,,,,,,,,,,,,,,,0,0,espn-401872951.json
3,401872951,2026-09-27T17:00Z,IND,HOU,home,4427635,00-0039031,Adetomiwa Adebawore,95,,,,,,,,,,,,,,,,,,,,,3,1,1.5,1,0,3,0,,,,,,,,,,,,,,,,,,0,0,espn-401872951.json
3,401872951,2026-09-27T17:00Z,IND,HOU,home,4905664,00-0041043,A.J. Haulcy,25,,,,,,,,,,,,,,,,,,,,,3,1,0,0,0,0,0,,,,,,,,,,,,,,,,,,0,0,espn-401872951.json
3,401872951,2026-09-27T17:00Z,IND,HOU,home,4426473,00-0039340,Laiatu Latu,97,,,,,,,,,,,,,,,,,,,,,2,2,0,0,0,1,0,,,,,,,,,,,,,,,,,,0,0,espn-401872951.json
3,401872951,2026-09-27T17:00Z,IND,HOU,home,4035861,,Cam Bynum,0,,,,,,,,,,,,,,,,,,,,,2,1,0,0,0,0,0,,,,,,,,,,,,,,,,,,0,0,espn-401872951.json
3,401872951,2026-09-27T17:00Z,IND,HOU,home,4692033,00-0040207,Tim Smith,93,,,,,,,,,,,,,,,,,,,,,2,1,0,0,0,0,0,,,,,,,,,,,,,,,,,,0,0,espn-401872951.json
3,401872951,2026-09-27T17:00Z,IND,HOU,home,4601021,00-0039377,Jaylon Carlies,57,,,,,,,,,,,,,,,,,,,,,2,0,0,0,0,0,0,,,,,,,,,,,,,,,,,,0,0,espn-401872951.json
3,401872951,2026-09-27T17:00Z,IND,HOU,home,5088571,00-0041518,Bryce Boettcher,50,,,,,,,,,,,,,,,,,,,,,2,0,0,0,0,0,0,,,,,,,,,,,,,,,,,,0,0,espn-401872951.json
3,401872951,2026-09-27T17:00Z,IND,HOU,home,4058825,00-0033952,Grover Stewart,90,,,,,,,,,,,,,,,,,,,,,1,1,0,0,1,0,0,,,,,,,,,,,,,,,,,,0,0,espn-401872951.json
3,401872951,2026-09-27T17:00Z,IND,HOU,home,4566154,00-0040744,Jaylahn Tuimoloau,91,,,,,,,,,,,,,,,,,,,,,1,1,0,0,0,0,0,,,,,,,,,,,,,,,,,,0,0,espn-401872951.json
3,401872951,2026-09-27T17:00Z,IND,HOU,home,4685324,00-0041111,Caden Curry,55,,,,,,,,,,,,,,,,,,,,,1,1,0,0,0,0,0,,,,,,,,,,,,,,,,,,0,0,espn-401872951.json
3,401872951,2026-09-27T17:00Z,IND,HOU,home,5153072,00-0040928,Kapena Gushiken,34,,,,,,,,,,,,,,,,,,,,,1,1,0,0,0,0,0,,,,,,,,,,,,,,,,,,0,0,espn-401872951.json
3,401872951,2026-09-27T17:00Z,IND,HOU,home,3863182,00-0035674,Jerry Tillery,94,,,,,,,,,,,,,,,,,,,,,1,0,0,0,0,0,0,,,,,,,,,,,,,,,,,,0,0,espn-401872951.json
3,401872951,2026-09-27T17:00Z,IND,HOU,home,3843843,00-0034825,Arden Key,98,,,,,,,,,,,,,,,,,,,,,0,0,0,0,0,1,0,,,,,,,,,,,,,,,,,,0,0,espn-401872951.json
3,401872951,2026-09-27T17:00Z,IND,HOU,home,4429684,00-0039816,Anthony Gould,6,,,,,,,,,,,,,,,,,,,,,,,,,,,,,,,1,32,0,2,25,0,,,,,,,,,0,0,espn-401872951.json
3,401872951,2026-09-27T17:00Z,IND,HOU,home,4571557,00-0039576,Spencer Shrader,3,,,,,,,,,,,,,,,,,,,,,,,,,,,,,,,,,,,,,4,4,58,1,1,13,,,0,0,espn-401872951.json
3,401872951,2026-09-27T17:00Z,IND,HOU,home,3914922,00-0033269,Rigoberto Sanchez,8,,,,,,,,,,,,,,,,,,,,,,,,,,,,,,,,,,,,,,,,,,,1,58,0,0,espn-401872951.json
3,401872952,2026-09-27T17:00Z,KC,MIA,away,3139477,00-0033873,Patrick Mahomes,15,20,24,246,2,1,0,0,65.3,119.8,1,1,0,1,,,,,,,,,,,,,,,,,,,,,,,,,,,,,,,,0,0,espn-401872952.json
3,401872952,2026-09-27T17:00Z,KC,MIA,away,4567048,00-0038134,Kenneth Walker III,9,,,,,,,,,,18,70,1,22,2,2,3,1,5,,,,,,,,,,,,,,,,,,,,,,,,,,,2,1,espn-401872952.json
3,401872952,2026-09-27T17:00Z,KC,MIA,away,4832955,00-0041013,Emmett Johnson,10,,,,,,,,,,6,17,0,7,,,,,,,,,,,,,,,,,,1,31,0,,,,,,,,,,,,0,0,espn-401872952.json
3,401872952,2026-09-27T17:00Z,KC,MIA,away,4428331,00-0039067,Rashee Rice,4,,,,,,,,,,,,,,7,9,88,0,34,,,,,,,,,,,,,,,,,,,,,,,,,,,0,0,espn-401872952.json
3,401872952,2026-09-27T17:00Z,KC,MIA,away,15847,00-0030506,Travis Kelce,87,,,,,,,,,,,,,,2,2,59,1,48,,,,,,,,,,,,,,,,,,,,,,,,,,,1,0,espn-401872952.json
3,401872952,2026-09-27T17:00Z,KC,MIA,away,4240472,00-0036637,Noah Gray,83,,,,,,,,,,,,,,3,3,39,0,24,,,,,,,,,,,,,,,,,,,,,,,,,,,0,0,espn-401872952.json
3,401872952,2026-09-27T17:00Z,KC,MIA,away,4362921,00-0038104,Tyquan Thornton,2,,,,,,,,,,,,,,2,2,22,0,17,,,,,,,,,,,,,,,,,,,,,,,,,,,0,0,espn-401872952.json
3,401872952,2026-09-27T17:00Z,KC,MIA,away,4683062,00-0039894,Xavier Worthy,1,,,,,,,,,,,,,,2,2,20,0,17,,,1,1,0,0,0,0,0,,,,,,,,,,,,,,,,,,0,0,espn-401872952.json
3,401872952,2026-09-27T17:00Z,KC,MIA,away,5082630,00-0040646,Jalen Royals,11,,,,,,,,,,,,,,1,1,11,0,11,,,,,,,,,,,,,,,,,,,,,,,,,,,0,0,espn-401872952.json
3,401872952,2026-09-27T17:00Z,KC,MIA,away,4596602,00-0040078,Brashard Smith,24,,,,,,,,,,,,,,1,1,4,0,4,,,,,,,,,,,,,,,,,,,,,,,,,,,0,0,espn-401872952.json
3,401872952,2026-09-27T17:00Z,KC,MIA,away,4431196,00-0040081,Jake Briningstool,88,,,,,,,,,,,,,,0,1,0,0,0,,,2,1,0,0,0,0,0,,,,,,,,,,,,,,,,,,0,0,espn-401872952.json
3,401872952,2026-09-27T17:00Z,KC,MIA,away,4040432,00-0036374,L'Jarius Sneed,38,,,,,,,,,,,,,,,,,,,0,0,3,1,0,0,0,0,0,,,,,,,,,,,,,,,,,,0,0,espn-401872952.json
3,401872952,2026-09-27T17:00Z,KC,MIA,away,4362759,00-0036621,Nick Bolton,32,,,,,,,,,,,,,,,,,,,,,11,8,0,1,1,0,0,,,,,,,,,,,,,,,,,,0,0,espn-401872952.json
3,401872952,2026-09-27T17:00Z,KC,MIA,away,4880124,00-0041543,Mansoor Delane,5,,,,,,,,,,,,,,,,,,,,,10,7,0,1,1,0,0,,,,,,,,,,,,,,,,,,0,0,espn-401872952.json
3,401872952,2026-09-27T17:00Z,KC,MIA,away,3129310,00-0035262,Drue Tranquill,23,,,,,,,,,,,,,,,,,,,,,7,3,0,1,0,0,0,,,,,,,,,,,,,,,,,,0,0,espn-401872952.json
3,401872952,2026-09-27T17:00Z,KC,MIA,away,4685232,00-0039825,Jaden Hicks,21,,,,,,,,,,,,,,,,,,,,,7,1,0,0,1,0,0,,,,,,,,,,,,,,,,,,0,0,espn-401872952.json
3,401872952,2026-09-27T17:00Z,KC,MIA,away,4039413,00-0036380,Alohi Gilman,17,,,,,,,,,,,,,,,,,,,,,6,3,0,0,0,0,0,,,,,,,,,,,,,,,,,,0,0,espn-401872952.json
3,401872952,2026-09-27T17:00Z,KC,MIA,away,4684432,00-0040640,Ashton Gillotte,97,,,,,,,,,,,,,,,,,,,,,4,1,0,0,0,0,0,,,,,,,,,,,,,,,,,,0,0,espn-401872952.json
3,401872952,2026-09-27T17:00Z,KC,MIA,away,4610705,00-0040670,Nohl Williams,20,,,,,,,,,,,,,,,,,,,,,3,2,0,0,1,0,0,,,,,,,,,,,,,,,,,,0,0,espn-401872952.json
3,401872952,2026-09-27T17:00Z,KC,MIA,away,4249766,00-0037208,Jack Cochrane,43,,,,,,,,,,,,,,,,,,,,,3,1,0,0,0,0,0,,,,,,,,,,,,,,,,,,0,0,espn-401872952.json
3,401872952,2026-09-27T17:00Z,KC,MIA,away,4871063,00-0041545,Peter Woods,99,,,,,,,,,,,,,,,,,,,,,3,1,0,0,0,0,0,,,,,,,,,,,,,,,,,,0,0,espn-401872952.json
3,401872952,2026-09-27T17:00Z,KC,MIA,away,4372070,00-0038489,Ben VanSumeren,47,,,,,,,,,,,,,,,,,,,,,3,0,0,0,0,0,0,,,,,,,,,,,,,,,,,,0,0,espn-401872952.json
3,401872952,2026-09-27T17:00Z,KC,MIA,away,3044859,00-0032762,Chris Jones,95,,,,,,,,,,,,,,,,,,,,,2,1,0,0,1,0,0,,,,,,,,,,,,,,,,,,0,0,espn-401872952.json
3,401872952,2026-09-27T17:00Z,KC,MIA,away,4256074,00-0036909,Khyiris Tonga,92,,,,,,,,,,,,,,,,,,,,,2,1,0,0,0,0,0,,,,,,,,,,,,,,,,,,0,0,espn-401872952.json
3,401872952,2026-09-27T17:00Z,KC,MIA,away,4426659,00-0037192,George Karlaftis,56,,,,,,,,,,,,,,,,,,,,,2,1,0,1,1,1,0,1,0,0,,,,,,,,,,,,,,,0,0,espn-401872952.json
3,401872952,2026-09-27T17:00Z,KC,MIA,away,4602389,00-0040072,Jeffrey Bassa,31,,,,,,,,,,,,,,,,,,,,,2,0,0,0,0,0,0,,,,,,,,,,,,,,,,,,0,0,espn-401872952.json
3,401872952,2026-09-27T17:00Z,KC,MIA,away,5081927,00-0041501,R Mason Thomas,51,,,,,,,,,,,,,,,,,,,,,2,0,0,0,0,0,0,,,,,,,,,,,,,,,,,,0,0,espn-401872952.json
3,401872952,2026-09-27T17:00Z,KC,MIA,away,4428383,,Chris Roland-Wallace,30,,,,,,,,,,,,,,,,,,,,,1,1,0,0,0,0,0,,,,,,,,,,,,,,,,,,0,0,espn-401872952.json
3,401872952,2026-09-27T17:00Z,KC,MIA,away,4431561,00-0041358,Bryson Eason,94,,,,,,,,,,,,,,,,,,,,,1,0,0,0,0,0,0,,,,,,,,,,,,,,,,,,0,0,espn-401872952.json
3,401872952,2026-09-27T17:00Z,KC,MIA,away,4612387,00-0039006,Felix Anudike-Uzomah,91,,,,,,,,,,,,,,,,,,,,,1,0,0,0,0,0,0,,,,,,,,,,,,,,,,,,0,0,espn-401872952.json
3,401872952,2026-09-27T17:00Z,KC,MIA,away,4685491,00-0040957,Xavier Nwankpa,29,,,,,,,,,,,,,,,,,,,,,1,0,0,0,0,0,0,,,,,,,,,,,,,,,,,,0,0,espn-401872952.json
3,401872952,2026-09-27T17:00Z,KC,MIA,away,4372716,00-0038519,Nikko Remigio,81,,,,,,,,,,,,,,,,,,,,,,,,,,,,,,,1,34,0,,,,,,,,,,,,0,0,espn-401872952.json
3,401872952,2026-09-27T17:00Z,KC,MIA,away,3055899,00-0033303,Harrison Butker,7,,,,,,,,,,,,,,,,,,,,,,,,,,,,,,,,,,,,,1,2,34,3,3,6,,,0,0,espn-401872952.json
3,401872952,2026-09-27T17:00Z,KC,MIA,away,4361496,00-0037284,Matt Araiza,14,,,,,,,,,,,,,,,,,,,,,,,,,,,,,,,,,,,,,,,,,,,1,62,0,0,espn-401872952.json
3,401872952,2026-09-27T17:00Z,MIA,KC,home,4242512,00-0038128,Malik Willis,2,20,36,210,0,1,0,0,40.7,61.1,9,56,0,11,,,,,,1,1,,,,,,,,,,,,,,,,,,,,,,,,,0,0,espn-401872952.json
3,401872952,2026-09-27T17:00Z,MIA,KC,home,4711533,00-0040198,Ollie Gordon II,0,,,,,,,,,,17,41,1,11,3,3,14,0,19,,,,,,,,,,,,,1,20,0,,,,,,,,,,,,1,0,espn-401872952.json
3,401872952,2026-09-27T17:00Z,MIA,KC,home,4429160,00-0039040,De'Von Achane,28,,,,,,,,,,3,17,0,11,0,1,0,0,0,,,,,,,,,,,,,,,,,,,,,,,,,,,0,0,espn-401872952.json
3,401872952,2026-09-27T17:00Z,MIA,KC,home,4569603,00-0039880,Malik Washington,6,,,,,,,,,,2,5,0,4,5,10,56,0,30,,,,,,,,,,,,,2,55,0,,,,,,,,,,,,0,0,espn-401872952.json
3,401872952,2026-09-27T17:00Z,MIA,KC,home,4869961,00-0041525,Chris Bell,18,,,,,,,,,,,,,,4,7,67,0,44,,,,,,,,,,,,,,,,,,,,,,,,,,,0,0,espn-401872952.json
3,401872952,2026-09-27T17:00Z,MIA,KC,home,4367209,00-0037252,Greg Dulcich,85,,,,,,,,,,,,,,5,7,55,0,42,,,,,,,,,,,,,,,,,,,,,,,,,,,0,0,espn-401872952.json
3,401872952,2026-09-27T17:00Z,MIA,KC,home,4369466,00-0038824,Ryan Miller,84,,,,,,,,,,,,,,2,3,15,0,10,,,1,0,0,0,0,0,0,,,,,,,,,,,,,,,,,,0,0,espn-401872952.json
3,401872952,2026-09-27T17:00Z,MIA,KC,home,4685307,00-0041529,Kevin Coleman Jr.,21,,,,,,,,,,,,,,1,4,3,0,3,,,,,,,,,,,,,2,59,0,,,,,,,,,,,,0,0,espn-401872952.json
3,401872952,2026-09-27T17:00Z,MIA,KC,home,4043130,00-0036409,Jordyn Brooks,20,,,,,,,,,,,,,,,,,,,,,10,3,0,0,0,0,0,,,,,,,,,,,,,,,,,,0,0,espn-401872952.json
3,401872952,2026-09-27T17:00Z,MIA,KC,home,4431664,00-0040182,Dante Trader Jr.,11,,,,,,,,,,,,,,,,,,,,,9,4,0,0,1,0,0,,,,,,,,,,,,,,,,,,0,0,espn-401872952.json
3,401872952,2026-09-27T17:00Z,MIA,KC,home,4869579,00-0041533,Chris Johnson,3,,,,,,,,,,,,,,,,,,,,,8,5,0,1,0,0,0,,,,,,,,,,,,,,,,,,0,0,espn-401872952.json
3,401872952,2026-09-27T17:00Z,MIA,KC,home,4880346,00-0041528,Michael Taaffe,16,,,,,,,,,,,,,,,,,,,,,7,2,0,0,0,0,0,,,,,,,,,,,,,,,,,,0,0,espn-401872952.json
3,401872952,2026-09-27T17:00Z,MIA,KC,home,4566094,00-0041522,Jacob Rodriguez,10,,,,,,,,,,,,,,,,,,,,,6,4,0,3,1,0,0,1,18,0,,,,,,,,,,,,,,,0,0,espn-401872952.json
3,401872952,2026-09-27T17:00Z,MIA,KC,home,3057956,00-0034285,Zach Sieler,92,,,,,,,,,,,,,,,,,,,,,3,2,0,1,0,1,0,,,,,,,,,,,,,,,,,,0,0,espn-401872952.json
3,401872952,2026-09-27T17:00Z,MIA,KC,home,4360488,,JuJu Brents,8,,,,,,,,,,,,,,,,,,,,,3,2,0,0,0,0,0,,,,,,,,,,,,,,,,,,0,0,espn-401872952.json
3,401872952,2026-09-27T17:00Z,MIA,KC,home,4259804,00-0036362,Willie Gay Jr.,40,,,,,,,,,,,,,,,,,,,,,3,1,0,0,0,0,0,,,,,,,,,,,,,,,,,,0,0,espn-401872952.json
3,401872952,2026-09-27T17:00Z,MIA,KC,home,4432730,00-0040178,Jason Marshall Jr.,4,,,,,,,,,,,,,,,,,,,,,2,2,0,0,0,0,0,,,,,,,,,,,,,,,,,,0,0,espn-401872952.json
3,401872952,2026-09-27T17:00Z,MIA,KC,home,4837188,00-0040175,Jordan Phillips,94,,,,,,,,,,,,,,,,,,,,,2,2,0,1,0,0,0,,,,,,,,,,,,,,,,,,0,0,espn-401872952.json
3,401872952,2026-09-27T17:00Z,MIA,KC,home,4046528,,Josh Uche,9,,,,,,,,,,,,,,,,,,,,,2,1,0,0,0,2,0,,,,,,,,,,,,,,,,,,0,0,espn-401872952.json
3,401872952,2026-09-27T17:00Z,MIA,KC,home,4431586,00-0039911,Chop Robinson,44,,,,,,,,,,,,,,,,,,,,,2,0,0,0,0,1,0,,,,,,,,,,,,,,,,,,0,0,espn-401872952.json
3,401872952,2026-09-27T17:00Z,MIA,KC,home,4040537,00-0036171,Aaron Brewer,55,,,,,,,,,,,,,,,,,,,,,1,1,0,0,0,0,0,,,,,,,,,,,,,,,,,,0,0,espn-401872952.json
3,401872952,2026-09-27T17:00Z,MIA,KC,home,4243371,00-0036816,Riley Patterson,47,,,,,,,,,,,,,,,,,,,,,1,0,0,0,0,0,0,,,,,,,,,,1,1,37,1,1,4,,,0,0,espn-401872952.json
3,401872952,2026-09-27T17:00Z,MIA,KC,home,4259547,00-0036682,Malik Herring,90,,,,,,,,,,,,,,,,,,,,,1,0,0,0,0,0,0,,,,,,,,,,,,,,,,,,0,0,espn-401872952.json
3,401872952,2026-09-27T17:00Z,MIA,KC,home,4683276,00-0040248,Zeek Biggers,93,,,,,,,,,,,,,,,,,,,,,1,0,0,0,0,1,0,,,,,,,,,,,,,,,,,,0,0,espn-401872952.json
3,401872952,2026-09-27T17:00Z,MIA,KC,home,4712462,00-0040655,Keith Cooper Jr.,97,,,,,,,,,,,,,,,,,,,,,1,0,0,0,0,0,0,,,,,,,,,,,,,,,,,,0,0,espn-401872952.json
3,401872952,2026-09-27T17:00Z,MIA,KC,home,2977680,00-0032065,Bradley Pinion,48,,,,,,,,,,,,,,,,,,,,,,,,,,,,,,,,,,,,,,,,,,,2,70,0,0,espn-401872952.json
3,401872953,2026-09-27T17:00Z,LAC,BUF,away,4038941,00-0036355,Justin Herbert,10,20,34,226,1,1,2,9,29.2,76.3,4,17,0,7,,,,,,,,,,,,,,,,,,,,,,,,,,,,,,,,0,0,espn-401872953.json
3,401872953,2026-09-27T17:00Z,LAC,BUF,away,4685382,00-0040666,Omarion Hampton,8,,,,,,,,,,15,56,0,10,0,1,0,0,0,,,,,,,,,,,,,,,,,,,,,,,,,,,0,0,espn-401872953.json
3,401872953,2026-09-27T17:00Z,LAC,BUF,away,4596334,00-0038454,Keaton Mitchell,34,,,,,,,,,,8,52,0,17,3,3,-5,1,1,,,,,,,,,,,,,2,52,0,,,,,,,,,,,,1,1,espn-401872953.json
3,401872953,2026-09-27T17:00Z,LAC,BUF,away,4430968,00-0039391,Kimani Vidal,28,,,,,,,,,,1,6,0,6,1,3,14,0,14,,,,,,,,,,,,,1,30,0,,,,,,,,,,,,0,0,espn-401872953.json
3,401872953,2026-09-27T17:00Z,LAC,BUF,away,4686612,00-0040727,Tre' Harris,9,,,,,,,,,,,,,,6,7,76,0,29,,,,,,,,,,,,,,,,,,,,,,,,,,,0,0,espn-401872953.json
3,401872953,2026-09-27T17:00Z,LAC,BUF,away,4612826,00-0039915,Ladd McConkey,15,,,,,,,,,,,,,,4,5,66,0,29,,,,,,,,,,,,,,,,,,,,,,,,,,,0,0,espn-401872953.json
3,401872953,2026-09-27T17:00Z,LAC,BUF,away,4429025,00-0038544,Quentin Johnston,1,,,,,,,,,,,,,,3,6,40,0,21,,,,,,,,,,,,,,,,,,,,,,,,,,,0,0,espn-401872953.json
3,401872953,2026-09-27T17:00Z,LAC,BUF,away,3917668,00-0035125,Alec Ingold,30,,,,,,,,,,,,,,3,4,35,0,25,,,,,,,,,,,,,,,,,,,,,,,,,,,0,0,espn-401872953.json
3,401872953,2026-09-27T17:00Z,LAC,BUF,away,3051738,00-0034272,Marquez Valdes-Scantling,13,,,,,,,,,,,,,,0,1,0,0,0,,,,,,,,,,,,,,,,,,,,,,,,,,,0,0,espn-401872953.json
3,401872953,2026-09-27T17:00Z,LAC,BUF,away,4595342,00-0040189,Oronde Gadsden,86,,,,,,,,,,,,,,0,3,0,0,0,,,,,,,,,,,,,,,,,,,,,,,,,,,0,0,espn-401872953.json
3,401872953,2026-09-27T17:00Z,LAC,BUF,away,16195,00-0030294,Tony Jefferson,23,,,,,,,,,,,,,,,,,,,0,0,2,2,0,0,1,0,0,,,,,,,,,,,,,,,,,,0,0,espn-401872953.json
3,401872953,2026-09-27T17:00Z,LAC,BUF,away,4241597,00-0038553,Daiyan Henley,0,,,,,,,,,,,,,,,,,,,0,0,9,5,0,0,0,0,0,,,,,,,,,,,,,,,,,,0,0,espn-401872953.json
3,401872953,2026-09-27T17:00Z,LAC,BUF,away,4431442,00-0039111,Tuli Tuipulotu,45,,,,,,,,,,,,,,,,,,,,,6,5,1.5,1,0,2,0,,,,,,,,,,,,,,,,,,0,0,espn-401872953.json
3,401872953,2026-09-27T17:00Z,LAC,BUF,away,4038946,00-0036338,Troy Dye,43,,,,,,,,,,,,,,,,,,,,,6,4,0,0,1,0,0,,,,,,,,,,,,,,,,,,0,0,espn-401872953.json
3,401872953,2026-09-27T17:00Z,LAC,BUF,away,4240528,00-0035202,Del'Shawn Phillips,53,,,,,,,,,,,,,,,,,,,,,5,3,0,0,0,0,0,,,,,,,,,,,,,,,,,,0,0,espn-401872953.json
3,401872953,2026-09-27T17:00Z,LAC,BUF,away,4950551,00-0041064,Genesis Smith,22,,,,,,,,,,,,,,,,,,,,,5,2,0,0,2,0,0,2,1,0,,,,,,,,,,,,,,,0,0,espn-401872953.json
3,401872953,2026-09-27T17:00Z,LAC,BUF,away,3691739,00-0034790,Derwin James Jr.,3,,,,,,,,,,,,,,,,,,,,,4,3,0,0,0,0,0,,,,,,,,,,,,,,,,,,0,0,espn-401872953.json
3,401872953,2026-09-27T17:00Z,LAC,BUF,away,4427404,00-0039369,Cam Hart,20,,,,,,,,,,,,,,,,,,,,,4,2,0,0,0,0,0,,,,,,,,,,,,,,,,,,0,0,espn-401872953.json
3,401872953,2026-09-27T17:00Z,LAC,BUF,away,4429018,00-0040221,RJ Mickens,27,,,,,,,,,,,,,,,,,,,,,3,3,0,0,0,0,0,,,,,,,,,,,,,,,,,,0,0,espn-401872953.json
3,401872953,2026-09-27T17:00Z,LAC,BUF,away,4567138,00-0039835,Justin Eboigbe,92,,,,,,,,,,,,,,,,,,,,,3,3,0,0,0,1,0,,,,,,,,,,,,,,,,,,0,0,espn-401872953.json
3,401872953,2026-09-27T17:00Z,LAC,BUF,away,4429190,00-0041544,Akheem Mesidor,90,,,,,,,,,,,,,,,,,,,,,3,2,1,1,0,1,0,,,,,,,,,,,,,,,,,,0,0,espn-401872953.json
3,401872953,2026-09-27T17:00Z,LAC,BUF,away,4432571,00-0039366,Tarheeb Still,4,,,,,,,,,,,,,,,,,,,,,3,2,0,0,0,0,0,,,,,,,,,,,,,,,,,,0,0,espn-401872953.json
3,401872953,2026-09-27T17:00Z,LAC,BUF,away,16710,00-0031040,Khalil Mack,52,,,,,,,,,,,,,,,,,,,,,3,1,1,1,0,2,0,,,,,,,,,,,,,,,,,,0,0,espn-401872953.json
3,401872953,2026-09-27T17:00Z,LAC,BUF,away,4682818,00-0041072,Nick Barrett,91,,,,,,,,,,,,,,,,,,,,,3,1,0.5,0,0,1,0,,,,,,,,,,,,,,,,,,0,0,espn-401872953.json
3,401872953,2026-09-27T17:00Z,LAC,BUF,away,4838693,00-0041381,Rodney Shelley,24,,,,,,,,,,,,,,,,,,,,,2,2,0,0,0,0,0,,,,,,,,,,,,,,,,,,0,0,espn-401872953.json
3,401872953,2026-09-27T17:00Z,LAC,BUF,away,4360745,00-0038414,Kendall Williamson,32,,,,,,,,,,,,,,,,,,,,,1,1,0,0,0,0,0,,,,,,,,,,,,,,,,,,0,0,espn-401872953.json
3,401872953,2026-09-27T17:00Z,LAC,BUF,away,4683487,00-0039897,Joe Alt,76,,,,,,,,,,,,,,,,,,,,,1,1,0,0,0,0,0,,,,,,,,,,,,,,,,,,0,0,espn-401872953.json
3,401872953,2026-09-27T17:00Z,LAC,BUF,away,2576702,00-0032146,Bud Dupree,48,,,,,,,,,,,,,,,,,,,,,1,0,0,0,0,0,0,,,,,,,,,,,,,,,,,,0,0,espn-401872953.json
3,401872953,2026-09-27T17:00Z,LAC,BUF,away,3843769,00-0034356,Donte Jackson,26,,,,,,,,,,,,,,,,,,,,,0,0,0,0,1,0,0,,,,,,,,,,,,,,,,,,0,0,espn-401872953.json
3,401872953,2026-09-27T17:00Z,LAC,BUF,away,4362477,00-0038573,Derius Davis,12,,,,,,,,,,,,,,,,,,,,,,,,,,,,,,,1,24,0,1,14,0,,,,,,,,,0,0,espn-401872953.json
3,401872953,2026-09-27T17:00Z,LAC,BUF,away,4362081,00-0037224,Cameron Dicker,11,,,,,,,,,,,,,,,,,,,,,,,,,,,,,,,,,,,,,3,4,33,1,1,10,,,0,0,espn-401872953.json
3,401872953,2026-09-27T17:00Z,LAC,BUF,away,3126368,00-0034162,JK Scott,16,,,,,,,,,,,,,,,,,,,,,,,,,,,,,,,,,,,,,,,,,,,3,145,0,0,espn-401872953.json
3,401872953,2026-09-27T17:00Z,BUF,LAC,home,3918298,00-0034857,Josh Allen,17,16,26,204,0,2,4,30,51.4,54.0,8,22,2,8,1,1,1,0,1,1,1,,,,,,,,,,,,,,,,,,,,,,,,,2,0,espn-401872953.json
3,401872953,2026-09-27T17:00Z,BUF,LAC,home,4379399,00-0037248,James Cook III,4,,,,,,,,,,24,154,1,23,0,1,0,0,0,1,1,,,,,,,,,,,,,,,,,,,,,,,,,1,0,espn-401872953.json
3,401872953,2026-09-27T17:00Z,BUF,LAC,home,3930086,00-0035689,Dawson Knox,88,,,,,,,,,,1,0,0,0,1,1,5,0,5,,,1,1,0,0,0,0,0,,,,,,,,,,,,,,,,,,0,0,espn-401872953.json
3,401872953,2026-09-27T17:00Z,BUF,LAC,home,3915416,00-0034827,DJ Moore,2,,,,,,,,,,,,,,6,10,67,0,16,,,1,1,0,0,0,0,0,,,,,,,,,,,,,,,,,,0,0,espn-401872953.json
3,401872953,2026-09-27T17:00Z,BUF,LAC,home,3915411,00-0035537,Ty Johnson,26,,,,,,,,,,,,,,4,4,50,0,29,,,,,,,,,,,,,,,,,,,,,,,,,,,0,0,espn-401872953.json
3,401872953,2026-09-27T17:00Z,BUF,LAC,home,4385690,00-0038933,Dalton Kincaid,86,,,,,,,,,,,,,,2,3,38,0,24,1,1,,,,,,,,,,,,,,,,,,,,,,,,,0,0,espn-401872953.json
3,401872953,2026-09-27T17:00Z,BUF,LAC,home,4635008,00-0039901,Keon Coleman,0,,,,,,,,,,,,,,1,2,37,0,37,,,,,,,,,,,,,,,,,,,,,,,,,,,0,0,espn-401872953.json
3,401872953,2026-09-27T17:00Z,BUF,LAC,home,4373678,00-0037261,Khalil Shakir,10,,,,,,,,,,,,,,1,3,6,0,6,,,,,,,,,,,,,,,,,,,,,,,,,,,0,0,espn-401872953.json
3,401872953,2026-09-27T17:00Z,BUF,LAC,home,4573699,00-0040194,Jackson Hawes,85,,,,,,,,,,,,,,0,1,0,0,0,,,,,,,,,,,,,,,,,,,,,,,,,,,0,0,espn-401872953.json
3,401872953,2026-09-27T17:00Z,BUF,LAC,home,4568624,00-0038557,Dorian Williams,42,,,,,,,,,,,,,,,,,,,,,9,4,0,0,0,0,0,,,,,,,,,,,,,,,,,,0,0,espn-401872953.json
3,401872953,2026-09-27T17:00Z,BUF,LAC,home,4362506,00-0036914,Greg Rousseau,15,,,,,,,,,,,,,,,,,,,,,8,5,2,4,0,3,0,,,,,,,,,,,,,,,,,,0,0,espn-401872953.json
3,401872953,2026-09-27T17:00Z,BUF,LAC,home,4832035,00-0041391,Davison Igbinosun,21,,,,,,,,,,,,,,,,,,,,,6,3,0,0,1,0,0,,,,,,,,,,,,,,,,,,0,0,espn-401872953.json
3,401872953,2026-09-27T17:00Z,BUF,LAC,home,4676004,00-0039872,Cole Bishop,24,,,,,,,,,,,,,,,,,,,,,5,4,0,0,0,0,0,,,,,,,,,,,,,,,,,,0,0,espn-401872953.json
3,401872953,2026-09-27T17:00Z,BUF,LAC,home,4034953,00-0035253,C.J. Gardner-Johnson,22,,,,,,,,,,,,,,,,,,,,,5,3,0,0,2,0,0,1,41,0,,,,,,,,,,,,,,,0,0,espn-401872953.json
3,401872953,2026-09-27T17:00Z,BUF,LAC,home,4259166,00-0037254,Terrel Bernard,8,,,,,,,,,,,,,,,,,,,,,5,3,0,0,0,0,0,,,,,,,,,,,,,,,,,,0,0,espn-401872953.json
3,401872953,2026-09-27T17:00Z,BUF,LAC,home,4401823,00-0037034,Dee Alford,23,,,,,,,,,,,,,,,,,,,,,5,0,0,0,1,0,0,,,,,,,,,,,,,,,,,,0,0,espn-401872953.json
3,401872953,2026-09-27T17:00Z,BUF,LAC,home,4432715,00-0040132,Landon Jackson,94,,,,,,,,,,,,,,,,,,,,,4,1,0,0,1,0,0,,,,,,,,,,,,,,,,,,0,0,espn-401872953.json
3,401872953,2026-09-27T17:00Z,BUF,LAC,home,4379778,00-0037288,Christian Benford,47,,,,,,,,,,,,,,,,,,,,,3,2,0,0,1,0,0,,,,,,,,,,,,,,,,,,0,0,espn-401872953.json
3,401872953,2026-09-27T17:00Z,BUF,LAC,home,4426883,00-0039873,DeWayne Carter,90,,,,,,,,,,,,,,,,,,,,,3,1,0,0,0,0,0,,,,,,,,,,,,,,,,,,0,0,espn-401872953.json
3,401872953,2026-09-27T17:00Z,BUF,LAC,home,4831989,00-0040710,Deone Walker,96,,,,,,,,,,,,,,,,,,,,,3,1,0,0,1,0,0,,,,,,,,,,,,,,,,,,0,0,espn-401872953.json
3,401872953,2026-09-27T17:00Z,BUF,LAC,home,3116733,00-0034832,Bradley Chubb,9,,,,,,,,,,,,,,,,,,,,,3,0,0,0,0,2,0,,,,,,,,,,,,,,,,,,0,0,espn-401872953.json
3,401872953,2026-09-27T17:00Z,BUF,LAC,home,4036060,00-0036888,Damar Hamlin,3,,,,,,,,,,,,,,,,,,,,,2,1,0,0,0,0,0,,,,,,,,,,,,,,,,,,0,0,espn-401872953.json
3,401872953,2026-09-27T17:00Z,BUF,LAC,home,4044133,00-0036037,Sam Franklin Jr.,28,,,,,,,,,,,,,,,,,,,,,2,1,0,0,0,0,0,,,,,,,,,,,,,,,,,,0,0,espn-401872953.json
3,401872953,2026-09-27T17:00Z,BUF,LAC,home,4594321,00-0041444,Kaleb Elarms-Orr,52,,,,,,,,,,,,,,,,,,,,,2,1,0,0,0,0,0,,,,,,,,,,,,,,,,,,0,0,espn-401872953.json
3,401872953,2026-09-27T17:00Z,BUF,LAC,home,4688931,00-0040709,Maxwell Hairston,1,,,,,,,,,,,,,,,,,,,,,2,1,0,0,1,0,0,,,,,,,,,,,,,,,,,,0,0,espn-401872953.json
3,401872953,2026-09-27T17:00Z,BUF,LAC,home,3127294,00-0035667,Greg Gaines,97,,,,,,,,,,,,,,,,,,,,,2,0,0,0,0,0,0,,,,,,,,,,,,,,,,,,0,0,espn-401872953.json
3,401872953,2026-09-27T17:00Z,BUF,LAC,home,4366349,00-0039763,Joe Andreessen,44,,,,,,,,,,,,,,,,,,,,,2,0,0,0,0,0,0,,,,,,,,,,,,,,,,,,0,0,espn-401872953.json
3,401872953,2026-09-27T17:00Z,BUF,LAC,home,4039303,00-0035230,Ed Oliver,91,,,,,,,,,,,,,,,,,,,,,1,1,0,0,0,3,0,,,,,,,,,,,,,,,,,,0,0,espn-401872953.json
3,401872953,2026-09-27T17:00Z,BUF,LAC,home,4427348,00-0039469,Te'Cory Couch,33,,,,,,,,,,,,,,,,,,,,,1,1,0,0,0,0,0,,,,,,,,,,,,,,,,,,0,0,espn-401872953.json
3,401872953,2026-09-27T17:00Z,BUF,LAC,home,4037235,00-0035500,Greg Dortch,19,,,,,,,,,,,,,,,,,,,,,,,,,,,,,,,3,92,0,1,8,0,,,,,,,,,0,0,espn-401872953.json
3,401872953,2026-09-27T17:00Z,BUF,LAC,home,3917232,00-0036162,Tyler Bass,16,,,,,,,,,,,,,,,,,,,,,,,,,,,,,,,,,,,,,1,1,28,3,3,6,,,0,0,espn-401872953.json
3,401872953,2026-09-27T17:00Z,BUF,LAC,home,4682758,00-0041126,Tommy Doman Jr.,39,,,,,,,,,,,,,,,,,,,,,,,,,,,,,,,,,,,,,,,,,,,1,51,0,0,espn-401872953.json
3,401872954,2026-09-27T17:00Z,NYJ,DET,away,15864,00-0030565,Geno Smith,7,31,37,321,3,0,5,44,79.2,129.8,2,12,0,11,,,,,,1,1,,,,,,,,,,,,,,,,,,,,,,,,,0,0,espn-401872954.json
3,401872954,2026-09-27T17:00Z,NYJ,DET,away,4427366,00-0038120,Breece Hall,20,,,,,,,,,,13,32,0,12,3,3,23,0,12,,,,,,,,,,,,,,,,,,,,,,,,,,,0,0,espn-401872954.json
3,401872954,2026-09-27T17:00Z,NYJ,DET,away,4685247,00-0039794,Braelon Allen,0,,,,,,,,,,4,14,0,7,3,3,3,0,7,,,1,1,0,0,0,0,0,,,,,,,,,,,,,,,,,,0,0,espn-401872954.json
3,401872954,2026-09-27T17:00Z,NYJ,DET,away,4569618,00-0037740,Garrett Wilson,5,,,,,,,,,,,,,,10,13,107,1,32,,,,,,,,,,,,,,,,,,,,,,,,,,,1,0,espn-401872954.json
3,401872954,2026-09-27T17:00Z,NYJ,DET,away,5083315,00-0041032,Kenyon Sadiq,16,,,,,,,,,,,,,,7,8,105,1,43,,,,,,,,,,,,,,,,,,,,,,,,,,,1,1,espn-401872954.json
3,401872954,2026-09-27T17:00Z,NYJ,DET,away,4361372,00-0037805,Jeremy Ruckert,89,,,,,,,,,,,,,,5,5,39,1,16,,,,,,,,,,,,,,,,,,,,,,,,,,,1,0,espn-401872954.json
3,401872954,2026-09-27T17:00Z,NYJ,DET,away,4569371,00-0039451,Isaiah Williams,18,,,,,,,,,,,,,,1,2,21,0,21,,,,,,,,,,,,,4,95,0,,,,,,,,,,,,0,0,espn-401872954.json
3,401872954,2026-09-27T17:00Z,NYJ,DET,away,4241410,00-0037755,Jelani Woods,86,,,,,,,,,,,,,,1,1,20,0,20,,,,,,,,,,,,,,,,,,,,,,,,,,,0,0,espn-401872954.json
3,401872954,2026-09-27T17:00Z,NYJ,DET,away,2976592,00-0032385,Sterling Shepard,87,,,,,,,,,,,,,,1,1,3,0,3,,,,,,,,,,,,,,,,,,,,,,,,,,,0,0,espn-401872954.json
3,401872954,2026-09-27T17:00Z,NYJ,DET,away,14958,00-0029607,Demario Davis,56,,,,,,,,,,,,,,,,,,,,,10,7,1,1,0,1,0,,,,,,,,,,,,,,,,,,0,0,espn-401872954.json
3,401872954,2026-09-27T17:00Z,NYJ,DET,away,4361331,00-0036500,Jamien Sherwood,44,,,,,,,,,,,,,,,,,,,,,8,4,0,1,0,0,0,,,,,,,,,,,,,,,,,,0,0,espn-401872954.json
3,401872954,2026-09-27T17:00Z,NYJ,DET,away,4426686,00-0038123,Dane Belton,6,,,,,,,,,,,,,,,,,,,,,7,4,0,0,1,0,0,,,,,,,,,,,,,,,,,,0,0,espn-401872954.json
3,401872954,2026-09-27T17:00Z,NYJ,DET,away,4361939,00-0036941,Andre Cisco,8,,,,,,,,,,,,,,,,,,,,,6,5,1,1,0,1,0,,,,,,,,,,,,,,,,,,0,0,espn-401872954.json
3,401872954,2026-09-27T17:00Z,NYJ,DET,away,4685596,00-0040133,Azareye'h Thomas,1,,,,,,,,,,,,,,,,,,,,,6,3,0,0,0,0,0,,,,,,,,,,,,,,,,,,0,0,espn-401872954.json
3,401872954,2026-09-27T17:00Z,NYJ,DET,away,4685248,00-0041026,David Bailey,31,,,,,,,,,,,,,,,,,,,,,5,4,0,1,0,1,0,,,,,,,,,,,,,,,,,,0,0,espn-401872954.json
3,401872954,2026-09-27T17:00Z,NYJ,DET,away,4426676,00-0039431,Jowon Briggs,91,,,,,,,,,,,,,,,,,,,,,5,0,0,0,0,1,0,,,,,,,,,,,,,,,,,,0,0,espn-401872954.json
3,401872954,2026-09-27T17:00Z,NYJ,DET,away,3117255,00-0034782,Harrison Phillips,97,,,,,,,,,,,,,,,,,,,,,4,1,0,0,0,1,0,,,,,,,,,,,,,,,,,,0,0,espn-401872954.json
3,401872954,2026-09-27T17:00Z,NYJ,DET,away,4035824,00-0036987,Brandon Stephens,21,,,,,,,,,,,,,,,,,,,,,3,3,0,1,0,0,0,,,,,,,,,,,,,,,,,,0,0,espn-401872954.json
3,401872954,2026-09-27T17:00Z,NYJ,DET,away,4362840,00-0037083,Kingsley Enagbare,52,,,,,,,,,,,,,,,,,,,,,3,2,0,0,0,0,0,,,,,,,,,,,,,,,,,,0,0,espn-401872954.json
3,401872954,2026-09-27T17:00Z,NYJ,DET,away,4362094,00-0036902,Joseph Ossai,46,,,,,,,,,,,,,,,,,,,,,2,0,0,0,0,0,0,,,,,,,,,,,,,,,,,,0,0,espn-401872954.json
3,401872954,2026-09-27T17:00Z,NYJ,DET,away,4428617,00-0039886,T'Vondre Sweat,99,,,,,,,,,,,,,,,,,,,,,2,0,0,0,0,0,0,,,,,,,,,,,,,,,,,,0,0,espn-401872954.json
3,401872954,2026-09-27T17:00Z,NYJ,DET,away,4361767,00-0039142,Will McDonald IV,9,,,,,,,,,,,,,,,,,,,,,1,1,0,0,0,0,0,,,,,,,,,,,,,,,,,,0,0,espn-401872954.json
3,401872954,2026-09-27T17:00Z,NYJ,DET,away,4426817,00-0039372,Jarvis Brownlee Jr.,2,,,,,,,,,,,,,,,,,,,,,1,1,0,0,0,0,0,,,,,,,,,,,,,,,,,,0,0,espn-401872954.json
3,401872954,2026-09-27T17:00Z,NYJ,DET,away,4692024,00-0040165,Malachi Moore,27,,,,,,,,,,,,,,,,,,,,,1,1,0,0,0,0,0,,,,,,,,,,,,,,,,,,0,0,espn-401872954.json
3,401872954,2026-09-27T17:00Z,NYJ,DET,away,5208977,00-0039789,Qwan'tez Stiggers,37,,,,,,,,,,,,,,,,,,,,,1,1,0,0,0,0,0,,,,,,,,,,,,,,,,,,0,0,espn-401872954.json
3,401872954,2026-09-27T17:00Z,NYJ,DET,away,3116177,00-0035617,Troy Reeder,50,,,,,,,,,,,,,,,,,,,,,1,0,0,0,0,0,0,,,,,,,,,,,,,,,,,,0,0,espn-401872954.json
3,401872954,2026-09-27T17:00Z,NYJ,DET,away,4612836,00-0041549,Darrell Jackson Jr.,95,,,,,,,,,,,,,,,,,,,,,1,0,0,0,0,0,0,,,,,,,,,,,,,,,,,,0,0,espn-401872954.json
3,401872954,2026-09-27T17:00Z,NYJ,DET,away,4683815,00-0039347,Trevin Wallace,49,,,,,,,,,,,,,,,,,,,,,1,0,0,0,0,0,0,,,,,,,,,,,,,,,,,,0,0,espn-401872954.json
3,401872954,2026-09-27T17:00Z,NYJ,DET,away,4695404,00-0039798,Isaiah Davis,32,,,,,,,,,,,,,,,,,,,,,1,0,0,0,0,0,0,,,,,,,,,,,,,,,,,,0,0,espn-401872954.json
3,401872954,2026-09-27T17:00Z,NYJ,DET,away,4892576,00-0040405,Jamaal Pritchett,81,,,,,,,,,,,,,,,,,,,,,,,,,,,,,,,1,27,0,,,,,,,,,,,,0,0,espn-401872954.json
3,401872954,2026-09-27T17:00Z,NYJ,DET,away,3124679,00-0034794,Jason Sanders,19,,,,,,,,,,,,,,,,,,,,,,,,,,,,,,,,,,,,,1,1,42,1,1,4,,,0,0,espn-401872954.json
3,401872954,2026-09-27T17:00Z,NYJ,DET,away,4427982,00-0039634,Austin McNamara,14,,,,,,,,,,,,,,,,,,,,,,,,,,,,,,,,,,,,,,,,,,,3,130,0,0,espn-401872954.json
3,401872954,2026-09-27T17:00Z,DET,NYJ,home,3046779,00-0033106,Jared Goff,16,25,32,269,2,0,2,19,76.4,122.5,4,6,0,6,,,,,,,,,,,,,,,,,,,,,,,,,,,,,,,,0,0,espn-401872954.json
3,401872954,2026-09-27T17:00Z,DET,NYJ,home,4429795,00-0039139,Jahmyr Gibbs,0,,,,,,,,,,20,99,2,17,7,8,65,1,13,,,,,,,,,,,,,,,,,,,,,,,,,,,3,0,espn-401872954.json
3,401872954,2026-09-27T17:00Z,DET,NYJ,home,4912274,00-0039364,Sione Vaki,33,,,,,,,,,,6,26,0,7,1,1,11,0,11,,,,,,,,,,,,,,,,,,,,,,,,,,,0,0,espn-401872954.json
3,401872954,2026-09-27T17:00Z,DET,NYJ,home,5123663,00-0040669,Isaac TeSlaa,18,,,,,,,,,,,,,,3,3,66,0,49,,,,,,,,,,,,,,,,,,,,,,,,,,,0,0,espn-401872954.json
3,401872954,2026-09-27T17:00Z,DET,NYJ,home,4426388,00-0037240,Jameson Williams,1,,,,,,,,,,,,,,4,4,49,0,21,,,,,,,,,,,,,,,,,,,,,,,,,,,0,0,espn-401872954.json
3,401872954,2026-09-27T17:00Z,DET,NYJ,home,4430027,00-0039065,Sam LaPorta,87,,,,,,,,,,,,,,3,4,44,0,28,,,,,,,,,,,,,,,,,,,,,,,,,,,0,0,espn-401872954.json
3,401872954,2026-09-27T17:00Z,DET,NYJ,home,4374302,00-0036963,Amon-Ra St. Brown,14,,,,,,,,,,,,,,4,8,19,1,16,,,,,,,,,,,,,,,,,,,,,,,,,,,1,0,espn-401872954.json
3,401872954,2026-09-27T17:00Z,DET,NYJ,home,4602788,00-0040390,Jackson Meeks,13,,,,,,,,,,,,,,1,1,8,0,8,,,,,,,,,,,,,,,,,,,,,,,,,,,0,0,espn-401872954.json
3,401872954,2026-09-27T17:00Z,DET,NYJ,home,4242392,00-0036754,Brock Wright,89,,,,,,,,,,,,,,2,2,7,0,5,,,,,,,,,,,,,,,,,,,,,,,,,,,0,0,espn-401872954.json
3,401872954,2026-09-27T17:00Z,DET,NYJ,home,4569465,00-0039018,Jack Campbell,46,,,,,,,,,,,,,,,,,,,0,0,6,4,0,0,0,0,0,,,,,,,,,,,,,,,,,,0,0,espn-401872954.json
3,401872954,2026-09-27T17:00Z,DET,NYJ,home,4372459,00-0038820,Christian Izien,5,,,,,,,,,,,,,,,,,,,,,11,9,0,3,1,0,0,,,,,,,,,,,,,,,,,,0,0,espn-401872954.json
3,401872954,2026-09-27T17:00Z,DET,NYJ,home,3139387,00-0034384,D.J. Reed,4,,,,,,,,,,,,,,,,,,,,,8,5,0,0,1,0,0,,,,,,,,,,,,,,,,,,0,0,espn-401872954.json
3,401872954,2026-09-27T17:00Z,DET,NYJ,home,4260409,00-0036964,Derrick Barnes,55,,,,,,,,,,,,,,,,,,,,,8,5,0,1,0,0,0,,,,,,,,,,,,,,,,,,0,0,espn-401872954.json
3,401872954,2026-09-27T17:00Z,DET,NYJ,home,4371973,00-0038125,Roger McCreary,21,,,,,,,,,,,,,,,,,,,,,7,4,0,0,0,0,0,,,,,,,,,,,,,,,,,,0,0,espn-401872954.json
3,401872954,2026-09-27T17:00Z,DET,NYJ,home,3045463,00-0033294,Chuck Clark,36,,,,,,,,,,,,,,,,,,,,,7,3,1,1,0,1,0,,,,,,,,,,,,,,,,,,0,0,espn-401872954.json
3,401872954,2026-09-27T17:00Z,DET,NYJ,home,5144894,00-0038660,Trevor Nowaske,53,,,,,,,,,,,,,,,,,,,,,6,6,0,0,0,0,0,,,,,,,,,,,,,,,,,,0,0,espn-401872954.json
3,401872954,2026-09-27T17:00Z,DET,NYJ,home,4038849,00-0036335,DJ Wonnum,98,,,,,,,,,,,,,,,,,,,,,2,2,2,2,0,2,0,,,,,,,,,,,,,,,,,,0,0,espn-401872954.json
3,401872954,2026-09-27T17:00Z,DET,NYJ,home,4361662,00-0036624,Alim McNeill,54,,,,,,,,,,,,,,,,,,,,,2,2,1,1,0,2,0,,,,,,,,,,,,,,,,,,0,0,espn-401872954.json
3,401872954,2026-09-27T17:00Z,DET,NYJ,home,3910229,00-0035637,Rock Ya-Sin,23,,,,,,,,,,,,,,,,,,,,,2,2,0,0,0,0,0,,,,,,,,,,,,,,,,,,0,0,espn-401872954.json
3,401872954,2026-09-27T17:00Z,DET,NYJ,home,4892218,00-0041459,Eric O'Neill,66,,,,,,,,,,,,,,,,,,,,,2,1,0,0,0,0,0,,,,,,,,,,,,,,,,,,0,0,espn-401872954.json
3,401872954,2026-09-27T17:00Z,DET,NYJ,home,4241411,00-0037289,Malcolm Rodriguez,44,,,,,,,,,,,,,,,,,,,,,2,0,0,0,0,0,0,,,,,,,,,,,,,,,,,,0,0,espn-401872954.json
3,401872954,2026-09-27T17:00Z,DET,NYJ,home,4372099,00-0037236,Aidan Hutchinson,97,,,,,,,,,,,,,,,,,,,,,2,0,0.5,0,0,1,0,,,,,,,,,,,,,,,,,,0,0,espn-401872954.json
3,401872954,2026-09-27T17:00Z,DET,NYJ,home,4027919,00-0036124,Khalil Dorsey,30,,,,,,,,,,,,,,,,,,,,,1,1,0,0,0,0,0,,,,,,,,,,,,,,,,,,0,0,espn-401872954.json
3,401872954,2026-09-27T17:00Z,DET,NYJ,home,4566092,00-0039862,Ennis Rakestraw Jr.,2,,,,,,,,,,,,,,,,,,,,,1,0,0,0,1,0,0,,,,,,,,,,,,,,,,,,0,0,espn-401872954.json
3,401872954,2026-09-27T17:00Z,DET,NYJ,home,4896353,00-0041442,Jimmy Rolder,41,,,,,,,,,,,,,,,,,,,,,1,0,0,0,0,0,0,,,,,,,,,,,,,,,,,,0,0,espn-401872954.json
3,401872954,2026-09-27T17:00Z,DET,NYJ,home,5103940,00-0041447,Skyler Gill-Howard,50,,,,,,,,,,,,,,,,,,,,,1,0,0.5,0,0,1,0,,,,,,,,,,,,,,,,,,0,0,espn-401872954.json
3,401872954,2026-09-27T17:00Z,DET,NYJ,home,4383429,00-0038896,Jacob Saylors,25,,,,,,,,,,,,,,,,,,,,,,,,,,,,,,,2,81,0,,,,,,,,,,,,0,0,espn-401872954.json
3,401872954,2026-09-27T17:00Z,DET,NYJ,home,3126997,00-0035544,Tom Kennedy,85,,,,,,,,,,,,,,,,,,,,,,,,,,,,,,,1,23,0,1,11,0,,,,,,,,,0,0,espn-401872954.json
3,401872954,2026-09-27T17:00Z,DET,NYJ,home,4689936,00-0039172,Jake Bates,39,,,,,,,,,,,,,,,,,,,,,,,,,,,,,,,,,,,,,1,1,30,4,4,7,,,0,0,espn-401872954.json
3,401872954,2026-09-27T17:00Z,DET,NYJ,home,3916370,00-0035156,Jack Fox,3,,,,,,,,,,,,,,,,,,,,,,,,,,,,,,,,,,,,,,,,,,,2,85,0,0,espn-401872954.json
3,401872955,2026-09-27T17:00Z,SEA,WSH,away,3912547,00-0034869,Sam Darnold,14,31,45,379,4,2,0,0,50.4,105.7,1,5,0,5,,,,,,,,,,,,,,,,,,,,,,,,,,,,,,,,0,0,espn-401872955.json
3,401872955,2026-09-27T17:00Z,SEA,WSH,away,4430878,00-0038543,Jaxon Smith-Njigba,11,1,1,14,0,0,0,0,61.6,118.8,,,,,10,14,128,2,26,,,,,,,,,,,,,,,,,,,,,,,,,,,2,0,espn-401872955.json
3,401872955,2026-09-27T17:00Z,SEA,WSH,away,4685512,00-0041512,Jadarian Price,8,,,,,,,,,,5,15,0,11,1,3,7,0,7,1,1,,,,,,,,,,,,,,,,,,,,,,,,,0,0,espn-401872955.json
3,401872955,2026-09-27T17:00Z,SEA,WSH,away,4887558,00-0038797,Emanuel Wilson,23,,,,,,,,,,9,14,0,7,,,,,,,,,,,,,,,,,,,,,,,,,,,,,,,,0,0,espn-401872955.json
3,401872955,2026-09-27T17:00Z,SEA,WSH,away,4429835,00-0039299,George Holani,36,,,,,,,,,,3,10,0,5,5,5,48,0,14,,,1,1,0,0,0,0,0,,,,,,,,,,,,,,,,,,0,0,espn-401872955.json
3,401872955,2026-09-27T17:00Z,SEA,WSH,away,4576297,00-0039793,AJ Barner,88,,,,,,,,,,,,,,5,9,69,0,32,,,,,,,,,,,,,,,,,,,,,,,,,,,0,0,espn-401872955.json
3,401872955,2026-09-27T17:00Z,SEA,WSH,away,4597703,00-0040648,Tory Horton,15,,,,,,,,,,,,,,3,3,48,0,17,,,,,,,,,,,,,1,29,0,,,,,,,,,,,,0,0,espn-401872955.json
3,401872955,2026-09-27T17:00Z,SEA,WSH,away,2977187,00-0033908,Cooper Kupp,10,,,,,,,,,,,,,,4,5,46,1,19,,,,,,,,,,,,,,,,,,,,,,,,,,,1,0,espn-401872955.json
3,401872955,2026-09-27T17:00Z,SEA,WSH,away,4243176,00-0038488,Brady Russell,38,,,,,,,,,,,,,,1,1,20,0,20,,,3,3,0,0,0,0,0,,,,,,,,,,,,,,,,,,0,0,espn-401872955.json
3,401872955,2026-09-27T17:00Z,SEA,WSH,away,4032473,00-0037545,Rashid Shaheed,22,,,,,,,,,,,,,,2,3,14,0,9,,,,,,,,,,,,,2,63,0,3,29,0,,,,,,,,,0,0,espn-401872955.json
3,401872955,2026-09-27T17:00Z,SEA,WSH,away,2975863,00-0033576,Eric Saubert,81,,,,,,,,,,,,,,1,2,13,1,13,1,0,,,,,,,,,,,,,,,,,,,,,,,,,1,0,espn-401872955.json
3,401872955,2026-09-27T17:00Z,SEA,WSH,away,4428659,00-0038922,Drake Thomas,32,,,,,,,,,,,,,,,,,,,,,9,5,0,1,0,0,0,,,,,,,,,,,,,,,,,,0,0,espn-401872955.json
3,401872955,2026-09-27T17:00Z,SEA,WSH,away,4362851,00-0036994,Ernest Jones IV,13,,,,,,,,,,,,,,,,,,,,,8,3,0,0,1,0,0,,,,,,,,,,,,,,,,,,0,0,espn-401872955.json
3,401872955,2026-09-27T17:00Z,SEA,WSH,away,4570040,00-0039309,Byron Murphy II,91,,,,,,,,,,,,,,,,,,,,,7,2,0,0,0,1,0,,,,,,,,,,,,,,,,,,0,0,espn-401872955.json
3,401872955,2026-09-27T17:00Z,SEA,WSH,away,3115312,00-0032387,Jarran Reed,90,,,,,,,,,,,,,,,,,,,,,7,0,0,0,0,0,0,,,,,,,,,,,,,,,,,,0,0,espn-401872955.json
3,401872955,2026-09-27T17:00Z,SEA,WSH,away,4575431,00-0039169,Devon Witherspoon,21,,,,,,,,,,,,,,,,,,,,,6,5,0,0,0,0,0,,,,,,,,,,,,,,,,,,0,0,espn-401872955.json
3,401872955,2026-09-27T17:00Z,SEA,WSH,away,4372020,00-0037137,Josh Jobe,29,,,,,,,,,,,,,,,,,,,,,6,4,0,0,0,0,0,,,,,,,,,,,,,,,,,,0,0,espn-401872955.json
3,401872955,2026-09-27T17:00Z,SEA,WSH,away,16802,00-0031411,DeMarcus Lawrence,0,,,,,,,,,,,,,,,,,,,,,5,2,0,1,0,3,0,,,,,,,,,,,,,,,,,,0,0,espn-401872955.json
3,401872955,2026-09-27T17:00Z,SEA,WSH,away,4567226,00-0039047,Derick Hall,58,,,,,,,,,,,,,,,,,,,,,4,2,1,1,0,2,0,,,,,,,,,,,,,,,,,,0,0,espn-401872955.json
3,401872955,2026-09-27T17:00Z,SEA,WSH,away,2971622,00-0031933,Leonard Williams,99,,,,,,,,,,,,,,,,,,,,,3,2,1,2,0,3,0,,,,,,,,,,,,,,,,,,0,0,espn-401872955.json
3,401872955,2026-09-27T17:00Z,SEA,WSH,away,4427190,00-0038866,AJ Finley,30,,,,,,,,,,,,,,,,,,,,,3,2,0,0,0,0,0,,,,,,,,,,,,,,,,,,0,0,espn-401872955.json
3,401872955,2026-09-27T17:00Z,SEA,WSH,away,4869523,00-0040733,Nick Emmanwori,3,,,,,,,,,,,,,,,,,,,,,2,2,0,0,0,0,0,,,,,,,,,,,,,,,,,,0,0,espn-401872955.json
3,401872955,2026-09-27T17:00Z,SEA,WSH,away,4567222,00-0039795,Nehemiah Pritchett,28,,,,,,,,,,,,,,,,,,,,,2,1,0,0,0,0,0,,,,,,,,,,,,,,,,,,0,0,espn-401872955.json
3,401872955,2026-09-27T17:00Z,SEA,WSH,away,3120358,00-0034350,Uchenna Nwosu,7,,,,,,,,,,,,,,,,,,,,,2,0,0,0,1,0,0,,,,,,,,,,,,,,,,,,0,0,espn-401872955.json
3,401872955,2026-09-27T17:00Z,SEA,WSH,away,4248455,00-0037323,Rodney Thomas II,24,,,,,,,,,,,,,,,,,,,,,2,0,0,0,1,0,0,,,,,,,,,,,,,,,,,,0,0,espn-401872955.json
3,401872955,2026-09-27T17:00Z,SEA,WSH,away,4684543,00-0040873,Julian Neal,1,,,,,,,,,,,,,,,,,,,,,1,1,0,0,0,0,0,,,,,,,,,,,,,,,,,,0,0,espn-401872955.json
3,401872955,2026-09-27T17:00Z,SEA,WSH,away,2473037,00-0031492,Jason Myers,5,,,,,,,,,,,,,,,,,,,,,,,,,,,,,,,,,,,,,1,1,57,4,4,7,,,0,0,espn-401872955.json
3,401872955,2026-09-27T17:00Z,SEA,WSH,away,3929851,00-0034160,Michael Dickson,4,,,,,,,,,,,,,,,,,,,,,,,,,,,,,,,,,,,,,,,,,,,4,174,0,0,espn-401872955.json
3,401872955,2026-09-27T17:00Z,WSH,SEA,home,2576980,00-0032268,Marcus Mariota,8,19,31,183,3,0,2,7,61.2,110.0,5,11,0,9,,,,,,,,,,,,,,,,,,,,,,,,,,,,,,,,0,0,espn-401872955.json
3,401872955,2026-09-27T17:00Z,WSH,SEA,home,4575131,00-0040242,Jacory Croskey-Merritt,22,,,,,,,,,,19,36,0,9,1,1,7,0,7,,,,,,,,,,,,,,,,,,,,,,,,,,,0,0,espn-401872955.json
3,401872955,2026-09-27T17:00Z,WSH,SEA,home,4697815,00-0037256,Rachaad White,1,,,,,,,,,,8,35,0,19,1,1,6,1,6,,,,,,,,,,,,,1,38,0,,,,,,,,,,,,1,1,espn-401872955.json
3,401872955,2026-09-27T17:00Z,WSH,SEA,home,3121422,00-0035659,Terry McLaurin,17,,,,,,,,,,,,,,6,9,77,1,30,,,,,,,,,,,,,,,,,,,,,,,,,,,1,0,espn-401872955.json
3,401872955,2026-09-27T17:00Z,WSH,SEA,home,2976212,00-0031588,Stefon Diggs,3,,,,,,,,,,,,,,4,7,33,0,11,,,,,,,,,,,,,,,,,,,,,,,,,,,0,0,espn-401872955.json
3,401872955,2026-09-27T17:00Z,WSH,SEA,home,4602667,00-0040164,Jaylin Lane,83,,,,,,,,,,,,,,1,1,21,0,21,,,,,,,,,,,,,,,,,,,,,,,,,,,0,0,espn-401872955.json
3,401872955,2026-09-27T17:00Z,WSH,SEA,home,5081432,00-0041040,Antonio Williams,14,,,,,,,,,,,,,,2,4,15,0,9,,,,,,,,,,,,,,,,,,,,,,,,,,,0,0,espn-401872955.json
3,401872955,2026-09-27T17:00Z,WSH,SEA,home,4567156,00-0037742,Treylon Burks,13,,,,,,,,,,,,,,2,2,13,1,11,,,,,,,,,,,,,,,,,,,,,,,,,,,1,0,espn-401872955.json
3,401872955,2026-09-27T17:00Z,WSH,SEA,home,4048228,00-0036628,John Bates,87,,,,,,,,,,,,,,1,1,9,0,9,,,,,,,,,,,,,,,,,,,,,,,,,,,0,0,espn-401872955.json
3,401872955,2026-09-27T17:00Z,WSH,SEA,home,4361088,00-0039686,Colson Yankoff,80,,,,,,,,,,,,,,1,2,2,0,2,,,,,,,,,,,,,,,,,,,,,,,,,,,0,0,espn-401872955.json
3,401872955,2026-09-27T17:00Z,WSH,SEA,home,4361577,00-0036626,Dyami Brown,6,,,,,,,,,,,,,,0,1,0,0,0,,,,,,,,,,,,,,,,,,,,,,,,,,,0,0,espn-401872955.json
3,401872955,2026-09-27T17:00Z,WSH,SEA,home,4690923,00-0039912,Ben Sinnott,82,,,,,,,,,,,,,,0,1,0,0,0,,,1,1,0,0,0,0,0,,,,,,,,,,,,,,,,,,0,0,espn-401872955.json
3,401872955,2026-09-27T17:00Z,WSH,SEA,home,3929956,00-0034397,Tim Settle,97,,,,,,,,,,,,,,,,,,,0,0,1,1,0,0,1,0,0,,,,,,,,,,,,,,,,,,0,0,espn-401872955.json
3,401872955,2026-09-27T17:00Z,WSH,SEA,home,3125248,00-0034465,Jeremy Reaves,39,,,,,,,,,,,,,,,,,,,,,7,5,0,0,1,0,0,,,,,,,,,,,,,,,,,,0,0,espn-401872955.json
3,401872955,2026-09-27T17:00Z,WSH,SEA,home,4239694,00-0036375,Amik Robertson,2,,,,,,,,,,,,,,,,,,,,,6,4,0,0,4,0,0,,,,,,,,,,,,,,,,,,0,0,espn-401872955.json
3,401872955,2026-09-27T17:00Z,WSH,SEA,home,4360378,00-0039149,Quan Martin,20,,,,,,,,,,,,,,,,,,,,,5,4,0,0,0,0,0,,,,,,,,,,,,,,,,,,0,0,espn-401872955.json
3,401872955,2026-09-27T17:00Z,WSH,SEA,home,5081807,00-0041028,Sonny Styles,52,,,,,,,,,,,,,,,,,,,,,5,4,0,0,2,1,0,1,-1,0,,,,,,,,,,,,,,,0,0,espn-401872955.json
3,401872955,2026-09-27T17:00Z,WSH,SEA,home,4427984,00-0040216,Kain Medrano,56,,,,,,,,,,,,,,,,,,,,,5,3,0,0,1,1,1,1,50,1,,,,,,,,,,,,,,,1,0,espn-401872955.json
3,401872955,2026-09-27T17:00Z,WSH,SEA,home,5081392,00-0041074,Joshua Josephs,48,,,,,,,,,,,,,,,,,,,,,5,2,0,1,0,0,0,,,,,,,,,,,,,,,,,,0,0,espn-401872955.json
3,401872955,2026-09-27T17:00Z,WSH,SEA,home,4361422,00-0036940,Odafe Oweh,98,,,,,,,,,,,,,,,,,,,,,5,0,0,0,0,2,0,,,,,,,,,,,,,,,,,,0,0,espn-401872955.json
3,401872955,2026-09-27T17:00Z,WSH,SEA,home,4363097,00-0038100,Percy Butler,35,,,,,,,,,,,,,,,,,,,,,4,3,0,0,0,0,0,,,,,,,,,,,,,,,,,,0,0,espn-401872955.json
3,401872955,2026-09-27T17:00Z,WSH,SEA,home,3943270,00-0033551,Rasul Douglas,29,,,,,,,,,,,,,,,,,,,,,3,3,0,0,1,0,0,,,,,,,,,,,,,,,,,,0,0,espn-401872955.json
3,401872955,2026-09-27T17:00Z,WSH,SEA,home,4242205,00-0036286,K'Lavon Chaisson,45,,,,,,,,,,,,,,,,,,,,,3,3,0,1,0,1,0,,,,,,,,,,,,,,,,,,0,0,espn-401872955.json
3,401872955,2026-09-27T17:00Z,WSH,SEA,home,4426901,00-0037819,Leo Chenal,54,,,,,,,,,,,,,,,,,,,,,3,2,0,1,0,0,0,,,,,,,,,,,,,,,,,,0,0,espn-401872955.json
3,401872955,2026-09-27T17:00Z,WSH,SEA,home,4361090,00-0040318,Ale Kaho,51,,,,,,,,,,,,,,,,,,,,,3,1,0,0,0,0,0,,,,,,,,,,,,,,,,,,0,0,espn-401872955.json
3,401872955,2026-09-27T17:00Z,WSH,SEA,home,4428414,00-0039898,Mike Sainristil,0,,,,,,,,,,,,,,,,,,,,,2,2,0,0,0,0,0,,,,,,,,,,,,,,,,,,0,0,espn-401872955.json
3,401872955,2026-09-27T17:00Z,WSH,SEA,home,4259491,00-0036260,Javon Kinlaw,99,,,,,,,,,,,,,,,,,,,,,2,0,0,0,0,1,0,,,,,,,,,,,,,,,,,,0,0,espn-401872955.json
3,401872955,2026-09-27T17:00Z,WSH,SEA,home,3886601,00-0035409,Shy Tuttle,96,,,,,,,,,,,,,,,,,,,,,1,1,0,0,0,0,0,,,,,,,,,,,,,,,,,,0,0,espn-401872955.json
3,401872955,2026-09-27T17:00Z,WSH,SEA,home,3928979,00-0034373,Dorance Armstrong,92,,,,,,,,,,,,,,,,,,,,,1,1,0,0,0,0,0,,,,,,,,,,,,,,,,,,0,0,espn-401872955.json
3,401872955,2026-09-27T17:00Z,WSH,SEA,home,3925354,00-0034333,Daron Payne,94,,,,,,,,,,,,,,,,,,,,,1,0,0,0,0,0,0,,,,,,,,,,,,,,,,,,0,0,espn-401872955.json
3,401872955,2026-09-27T17:00Z,WSH,SEA,home,3929865,00-0035279,Charles Omenihu,90,,,,,,,,,,,,,,,,,,,,,1,0,0,0,0,0,0,,,,,,,,,,,,,,,,,,0,0,espn-401872955.json
3,401872955,2026-09-27T17:00Z,WSH,SEA,home,4572460,00-0039681,Tyler Owens,18,,,,,,,,,,,,,,,,,,,,,1,0,0,0,0,0,0,,,,,,,,,,,,,,,,,,0,0,espn-401872955.json
3,401872955,2026-09-27T17:00Z,WSH,SEA,home,4426948,00-0039355,Luke McCaffrey,11,,,,,,,,,,,,,,,,,,,,,,,,,,,,,,,3,90,0,,,,,,,,,,,,0,0,espn-401872955.json
3,401872955,2026-09-27T17:00Z,WSH,SEA,home,5081335,00-0041182,Drew Stevens,19,,,,,,,,,,,,,,,,,,,,,,,,,,,,,,,,,,,,,2,2,57,3,4,9,,,0,0,espn-401872955.json
3,401872955,2026-09-27T17:00Z,WSH,SEA,home,16166,00-0030140,Tress Way,10,,,,,,,,,,,,,,,,,,,,,,,,,,,,,,,,,,,,,,,,,,,7,343,0,0,espn-401872955.json
3,401872956,2026-09-27T17:00Z,TEN,NYG,away,4688380,00-0040676,Cam Ward,1,23,36,181,1,1,0,0,46.8,74.0,1,2,0,2,,,,,,,,,,,,,,,,,,,,,,,,,,,,,,,,0,0,espn-401872956.json
3,401872956,2026-09-27T17:00Z,TEN,NYG,away,3916148,00-0035261,Tony Pollard,20,,,,,,,,,,17,74,0,16,4,4,22,0,18,,,,,,,,,,,,,,,,,,,,,,,,,,,0,0,espn-401872956.json
3,401872956,2026-09-27T17:00Z,TEN,NYG,away,4428557,00-0039032,Tyjae Spears,2,,,,,,,,,,3,5,0,3,,,,,,,,,,,,,,,,,,,,,,,,,,,,,,,,0,0,espn-401872956.json
3,401872956,2026-09-27T17:00Z,TEN,NYG,away,4871023,00-0041438,Carnell Tate,14,,,,,,,,,,,,,,6,9,58,0,20,,,,,,,,,,,,,,,,,,,,,,,,,,,0,0,espn-401872956.json
3,401872956,2026-09-27T17:00Z,TEN,NYG,away,4569587,00-0038117,Wan'Dale Robinson,4,,,,,,,,,,,,,,7,11,57,1,16,,,,,,,,,,,,,,,,,,,,,,,,,,,1,1,espn-401872956.json
3,401872956,2026-09-27T17:00Z,TEN,NYG,away,4361516,00-0038115,Daniel Bellinger,82,,,,,,,,,,,,,,2,2,16,0,10,,,,,,,,,,,,,,,,,,,,,,,,,,,0,0,espn-401872956.json
3,401872956,2026-09-27T17:00Z,TEN,NYG,away,4686728,00-0040584,Gunnar Helm,84,,,,,,,,,,,,,,2,4,14,0,9,,,,,,,,,,,,,,,,,,,,,,,,,,,0,0,espn-401872956.json
3,401872956,2026-09-27T17:00Z,TEN,NYG,away,4883647,00-0040170,Elic Ayomanor,5,,,,,,,,,,,,,,1,3,11,0,11,,,,,,,,,,,,,,,,,,,,,,,,,,,0,0,espn-401872956.json
3,401872956,2026-09-27T17:00Z,TEN,NYG,away,4431268,00-0040705,Chimere Dike,17,,,,,,,,,,,,,,1,1,3,0,3,2,1,,,,,,,,,,,2,54,0,4,38,0,,,,,,,,,0,0,espn-401872956.json
3,401872956,2026-09-27T17:00Z,TEN,NYG,away,3925357,00-0034837,Calvin Ridley,0,,,,,,,,,,,,,,0,1,0,0,0,,,,,,,,,,,,,,,,,,,,,,,,,,,0,0,espn-401872956.json
3,401872956,2026-09-27T17:00Z,TEN,NYG,away,4035369,00-0035643,Jeffery Simmons,98,,,,,,,,,,,,,,,,,,,,,10,5,1,2,0,2,0,,,,,,,,,,,,,,,,,,0,0,espn-401872956.json
3,401872956,2026-09-27T17:00Z,TEN,NYG,away,4870805,00-0041479,Anthony Hill Jr.,53,,,,,,,,,,,,,,,,,,,,,8,4,0,0,0,0,0,,,,,,,,,,,,,,,,,,0,0,espn-401872956.json
3,401872956,2026-09-27T17:00Z,TEN,NYG,away,4429834,00-0039858,Cedric Gray,33,,,,,,,,,,,,,,,,,,,,,7,3,0,0,0,0,0,,,,,,,,,,,,,,,,,,0,0,espn-401872956.json
3,401872956,2026-09-27T17:00Z,TEN,NYG,away,4036134,00-0035632,Amani Hooker,37,,,,,,,,,,,,,,,,,,,,,6,5,0,0,1,0,0,,,,,,,,,,,,,,,,,,0,0,espn-401872956.json
3,401872956,2026-09-27T17:00Z,TEN,NYG,away,4570469,00-0040201,Marcus Harris,26,,,,,,,,,,,,,,,,,,,,,6,4,0,2,0,0,0,,,,,,,,,,,,,,,,,,0,0,espn-401872956.json
3,401872956,2026-09-27T17:00Z,TEN,NYG,away,4429607,00-0037758,Cor'Dale Flott,18,,,,,,,,,,,,,,,,,,,,,5,2,0,0,0,0,0,,,,,,,,,,,,,,,,,,0,0,espn-401872956.json
3,401872956,2026-09-27T17:00Z,TEN,NYG,away,3926229,00-0035672,Cody Barton,50,,,,,,,,,,,,,,,,,,,,,5,1,0,0,1,0,0,,,,,,,,,,,,,,,,,,0,0,espn-401872956.json
3,401872956,2026-09-27T17:00Z,TEN,NYG,away,4369835,00-0038121,Alontae Taylor,24,,,,,,,,,,,,,,,,,,,,,4,4,1,1,0,1,0,,,,,,,,,,,,,,,,,,0,0,espn-401872956.json
3,401872956,2026-09-27T17:00Z,TEN,NYG,away,4685617,00-0040141,Kevin Winston Jr.,23,,,,,,,,,,,,,,,,,,,,,4,3,0,0,0,0,0,,,,,,,,,,,,,,,,,,0,0,espn-401872956.json
3,401872956,2026-09-27T17:00Z,TEN,NYG,away,4567962,00-0037663,Jermaine Johnson II,11,,,,,,,,,,,,,,,,,,,,,4,0,0,0,0,0,0,,,,,,,,,,,,,,,,,,0,0,espn-401872956.json
3,401872956,2026-09-27T17:00Z,TEN,NYG,away,4870707,00-0041508,Keldric Faulk,15,,,,,,,,,,,,,,,,,,,,,3,3,1,2,0,1,0,,,,,,,,,,,,,,,,,,0,0,espn-401872956.json
3,401872956,2026-09-27T17:00Z,TEN,NYG,away,4039052,00-0036266,Jordan Elliott,95,,,,,,,,,,,,,,,,,,,,,2,0,0,0,0,0,0,,,,,,,,,,,,,,,,,,0,0,espn-401872956.json
3,401872956,2026-09-27T17:00Z,TEN,NYG,away,3120464,00-0034805,John Franklin-Myers,91,,,,,,,,,,,,,,,,,,,,,1,1,0,1,1,1,0,,,,,,,,,,,,,,,,,,0,0,espn-401872956.json
3,401872956,2026-09-27T17:00Z,TEN,NYG,away,4240532,00-0037155,Tony Adams,29,,,,,,,,,,,,,,,,,,,,,1,1,0,0,0,0,0,,,,,,,,,,,,,,,,,,0,0,espn-401872956.json
3,401872956,2026-09-27T17:00Z,TEN,NYG,away,4367567,00-0037594,Julius Chestnut,36,,,,,,,,,,,,,,,,,,,,,1,1,0,0,0,0,0,,,,,,,,,,,,,,,,,,0,0,espn-401872956.json
3,401872956,2026-09-27T17:00Z,TEN,NYG,away,4367828,00-0038514,Truman Jones,56,,,,,,,,,,,,,,,,,,,,,1,1,0,0,0,0,0,,,,,,,,,,,,,,,,,,0,0,espn-401872956.json
3,401872956,2026-09-27T17:00Z,TEN,NYG,away,4876057,00-0040752,Oluwafemi Oladejo,7,,,,,,,,,,,,,,,,,,,,,1,0,0,0,0,0,0,,,,,,,,,,,,,,,,,,0,0,espn-401872956.json
3,401872956,2026-09-27T17:00Z,TEN,NYG,away,3124084,00-0035192,Joey Slye,6,,,,,,,,,,,,,,,,,,,,,,,,,,,,,,,,,,,,,0,1,0,1,1,1,,,0,0,espn-401872956.json
3,401872956,2026-09-27T17:00Z,TEN,NYG,away,3915398,00-0035889,Tommy Townsend,3,,,,,,,,,,,,,,,,,,,,,,,,,,,,,,,,,,,,,,,,,,,5,239,0,0,espn-401872956.json
3,401872956,2026-09-27T17:00Z,NYG,TEN,home,2969939,00-0031503,Jameis Winston,19,14,22,118,0,0,3,18,27.9,77.5,2,14,0,15,,,,,,,,,,,,,,,,,,,,,,,,,,,,,,,,0,0,espn-401872956.json
3,401872956,2026-09-27T17:00Z,NYG,TEN,home,4696981,00-0040715,Cam Skattebo,44,,,,,,,,,,20,60,0,13,3,4,40,0,30,1,0,,,,,,,,,,,,,,,,,,,,,,,,,0,0,espn-401872956.json
3,401872956,2026-09-27T17:00Z,NYG,TEN,home,4241457,00-0036893,Najee Harris,23,,,,,,,,,,9,52,0,11,,,,,,,,,,,,,,,,,,,,,,,,,,,,,,,,0,0,espn-401872956.json
3,401872956,2026-09-27T17:00Z,NYG,TEN,home,4040655,00-0036309,Darnell Mooney,17,,,,,,,,,,1,9,0,9,2,3,20,0,13,,,,,,,,,,,,,,,,,,,,,,,,,,,0,0,espn-401872956.json
3,401872956,2026-09-27T17:00Z,NYG,TEN,home,4360516,00-0039384,Tyrone Tracy Jr.,29,,,,,,,,,,1,3,0,3,,,,,,,,1,1,0,0,0,0,0,,,,,,,,,,,,,,,,,,0,0,espn-401872956.json
3,401872956,2026-09-27T17:00Z,NYG,TEN,home,4595348,00-0039337,Malik Nabers,1,,,,,,,,,,,,,,5,6,26,0,12,,,,,,,,,,,,,,,,,,,,,,,,,,,0,0,espn-401872956.json
3,401872956,2026-09-27T17:00Z,NYG,TEN,home,4682648,00-0041042,Malachi Fields,88,,,,,,,,,,,,,,2,2,19,0,10,,,,,,,,,,,,,,,,,,,,,,,,,,,0,0,espn-401872956.json
3,401872956,2026-09-27T17:00Z,NYG,TEN,home,4361050,00-0037838,Isaiah Likely,9,,,,,,,,,,,,,,2,5,13,0,10,,,,,,,,,,,,,,,,,,,,,,,,,,,0,0,espn-401872956.json
3,401872956,2026-09-27T17:00Z,NYG,TEN,home,16733,00-0031235,Odell Beckham Jr.,13,,,,,,,,,,,,,,0,1,0,0,0,,,,,,,,,,,,,,,,,,,,,,,,,,,0,0,espn-401872956.json
3,401872956,2026-09-27T17:00Z,NYG,TEN,home,4040615,00-0036280,Malik Harrison,54,,,,,,,,,,,,,,,,,,,0,0,,,,,,,,,,,,,,,,,,,,,,,,,0,0,espn-401872956.json
3,401872956,2026-09-27T17:00Z,NYG,TEN,home,4950400,00-0041509,Arvell Reese,52,,,,,,,,,,,,,,,,,,,,,13,10,0,1,1,0,0,,,,,,,,,,,,,,,,,,0,0,espn-401872956.json
3,401872956,2026-09-27T17:00Z,NYG,TEN,home,4431321,,Dru Phillips,22,,,,,,,,,,,,,,,,,,,,,11,8,0,0,0,0,0,,,,,,,,,,,,,,,,,,0,0,espn-401872956.json
3,401872956,2026-09-27T17:00Z,NYG,TEN,home,3929950,00-0034673,Tremaine Edmunds,49,,,,,,,,,,,,,,,,,,,,,10,6,0,0,1,1,0,,,,,,,,,,,,,,,,,,0,0,espn-401872956.json
3,401872956,2026-09-27T17:00Z,NYG,TEN,home,4921249,00-0041462,Colton Hood,12,,,,,,,,,,,,,,,,,,,,,4,3,0,0,0,0,0,,,,,,,,,,,,,,,,,,0,0,espn-401872956.json
3,401872956,2026-09-27T17:00Z,NYG,TEN,home,4240706,00-0036502,Jason Pinnock,25,,,,,,,,,,,,,,,,,,,,,3,3,0,1,0,0,0,,,,,,,,,,,,,,,,,,0,0,espn-401872956.json
3,401872956,2026-09-27T17:00Z,NYG,TEN,home,4361266,00-0036996,Greg Newsome II,20,,,,,,,,,,,,,,,,,,,,,3,1,0,0,2,0,0,,,,,,,,,,,,,,,,,,0,0,espn-401872956.json
3,401872956,2026-09-27T17:00Z,NYG,TEN,home,4036132,00-0036982,Chauncey Golston,57,,,,,,,,,,,,,,,,,,,,,2,2,0,0,0,0,0,,,,,,,,,,,,,,,,,,0,0,espn-401872956.json
3,401872956,2026-09-27T17:00Z,NYG,TEN,home,16837,00-0031270,Shelby Harris,93,,,,,,,,,,,,,,,,,,,,,2,0,0,0,0,0,0,,,,,,,,,,,,,,,,,,0,0,espn-401872956.json
3,401872956,2026-09-27T17:00Z,NYG,TEN,home,4373809,00-0036998,Jevon Holland,8,,,,,,,,,,,,,,,,,,,,,2,0,0,0,2,0,0,1,0,0,,,,,,,,,,,,,,,0,0,espn-401872956.json
3,401872956,2026-09-27T17:00Z,NYG,TEN,home,2977670,00-0032424,DJ Reader,98,,,,,,,,,,,,,,,,,,,,,1,1,0,0,0,0,0,,,,,,,,,,,,,,,,,,0,0,espn-401872956.json
3,401872956,2026-09-27T17:00Z,NYG,TEN,home,3932901,00-0034248,Elijah Campbell,28,,,,,,,,,,,,,,,,,,,,,1,1,0,0,0,0,0,,,,,,,,,,,,,,,,,,0,0,espn-401872956.json
3,401872956,2026-09-27T17:00Z,NYG,TEN,home,4362492,00-0036587,Ar'Darius Washington,24,,,,,,,,,,,,,,,,,,,,,1,1,0,0,0,0,0,,,,,,,,,,,,,,,,,,0,0,espn-401872956.json
3,401872956,2026-09-27T17:00Z,NYG,TEN,home,4371961,00-0037259,Micah McFadden,41,,,,,,,,,,,,,,,,,,,,,1,1,0,0,0,0,0,,,,,,,,,,,,,,,,,,0,0,espn-401872956.json
3,401872956,2026-09-27T17:00Z,NYG,TEN,home,4691043,00-0040471,Nikko Reed,35,,,,,,,,,,,,,,,,,,,,,1,1,0,0,0,0,0,,,,,,,,,,,,,,,,,,0,0,espn-401872956.json
3,401872956,2026-09-27T17:00Z,NYG,TEN,home,4883114,00-0041143,Ben Mann,58,,,,,,,,,,,,,,,,,,,,,1,1,0,0,0,0,0,,,,,,,,,,,,,,,,,,0,0,espn-401872956.json
3,401872956,2026-09-27T17:00Z,NYG,TEN,home,4362234,00-0038399,Zaire Barnes,46,,,,,,,,,,,,,,,,,,,,,1,0,0,0,0,0,0,,,,,,,,,,,,,,,,,,0,0,espn-401872956.json
3,401872956,2026-09-27T17:00Z,NYG,TEN,home,4426326,00-0037611,Kayvon Thibodeaux,5,,,,,,,,,,,,,,,,,,,,,1,0,0,0,0,0,0,,,,,,,,,,,,,,,,,,0,0,espn-401872956.json
3,401872956,2026-09-27T17:00Z,NYG,TEN,home,4035631,00-0035713,Brian Burns,0,,,,,,,,,,,,,,,,,,,,,0,0,0,0,0,1,0,,,,,,,,,,,,,,,,,,0,0,espn-401872956.json
3,401872956,2026-09-27T17:00Z,NYG,TEN,home,3123075,00-0034419,Braxton Berrios,87,,,,,,,,,,,,,,,,,,,,,,,,,,,,,,,2,57,0,2,12,0,,,,,,,,,0,0,espn-401872956.json
3,401872956,2026-09-27T17:00Z,NYG,TEN,home,5082424,00-0041145,Dominic Zvada,34,,,,,,,,,,,,,,,,,,,,,,,,,,,,,,,,,,,,,4,4,39,0,0,12,,,0,0,espn-401872956.json
3,401872956,2026-09-27T17:00Z,NYG,TEN,home,4260224,00-0038094,Jordan Stout,15,,,,,,,,,,,,,,,,,,,,,,,,,,,,,,,,,,,,,,,,,,,6,303,0,0,espn-401872956.json
3,401872957,2026-09-27T17:00Z,NE,JAX,away,4431452,00-0039851,Drake Maye,10,14,25,199,0,2,3,11,19.9,48.6,4,18,0,9,,,,,,2,1,1,1,0,0,0,0,0,,,,,,,,,,,,,,,,,,0,0,espn-401872957.json
3,401872957,2026-09-27T17:00Z,NE,JAX,away,4240391,00-0038476,Tommy DeVito,16,3,5,30,0,0,0,0,9.5,77.1,1,2,0,2,,,,,,,,,,,,,,,,,,,,,,,,,,,,,,,,0,0,espn-401872957.json
3,401872957,2026-09-27T17:00Z,NE,JAX,away,4695193,00-0040563,Efton Chism III,86,1,1,16,0,0,0,0,99.3,118.8,,,,,1,2,1,0,1,,,,,,,,,,,,,,,,1,18,0,,,,,,,,,0,0,espn-401872957.json
3,401872957,2026-09-27T17:00Z,NE,JAX,away,4432710,00-0040734,TreVeyon Henderson,32,,,,,,,,,,8,23,0,5,1,1,6,0,6,,,,,,,,,,,,,,,,,,,,,,,,,,,0,0,espn-401872957.json
3,401872957,2026-09-27T17:00Z,NE,JAX,away,4569173,00-0036875,Rhamondre Stevenson,38,,,,,,,,,,7,22,0,5,3,3,16,0,12,,,,,,,,,,,,,,,,,,,,,,,,,,,0,0,espn-401872957.json
3,401872957,2026-09-27T17:00Z,NE,JAX,away,4431431,00-0040556,Corey Kiner,9,,,,,,,,,,6,18,0,7,1,1,9,0,9,,,,,,,,,,,,,1,28,0,,,,,,,,,,,,0,0,espn-401872957.json
3,401872957,2026-09-27T17:00Z,NE,JAX,away,2991662,00-0033555,Mack Hollins,13,,,,,,,,,,,,,,6,9,87,0,21,,,,,,,,,,,,,,,,,,,,,,,,,,,0,0,espn-401872957.json
3,401872957,2026-09-27T17:00Z,NE,JAX,away,4361432,00-0037816,Romeo Doubs,87,,,,,,,,,,,,,,3,4,49,0,21,,,,,,,,,,,,,,,,,,,,,,,,,,,0,0,espn-401872957.json
3,401872957,2026-09-27T17:00Z,NE,JAX,away,4427095,00-0038621,DeMario Douglas,3,,,,,,,,,,,,,,1,5,38,0,38,,,,,,,,,,,,,,,,,,,,,,,,,,,0,0,espn-401872957.json
3,401872957,2026-09-27T17:00Z,NE,JAX,away,4613202,00-0040131,Kyle Williams,18,,,,,,,,,,,,,,1,3,34,0,34,,,,,,,,,,,,,5,105,0,,,,,,,,,,,,0,0,espn-401872957.json
3,401872957,2026-09-27T17:00Z,NE,JAX,away,3046439,00-0033090,Hunter Henry,85,,,,,,,,,,,,,,1,2,5,0,5,,,,,,,,,,,,,,,,,,,,,,,,,,,0,0,espn-401872957.json
3,401872957,2026-09-27T17:00Z,NE,JAX,away,3916923,00-0034778,Carlton Davis III,7,,,,,,,,,,,,,,,,,,,,,8,7,0,1,1,0,0,,,,,,,,,,,,,,,,,,0,0,espn-401872957.json
3,401872957,2026-09-27T17:00Z,NE,JAX,away,3129446,00-0034720,Robert Spillane,14,,,,,,,,,,,,,,,,,,,,,7,2,0,0,0,0,0,,,,,,,,,,,,,,,,,,0,0,espn-401872957.json
3,401872957,2026-09-27T17:00Z,NE,JAX,away,4368113,00-0039770,Charles Woods,22,,,,,,,,,,,,,,,,,,,,,5,4,0,0,0,0,0,,,,,,,,,,,,,,,,,,0,0,espn-401872957.json
3,401872957,2026-09-27T17:00Z,NE,JAX,away,2574056,00-0033132,Kevin Byard,31,,,,,,,,,,,,,,,,,,,,,5,3,0,0,0,0,0,,,,,,,,,,,,,,,,,,0,0,espn-401872957.json
3,401872957,2026-09-27T17:00Z,NE,JAX,away,4239699,00-0036916,Milton Williams,97,,,,,,,,,,,,,,,,,,,,,5,3,0,0,0,0,0,,,,,,,,,,,,,,,,,,0,0,espn-401872957.json
3,401872957,2026-09-27T17:00Z,NE,JAX,away,4837244,00-0041569,Gabe Jacas,50,,,,,,,,,,,,,,,,,,,,,5,2,0.5,0,0,2,0,,,,,,,,,,,,,,,,,,0,0,espn-401872957.json
3,401872957,2026-09-27T17:00Z,NE,JAX,away,4241720,00-0037253,Marcus Jones,25,,,,,,,,,,,,,,,,,,,,,4,3,0,0,3,0,0,1,12,0,,,,1,1,0,,,,,,,,,0,0,espn-401872957.json
3,401872957,2026-09-27T17:00Z,NE,JAX,away,4245273,00-0036813,Christian Elliss,53,,,,,,,,,,,,,,,,,,,,,3,1,0,0,0,1,0,,,,,,,,,,,,,,,,,,0,0,espn-401872957.json
3,401872957,2026-09-27T17:00Z,NE,JAX,away,4686772,00-0039147,Christian Gonzalez,0,,,,,,,,,,,,,,,,,,,,,2,2,0,0,1,0,0,,,,,,,,,,,,,,,,,,0,0,espn-401872957.json
3,401872957,2026-09-27T17:00Z,NE,JAX,away,4372030,00-0036981,Christian Barmore,90,,,,,,,,,,,,,,,,,,,,,2,1,0,0,0,1,0,,,,,,,,,,,,,,,,,,0,0,espn-401872957.json
3,401872957,2026-09-27T17:00Z,NE,JAX,away,4432758,00-0040204,Jaylen Reed,23,,,,,,,,,,,,,,,,,,,,,2,1,0,0,1,0,0,,,,,,,,,,,,,,,,,,0,0,espn-401872957.json
3,401872957,2026-09-27T17:00Z,NE,JAX,away,4688432,00-0040574,Elijah Ponder,91,,,,,,,,,,,,,,,,,,,,,2,1,0.5,0,0,2,0,,,,,,,,,,,,,,,,,,0,0,espn-401872957.json
3,401872957,2026-09-27T17:00Z,NE,JAX,away,4890074,00-0041455,Erick Hunter,49,,,,,,,,,,,,,,,,,,,,,2,1,0,1,0,0,0,,,,,,,,,,,,,,,,,,0,0,espn-401872957.json
3,401872957,2026-09-27T17:00Z,NE,JAX,away,16910,00-0031054,DaQuan Jones,99,,,,,,,,,,,,,,,,,,,,,1,1,0,0,0,0,0,,,,,,,,,,,,,,,,,,0,0,espn-401872957.json
3,401872957,2026-09-27T17:00Z,NE,JAX,away,4569068,00-0039053,Jose Ramirez,43,,,,,,,,,,,,,,,,,,,,,1,1,0,0,0,0,0,,,,,,,,,,,,,,,,,,0,0,espn-401872957.json
3,401872957,2026-09-27T17:00Z,NE,JAX,away,4688779,00-0041316,Channing Canada,29,,,,,,,,,,,,,,,,,,,,,1,1,0,0,0,0,0,,,,,,,,,,,,,,,,,,0,0,espn-401872957.json
3,401872957,2026-09-27T17:00Z,NE,JAX,away,4244310,00-0037493,Mike Brown,33,,,,,,,,,,,,,,,,,,,,,1,0,0,0,0,0,0,,,,,,,,,,,,,,,,,,0,0,espn-401872957.json
3,401872957,2026-09-27T17:00Z,NE,JAX,away,4611993,00-0040171,Joshua Farmer,92,,,,,,,,,,,,,,,,,,,,,1,0,0,0,0,0,0,,,,,,,,,,,,,,,,,,0,0,espn-401872957.json
3,401872957,2026-09-27T17:00Z,NE,JAX,away,5081728,00-0037711,Jeremiah Pharms Jr.,98,,,,,,,,,,,,,,,,,,,,,1,0,0,0,0,0,0,,,,,,,,,,,,,,,,,,0,0,espn-401872957.json
3,401872957,2026-09-27T17:00Z,NE,JAX,away,4569923,00-0040200,Andy Borregales,8,,,,,,,,,,,,,,,,,,,,,,,,,,,,,,,,,,,,,2,3,40,0,0,6,,,0,0,espn-401872957.json
3,401872957,2026-09-27T17:00Z,NE,JAX,away,4035685,00-0034941,Mitch Wishnowsky,19,,,,,,,,,,,,,,,,,,,,,,,,,,,,,,,,,,,,,,,,,,,2,106,0,0,espn-401872957.json
3,401872957,2026-09-27T17:00Z,JAX,NE,home,4360310,00-0036971,Trevor Lawrence,16,19,29,182,3,1,1,4,79.8,102.9,4,25,0,15,,,,,,,,,,,,,,,,,,,,,,,,,,,,,,,,0,0,espn-401872957.json
3,401872957,2026-09-27T17:00Z,JAX,NE,home,4882093,00-0040719,Bhayshul Tuten,33,,,,,,,,,,15,73,1,12,2,2,17,0,15,,,,,,,,,,,,,,,,,,,,,,,,,,,1,0,espn-401872957.json
3,401872957,2026-09-27T17:00Z,JAX,NE,home,4362619,00-0038611,Chris Rodriguez Jr.,24,,,,,,,,,,8,37,1,9,,,,,,,,,,,,,,,,,,,,,,,,,,,,,,,,1,0,espn-401872957.json
3,401872957,2026-09-27T17:00Z,JAX,NE,home,2576336,00-0032104,Ameer Abdullah,20,,,,,,,,,,3,2,0,3,0,1,0,0,0,,,,,,,,,,,,,,,,,,,,,,,,,,,0,0,espn-401872957.json
3,401872957,2026-09-27T17:00Z,JAX,NE,home,3916433,00-0034960,Jakobi Meyers,3,,,,,,,,,,,,,,7,8,64,1,14,,,1,0,0,0,0,0,0,,,,,,,,,,,,,,,,,,1,0,espn-401872957.json
3,401872957,2026-09-27T17:00Z,JAX,NE,home,4432620,00-0038606,Parker Washington,11,,,,,,,,,,,,,,3,5,40,1,18,,,,,,,,,,,,,,,,,,,,,,,,,,,1,0,espn-401872957.json
3,401872957,2026-09-27T17:00Z,JAX,NE,home,4430539,00-0038935,Brenton Strange,85,,,,,,,,,,,,,,3,5,32,0,23,,,,,,,,,,,,,,,,,,,,,,,,,,,0,0,espn-401872957.json
3,401872957,2026-09-27T17:00Z,JAX,NE,home,4879194,00-0041100,Josh Cameron,19,,,,,,,,,,,,,,1,2,12,1,12,,,3,2,0,0,0,0,0,,,,2,63,0,,,,,,,,,,,,1,1,espn-401872957.json
3,401872957,2026-09-27T17:00Z,JAX,NE,home,4911851,00-0040238,LeQuint Allen Jr.,5,,,,,,,,,,,,,,2,2,9,0,7,,,,,,,,,,,,,,,,,,,,,,,,,,,0,0,espn-401872957.json
3,401872957,2026-09-27T17:00Z,JAX,NE,home,4432773,00-0039893,Brian Thomas Jr.,7,,,,,,,,,,,,,,1,1,8,0,8,,,,,,,,,,,,,,,,,,,,,,,,,,,0,0,espn-401872957.json
3,401872957,2026-09-27T17:00Z,JAX,NE,home,4686248,00-0041503,Nate Boerkircher,87,,,,,,,,,,,,,,0,1,0,0,0,,,,,,,,,,,,,,,,,,,,,,,,,,,0,0,espn-401872957.json
3,401872957,2026-09-27T17:00Z,JAX,NE,home,3915520,00-0036262,DaVon Hamilton,52,,,,,,,,,,,,,,,,,,,0,0,5,3,0.5,0,0,1,0,,,,,,,,,,,,,,,,,,0,0,espn-401872957.json
3,401872957,2026-09-27T17:00Z,JAX,NE,home,4240610,00-0038570,Ventrell Miller,51,,,,,,,,,,,,,,,,,,,,,7,4,0,0,1,0,0,,,,,,,,,,,,,,,,,,0,0,espn-401872957.json
3,401872957,2026-09-27T17:00Z,JAX,NE,home,4430271,00-0039733,Ruke Orhorhoro,99,,,,,,,,,,,,,,,,,,,,,6,2,1,0,0,1,0,,,,,,,,,,,,,,,,,,0,0,espn-401872957.json
3,401872957,2026-09-27T17:00Z,JAX,NE,home,3050073,00-0034413,Foyesade Oluokun,23,,,,,,,,,,,,,,,,,,,,,6,2,0,0,0,2,0,,,,,,,,,,,,,,,,,,0,0,espn-401872957.json
3,401872957,2026-09-27T17:00Z,JAX,NE,home,3915239,00-0035642,Josh Hines-Allen,41,,,,,,,,,,,,,,,,,,,,,5,1,0,0,0,0,0,,,,,,,,,,,,,,,,,,0,0,espn-401872957.json
3,401872957,2026-09-27T17:00Z,JAX,NE,home,4429168,00-0038596,Antonio Johnson,6,,,,,,,,,,,,,,,,,,,,,5,1,0,0,0,0,0,,,,,,,,,,,,,,,,,,0,0,espn-401872957.json
3,401872957,2026-09-27T17:00Z,JAX,NE,home,4426448,00-0039353,Jarrian Jones,4,,,,,,,,,,,,,,,,,,,,,4,3,0,0,1,0,0,1,31,0,,,,,,,,,,,,,,,0,0,espn-401872957.json
3,401872957,2026-09-27T17:00Z,JAX,NE,home,2970716,00-0033038,Eric Murray,29,,,,,,,,,,,,,,,,,,,,,4,2,0,0,0,0,0,,,,,,,,,,,,,,,,,,0,0,espn-401872957.json
3,401872957,2026-09-27T17:00Z,JAX,NE,home,4683347,00-0040145,Caleb Ransaw,27,,,,,,,,,,,,,,,,,,,,,4,1,0,0,0,0,0,,,,,,,,,,,,,,,,,,0,0,espn-401872957.json
3,401872957,2026-09-27T17:00Z,JAX,NE,home,4685415,00-0040718,Travis Hunter,12,,,,,,,,,,,,,,,,,,,,,4,1,0,0,1,0,0,1,0,0,,,,,,,,,,,,,,,0,0,espn-401872957.json
3,401872957,2026-09-27T17:00Z,JAX,NE,home,3134316,00-0034657,Matt Dickerson,93,,,,,,,,,,,,,,,,,,,,,3,2,0,0,0,0,0,,,,,,,,,,,,,,,,,,0,0,espn-401872957.json
3,401872957,2026-09-27T17:00Z,JAX,NE,home,4426349,00-0037235,Travon Walker,44,,,,,,,,,,,,,,,,,,,,,3,1,0,0,0,0,0,,,,,,,,,,,,,,,,,,0,0,espn-401872957.json
3,401872957,2026-09-27T17:00Z,JAX,NE,home,2971275,00-0032164,Arik Armstead,91,,,,,,,,,,,,,,,,,,,,,2,1,0,0,0,0,0,,,,,,,,,,,,,,,,,,0,0,espn-401872957.json
3,401872957,2026-09-27T17:00Z,JAX,NE,home,3124587,00-0035240,Jahlani Tavai,31,,,,,,,,,,,,,,,,,,,,,2,1,0,0,0,0,0,,,,,,,,,,,,,,,,,,0,0,espn-401872957.json
3,401872957,2026-09-27T17:00Z,JAX,NE,home,4334300,00-0034473,Dennis Gardeck,47,,,,,,,,,,,,,,,,,,,,,2,1,0,0,0,0,0,,,,,,,,,,,,,,,,,,0,0,espn-401872957.json
3,401872957,2026-09-27T17:00Z,JAX,NE,home,4576129,00-0040209,Jalen McLeod,35,,,,,,,,,,,,,,,,,,,,,2,1,0,0,0,0,0,,,,,,,,,,,,,,,,,,0,0,espn-401872957.json
3,401872957,2026-09-27T17:00Z,JAX,NE,home,4572704,00-0040326,Branson Combs,50,,,,,,,,,,,,,,,,,,,,,2,0,0,0,0,0,0,,,,,,,,,,,,,,,,,,0,0,espn-401872957.json
3,401872957,2026-09-27T17:00Z,JAX,NE,home,4242149,00-0037313,Montaric Brown,1,,,,,,,,,,,,,,,,,,,,,1,1,0,0,1,0,0,,,,,,,,,,,,,,,,,,0,0,espn-401872957.json
3,401872957,2026-09-27T17:00Z,JAX,NE,home,4573319,00-0040342,Danny Striggow,92,,,,,,,,,,,,,,,,,,,,,1,1,0,0,0,0,0,,,,,,,,,,,,,,,,,,0,0,espn-401872957.json
3,401872957,2026-09-27T17:00Z,JAX,NE,home,4048231,00-0036327,Ezra Cleveland,76,,,,,,,,,,,,,,,,,,,,,1,0,0,0,0,0,0,,,,,,,,,,,,,,,,,,0,0,espn-401872957.json
3,401872957,2026-09-27T17:00Z,JAX,NE,home,4836472,00-0041218,Bryan Thomas Jr.,57,,,,,,,,,,,,,,,,,,,,,1,0,0.5,0,0,1,0,,,,,,,,,,,,,,,,,,0,0,espn-401872957.json
3,401872957,2026-09-27T17:00Z,JAX,NE,home,4880675,00-0040213,Rayuan Lane III,25,,,,,,,,,,,,,,,,,,,,,1,0,0,0,0,0,0,,,,,,,,,,,,,,,,,,0,0,espn-401872957.json
3,401872957,2026-09-27T17:00Z,JAX,NE,home,4686361,00-0039409,Cam Little,39,,,,,,,,,,,,,,,,,,,,,,,,,,,,,,,,,,,,,0,1,0,5,5,5,,,0,0,espn-401872957.json
3,401872957,2026-09-27T17:00Z,JAX,NE,home,3115480,00-0034437,Logan Cooke,9,,,,,,,,,,,,,,,,,,,,,,,,,,,,,,,,,,,,,,,,,,,3,142,0,0,espn-401872957.json
3,401872958,2026-09-27T20:05Z,ARI,SF,away,2578570,00-0033119,Jacoby Brissett,7,38,52,280,2,0,2,8,73.0,98.2,4,4,1,2,,,,,,,,,,,,,,,,,,,,,,,,,,,,,,,,1,0,espn-401872958.json
3,401872958,2026-09-27T20:05Z,ARI,SF,away,4870808,00-0041027,Jeremiyah Love,4,,,,,,,,,,21,90,0,8,5,5,19,1,8,,,,,,,,,,,,,,,,,,,,,,,,,,,1,0,espn-401872958.json
3,401872958,2026-09-27T20:05Z,ARI,SF,away,4373626,00-0037263,Tyler Allgeier,22,,,,,,,,,,2,-1,0,2,4,4,10,0,5,,,,,,,,,,,,,,,,,,,,,,,,,,,0,0,espn-401872958.json
3,401872958,2026-09-27T20:05Z,ARI,SF,away,4360761,00-0038559,Michael Wilson,14,,,,,,,,,,,,,,11,17,89,1,18,,,,,,,,,,,,,,,,,,,,,,,,,,,1,0,espn-401872958.json
3,401872958,2026-09-27T20:05Z,ARI,SF,away,4361307,00-0037744,Trey McBride,85,,,,,,,,,,,,,,9,11,75,0,18,,,,,,,,,,,,,,,,,,,,,,,,,,,0,0,espn-401872958.json
3,401872958,2026-09-27T20:05Z,ARI,SF,away,4432708,00-0039849,Marvin Harrison Jr.,18,,,,,,,,,,,,,,3,5,40,0,19,,,,,,,,,,,,,,,,,,,,,,,,,,,0,0,espn-401872958.json
3,401872958,2026-09-27T20:05Z,ARI,SF,away,3045523,00-0033307,Kendrick Bourne,17,,,,,,,,,,,,,,2,3,22,0,14,,,,,,,,,,,,,,,,,,,,,,,,,,,0,0,espn-401872958.json
3,401872958,2026-09-27T20:05Z,ARI,SF,away,4426844,00-0039041,Elijah Higgins,84,,,,,,,,,,,,,,3,3,20,0,9,,,2,1,0,0,0,0,0,,,,,,,,,,,,,,,,,,0,0,espn-401872958.json
3,401872958,2026-09-27T20:05Z,ARI,SF,away,4239944,00-0037004,Hunter Long,89,,,,,,,,,,,,,,1,1,5,0,5,,,,,,,,,,,,,,,,,,,,,,,,,,,0,0,espn-401872958.json
3,401872958,2026-09-27T20:05Z,ARI,SF,away,4692835,00-0038640,Jalen Brooks,86,,,,,,,,,,,,,,0,1,0,0,0,,,,,,,,,,,,,5,128,0,,,,,,,,,,,,0,0,espn-401872958.json
3,401872958,2026-09-27T20:05Z,ARI,SF,away,4360739,00-0036646,Simi Fehoko,80,,,,,,,,,,,,,,,,,,,0,0,,,,,,,,,,,,,,,,,,,,,,,,,0,0,espn-401872958.json
3,401872958,2026-09-27T20:05Z,ARI,SF,away,3918331,00-0035378,Andrew Wingard,28,,,,,,,,,,,,,,,,,,,,,10,1,0,0,0,0,0,,,,,,,,,,,,,,,,,,0,0,espn-401872958.json
3,401872958,2026-09-27T20:05Z,ARI,SF,away,4249739,00-0037596,Jack Gibbens,50,,,,,,,,,,,,,,,,,,,,,8,4,0,1,0,1,0,,,,,,,,,,,,,,,,,,0,0,espn-401872958.json
3,401872958,2026-09-27T20:05Z,ARI,SF,away,4040983,00-0035144,Mack Wilson Sr.,1,,,,,,,,,,,,,,,,,,,,,6,2,0,0,0,0,0,,,,,,,,,,,,,,,,,,0,0,espn-401872958.json
3,401872958,2026-09-27T20:05Z,ARI,SF,away,4698113,00-0039807,Max Melton,16,,,,,,,,,,,,,,,,,,,,,4,3,0,0,1,0,0,,,,,,,,,,,,,,,,,,0,0,espn-401872958.json
3,401872958,2026-09-27T20:05Z,ARI,SF,away,3127287,00-0033890,Budda Baker,3,,,,,,,,,,,,,,,,,,,,,4,1,0,0,0,0,0,,,,,,,,,,,,,,,,,,0,0,espn-401872958.json
3,401872958,2026-09-27T20:05Z,ARI,SF,away,4244606,00-0036933,Zaven Collins,25,,,,,,,,,,,,,,,,,,,,,3,3,0,0,2,0,0,,,,,,,,,,,,,,,,,,0,0,espn-401872958.json
3,401872958,2026-09-27T20:05Z,ARI,SF,away,4361272,00-0038782,Eku Leota,54,,,,,,,,,,,,,,,,,,,,,3,0,0,0,0,0,0,,,,,,,,,,,,,,,,,,0,0,espn-401872958.json
3,401872958,2026-09-27T20:05Z,ARI,SF,away,4432668,00-0040195,Denzel Burke,29,,,,,,,,,,,,,,,,,,,,,2,2,0,0,2,0,0,,,,,,,,,,,,,,,,,,0,0,espn-401872958.json
3,401872958,2026-09-27T20:05Z,ARI,SF,away,4241987,00-0036995,Baron Browning,5,,,,,,,,,,,,,,,,,,,,,2,1,0,1,0,1,0,,,,,,,,,,,,,,,,,,0,0,espn-401872958.json
3,401872958,2026-09-27T20:05Z,ARI,SF,away,5099542,00-0041370,Wydett Williams Jr.,31,,,,,,,,,,,,,,,,,,,,,2,1,0,0,0,0,0,,,,,,,,,,,,,,,,,,0,0,espn-401872958.json
3,401872958,2026-09-27T20:05Z,ARI,SF,away,4429071,00-0040645,Cody Simon,0,,,,,,,,,,,,,,,,,,,,,2,0,0,0,0,0,0,,,,,,,,,,,,,,,,,,0,0,espn-401872958.json
3,401872958,2026-09-27T20:05Z,ARI,SF,away,4362225,00-0038623,Dante Stills,55,,,,,,,,,,,,,,,,,,,,,1,0,0,0,0,0,0,,,,,,,,,,,,,,,,,,0,0,espn-401872958.json
3,401872958,2026-09-27T20:05Z,ARI,SF,away,4431433,00-0039239,Kalen King,35,,,,,,,,,,,,,,,,,,,,,1,0,0,0,0,0,0,,,,,,,,,,,,,,,,,,0,0,espn-401872958.json
3,401872958,2026-09-27T20:05Z,ARI,SF,away,4568506,00-0039007,Garrett Williams,21,,,,,,,,,,,,,,,,,,,,,1,0,0,0,0,0,0,,,,,,,,,,,,,,,,,,0,0,espn-401872958.json
3,401872958,2026-09-27T20:05Z,ARI,SF,away,4569480,00-0039854,Darius Robinson,56,,,,,,,,,,,,,,,,,,,,,1,0,0,0,0,0,0,,,,,,,,,,,,,,,,,,0,0,espn-401872958.json
3,401872958,2026-09-27T20:05Z,ARI,SF,away,4685503,00-0040706,Walter Nolen III,97,,,,,,,,,,,,,,,,,,,,,1,0,0,0,0,1,0,,,,,,,,,,,,,,,,,,0,0,espn-401872958.json
3,401872958,2026-09-27T20:05Z,ARI,SF,away,4709695,00-0041093,Karson Sharar,43,,,,,,,,,,,,,,,,,,,,,1,0,0,0,0,0,0,,,,,,,,,,,,,,,,,,0,0,espn-401872958.json
3,401872958,2026-09-27T20:05Z,ARI,SF,away,4039050,00-0036331,Devin Duvernay,81,,,,,,,,,,,,,,,,,,,,,,,,,,,,,,,1,29,0,2,20,0,,,,,,,,,0,0,espn-401872958.json
3,401872958,2026-09-27T20:05Z,ARI,SF,away,4363538,00-0038567,Chad Ryland,38,,,,,,,,,,,,,,,,,,,,,,,,,,,,,,,,,,,,,3,3,49,3,3,12,,,0,0,espn-401872958.json
3,401872958,2026-09-27T20:05Z,ARI,SF,away,4045180,00-0035859,Blake Gillikin,12,,,,,,,,,,,,,,,,,,,,,,,,,,,,,,,,,,,,,,,,,,,4,201,0,0,espn-401872958.json
3,401872958,2026-09-27T20:05Z,SF,ARI,home,4361741,00-0037834,Brock Purdy,13,15,27,297,4,0,0,0,85.5,133.8,2,34,0,35,,,,,,,,,,,,,,,,,,,,,,,,,,,,,,,,0,0,espn-401872958.json
3,401872958,2026-09-27T20:05Z,SF,ARI,home,3117251,00-0033280,Christian McCaffrey,23,,,,,,,,,,15,75,1,14,4,5,41,0,13,,,,,,,,,,,,,,,,,,,,,,,,,,,1,0,espn-401872958.json
3,401872958,2026-09-27T20:05Z,SF,ARI,home,4696044,00-0041052,Kaelon Black,26,,,,,,,,,,4,17,0,9,0,1,0,0,0,,,,,,,,,,,,,,,,,,,,,,,,,,,0,0,espn-401872958.json
3,401872958,2026-09-27T20:05Z,SF,ARI,home,3126486,00-0035719,Deebo Samuel Sr.,19,,,,,,,,,,2,14,0,11,0,0,80,1,80,,,,,,,,,,,,,4,79,0,,,,,,,,,,,,1,1,espn-401872958.json
3,401872958,2026-09-27T20:05Z,SF,ARI,home,3040151,00-0033288,George Kittle,85,,,,,,,,,,,,,,6,7,82,2,20,,,,,,,,,,,,,,,,,,,,,,,,,,,2,0,espn-401872958.json
3,401872958,2026-09-27T20:05Z,SF,ARI,home,4431466,00-0040172,Jordan Watkins,17,,,,,,,,,,,,,,2,2,60,0,34,,,,,,,,,,,,,,,,,,,,,,,,,,,0,0,espn-401872958.json
3,401872958,2026-09-27T20:05Z,SF,ARI,home,16737,00-0031408,Mike Evans,5,,,,,,,,,,,,,,3,6,34,1,23,,,,,,,,,,,,,,,,,,,,,,,,,,,1,0,espn-401872958.json
3,401872958,2026-09-27T20:05Z,SF,ARI,home,16002,00-0029892,Kyle Juszczyk,44,,,,,,,,,,,,,,0,2,0,0,0,,,,,,,,,,,,,,,,,,,,,,,,,,,0,0,espn-401872958.json
3,401872958,2026-09-27T20:05Z,SF,ARI,home,4040612,00-0036887,Luke Farrell,89,,,,,,,,,,,,,,0,1,0,0,0,,,1,0,0,0,0,0,0,,,,,,,,,,,,,,,,,,0,0,espn-401872958.json
3,401872958,2026-09-27T20:05Z,SF,ARI,home,4575665,00-0039365,Jacob Cowing,4,,,,,,,,,,,,,,0,2,0,0,0,,,,,,,,,,,,,,,,1,7,0,,,,,,,,,0,0,espn-401872958.json
3,401872958,2026-09-27T20:05Z,SF,ARI,home,3057524,00-0034391,Siran Neal,33,,,,,,,,,,,,,,,,,,,1,1,2,2,0,0,0,0,0,,,,,,,1,0,0,,,,,,,,,0,0,espn-401872958.json
3,401872958,2026-09-27T20:05Z,SF,ARI,home,3138826,00-0034815,Fred Warner,54,,,,,,,,,,,,,,,,,,,,,17,8,0,1,0,1,0,,,,,,,,,,,,,,,,,,0,0,espn-401872958.json
3,401872958,2026-09-27T20:05Z,SF,ARI,home,4427325,00-0039345,Renardo Green,0,,,,,,,,,,,,,,,,,,,,,13,7,0,0,1,0,0,,,,,,,,,,,,,,,,,,0,0,espn-401872958.json
3,401872958,2026-09-27T20:05Z,SF,ARI,home,3916903,00-0034982,Dre Greenlaw,57,,,,,,,,,,,,,,,,,,,,,8,3,0,0,0,0,0,,,,,,,,,,,,,,,,,,0,0,espn-401872958.json
3,401872958,2026-09-27T20:05Z,SF,ARI,home,4693644,00-0038554,Ji'Ayir Brown,27,,,,,,,,,,,,,,,,,,,,,6,2,0,0,1,0,0,,,,,,,,,,,,,,,,,,0,0,espn-401872958.json
3,401872958,2026-09-27T20:05Z,SF,ARI,home,4035686,00-0038039,Jack Jones,25,,,,,,,,,,,,,,,,,,,,,5,3,0,0,0,0,0,,,,,,,,,,,,,,,,,,0,0,espn-401872958.json
3,401872958,2026-09-27T20:05Z,SF,ARI,home,4242488,00-0036563,Deommodore Lenoir,2,,,,,,,,,,,,,,,,,,,,,5,3,0,0,1,0,0,,,,,,,,,,,,,,,,,,0,0,espn-401872958.json
3,401872958,2026-09-27T20:05Z,SF,ARI,home,4241807,00-0036844,Garret Wallow,49,,,,,,,,,,,,,,,,,,,,,4,3,0,0,0,0,0,,,,,,,,,,,,,,,,,,0,0,espn-401872958.json
3,401872958,2026-09-27T20:05Z,SF,ARI,home,4693337,00-0040185,Marques Sigle,36,,,,,,,,,,,,,,,,,,,,,4,2,0,0,0,0,0,,,,,,,,,,,,,,,,,,0,0,espn-401872958.json
3,401872958,2026-09-27T20:05Z,SF,ARI,home,4696211,00-0039360,Malik Mustapha,6,,,,,,,,,,,,,,,,,,,,,4,1,0,0,0,0,0,,,,,,,,,,,,,,,,,,0,0,espn-401872958.json
3,401872958,2026-09-27T20:05Z,SF,ARI,home,4039029,00-0036341,Khalid Kareem,47,,,,,,,,,,,,,,,,,,,,,3,3,0,0,0,0,0,,,,,,,,,,,,,,,,,,0,0,espn-401872958.json
3,401872958,2026-09-27T20:05Z,SF,ARI,home,4685369,00-0041557,Gracen Halton,93,,,,,,,,,,,,,,,,,,,,,3,2,0,1,1,0,0,,,,,,,,,,,,,,,,,,0,0,espn-401872958.json
3,401872958,2026-09-27T20:05Z,SF,ARI,home,4243493,00-0039148,Keion White,56,,,,,,,,,,,,,,,,,,,,,3,1,1,1,0,1,0,,,,,,,,,,,,,,,,,,0,0,espn-401872958.json
3,401872958,2026-09-27T20:05Z,SF,ARI,home,4775220,00-0040560,Sebastian Valdez,55,,,,,,,,,,,,,,,,,,,,,3,1,0,0,0,0,0,,,,,,,,,,,,,,,,,,0,0,espn-401872958.json
3,401872958,2026-09-27T20:05Z,SF,ARI,home,3047876,00-0034854,KhaDarel Hodge,86,,,,,,,,,,,,,,,,,,,,,2,2,0,0,0,0,0,,,,,,,,,,,,,,,,,,0,0,espn-401872958.json
3,401872958,2026-09-27T20:05Z,SF,ARI,home,4360290,00-0038643,Brayden Willis,9,,,,,,,,,,,,,,,,,,,,,2,0,0,0,0,0,0,,,,,,,,,,,,,,,,,,0,0,espn-401872958.json
3,401872958,2026-09-27T20:05Z,SF,ARI,home,4565200,00-0040152,Upton Stout,20,,,,,,,,,,,,,,,,,,,,,2,0,0,0,0,0,0,,,,,,,,,,,,,,,,,,0,0,espn-401872958.json
3,401872958,2026-09-27T20:05Z,SF,ARI,home,3052667,00-0034807,Ogbo Okoronkwo,59,,,,,,,,,,,,,,,,,,,,,1,1,1,0,0,2,0,,,,,,,,,,,,,,,,,,0,0,espn-401872958.json
3,401872958,2026-09-27T20:05Z,SF,ARI,home,3116097,00-0035413,Luke Gifford,51,,,,,,,,,,,,,,,,,,,,,1,1,0,0,0,0,0,,,,,,,,,,,,,,,,,,0,0,espn-401872958.json
3,401872958,2026-09-27T20:05Z,SF,ARI,home,5086161,00-0041078,Jaden Dugger,53,,,,,,,,,,,,,,,,,,,,,1,1,0,0,0,0,0,,,,,,,,,,,,,,,,,,0,0,espn-401872958.json
3,401872958,2026-09-27T20:05Z,SF,ARI,home,3858271,00-0036329,Ashtyn Davis,24,,,,,,,,,,,,,,,,,,,,,1,0,0,0,0,0,0,,,,,,,,,,,,,,,,,,0,0,espn-401872958.json
3,401872958,2026-09-27T20:05Z,SF,ARI,home,3929641,00-0035026,Kevin Givens,90,,,,,,,,,,,,,,,,,,,,,1,0,0,0,0,1,0,,,,,,,,,,,,,,,,,,0,0,espn-401872958.json
3,401872958,2026-09-27T20:05Z,SF,ARI,home,4035840,00-0036942,Osa Odighizuwa,92,,,,,,,,,,,,,,,,,,,,,1,0,0,0,1,0,0,,,,,,,,,,,,,,,,,,0,0,espn-401872958.json
3,401872958,2026-09-27T20:05Z,SF,ARI,home,4046716,00-0036695,Naquan Jones,50,,,,,,,,,,,,,,,,,,,,,1,0,0,0,0,0,0,,,,,,,,,,,,,,,,,,0,0,espn-401872958.json
3,401872958,2026-09-27T20:05Z,SF,ARI,home,4034949,00-0034173,Eddy Pineiro,18,,,,,,,,,,,,,,,,,,,,,,,,,,,,,,,,,,,,,1,1,57,3,5,6,,,0,0,espn-401872958.json
3,401872958,2026-09-27T20:05Z,SF,ARI,home,3125280,00-0035821,Corliss Waitman,15,,,,,,,,,,,,,,,,,,,,,,,,,,,,,,,,,,,,,,,,,,,3,145,0,0,espn-401872958.json
3,401872959,2026-09-27T20:05Z,MIN,TB,away,3917315,00-0035228,Kyler Murray,1,15,29,168,1,1,3,16,25.4,66.5,2,17,0,12,,,,,,,,,,,,,,,,,,,,,,,,,,,,,,,,0,0,espn-401872959.json
3,401872959,2026-09-27T20:05Z,MIN,TB,away,3042519,00-0033293,Aaron Jones Sr.,33,,,,,,,,,,17,58,0,14,5,6,34,0,12,,,,,,,,,,,,,,,,,,,,,,,,,,,0,0,espn-401872959.json
3,401872959,2026-09-27T20:05Z,MIN,TB,away,4240631,00-0036425,DeeJay Dallas,31,,,,,,,,,,1,2,0,2,,,,,,,,,,,,,,,,,,,,,,,,,,,,,,,,0,0,espn-401872959.json
3,401872959,2026-09-27T20:05Z,MIN,TB,away,4832846,00-0041104,Demond Claiborne,21,,,,,,,,,,3,1,0,3,,,,,,,,,,,,,,,,,,,,,,,,,,,,,,,,0,0,espn-401872959.json
3,401872959,2026-09-27T20:05Z,MIN,TB,away,4429205,00-0038994,Jordan Addison,3,,,,,,,,,,,,,,5,9,90,1,41,,,,,,,,,,,,,,,,,,,,,,,,,,,1,0,espn-401872959.json
3,401872959,2026-09-27T20:05Z,MIN,TB,away,4262921,00-0036322,Justin Jefferson,18,,,,,,,,,,,,,,2,2,32,0,22,,,,,,,,,,,,,,,,,,,,,,,,,,,0,0,espn-401872959.json
3,401872959,2026-09-27T20:05Z,MIN,TB,away,4036133,00-0035229,T.J. Hockenson,87,,,,,,,,,,,,,,2,4,11,0,6,,,,,,,,,,,,,,,,,,,,,,,,,,,0,0,espn-401872959.json
3,401872959,2026-09-27T20:05Z,MIN,TB,away,3886598,00-0036259,Jauan Jennings,14,,,,,,,,,,,,,,1,2,1,0,1,,,,,,,,,,,,,,,,,,,,,,,,,,,0,0,espn-401872959.json
3,401872959,2026-09-27T20:05Z,MIN,TB,away,4565185,00-0040154,Tai Felton,13,,,,,,,,,,,,,,0,2,0,0,0,,,,,,,,,,,,,,,,,,,,,,,,,,,0,0,espn-401872959.json
3,401872959,2026-09-27T20:05Z,MIN,TB,away,3056916,00-0033336,Eric Wilson,55,,,,,,,,,,,,,,,,,,,,,10,6,1.5,2,1,2,0,,,,,,,,,,,,,,,,,,0,0,espn-401872959.json
3,401872959,2026-09-27T20:05Z,MIN,TB,away,4046537,,Joshua Metellus,44,,,,,,,,,,,,,,,,,,,,,9,4,0.5,0,1,1,0,,,,,,,,,,,,,,,,,,0,0,espn-401872959.json
3,401872959,2026-09-27T20:05Z,MIN,TB,away,4259252,00-0035795,James Pierre,23,,,,,,,,,,,,,,,,,,,,,8,5,0,0,0,0,0,,,,,,,,,,,,,,,,,,0,0,espn-401872959.json
3,401872959,2026-09-27T20:05Z,MIN,TB,away,3728281,00-0035276,Blake Cashman,51,,,,,,,,,,,,,,,,,,,,,8,3,1,1,1,2,0,,,,,,,,,,,,,,,,,,0,0,espn-401872959.json
3,401872959,2026-09-27T20:05Z,MIN,TB,away,4044540,00-0036222,Isaiah Rodgers,2,,,,,,,,,,,,,,,,,,,,,6,2,0,0,1,0,0,1,0,0,,,,,,,,,,,,,,,0,0,espn-401872959.json
3,401872959,2026-09-27T20:05Z,MIN,TB,away,16772,00-0031360,Kyle Van Noy,17,,,,,,,,,,,,,,,,,,,,,5,3,1.5,3,0,2,0,,,,,,,,,,,,,,,,,,0,0,espn-401872959.json
3,401872959,2026-09-27T20:05Z,MIN,TB,away,4565190,00-0039924,Dallas Turner,15,,,,,,,,,,,,,,,,,,,,,3,2,0.5,0,0,1,0,,,,,,,,,,,,,,,,,,0,0,espn-401872959.json
3,401872959,2026-09-27T20:05Z,MIN,TB,away,4629149,00-0040173,Tyrion Ingram-Dawkins,90,,,,,,,,,,,,,,,,,,,,,3,2,0,0,1,0,0,,,,,,,,,,,,,,,,,,0,0,espn-401872959.json
3,401872959,2026-09-27T20:05Z,MIN,TB,away,3133487,00-0035272,Andrew Van Ginkel,43,,,,,,,,,,,,,,,,,,,,,3,0,0.5,0,1,2,0,1,0,0,,,,,,,,,,,,,,,0,0,espn-401872959.json
3,401872959,2026-09-27T20:05Z,MIN,TB,away,4430280,00-0038807,Ivan Pace Jr.,0,,,,,,,,,,,,,,,,,,,,,3,0,0.5,0,0,2,0,,,,,,,,,,,,,,,,,,0,0,espn-401872959.json
3,401872959,2026-09-27T20:05Z,MIN,TB,away,4242436,00-0037301,Theo Jackson,26,,,,,,,,,,,,,,,,,,,,,2,1,0,0,0,0,0,,,,,,,,,,,,,,,,,,0,0,espn-401872959.json
3,401872959,2026-09-27T20:05Z,MIN,TB,away,4431520,00-0040496,Chaz Chambliss,32,,,,,,,,,,,,,,,,,,,,,2,1,0,0,0,0,0,,,,,,,,,,,,,,,,,,0,0,espn-401872959.json
3,401872959,2026-09-27T20:05Z,MIN,TB,away,4877652,00-0041495,Jake Golday,41,,,,,,,,,,,,,,,,,,,,,2,1,0,0,0,0,0,,,,,,,,,,,,,,,,,,0,0,espn-401872959.json
3,401872959,2026-09-27T20:05Z,MIN,TB,away,14945,00-0029606,Harrison Smith,22,,,,,,,,,,,,,,,,,,,,,1,1,0,0,0,0,0,,,,,,,,,,,,,,,,,,0,0,espn-401872959.json
3,401872959,2026-09-27T20:05Z,MIN,TB,away,3930270,00-0036347,Blake Brandel,64,,,,,,,,,,,,,,,,,,,,,1,1,0,0,0,0,0,,,,,,,,,,,,,,,,,,0,0,espn-401872959.json
3,401872959,2026-09-27T20:05Z,MIN,TB,away,4360277,00-0038778,Jalen Redmond,61,,,,,,,,,,,,,,,,,,,,,1,1,0,0,1,0,0,,,,,,,,,,,,,,,,,,0,0,espn-401872959.json
3,401872959,2026-09-27T20:05Z,MIN,TB,away,4878695,00-0041081,Max Bredeson,45,,,,,,,,,,,,,,,,,,,,,1,1,0,0,0,0,0,,,,,,,,,,,,,,,,,,0,0,espn-401872959.json
3,401872959,2026-09-27T20:05Z,MIN,TB,away,4038999,00-0035236,Byron Murphy Jr.,7,,,,,,,,,,,,,,,,,,,,,1,0,0,0,0,0,0,,,,,,,,,,,,,,,,,,0,0,espn-401872959.json
3,401872959,2026-09-27T20:05Z,MIN,TB,away,4602019,00-0041033,Caleb Banks,95,,,,,,,,,,,,,,,,,,,,,1,0,0,0,0,0,0,,,,,,,,,,,,,,,,,,0,0,espn-401872959.json
3,401872959,2026-09-27T20:05Z,MIN,TB,away,4875564,00-0039718,Bo Richter,98,,,,,,,,,,,,,,,,,,,,,1,0,0,0,0,0,0,,,,,,,,,,,,,,,,,,0,0,espn-401872959.json
3,401872959,2026-09-27T20:05Z,MIN,TB,away,5082397,00-0041354,Jacob Thomas,29,,,,,,,,,,,,,,,,,,,,,1,0,0,0,0,0,0,,,,,,,,,,,,,,,,,,0,0,espn-401872959.json
3,401872959,2026-09-27T20:05Z,MIN,TB,away,5093973,00-0039421,Levi Drake Rodriguez,50,,,,,,,,,,,,,,,,,,,,,1,0,0,0,0,0,0,,,,,,,,,,,,,,,,,,0,0,espn-401872959.json
3,401872959,2026-09-27T20:05Z,MIN,TB,away,4430656,00-0040506,Myles Price,4,,,,,,,,,,,,,,,,,,,,,,,,,,,,,,,5,132,0,4,106,1,,,,,,,,,1,1,espn-401872959.json
3,401872959,2026-09-27T20:05Z,MIN,TB,away,4567104,00-0039404,Will Reichard,16,,,,,,,,,,,,,,,,,,,,,,,,,,,,,,,,,,,,,3,3,56,2,2,11,,,0,0,espn-401872959.json
3,401872959,2026-09-27T20:05Z,MIN,TB,away,15153,00-0028872,Johnny Hekker,6,,,,,,,,,,,,,,,,,,,,,,,,,,,,,,,,,,,,,,,,,,,8,372,0,0,espn-401872959.json
3,401872959,2026-09-27T20:05Z,TB,MIN,home,3052587,00-0034855,Baker Mayfield,6,17,34,217,1,1,6,31,17.0,67.9,2,6,0,4,,,,,,,,,,,,,,,,,,,,,,,,,,,,,,,,0,0,espn-401872959.json
3,401872959,2026-09-27T20:05Z,TB,MIN,home,4596472,00-0041251,Jalon Daniels,10,0,3,0,0,1,0,0,28.9,0.0,1,9,0,9,,,,,,,,,,,,,,,,,,,,,,,,,,,,,,,,0,0,espn-401872959.json
3,401872959,2026-09-27T20:05Z,TB,MIN,home,4596448,00-0039361,Bucky Irving,7,,,,,,,,,,15,46,0,8,2,4,12,0,8,,,,,,,,,,,,,,,,,,,,,,,,,,,0,0,espn-401872959.json
3,401872959,2026-09-27T20:05Z,TB,MIN,home,4371733,00-0036919,Kenny Gainwell,1,,,,,,,,,,3,-4,0,6,2,5,14,0,13,,,1,1,0,0,0,0,0,,,,6,160,0,,,,,,,,,,,,0,0,espn-401872959.json
3,401872959,2026-09-27T20:05Z,TB,MIN,home,4567750,00-0040129,Emeka Egbuka,2,,,,,,,,,,,,,,5,9,62,0,21,,,,,,,,,,,,,,,,,,,,,,,,,,,0,0,espn-401872959.json
3,401872959,2026-09-27T20:05Z,TB,MIN,home,4243331,00-0038129,Cade Otton,88,,,,,,,,,,,,,,3,6,56,0,37,,,,,,,,,,,,,,,,,,,,,,,,,,,0,0,espn-401872959.json
3,401872959,2026-09-27T20:05Z,TB,MIN,home,5220680,00-0041048,Ted Hurst III,17,,,,,,,,,,,,,,1,4,40,1,40,,,1,1,0,0,0,0,0,,,,,,,,,,,,,,,,,,1,0,espn-401872959.json
3,401872959,2026-09-27T20:05Z,TB,MIN,home,3116165,00-0033921,Chris Godwin Jr.,14,,,,,,,,,,,,,,3,4,25,0,13,,,,,,,,,,,,,,,,,,,,,,,,,,,0,0,espn-401872959.json
3,401872959,2026-09-27T20:05Z,TB,MIN,home,4608810,00-0040237,Tez Johnson,15,,,,,,,,,,,,,,1,2,8,0,8,,,,,,,,,,,,,,,,3,40,0,,,,,,,,,0,0,espn-401872959.json
3,401872959,2026-09-27T20:05Z,TB,MIN,home,4372505,00-0039050,Payne Durham,87,,,,,,,,,,,,,,0,1,0,0,0,,,,,,,,,,,,,,,,,,,,,,,,,,,0,0,espn-401872959.json
3,401872959,2026-09-27T20:05Z,TB,MIN,home,4430834,00-0039855,Jalen McMillan,11,,,,,,,,,,,,,,0,1,0,0,0,,,,,,,,,,,,,,,,,,,,,,,,,,,0,0,espn-401872959.json
3,401872959,2026-09-27T20:05Z,TB,MIN,home,4912847,00-0040143,Jacob Parrish,25,,,,,,,,,,,,,,,,,,,,,5,4,0,0,0,0,0,,,,,,,,,,,,,,,,,,0,0,espn-401872959.json
3,401872959,2026-09-27T20:05Z,TB,MIN,home,5093694,00-0041057,Keionte Scott,22,,,,,,,,,,,,,,,,,,,,,5,4,0,0,1,0,0,,,,,,,,,,,,,,,,,,0,0,espn-401872959.json
3,401872959,2026-09-27T20:05Z,TB,MIN,home,4428522,00-0039846,Tykee Smith,23,,,,,,,,,,,,,,,,,,,,,5,3,0,0,0,0,0,,,,,,,,,,,,,,,,,,0,0,espn-401872959.json
3,401872959,2026-09-27T20:05Z,TB,MIN,home,3043107,00-0033914,Alex Anzalone,34,,,,,,,,,,,,,,,,,,,,,5,2,1,1,0,1,0,,,,,,,,,,,,,,,,,,0,0,espn-401872959.json
3,401872959,2026-09-27T20:05Z,TB,MIN,home,4034790,00-0036411,Antoine Winfield Jr.,31,,,,,,,,,,,,,,,,,,,,,5,1,0,0,0,0,0,,,,,,,,,,,,,,,,,,0,0,espn-401872959.json
3,401872959,2026-09-27T20:05Z,TB,MIN,home,3134362,00-0034773,Vita Vea,50,,,,,,,,,,,,,,,,,,,,,4,1,0,0,2,1,0,,,,,,,,,,,,,,,,,,0,0,espn-401872959.json
3,401872959,2026-09-27T20:05Z,TB,MIN,home,4429511,00-0039049,SirVocea Dennis,8,,,,,,,,,,,,,,,,,,,,,4,1,0,0,0,0,0,,,,,,,,,,,,,,,,,,0,0,espn-401872959.json
3,401872959,2026-09-27T20:05Z,TB,MIN,home,5085355,00-0040158,David Walker,51,,,,,,,,,,,,,,,,,,,,,3,2,1,2,0,1,0,,,,,,,,,,,,,,,,,,0,0,espn-401872959.json
3,401872959,2026-09-27T20:05Z,TB,MIN,home,3909013,00-0035942,Christian Rozeboom,52,,,,,,,,,,,,,,,,,,,,,3,1,0,0,0,0,0,,,,,,,,,,,,,,,,,,0,0,espn-401872959.json
3,401872959,2026-09-27T20:05Z,TB,MIN,home,3054857,00-0032889,A'Shawn Robinson,91,,,,,,,,,,,,,,,,,,,,,3,0,0,0,1,0,0,1,0,0,,,,,,,,,,,,,,,0,0,espn-401872959.json
3,401872959,2026-09-27T20:05Z,TB,MIN,home,4427673,00-0039063,Calijah Kancey,94,,,,,,,,,,,,,,,,,,,,,2,2,0,0,0,0,0,,,,,,,,,,,,,,,,,,0,0,espn-401872959.json
3,401872959,2026-09-27T20:05Z,TB,MIN,home,4430478,00-0040384,Elijah Simmons,92,,,,,,,,,,,,,,,,,,,,,2,2,0,1,0,0,0,,,,,,,,,,,,,,,,,,0,0,espn-401872959.json
3,401872959,2026-09-27T20:05Z,TB,MIN,home,4686334,00-0039068,Yaya Diaby,0,,,,,,,,,,,,,,,,,,,,,2,2,0,0,0,0,0,,,,,,,,,,,,,,,,,,0,0,espn-401872959.json
3,401872959,2026-09-27T20:05Z,TB,MIN,home,4690795,00-0040183,Elijah Roberts,95,,,,,,,,,,,,,,,,,,,,,2,2,0,1,0,0,0,,,,,,,,,,,,,,,,,,0,0,espn-401872959.json
3,401872959,2026-09-27T20:05Z,TB,MIN,home,2575164,00-0032399,Miles Killebrew,29,,,,,,,,,,,,,,,,,,,,,2,1,0,0,0,0,0,,,,,,,,,,,,,,,,,,0,0,espn-401872959.json
3,401872959,2026-09-27T20:05Z,TB,MIN,home,3051942,00-0033964,Al-Quadin Muhammad,97,,,,,,,,,,,,,,,,,,,,,2,1,0,0,0,0,0,,,,,,,,,,,,,,,,,,0,0,espn-401872959.json
3,401872959,2026-09-27T20:05Z,TB,MIN,home,3894856,00-0035254,Anthony Nelson,98,,,,,,,,,,,,,,,,,,,,,1,1,1,1,0,1,0,,,,,,,,,,,,,,,,,,0,0,espn-401872959.json
3,401872959,2026-09-27T20:05Z,TB,MIN,home,4240401,00-0036993,Ifeatu Melifonwu,5,,,,,,,,,,,,,,,,,,,,,1,1,0,0,0,0,0,,,,,,,,,,,,,,,,,,0,0,espn-401872959.json
3,401872959,2026-09-27T20:05Z,TB,MIN,home,4250392,00-0037268,Zyon McCollum,27,,,,,,,,,,,,,,,,,,,,,1,1,0,0,2,0,0,,,,,,,,,,,,,,,,,,0,0,espn-401872959.json
3,401872959,2026-09-27T20:05Z,TB,MIN,home,4890373,00-0041094,Bauer Sharp,84,,,,,,,,,,,,,,,,,,,,,1,1,0,0,0,0,0,,,,,,,,,,,,,,,,,,0,0,espn-401872959.json
3,401872959,2026-09-27T20:05Z,TB,MIN,home,5097554,00-0039589,Kameron Johnson,19,,,,,,,,,,,,,,,,,,,,,1,1,0,0,0,0,0,,,,,,,,,,,,,,,,,,0,0,espn-401872959.json
3,401872959,2026-09-27T20:05Z,TB,MIN,home,4034779,00-0037311,Ko Kieft,41,,,,,,,,,,,,,,,,,,,,,1,0,0,0,0,0,0,,,,,,,,,,,,,,,,,,0,0,espn-401872959.json
3,401872959,2026-09-27T20:05Z,TB,MIN,home,3150744,00-0035358,Chase McLaughlin,4,,,,,,,,,,,,,,,,,,,,,,,,,,,,,,,,,,,,,3,3,54,1,1,10,,,0,0,espn-401872959.json
3,401872959,2026-09-27T20:05Z,TB,MIN,home,2577619,00-0032943,Riley Dixon,9,,,,,,,,,,,,,,,,,,,,,,,,,,,,,,,,,,,,,,,,,,,9,426,0,0,espn-401872959.json
3,401872960,2026-09-27T20:25Z,BAL,DAL,away,3916387,00-0034796,Lamar Jackson,8,15,20,186,2,0,0,0,94.0,136.7,6,50,0,21,,,,,,,,,,,,,,,,,,,,,,,,,,,,,,,,0,0,espn-401872960.json
3,401872960,2026-09-27T20:25Z,BAL,DAL,away,3043078,00-0032764,Derrick Henry,22,,,,,,,,,,26,89,2,29,1,1,0,0,0,,,,,,,,,,,,,,,,,,,,,,,,,,,2,0,espn-401872960.json
3,401872960,2026-09-27T20:25Z,BAL,DAL,away,4038441,00-0034975,Justice Hill,43,,,,,,,,,,5,33,0,11,,,,,,,,,,,,,,,,,,,,,,,,,,,,,,,,0,0,espn-401872960.json
3,401872960,2026-09-27T20:25Z,BAL,DAL,away,4429615,00-0039064,Zay Flowers,4,,,,,,,,,,1,20,0,20,5,6,84,0,27,,,,,,,,,,,,,,,,,,,,,,,,,,,0,0,espn-401872960.json
3,401872960,2026-09-27T20:25Z,BAL,DAL,away,4360939,00-0036550,Rashod Bateman,7,,,,,,,,,,,,,,2,3,37,0,31,,,,,,,,,,,,,,,,,,,,,,,,,,,0,0,espn-401872960.json
3,401872960,2026-09-27T20:25Z,BAL,DAL,away,3116365,00-0034753,Mark Andrews,89,,,,,,,,,,,,,,3,5,24,0,10,,,,,,,,,,,,,,,,,,,,,,,,,,,0,0,espn-401872960.json
3,401872960,2026-09-27T20:25Z,BAL,DAL,away,4432260,00-0040879,Matthew Hibner,88,,,,,,,,,,,,,,2,2,23,1,21,,,,,,,,,,,,,,,,,,,,,,,,,,,1,0,espn-401872960.json
3,401872960,2026-09-27T20:25Z,BAL,DAL,away,4876132,00-0040887,Josh Cuevas,85,,,,,,,,,,,,,,1,1,14,0,14,,,,,,,,,,,,,,,,,,,,,,,,,,,0,0,espn-401872960.json
3,401872960,2026-09-27T20:25Z,BAL,DAL,away,2576581,00-0032398,Chris Moore,17,,,,,,,,,,,,,,1,1,4,1,4,,,,,,,,,,,,,,,,,,,,,,,,,,,1,0,espn-401872960.json
3,401872960,2026-09-27T20:25Z,BAL,DAL,away,4696882,00-0039792,Devontez Walker,81,,,,,,,,,,,,,,0,1,0,0,0,,,,,,,,,,,,,,,,,,,,,,,,,,,0,0,espn-401872960.json
3,401872960,2026-09-27T20:25Z,BAL,DAL,away,4430831,00-0038504,Trenton Simpson,32,,,,,,,,,,,,,,,,,,,0,0,7,5,0,2,0,0,0,,,,,,,,,,,,,,,,,,0,0,espn-401872960.json
3,401872960,2026-09-27T20:25Z,BAL,DAL,away,3915189,00-0034874,Roquan Smith,0,,,,,,,,,,,,,,,,,,,,,9,3,1,1,0,1,0,,,,,,,,,,,,,,,,,,0,0,espn-401872960.json
3,401872960,2026-09-27T20:25Z,BAL,DAL,away,3858276,00-0036302,Jaylinn Hawkins,21,,,,,,,,,,,,,,,,,,,,,8,5,0,0,0,0,0,,,,,,,,,,,,,,,,,,0,0,espn-401872960.json
3,401872960,2026-09-27T20:25Z,BAL,DAL,away,4575517,00-0038038,Kyle Hamilton,14,,,,,,,,,,,,,,,,,,,,,8,4,0,1,2,0,0,,,,,,,,,,,,,,,,,,0,0,espn-401872960.json
3,401872960,2026-09-27T20:25Z,BAL,DAL,away,3126356,00-0033281,Marlon Humphrey,44,,,,,,,,,,,,,,,,,,,,,6,5,0,0,1,0,0,,,,,,,,,,,,,,,,,,0,0,espn-401872960.json
3,401872960,2026-09-27T20:25Z,BAL,DAL,away,4685530,00-0040688,Malaki Starks,24,,,,,,,,,,,,,,,,,,,,,6,4,0,0,0,0,0,,,,,,,,,,,,,,,,,,0,0,espn-401872960.json
3,401872960,2026-09-27T20:25Z,BAL,DAL,away,4601278,00-0039232,Nate Wiggins,2,,,,,,,,,,,,,,,,,,,,,4,3,0,0,1,0,0,,,,,,,,,,,,,,,,,,0,0,espn-401872960.json
3,401872960,2026-09-27T20:25Z,BAL,DAL,away,4362139,00-0037756,Travis Jones,98,,,,,,,,,,,,,,,,,,,,,3,2,0,2,0,0,0,,,,,,,,,,,,,,,,,,0,0,espn-401872960.json
3,401872960,2026-09-27T20:25Z,BAL,DAL,away,4683188,00-0040722,Mike Green,15,,,,,,,,,,,,,,,,,,,,,3,2,0,0,0,0,0,,,,,,,,,,,,,,,,,,0,0,espn-401872960.json
3,401872960,2026-09-27T20:25Z,BAL,DAL,away,4035245,00-0036130,Nnamdi Madubuike,92,,,,,,,,,,,,,,,,,,,,,3,1,0,0,0,0,0,,,,,,,,,,,,,,,,,,0,0,espn-401872960.json
3,401872960,2026-09-27T20:25Z,BAL,DAL,away,4839501,00-0041494,Zion Young,9,,,,,,,,,,,,,,,,,,,,,3,1,0,0,0,0,0,,,,,,,,,,,,,,,,,,0,0,espn-401872960.json
3,401872960,2026-09-27T20:25Z,BAL,DAL,away,11284,00-0026190,Calais Campbell,93,,,,,,,,,,,,,,,,,,,,,3,0,0,0,0,3,0,,,,,,,,,,,,,,,,,,0,0,espn-401872960.json
3,401872960,2026-09-27T20:25Z,BAL,DAL,away,4690179,00-0038505,Tavius Robinson,95,,,,,,,,,,,,,,,,,,,,,2,1,0,0,1,1,0,,,,,,,,,,,,,,,,,,0,0,espn-401872960.json
3,401872960,2026-09-27T20:25Z,BAL,DAL,away,4702918,00-0040885,Chandler Rivers,29,,,,,,,,,,,,,,,,,,,,,2,1,0,0,0,0,0,,,,,,,,,,,,,,,,,,0,0,espn-401872960.json
3,401872960,2026-09-27T20:25Z,BAL,DAL,away,3052101,00-0033548,Chidobe Awuzie,3,,,,,,,,,,,,,,,,,,,,,1,1,0,0,0,0,0,,,,,,,,,,,,,,,,,,0,0,espn-401872960.json
3,401872960,2026-09-27T20:25Z,BAL,DAL,away,3915184,00-0035408,Nick Moore,46,,,,,,,,,,,,,,,,,,,,,1,1,0,0,0,0,0,,,,,,,,,,,,,,,,,,0,0,espn-401872960.json
3,401872960,2026-09-27T20:25Z,BAL,DAL,away,4565350,00-0040100,Jay Higgins IV,49,,,,,,,,,,,,,,,,,,,,,1,1,0,0,0,0,0,,,,,,,,,,,,,,,,,,0,0,espn-401872960.json
3,401872960,2026-09-27T20:25Z,BAL,DAL,away,4878287,00-0040104,Keondre Jackson,39,,,,,,,,,,,,,,,,,,,,,1,1,0,0,0,0,0,,,,,,,,,,,,,,,,,,0,0,espn-401872960.json
3,401872960,2026-09-27T20:25Z,BAL,DAL,away,15846,00-0030070,John Jenkins,94,,,,,,,,,,,,,,,,,,,,,1,0,0,0,0,0,0,,,,,,,,,,,,,,,,,,0,0,espn-401872960.json
3,401872960,2026-09-27T20:25Z,BAL,DAL,away,3052743,00-0033935,Trey Hendrickson,91,,,,,,,,,,,,,,,,,,,,,0,0,0,0,0,2,0,,,,,,,,,,,,,,,,,,0,0,espn-401872960.json
3,401872960,2026-09-27T20:25Z,BAL,DAL,away,4690143,00-0040075,LaJohntay Wester,10,,,,,,,,,,,,,,,,,,,,,,,,,,,,,,,2,23,0,1,24,0,,,,,,,,,0,0,espn-401872960.json
3,401872960,2026-09-27T20:25Z,BAL,DAL,away,4690013,00-0039796,Rasheen Ali,26,,,,,,,,,,,,,,,,,,,,,,,,,,,,,,,1,16,0,,,,,,,,,,,,0,0,espn-401872960.json
3,401872960,2026-09-27T20:25Z,BAL,DAL,away,4697745,00-0040074,Tyler Loop,33,,,,,,,,,,,,,,,,,,,,,,,,,,,,,,,,,,,,,2,2,56,4,4,10,,,0,0,espn-401872960.json
3,401872960,2026-09-27T20:25Z,BAL,DAL,away,5084956,00-0040898,Ryan Eckley,30,,,,,,,,,,,,,,,,,,,,,,,,,,,,,,,,,,,,,,,,,,,3,149,0,0,espn-401872960.json
3,401872960,2026-09-27T20:25Z,DAL,BAL,home,2577417,00-0033077,Dak Prescott,4,25,40,276,1,0,1,9,63.6,91.2,4,19,0,7,,,,,,,,,,,,,,,,,,,,,,,,,,,,,,,,0,0,espn-401872960.json
3,401872960,2026-09-27T20:25Z,DAL,BAL,home,4361579,00-0036997,Javonte Williams,33,,,,,,,,,,19,98,1,22,2,3,5,0,3,1,0,,,,,,,,,,,,,,,,,,,,,,,,,1,1,espn-401872960.json
3,401872960,2026-09-27T20:25Z,DAL,BAL,home,4429676,00-0037120,Tyler Goodson,32,,,,,,,,,,6,22,0,10,1,1,-5,0,-5,,,,,,,,,,,,,,,,,,,,,,,,,,,0,0,espn-401872960.json
3,401872960,2026-09-27T20:25Z,DAL,BAL,home,3676833,00-0037801,KaVontae Turpin,9,,,,,,,,,,1,9,1,9,1,2,9,0,9,,,,,,,,,,,,,1,31,0,3,34,0,,,,,,,,,1,0,espn-401872960.json
3,401872960,2026-09-27T20:25Z,DAL,BAL,home,4241389,00-0036358,CeeDee Lamb,88,,,,,,,,,,,,,,7,8,112,0,49,,,,,,,,,,,,,,,,,,,,,,,,,,,0,0,espn-401872960.json
3,401872960,2026-09-27T20:25Z,DAL,BAL,home,4426354,00-0037247,George Pickens,3,,,,,,,,,,,,,,7,11,82,0,19,,,,,,,,,,,,,,,,,,,,,,,,,,,0,0,espn-401872960.json
3,401872960,2026-09-27T20:25Z,DAL,BAL,home,4242355,00-0038041,Jake Ferguson,87,,,,,,,,,,,,,,3,5,23,1,19,1,1,,,,,,,,,,,,,,,,,,,,,,,,,1,0,espn-401872960.json
3,401872960,2026-09-27T20:25Z,DAL,BAL,home,5083754,00-0039410,Ryan Flournoy,19,,,,,,,,,,,,,,2,8,22,0,13,,,,,,,,,,,,,,,,,,,,,,,,,,,0,0,espn-401872960.json
3,401872960,2026-09-27T20:25Z,DAL,BAL,home,4360967,00-0039530,Brevyn Spann-Ford,89,,,,,,,,,,,,,,1,1,19,0,19,,,2,0,0,0,0,0,0,,,,,,,,,,,,,,,,,,0,0,espn-401872960.json
3,401872960,2026-09-27T20:25Z,DAL,BAL,home,4372096,00-0038547,Luke Schoonmaker,86,,,,,,,,,,,,,,1,1,9,0,9,,,,,,,,,,,,,,,,,,,,,,,,,,,0,0,espn-401872960.json
3,401872960,2026-09-27T20:25Z,DAL,BAL,home,4241921,00-0037561,Markquese Bell,14,,,,,,,,,,,,,,,,,,,,,8,5,0,0,0,0,0,,,,,,,,,,,,,,,,,,0,0,espn-401872960.json
3,401872960,2026-09-27T20:25Z,DAL,BAL,home,4428914,00-0038625,Dee Winters,53,,,,,,,,,,,,,,,,,,,,,7,4,0,0,0,0,0,,,,,,,,,,,,,,,,,,0,0,espn-401872960.json
3,401872960,2026-09-27T20:25Z,DAL,BAL,home,4685266,00-0040872,Jaishawn Barham,55,,,,,,,,,,,,,,,,,,,,,7,4,0,2,0,0,0,,,,,,,,,,,,,,,,,,0,0,espn-401872960.json
3,401872960,2026-09-27T20:25Z,DAL,BAL,home,4367210,00-0037270,Otito Ogbonnia,91,,,,,,,,,,,,,,,,,,,,,6,5,0,0,0,1,0,,,,,,,,,,,,,,,,,,0,0,espn-401872960.json
3,401872960,2026-09-27T20:25Z,DAL,BAL,home,5095865,00-0040008,Shavon Revel Jr.,28,,,,,,,,,,,,,,,,,,,,,5,3,0,0,0,0,0,,,,,,,,,,,,,,,,,,0,0,espn-401872960.json
3,401872960,2026-09-27T20:25Z,DAL,BAL,home,4683848,00-0040725,Donovan Ezeiruaku,6,,,,,,,,,,,,,,,,,,,,,4,3,0,0,0,0,0,,,,,,,,,,,,,,,,,,0,0,espn-401872960.json
3,401872960,2026-09-27T20:25Z,DAL,BAL,home,4870706,00-0040865,Caleb Downs,13,,,,,,,,,,,,,,,,,,,,,3,3,0,0,0,0,0,,,,,,,,,,,,,,,,,,0,0,espn-401872960.json
3,401872960,2026-09-27T20:25Z,DAL,BAL,home,4043089,00-0035705,Jalen Thompson,34,,,,,,,,,,,,,,,,,,,,,3,2,0,0,0,0,0,,,,,,,,,,,,,,,,,,0,0,espn-401872960.json
3,401872960,2026-09-27T20:25Z,DAL,BAL,home,4710067,00-0041537,Malachi Lawrence,57,,,,,,,,,,,,,,,,,,,,,3,1,0,0,0,0,0,,,,,,,,,,,,,,,,,,0,0,espn-401872960.json
3,401872960,2026-09-27T20:25Z,DAL,BAL,home,4040982,00-0035718,Quinnen Williams,92,,,,,,,,,,,,,,,,,,,,,2,2,0,1,0,0,0,,,,,,,,,,,,,,,,,,0,0,espn-401872960.json
3,401872960,2026-09-27T20:25Z,DAL,BAL,home,4595352,00-0040045,Alijah Clark,11,,,,,,,,,,,,,,,,,,,,,2,2,0,0,1,0,0,,,,,,,,,,,,,,,,,,0,0,espn-401872960.json
3,401872960,2026-09-27T20:25Z,DAL,BAL,home,3122752,00-0033120,Kenny Clark,97,,,,,,,,,,,,,,,,,,,,,2,1,0,0,0,0,0,,,,,,,,,,,,,,,,,,0,0,espn-401872960.json
3,401872960,2026-09-27T20:25Z,DAL,BAL,home,4428584,00-0039465,Reddy Steward,27,,,,,,,,,,,,,,,,,,,,,2,1,0,0,0,0,0,,,,,,,,,,,,,,,,,,0,0,espn-401872960.json
3,401872960,2026-09-27T20:25Z,DAL,BAL,home,4870960,00-0040880,LT Overton,99,,,,,,,,,,,,,,,,,,,,,2,1,0,0,0,0,0,,,,,,,,,,,,,,,,,,0,0,espn-401872960.json
3,401872960,2026-09-27T20:25Z,DAL,BAL,home,13976,00-0027940,Von Miller,40,,,,,,,,,,,,,,,,,,,,,1,1,0,0,0,0,0,,,,,,,,,,,,,,,,,,0,0,espn-401872960.json
3,401872960,2026-09-27T20:25Z,DAL,BAL,home,4046523,00-0034967,Rashan Gary,7,,,,,,,,,,,,,,,,,,,,,1,1,0,0,0,0,0,,,,,,,,,,,,,,,,,,0,0,espn-401872960.json
3,401872960,2026-09-27T20:25Z,DAL,BAL,home,4248911,00-0037275,DaRon Bland,26,,,,,,,,,,,,,,,,,,,,,1,1,0,1,0,0,0,,,,,,,,,,,,,,,,,,0,0,espn-401872960.json
3,401872960,2026-09-27T20:25Z,DAL,BAL,home,2980097,00-0033093,Jonathan Bullard,90,,,,,,,,,,,,,,,,,,,,,1,0,0,0,0,0,0,,,,,,,,,,,,,,,,,,0,0,espn-401872960.json
3,401872960,2026-09-27T20:25Z,DAL,BAL,home,4240608,00-0037310,James Houston,41,,,,,,,,,,,,,,,,,,,,,1,0,0,0,0,0,0,,,,,,,,,,,,,,,,,,0,0,espn-401872960.json
3,401872960,2026-09-27T20:25Z,DAL,BAL,home,4431006,00-0039387,Caelen Carson,21,,,,,,,,,,,,,,,,,,,,,1,0,0,0,0,0,0,,,,,,,,,,,,,,,,,,0,0,espn-401872960.json
3,401872960,2026-09-27T20:25Z,DAL,BAL,home,3953687,00-0037692,Brandon Aubrey,17,,,,,,,,,,,,,,,,,,,,,,,,,,,,,,,,,,,,,3,4,38,2,2,11,,,0,0,espn-401872960.json
3,401872960,2026-09-27T20:25Z,DAL,BAL,home,14950,00-0029692,Bryan Anger,5,,,,,,,,,,,,,,,,,,,,,,,,,,,,,,,,,,,,,,,,,,,2,99,0,0,espn-401872960.json
3,401872961,2026-09-27T20:25Z,LV,NO,away,14880,00-0029604,Kirk Cousins,8,22,33,248,3,0,3,21,71.4,119.3,3,3,0,5,,,,,,1,0,,,,,,,,,,,,,,,,,,,,,,,,,0,0,espn-401872961.json
3,401872961,2026-09-27T20:25Z,LV,NO,away,4890973,00-0040122,Ashton Jeanty,2,,,,,,,,,,19,56,0,12,3,3,37,0,22,,,,,,,,,,,,,,,,,,,,,,,,,,,0,0,espn-401872961.json
3,401872961,2026-09-27T20:25Z,LV,NO,away,4686658,00-0040878,Mike Washington Jr.,4,,,,,,,,,,5,54,1,36,,,,,,,,,,,,,,,,,,,,,,,,,,,,,,,,1,0,espn-401872961.json
3,401872961,2026-09-27T20:25Z,LV,NO,away,4432665,00-0039338,Brock Bowers,89,,,,,,,,,,,,,,10,13,116,1,20,,,,,,,,,,,,,,,,,,,,,,,,,,,1,0,espn-401872961.json
3,401872961,2026-09-27T20:25Z,LV,NO,away,4428718,00-0038563,Tre Tucker,1,,,,,,,,,,,,,,4,4,43,0,15,,,,,,,,,,,,,,,,,,,,,,,,,,,0,0,espn-401872961.json
3,401872961,2026-09-27T20:25Z,LV,NO,away,4429086,00-0039066,Michael Mayer,87,,,,,,,,,,,,,,3,3,32,1,18,,,,,,,,,,,,,,,,,,,,,,,,,,,1,0,espn-401872961.json
3,401872961,2026-09-27T20:25Z,LV,NO,away,4382466,00-0037291,Jalen Nailor,9,,,,,,,,,,,,,,1,3,16,0,16,,,,,,,,,,,,,,,,,,,,,,,,,,,0,0,espn-401872961.json
3,401872961,2026-09-27T20:25Z,LV,NO,away,4241983,00-0035891,Cody White,82,,,,,,,,,,,,,,1,3,4,1,4,,,1,1,0,0,0,0,0,,,,,,,,,,,,,,,,,,1,0,espn-401872961.json
3,401872961,2026-09-27T20:25Z,LV,NO,away,5150247,00-0040894,Malik Benson,19,,,,,,,,,,,,,,0,1,0,0,0,,,,,,,,,,,,,,,,1,13,0,,,,,,,,,0,0,espn-401872961.json
3,401872961,2026-09-27T20:25Z,LV,NO,away,4366963,00-0039407,Dylan Laube,23,,,,,,,,,,,,,,,,,,,1,1,1,0,0,0,0,0,0,,,,1,28,0,,,,,,,,,,,,0,0,espn-401872961.json
3,401872961,2026-09-27T20:25Z,LV,NO,away,4917354,00-0040889,Hezekiah Masses,35,,,,,,,,,,,,,,,,,,,1,0,6,4,0,0,1,0,0,1,35,0,,,,,,,,,,,,,,,0,0,espn-401872961.json
3,401872961,2026-09-27T20:25Z,LV,NO,away,4241961,00-0037304,Connor Heyward,34,,,,,,,,,,,,,,,,,,,0,0,,,,,,,,,,,,,,,,,,,,,,,,,0,0,espn-401872961.json
3,401872961,2026-09-27T20:25Z,LV,NO,away,2972342,00-0033381,Adam Butler,69,,,,,,,,,,,,,,,,,,,0,0,3,0,0,0,0,0,0,,,,,,,,,,,,,,,,,,0,0,espn-401872961.json
3,401872961,2026-09-27T20:25Z,LV,NO,away,3121003,00-0034376,Taron Johnson,3,,,,,,,,,,,,,,,,,,,0,0,8,7,0,0,1,0,0,,,,,,,,,,,,,,,,,,0,0,espn-401872961.json
3,401872961,2026-09-27T20:25Z,LV,NO,away,3916655,00-0034973,Maxx Crosby,98,,,,,,,,,,,,,,,,,,,0,0,2,1,0,0,1,2,0,,,,,,,,,,,,,,,,,,0,0,espn-401872961.json
3,401872961,2026-09-27T20:25Z,LV,NO,away,4259561,00-0036901,Eric Stokes,5,,,,,,,,,,,,,,,,,,,0,0,2,1,0,0,0,0,0,,,,,,,,,,,,,,,,,,0,0,espn-401872961.json
3,401872961,2026-09-27T20:25Z,LV,NO,away,4426340,00-0037615,Nakobe Dean,17,,,,,,,,,,,,,,,,,,,,,12,11,0,1,1,0,0,,,,,,,,,,,,,,,,,,0,0,espn-401872961.json
3,401872961,2026-09-27T20:25Z,LV,NO,away,4043169,00-0036293,Jeremy Chinn,11,,,,,,,,,,,,,,,,,,,,,8,7,1,1,0,1,0,,,,,,,,,,,,,,,,,,0,0,espn-401872961.json
3,401872961,2026-09-27T20:25Z,LV,NO,away,4379416,00-0037074,Quay Walker,7,,,,,,,,,,,,,,,,,,,,,8,2,0,1,0,0,0,,,,,,,,,,,,,,,,,,0,0,espn-401872961.json
3,401872961,2026-09-27T20:25Z,LV,NO,away,4259632,00-0037512,Isaiah Pola-Mao,20,,,,,,,,,,,,,,,,,,,,,6,5,0,0,0,0,0,,,,,,,,,,,,,,,,,,0,0,espn-401872961.json
3,401872961,2026-09-27T20:25Z,LV,NO,away,4239719,00-0036989,Malcolm Koonce,51,,,,,,,,,,,,,,,,,,,,,3,3,1,1,0,3,0,,,,,,,,,,,,,,,,,,0,0,espn-401872961.json
3,401872961,2026-09-27T20:25Z,LV,NO,away,4429109,00-0040169,Tonka Hemingway,97,,,,,,,,,,,,,,,,,,,,,3,1,0,1,0,0,0,,,,,,,,,,,,,,,,,,0,0,espn-401872961.json
3,401872961,2026-09-27T20:25Z,LV,NO,away,4258194,00-0036479,Kwity Paye,95,,,,,,,,,,,,,,,,,,,,,3,0,0,0,0,0,0,,,,,,,,,,,,,,,,,,0,0,espn-401872961.json
3,401872961,2026-09-27T20:25Z,LV,NO,away,4401805,00-0037093,Dareke Young,81,,,,,,,,,,,,,,,,,,,,,2,2,0,0,0,0,0,,,,2,55,0,,,,,,,,,,,,0,0,espn-401872961.json
3,401872961,2026-09-27T20:25Z,LV,NO,away,4243916,00-0036922,Patrick Johnson,93,,,,,,,,,,,,,,,,,,,,,1,1,0,0,0,1,0,,,,,,,,,,,,,,,,,,0,0,espn-401872961.json
3,401872961,2026-09-27T20:25Z,LV,NO,away,4430330,00-0040641,Darien Porter,26,,,,,,,,,,,,,,,,,,,,,1,1,0,0,0,0,0,,,,,,,,,,,,,,,,,,0,0,espn-401872961.json
3,401872961,2026-09-27T20:25Z,LV,NO,away,4260703,00-0037527,Segun Olubi,50,,,,,,,,,,,,,,,,,,,,,1,0,0,0,0,0,0,,,,,,,,,,,,,,,,,,0,0,espn-401872961.json
3,401872961,2026-09-27T20:25Z,LV,NO,away,4429560,00-0039374,Tommy Eichenberg,44,,,,,,,,,,,,,,,,,,,,,1,0,0,0,0,0,0,,,,,,,,,,,,,,,,,,0,0,espn-401872961.json
3,401872961,2026-09-27T20:25Z,LV,NO,away,4685126,00-0040228,Cody Lindenberg,55,,,,,,,,,,,,,,,,,,,,,1,0,0,0,0,0,0,,,,,,,,,,,,,,,,,,0,0,espn-401872961.json
3,401872961,2026-09-27T20:25Z,LV,NO,away,3045172,,Folorunso Fatukasi,94,,,,,,,,,,,,,,,,,,,,,0,0,0,0,0,1,0,,,,,,,,,,,,,,,,,,0,0,espn-401872961.json
3,401872961,2026-09-27T20:25Z,LV,NO,away,4249087,00-0035269,Matt Gay,14,,,,,,,,,,,,,,,,,,,,,,,,,,,,,,,,,,,,,3,3,41,2,2,11,,,0,0,espn-401872961.json
3,401872961,2026-09-27T20:25Z,LV,NO,away,3686689,00-0035190,AJ Cole,6,,,,,,,,,,,,,,,,,,,,,,,,,,,,,,,,,,,,,,,,,,,3,147,0,0,espn-401872961.json
3,401872961,2026-09-27T20:25Z,NO,LV,home,4360689,00-0040743,Tyler Shough,6,29,42,255,4,1,2,22,70.4,106.7,1,36,0,36,,,,,,2,2,,,,,,,,,,,,,,,,,,,,,,,,,0,0,espn-401872961.json
3,401872961,2026-09-27T20:25Z,NO,LV,home,4239996,00-0036973,Travis Etienne Jr.,3,,,,,,,,,,13,57,0,16,2,2,13,0,7,,,,,,,,,,,,,,,,,,,,,,,,,,,0,0,espn-401872961.json
3,401872961,2026-09-27T20:25Z,NO,LV,home,3054850,00-0033906,Alvin Kamara,41,,,,,,,,,,9,36,0,11,1,1,5,0,5,,,,,,,,,,,,,,,,,,,,,,,,,,,0,0,espn-401872961.json
3,401872961,2026-09-27T20:25Z,NO,LV,home,4599739,00-0038551,Kendre Miller,5,,,,,,,,,,4,14,0,5,2,3,5,0,4,1,0,,,,,,,,,,,1,18,0,,,,,,,,,,,,0,0,espn-401872961.json
3,401872961,2026-09-27T20:25Z,NO,LV,home,5081999,00-0041326,CJ Donaldson,43,,,,,,,,,,1,5,0,5,,,,,,,,,,,,,,,,,,,,,,,,,,,,,,,,0,0,espn-401872961.json
3,401872961,2026-09-27T20:25Z,NO,LV,home,4361370,00-0037239,Chris Olave,12,,,,,,,,,,,,,,9,13,107,0,19,,,,,,,,,,,,,,,,,,,,,,,,,,,0,0,espn-401872961.json
3,401872961,2026-09-27T20:25Z,NO,LV,home,3929645,00-0036040,Juwan Johnson,83,,,,,,,,,,,,,,8,8,53,2,22,1,1,1,1,0,0,0,0,0,,,,,,,,,,,,,,,,,,2,1,espn-401872961.json
3,401872961,2026-09-27T20:25Z,NO,LV,home,4569559,00-0039424,Devaughn Vele,14,,,,,,,,,,,,,,3,6,39,0,17,,,,,,,,,,,,,,,,,,,,,,,,,,,0,0,espn-401872961.json
3,401872961,2026-09-27T20:25Z,NO,LV,home,4036131,00-0035644,Noah Fant,87,,,,,,,,,,,,,,4,4,33,2,16,,,,,,,,,,,,,,,,,,,,,,,,,,,2,0,espn-401872961.json
3,401872961,2026-09-27T20:25Z,NO,LV,home,4879276,00-0041067,Bryce Lance,18,,,,,,,,,,,,,,0,3,0,0,0,,,,,,,,,,,,,,,,,,,,,,,,,,,0,0,espn-401872961.json
3,401872961,2026-09-27T20:25Z,NO,LV,home,4360949,00-0038588,Jordan Howden,31,,,,,,,,,,,,,,,,,,,0,0,,,,,,,,,,,,,,,,,,,,,,,,,0,0,espn-401872961.json
3,401872961,2026-09-27T20:25Z,NO,LV,home,3124890,00-0035316,Kaden Elliss,55,,,,,,,,,,,,,,,,,,,,,9,4,0,1,0,0,0,,,,,,,,,,,,,,,,,,0,0,espn-401872961.json
3,401872961,2026-09-27T20:25Z,NO,LV,home,4683215,00-0040155,Danny Stutsman,28,,,,,,,,,,,,,,,,,,,,,7,4,0,0,0,0,0,,,,,,,,,,,,,,,,,,0,0,espn-401872961.json
3,401872961,2026-09-27T20:25Z,NO,LV,home,4683813,00-0040643,Jonas Sanker,7,,,,,,,,,,,,,,,,,,,,,7,3,0,0,0,0,0,,,,,,,,,,,,,,,,,,0,0,espn-401872961.json
3,401872961,2026-09-27T20:25Z,NO,LV,home,4433975,00-0039860,Kool-Aid McKinstry,1,,,,,,,,,,,,,,,,,,,,,5,3,0,0,2,0,0,,,,,,,,,,,,,,,,,,0,0,espn-401872961.json
3,401872961,2026-09-27T20:25Z,NO,LV,home,3115383,00-0033860,Davon Godchaux,92,,,,,,,,,,,,,,,,,,,,,5,2,0,0,0,0,0,,,,,,,,,,,,,,,,,,0,0,espn-401872961.json
3,401872961,2026-09-27T20:25Z,NO,LV,home,3931399,00-0034361,Justin Reid,21,,,,,,,,,,,,,,,,,,,,,4,3,0,0,0,0,0,,,,,,,,,,,,,,,,,,0,0,espn-401872961.json
3,401872961,2026-09-27T20:25Z,NO,LV,home,3918310,00-0035402,Carl Granderson,96,,,,,,,,,,,,,,,,,,,,,4,1,0,0,0,0,0,,,,,,,,,,,,,,,,,,0,0,espn-401872961.json
3,401872961,2026-09-27T20:25Z,NO,LV,home,4384595,00-0039401,Khristian Boyd,97,,,,,,,,,,,,,,,,,,,,,3,2,1,2,0,1,0,,,,,,,,,,,,,,,,,,0,0,espn-401872961.json
3,401872961,2026-09-27T20:25Z,NO,LV,home,3925350,00-0036193,Anfernee Jennings,33,,,,,,,,,,,,,,,,,,,,,3,2,0,0,1,0,0,,,,,,,,,,,,,,,,,,0,0,espn-401872961.json
3,401872961,2026-09-27T20:25Z,NO,LV,home,4035661,00-0036253,Julian Blackmon,23,,,,,,,,,,,,,,,,,,,,,3,2,0,0,0,0,0,,,,,,,,,,,,,,,,,,0,0,espn-401872961.json
3,401872961,2026-09-27T20:25Z,NO,LV,home,4241993,00-0036927,Pete Werner,20,,,,,,,,,,,,,,,,,,,,,3,2,0,0,0,1,0,,,,,,,,,,,,,,,,,,0,0,espn-401872961.json
3,401872961,2026-09-27T20:25Z,NO,LV,home,4076951,00-0034760,Nathan Shepherd,93,,,,,,,,,,,,,,,,,,,,,3,0,0,0,0,1,0,,,,,,,,,,,,,,,,,,0,0,espn-401872961.json
3,401872961,2026-09-27T20:25Z,NO,LV,home,4241986,00-0036321,Chase Young,99,,,,,,,,,,,,,,,,,,,,,2,2,2,2,0,2,0,,,,,,,,,,,,,,,,,,0,0,espn-401872961.json
3,401872961,2026-09-27T20:25Z,NO,LV,home,4361194,00-0039622,Isaiah Stalbird,44,,,,,,,,,,,,,,,,,,,,,2,1,0,0,0,0,0,,,,,,,,,,,,,,,,,,0,0,espn-401872961.json
3,401872961,2026-09-27T20:25Z,NO,LV,home,4428350,00-0040166,Quincy Riley,29,,,,,,,,,,,,,,,,,,,,,2,1,0,0,0,0,0,,,,,,,,,,,,,,,,,,0,0,espn-401872961.json
3,401872961,2026-09-27T20:25Z,NO,LV,home,4567224,00-0038387,Colby Wooden,50,,,,,,,,,,,,,,,,,,,,,2,1,0,0,0,1,0,,,,,,,,,,,,,,,,,,0,0,espn-401872961.json
3,401872961,2026-09-27T20:25Z,NO,LV,home,4383391,00-0039725,Jayden Price,38,,,,,,,,,,,,,,,,,,,,,1,1,0,0,0,0,0,,,,4,83,0,1,11,0,,,,,,,,,0,0,espn-401872961.json
3,401872961,2026-09-27T20:25Z,NO,LV,home,4429040,00-0040642,Vernon Broughton,91,,,,,,,,,,,,,,,,,,,,,1,0,0,0,0,0,0,,,,,,,,,,,,,,,,,,0,0,espn-401872961.json
3,401872961,2026-09-27T20:25Z,NO,LV,home,4775268,,Mike Reid,42,,,,,,,,,,,,,,,,,,,,,1,0,0,0,0,0,0,,,,,,,,,,,,,,,,,,0,0,espn-401872961.json
3,401872961,2026-09-27T20:25Z,NO,LV,home,4426990,,Jalen Moreno-Cropper,85,,,,,,,,,,,,,,,,,,,,,,,,,,,,,,,1,22,0,,,,,,,,,,,,0,0,espn-401872961.json
3,401872961,2026-09-27T20:25Z,NO,LV,home,3051909,00-0034161,Daniel Carlson,10,,,,,,,,,,,,,,,,,,,,,,,,,,,,,,,,,,,,,0,0,0,3,4,3,,,0,0,espn-401872961.json
3,401872961,2026-09-27T20:25Z,NO,LV,home,4361823,00-0037500,Ryan Wright,17,,,,,,,,,,,,,,,,,,,,,,,,,,,,,,,,,,,,,,,,,,,3,132,0,0,espn-401872961.json
3,401872962,2026-09-28T00:20Z,LAR,DEN,away,12483,00-0026498,Matthew Stafford,9,30,55,390,2,2,4,24,60.4,74.1,2,13,0,10,,,,,,,,,,,,,,,,,,,,,,,,,,,,,,,,0,0,espn-401872962.json
3,401872962,2026-09-28T00:20Z,LAR,DEN,away,4430737,00-0037840,Kyren Williams,23,,,,,,,,,,15,88,0,30,6,7,70,0,20,,,,,,,,,,,,,,,,,,,,,,,,,,,0,0,espn-401872962.json
3,401872962,2026-09-28T00:20Z,LAR,DEN,away,4429096,00-0039738,Blake Corum,24,,,,,,,,,,6,15,0,7,2,4,0,0,1,,,,,,,,,,,,,,,,,,,,,,,,,,,0,0,espn-401872962.json
3,401872962,2026-09-28T00:20Z,LAR,DEN,away,16800,00-0031381,Davante Adams,17,,,,,,,,,,,,,,7,13,137,0,49,,,,,,,,,,,,,,,,,,,,,,,,,,,0,0,espn-401872962.json
3,401872962,2026-09-28T00:20Z,LAR,DEN,away,4710855,00-0040590,Konata Mumpfield,4,,,,,,,,,,,,,,4,8,93,1,48,,,,,,,,,,,,,,,,,,,,,,,,,,,1,0,espn-401872962.json
3,401872962,2026-09-28T00:20Z,LAR,DEN,away,2573401,00-0033110,Tyler Higbee,89,,,,,,,,,,,,,,8,11,62,1,14,,,,,,,,,,,,,,,,,,,,,,,,,,,1,1,espn-401872962.json
3,401872962,2026-09-28T00:20Z,LAR,DEN,away,4426553,00-0039074,Davis Allen,87,,,,,,,,,,,,,,2,3,19,0,13,,,,,,,,,,,,,,,,,,,,,,,,,,,0,0,espn-401872962.json
3,401872962,2026-09-28T00:20Z,LAR,DEN,away,4570037,00-0040737,Terrance Ferguson,18,,,,,,,,,,,,,,1,2,9,0,9,,,,,,,,,,,,,,,,,,,,,,,,,,,0,0,espn-401872962.json
3,401872962,2026-09-28T00:20Z,LAR,DEN,away,4242557,00-0036244,Colby Parkinson,84,,,,,,,,,,,,,,0,1,0,0,0,,,,,,,,,,,,,,,,,,,,,,,,,,,0,0,espn-401872962.json
3,401872962,2026-09-28T00:20Z,LAR,DEN,away,4428550,00-0039774,Omar Speights,48,,,,,,,,,,,,,,,,,,,,,6,3,1,1,0,1,0,,,,,,,,,,,,,,,,,,0,0,espn-401872962.json
3,401872962,2026-09-28T00:20Z,LAR,DEN,away,4249128,00-0037841,Quentin Lake,37,,,,,,,,,,,,,,,,,,,,,6,3,0,0,1,0,0,,,,,,,,,,,,,,,,,,0,0,espn-401872962.json
3,401872962,2026-09-28T00:20Z,LAR,DEN,away,4250621,00-0039138,Kobie Turner,91,,,,,,,,,,,,,,,,,,,,,5,3,0,0,1,0,0,,,,,,,,,,,,,,,,,,0,0,espn-401872962.json
3,401872962,2026-09-28T00:20Z,LAR,DEN,away,4426405,00-0037191,Trent McDuffie,22,,,,,,,,,,,,,,,,,,,,,5,3,0,0,1,0,0,,,,,,,,,,,,,,,,,,0,0,espn-401872962.json
3,401872962,2026-09-28T00:20Z,LAR,DEN,away,3125114,00-0034234,Poona Ford,97,,,,,,,,,,,,,,,,,,,,,4,2,0,0,1,0,0,,,,,,,,,,,,,,,,,,0,0,espn-401872962.json
3,401872962,2026-09-28T00:20Z,LAR,DEN,away,4875196,00-0039137,Byron Young,0,,,,,,,,,,,,,,,,,,,,,4,0,0,0,0,0,0,,,,,,,,,,,,,,,,,,0,0,espn-401872962.json
3,401872962,2026-09-28T00:20Z,LAR,DEN,away,4242154,00-0036349,Kam Curl,3,,,,,,,,,,,,,,,,,,,,,3,3,0,0,0,0,0,,,,,,,,,,,,,,,,,,0,0,espn-401872962.json
3,401872962,2026-09-28T00:20Z,LAR,DEN,away,4572371,00-0039772,Josh Wallace,30,,,,,,,,,,,,,,,,,,,,,3,2,0,0,2,0,0,1,26,0,,,,,,,,,,,,,,,0,0,espn-401872962.json
3,401872962,2026-09-28T00:20Z,LAR,DEN,away,4693848,00-0040613,Shaun Dolac,56,,,,,,,,,,,,,,,,,,,,,3,2,0,0,0,0,0,,,,,,,,,,,,,,,,,,0,0,espn-401872962.json
3,401872962,2026-09-28T00:20Z,LAR,DEN,away,4243181,00-0037587,Nate Landman,53,,,,,,,,,,,,,,,,,,,,,3,1,0,0,0,0,0,,,,,,,,,,,,,,,,,,0,0,espn-401872962.json
3,401872962,2026-09-28T00:20Z,LAR,DEN,away,4431118,00-0040585,Ty Hamilton,57,,,,,,,,,,,,,,,,,,,,,3,1,0,0,0,0,0,,,,,,,,,,,,,,,,,,0,0,espn-401872962.json
3,401872962,2026-09-28T00:20Z,LAR,DEN,away,4362245,00-0039734,Braden Fiske,55,,,,,,,,,,,,,,,,,,,,,2,2,0,0,0,1,0,,,,,,,,,,,,,,,,,,0,0,espn-401872962.json
3,401872962,2026-09-28T00:20Z,LAR,DEN,away,4697639,00-0037195,Jaylen Watson,35,,,,,,,,,,,,,,,,,,,,,2,1,0,1,2,0,0,,,,,,,,,,,,,,,,,,0,0,espn-401872962.json
3,401872962,2026-09-28T00:20Z,LAR,DEN,away,4362294,00-0039061,Desjuan Johnson,94,,,,,,,,,,,,,,,,,,,,,2,0,0,0,0,0,0,,,,,,,,,,,,,,,,,,0,0,espn-401872962.json
3,401872962,2026-09-28T00:20Z,LAR,DEN,away,4427120,00-0039776,Jaylen McCollough,2,,,,,,,,,,,,,,,,,,,,,2,0,0,0,0,0,0,,,,,,,,,,,,,,,,,,0,0,espn-401872962.json
3,401872962,2026-09-28T00:20Z,LAR,DEN,away,4429767,00-0039151,Emmanuel Forbes Jr.,1,,,,,,,,,,,,,,,,,,,,,2,0,0,0,0,0,0,,,,,,,,,,,,,,,,,,0,0,espn-401872962.json
3,401872962,2026-09-28T00:20Z,LAR,DEN,away,4682983,00-0040580,Josaiah Stewart,10,,,,,,,,,,,,,,,,,,,,,2,0,0,0,0,0,0,,,,,,,,,,,,,,,,,,0,0,espn-401872962.json
3,401872962,2026-09-28T00:20Z,LAR,DEN,away,4430919,00-0041404,Wesley Bailey,47,,,,,,,,,,,,,,,,,,,,,1,1,0,0,0,0,0,,,,,,,,,,,,,,,,,,0,0,espn-401872962.json
3,401872962,2026-09-28T00:20Z,LAR,DEN,away,5125875,00-0039059,Ethan Evans,42,,,,,,,,,,,,,,,,,,,,,1,1,0,0,0,0,0,,,,,,,,,,,,,,,,4,179,0,0,espn-401872962.json
3,401872962,2026-09-28T00:20Z,LAR,DEN,away,16716,00-0031388,Aaron Donald,99,,,,,,,,,,,,,,,,,,,,,1,0,0,0,0,1,0,,,,,,,,,,,,,,,,,,0,0,espn-401872962.json
3,401872962,2026-09-28T00:20Z,LAR,DEN,away,2575907,00-0032228,Joe Cardona,49,,,,,,,,,,,,,,,,,,,,,1,0,0,0,0,0,0,,,,,,,,,,,,,,,,,,0,0,espn-401872962.json
3,401872962,2026-09-28T00:20Z,LAR,DEN,away,4240255,00-0036672,Grant Stuard,44,,,,,,,,,,,,,,,,,,,,,1,0,0,0,0,0,0,,,,,,,,,,,,,,,,,,0,0,espn-401872962.json
3,401872962,2026-09-28T00:20Z,LAR,DEN,away,4361651,00-0038366,Tanner Ingle,34,,,,,,,,,,,,,,,,,,,,,1,0,0,0,0,0,0,,,,,,,,,,,,,,,,,,0,0,espn-401872962.json
3,401872962,2026-09-28T00:20Z,LAR,DEN,away,4568217,00-0039749,Tyler Davis,90,,,,,,,,,,,,,,,,,,,,,1,0,0,0,0,0,0,,,,,,,,,,,,,,,,,,0,0,espn-401872962.json
3,401872962,2026-09-28T00:20Z,LAR,DEN,away,4386544,00-0038359,Xavier Smith,19,,,,,,,,,,,,,,,,,,,,,,,,,,,,,,,4,90,0,2,26,0,,,,,,,,,0,0,espn-401872962.json
3,401872962,2026-09-28T00:20Z,LAR,DEN,away,5082269,00-0041415,Dean Connors,33,,,,,,,,,,,,,,,,,,,,,,,,,,,,,,,1,23,0,,,,,,,,,,,,0,0,espn-401872962.json
3,401872962,2026-09-28T00:20Z,LAR,DEN,away,4574716,00-0039498,Harrison Mevis,92,,,,,,,,,,,,,,,,,,,,,,,,,,,,,,,,,,,,,4,4,48,2,2,14,,,0,0,espn-401872962.json
3,401872962,2026-09-28T00:20Z,DEN,LAR,home,4426338,00-0039732,Bo Nix,10,17,34,186,2,1,1,7,46.3,73.9,4,7,1,4,,,,,,,,,,,,,,,,,,,,,,,,,,,,,,,,1,0,espn-401872962.json
3,401872962,2026-09-28T00:20Z,DEN,LAR,home,4241985,00-0036158,J.K. Dobbins,27,,,,,,,,,,17,49,0,6,1,2,4,0,4,1,0,,,,,,,,,,,,,,,,,,,,,,,,,0,0,espn-401872962.json
3,401872962,2026-09-28T00:20Z,DEN,LAR,home,4372016,00-0036613,Jaylen Waddle,17,,,,,,,,,,1,14,0,14,2,7,10,0,9,,,,,,,,,,,,,,,,,,,,,,,,,,,0,0,espn-401872962.json
3,401872962,2026-09-28T00:20Z,DEN,LAR,home,4568490,00-0040730,RJ Harvey,12,,,,,,,,,,2,6,0,4,6,7,41,0,19,,,,,,,,,,,,,,,,,,,,,,,,,,,0,0,espn-401872962.json
3,401872962,2026-09-28T00:20Z,DEN,LAR,home,4362748,00-0037085,Tyler Badie,28,,,,,,,,,,1,2,0,2,1,1,12,0,12,,,,,,,,,,,,,,,,,,,,,,,,,,,0,0,espn-401872962.json
3,401872962,2026-09-28T00:20Z,DEN,LAR,home,3128429,00-0034348,Courtland Sutton,14,,,,,,,,,,,,,,3,7,46,0,27,,,,,,,,,,,,,,,,,,,,,,,,,,,0,0,espn-401872962.json
3,401872962,2026-09-28T00:20Z,DEN,LAR,home,4600981,00-0040134,Pat Bryant,13,,,,,,,,,,,,,,2,2,44,1,39,0,0,,,,,,,,,,,,,,,,,,,,,,,,,1,0,espn-401872962.json
3,401872962,2026-09-28T00:20Z,DEN,LAR,home,4431280,00-0039868,Troy Franklin,11,,,,,,,,,,,,,,1,1,21,0,21,,,,,,,,,,,,,,,,,,,,,,,,,,,0,0,espn-401872962.json
3,401872962,2026-09-28T00:20Z,DEN,LAR,home,4383440,00-0038783,Nate Adkins,45,,,,,,,,,,,,,,1,2,8,1,8,,,,,,,,,,,,,,,,,,,,,,,,,,,1,0,espn-401872962.json
3,401872962,2026-09-28T00:20Z,DEN,LAR,home,3051876,00-0033881,Evan Engram,1,,,,,,,,,,,,,,0,2,0,0,0,,,,,,,,,,,,,,,,,,,,,,,,,,,0,0,espn-401872962.json
3,401872962,2026-09-28T00:20Z,DEN,LAR,home,4039059,00-0036221,Brandon Jones,22,,,,,,,,,,,,,,,,,,,,,12,10,0,1,1,1,0,,,,,,,,,,,,,,,,,,0,0,espn-401872962.json
3,401872962,2026-09-28T00:20Z,DEN,LAR,home,4372012,00-0036874,Pat Surtain II,2,,,,,,,,,,,,,,,,,,,,,8,6,0,0,0,0,0,,,,,,,,,,,,,,,,,,0,0,espn-401872962.json
3,401872962,2026-09-28T00:20Z,DEN,LAR,home,2612151,00-0031898,Alex Singleton,49,,,,,,,,,,,,,,,,,,,,,8,5,0,0,0,1,0,,,,,,,,,,,,,,,,,,0,0,espn-401872962.json
3,401872962,2026-09-28T00:20Z,DEN,LAR,home,4382401,00-0038552,Riley Moss,21,,,,,,,,,,,,,,,,,,,,,6,3,0,0,1,0,0,,,,,,,,,,,,,,,,,,0,0,espn-401872962.json
3,401872962,2026-09-28T00:20Z,DEN,LAR,home,4692048,00-0040168,Que Robinson,51,,,,,,,,,,,,,,,,,,,,,5,3,0,0,0,0,0,,,,,,,,,,,,,,,,,,0,0,espn-401872962.json
3,401872962,2026-09-28T00:20Z,DEN,LAR,home,4360853,00-0036564,Talanoa Hufanga,9,,,,,,,,,,,,,,,,,,,,,5,2,1,1,3,1,1,2,66,1,,,,,,,,,,,,,,,1,0,espn-401872962.json
3,401872962,2026-09-28T00:20Z,DEN,LAR,home,3919548,00-0036428,Justin Strnad,40,,,,,,,,,,,,,,,,,,,,,4,4,0,1,1,0,0,,,,,,,,,,,,,,,,,,0,0,espn-401872962.json
3,401872962,2026-09-28T00:20Z,DEN,LAR,home,4039064,00-0035763,Malcolm Roach,97,,,,,,,,,,,,,,,,,,,,,4,2,0,1,1,1,0,,,,,,,,,,,,,,,,,,0,0,espn-401872962.json
3,401872962,2026-09-28T00:20Z,DEN,LAR,home,4687592,00-0039809,Jonah Elliss,52,,,,,,,,,,,,,,,,,,,,,3,2,0,0,0,0,0,,,,,,,,,,,,,,,,,,0,0,espn-401872962.json
3,401872962,2026-09-28T00:20Z,DEN,LAR,home,4037559,00-0036683,Devon Key,26,,,,,,,,,,,,,,,,,,,,,2,2,0,0,0,0,0,,,,,,,,,,,,,,,,,,0,0,espn-401872962.json
3,401872962,2026-09-28T00:20Z,DEN,LAR,home,3915282,00-0035248,Zach Allen,99,,,,,,,,,,,,,,,,,,,,,2,1,1,1,0,5,0,,,,,,,,,,,,,,,,,,0,0,espn-401872962.json
3,401872962,2026-09-28T00:20Z,DEN,LAR,home,4360259,00-0037249,Nik Bonitto,15,,,,,,,,,,,,,,,,,,,,,2,1,1,1,0,2,0,,,,,,,,,,,,,,,,,,0,0,espn-401872962.json
3,401872962,2026-09-28T00:20Z,DEN,LAR,home,5216101,00-0037799,Dondrea Tillman,92,,,,,,,,,,,,,,,,,,,,,2,1,0,0,0,2,0,,,,,,,,,,,,,,,,,,0,0,espn-401872962.json
3,401872962,2026-09-28T00:20Z,DEN,LAR,home,4066109,00-0038106,Eyioma Uwazurike,96,,,,,,,,,,,,,,,,,,,,,1,1,1,1,0,1,0,,,,,,,,,,,,,,,,,,0,0,espn-401872962.json
3,401872962,2026-09-28T00:20Z,DEN,LAR,home,4039018,00-0037278,Luke Wattenberg,60,,,,,,,,,,,,,,,,,,,,,1,1,0,0,0,0,0,,,,,,,,,,,,,,,,,,0,0,espn-401872962.json
3,401872962,2026-09-28T00:20Z,DEN,LAR,home,4428503,00-0038605,JL Skinner,34,,,,,,,,,,,,,,,,,,,,,1,1,0,0,0,0,0,,,,,,,,,,,,,,,,,,0,0,espn-401872962.json
3,401872962,2026-09-28T00:20Z,DEN,LAR,home,4429193,00-0039371,Kris Abrams-Draine,31,,,,,,,,,,,,,,,,,,,,,1,1,0,0,0,0,0,,,,,,,,,,,,,,,,,,0,0,espn-401872962.json
3,401872962,2026-09-28T00:20Z,DEN,LAR,home,4430925,00-0040720,Jahdae Barron,23,,,,,,,,,,,,,,,,,,,,,1,1,0,1,0,0,0,,,,,,,,,,,,,,,,,,0,0,espn-401872962.json
3,401872962,2026-09-28T00:20Z,DEN,LAR,home,3894915,00-0033297,D.J. Jones,93,,,,,,,,,,,,,,,,,,,,,1,0,0,0,0,0,0,,,,,,,,,,,,,,,,,,0,0,espn-401872962.json
3,401872962,2026-09-28T00:20Z,DEN,LAR,home,3929914,00-0036727,Adam Prentice,46,,,,,,,,,,,,,,,,,,,,,1,0,0,0,0,0,0,,,,,,,,,,,,,,,,,,0,0,espn-401872962.json
3,401872962,2026-09-28T00:20Z,DEN,LAR,home,4693373,00-0040634,Jordan Turner,55,,,,,,,,,,,,,,,,,,,,,1,0,0,0,0,0,0,,,,,,,,,,,,,,,,,,0,0,espn-401872962.json
3,401872962,2026-09-28T00:20Z,DEN,LAR,home,5225419,00-0041292,Kolbe Katsis,81,,,,,,,,,,,,,,,,,,,,,,,,,,,,,,,4,107,0,3,39,0,,,,,,,,,0,0,espn-401872962.json
3,401872962,2026-09-28T00:20Z,DEN,LAR,home,2985659,00-0032569,Wil Lutz,3,,,,,,,,,,,,,,,,,,,,,,,,,,,,,,,,,,,,,0,1,0,2,2,2,,,0,0,espn-401872962.json
3,401872962,2026-09-28T00:20Z,DEN,LAR,home,4589212,00-0040223,Jeremy Crawshaw,16,,,,,,,,,,,,,,,,,,,,,,,,,,,,,,,,,,,,,,,,,,,5,248,0,0,espn-401872962.json
3,401872963,2026-09-29T00:15Z,PHI,CHI,away,4040715,00-0036389,Jalen Hurts,1,16,25,153,0,1,2,12,41.2,64.2,4,25,1,20,,,,,,,,,,,,,,,,,,,,,,,,,,,,,,,,1,0,espn-401872963.json
3,401872963,2026-09-29T00:15Z,PHI,CHI,away,14012,00-0027973,Andy Dalton,14,0,1,0,0,1,0,0,0.0,0.0,,,,,,,,,,,,,,,,,,,,,,,,,,,,,,,,,,,,0,0,espn-401872963.json
3,401872963,2026-09-29T00:15Z,PHI,CHI,away,3929630,00-0034844,Saquon Barkley,26,,,,,,,,,,15,82,0,17,1,2,-2,0,-2,,,,,,,,,,,,,,,,,,,,,,,,,,,0,0,espn-401872963.json
3,401872963,2026-09-29T00:15Z,PHI,CHI,away,4241478,00-0036912,DeVonta Smith,6,,,,,,,,,,,,,,6,8,65,0,30,,,,,,,,,,,,,,,,,,,,,,,,,,,0,0,espn-401872963.json
3,401872963,2026-09-29T00:15Z,PHI,CHI,away,4428850,00-0038393,Dontayvion Wicks,13,,,,,,,,,,,,,,2,5,32,0,19,,,,,,,,,,,,,,,,,,,,,,,,,,,0,0,espn-401872963.json
3,401872963,2026-09-29T00:15Z,PHI,CHI,away,4870795,00-0040867,Makai Lemon,9,,,,,,,,,,,,,,3,4,29,0,19,,,1,1,0,0,0,0,0,,,,,,,,,,,,,,,,,,0,0,espn-401872963.json
3,401872963,2026-09-29T00:15Z,PHI,CHI,away,4431545,00-0039746,Will Shipley,28,,,,,,,,,,,,,,1,2,11,0,11,,,,,,,,,,,,,2,44,0,,,,,,,,,,,,0,0,espn-401872963.json
3,401872963,2026-09-29T00:15Z,PHI,CHI,away,15835,00-0030061,Zach Ertz,86,,,,,,,,,,,,,,1,2,9,0,9,,,,,,,,,,,,,,,,,,,,,,,,,,,0,0,espn-401872963.json
3,401872963,2026-09-29T00:15Z,PHI,CHI,away,4429013,00-0038555,Tank Bigsby,8,,,,,,,,,,,,,,1,1,5,0,5,1,1,,,,,,,,,,,,,,,,,,,,,,,,,0,0,espn-401872963.json
3,401872963,2026-09-29T00:15Z,PHI,CHI,away,3052096,00-0033246,Johnny Mundt,83,,,,,,,,,,,,,,1,1,4,0,4,,,1,1,0,0,0,0,0,,,,,,,,,,,,,,,,,,0,0,espn-401872963.json
3,401872963,2026-09-29T00:15Z,PHI,CHI,away,3917657,00-0036418,Zack Baun,53,,,,,,,,,,,,,,,,,,,,,9,5,0,2,1,0,0,,,,,,,,,,,,,,,,,,0,0,espn-401872963.json
3,401872963,2026-09-29T00:15Z,PHI,CHI,away,4602197,00-0040749,Andrew Mukuba,24,,,,,,,,,,,,,,,,,,,,,9,4,0,0,0,0,0,,,,,,,,,,,,,,,,,,0,0,espn-401872963.json
3,401872963,2026-09-29T00:15Z,PHI,CHI,away,4685287,00-0040708,Jihaad Campbell,11,,,,,,,,,,,,,,,,,,,,,9,4,0,0,0,0,0,,,,,,,,,,,,,,,,,,0,0,espn-401872963.json
3,401872963,2026-09-29T00:15Z,PHI,CHI,away,4686273,00-0039888,Quinyon Mitchell,27,,,,,,,,,,,,,,,,,,,,,7,6,0,2,2,0,0,,,,,,,,,,,,,,,,,,0,0,espn-401872963.json
3,401872963,2026-09-29T00:15Z,PHI,CHI,away,3139368,00-0034993,Marcus Epps,29,,,,,,,,,,,,,,,,,,,,,5,4,0,0,0,0,0,,,,,,,,,,,,,,,,,,0,0,espn-401872963.json
3,401872963,2026-09-29T00:15Z,PHI,CHI,away,4245185,00-0037079,Riq Woolen,2,,,,,,,,,,,,,,,,,,,,,5,3,0,0,0,0,0,,,,,,,,,,,,,,,,,,0,0,espn-401872963.json
3,401872963,2026-09-29T00:15Z,PHI,CHI,away,4682618,00-0039841,Cooper DeJean,33,,,,,,,,,,,,,,,,,,,,,5,2,0,0,2,0,0,,,,,,,,,,,,,,,,,,0,0,espn-401872963.json
3,401872963,2026-09-29T00:15Z,PHI,CHI,away,4240456,00-0036501,Michael Carter II,35,,,,,,,,,,,,,,,,,,,,,4,3,0,0,0,0,0,,,,,,,,,,,,,,,,,,0,0,espn-401872963.json
3,401872963,2026-09-29T00:15Z,PHI,CHI,away,4571162,00-0039740,Jalyx Hunt,58,,,,,,,,,,,,,,,,,,,,,3,2,0,0,0,1,0,,,,,,,,,,,,,,,,,,0,0,espn-401872963.json
3,401872963,2026-09-29T00:15Z,PHI,CHI,away,4685759,00-0038386,Jalen Carter,98,,,,,,,,,,,,,,,,,,,,,3,2,0,1,0,0,0,,,,,,,,,,,,,,,,,,0,0,espn-401872963.json
3,401872963,2026-09-29T00:15Z,PHI,CHI,away,4567123,00-0038978,Byron Young,94,,,,,,,,,,,,,,,,,,,,,3,1,0,0,0,0,0,,,,,,,,,,,,,,,,,,0,0,espn-401872963.json
3,401872963,2026-09-29T00:15Z,PHI,CHI,away,4362116,00-0038412,Moro Ojomo,97,,,,,,,,,,,,,,,,,,,,,3,0,0,0,0,1,0,,,,,,,,,,,,,,,,,,0,0,espn-401872963.json
3,401872963,2026-09-29T00:15Z,PHI,CHI,away,4381558,00-0037073,Jordan Davis,90,,,,,,,,,,,,,,,,,,,,,3,0,0,0,0,0,0,,,,,,,,,,,,,,,,,,0,0,espn-401872963.json
3,401872963,2026-09-29T00:15Z,PHI,CHI,away,4257591,00-0038116,Arnold Ebiketie,17,,,,,,,,,,,,,,,,,,,,,2,0,0,0,0,0,0,,,,,,,,,,,,,,,,,,0,0,espn-401872963.json
3,401872963,2026-09-29T00:15Z,PHI,CHI,away,4569586,00-0040662,Ty Robinson,95,,,,,,,,,,,,,,,,,,,,,2,0,0,0,0,0,0,,,,,,,,,,,,,,,,,,0,0,espn-401872963.json
3,401872963,2026-09-29T00:15Z,PHI,CHI,away,3916409,00-0036224,Jonathan Greenard,52,,,,,,,,,,,,,,,,,,,,,1,1,0,0,0,1,0,,,,,,,,,,,,,,,,,,0,0,espn-401872963.json
3,401872963,2026-09-29T00:15Z,PHI,CHI,away,4372051,00-0037312,Chance Campbell,59,,,,,,,,,,,,,,,,,,,,,1,0,0,0,0,0,0,,,,,,,,,,,,,,,,,,0,0,espn-401872963.json
3,401872963,2026-09-29T00:15Z,PHI,CHI,away,4426331,00-0039013,Nolan Smith Jr.,3,,,,,,,,,,,,,,,,,,,,,1,0,0,0,1,0,0,,,,,,,,,,,,,,,,,,0,0,espn-401872963.json
3,401872963,2026-09-29T00:15Z,PHI,CHI,away,4428992,00-0039140,Kelee Ringo,7,,,,,,,,,,,,,,,,,,,,,1,0,0,0,0,0,0,,,,,,,,,,,,,,,,,,0,0,espn-401872963.json
3,401872963,2026-09-29T00:15Z,PHI,CHI,away,4431573,00-0040013,Smael Mondon Jr.,42,,,,,,,,,,,,,,,,,,,,,1,0,0,0,0,0,0,,,,,,,,,,,,,,,,,,0,0,espn-401872963.json
3,401872963,2026-09-29T00:15Z,PHI,CHI,away,4715355,00-0040024,Darius Cooper,80,,,,,,,,,,,,,,,,,,,,,1,0,0,0,0,0,0,,,,,,,,,,,,,,,,,,0,0,espn-401872963.json
3,401872963,2026-09-29T00:15Z,PHI,CHI,away,3926231,00-0037132,Britain Covey,85,,,,,,,,,,,,,,,,,,,,,,,,,,,,,,,1,26,0,1,8,0,,,,,,,,,0,0,espn-401872963.json
3,401872963,2026-09-29T00:15Z,PHI,CHI,away,3050478,00-0033787,Jake Elliott,4,,,,,,,,,,,,,,,,,,,,,,,,,,,,,,,,,,,,,0,0,0,1,1,1,,,0,0,espn-401872963.json
3,401872963,2026-09-29T00:15Z,PHI,CHI,away,4035239,00-0036313,Braden Mann,10,,,,,,,,,,,,,,,,,,,,,,,,,,,,,,,,,,,,,,,,,,,4,167,0,0,espn-401872963.json
3,401872963,2026-09-29T00:15Z,CHI,PHI,home,15168,00-0028986,Case Keenum,11,24,34,247,2,0,0,0,74.5,110.8,4,6,1,7,,,,,,1,0,,,,,,,,,,,,,,,,,,,,,,,,,1,0,espn-401872963.json
3,401872963,2026-09-29T00:15Z,CHI,PHI,home,4259545,00-0036275,D'Andre Swift,4,,,,,,,,,,20,84,0,15,2,3,4,0,4,,,,,,,,,,,,,,,,,,,,,,,,,,,0,0,espn-401872963.json
3,401872963,2026-09-29T00:15Z,CHI,PHI,home,4608686,00-0040236,Kyle Monangai,25,,,,,,,,,,10,31,0,8,,,,,,,,,,,,,,,,,,,,,,,,,,,,,,,,0,0,espn-401872963.json
3,401872963,2026-09-29T00:15Z,CHI,PHI,home,4685278,00-0040735,Luther Burden III,10,,,,,,,,,,1,7,0,7,7,11,61,1,25,,,,,,,,,,,,,,,,,,,,,,,,,,,1,1,espn-401872963.json
3,401872963,2026-09-29T00:15Z,CHI,PHI,home,2973405,00-0032464,Kalif Raymond,14,,,,,,,,,,,,,,6,7,90,1,41,,,,,,,,,,,,,,,,2,15,0,,,,,,,,,1,0,espn-401872963.json
3,401872963,2026-09-29T00:15Z,CHI,PHI,home,4431299,00-0039919,Rome Odunze,15,,,,,,,,,,,,,,3,6,44,0,22,,,,,,,,,,,,,,,,,,,,,,,,,,,0,0,espn-401872963.json
3,401872963,2026-09-29T00:15Z,CHI,PHI,home,4723086,00-0040126,Colston Loveland,84,,,,,,,,,,,,,,4,4,31,0,12,,,,,,,,,,,,,,,,,,,,,,,,,,,0,0,espn-401872963.json
3,401872963,2026-09-29T00:15Z,CHI,PHI,home,4685504,00-0041558,Sam Roush,87,,,,,,,,,,,,,,1,1,16,0,16,,,1,1,0,0,0,0,0,,,,,,,,,,,,,,,,,,0,0,espn-401872963.json
3,401872963,2026-09-29T00:15Z,CHI,PHI,home,4869748,00-0041051,Zavion Thomas,13,,,,,,,,,,,,,,1,1,1,0,1,,,,,,,,,,,,,1,32,0,,,,,,,,,,,,0,0,espn-401872963.json
3,401872963,2026-09-29T00:15Z,CHI,PHI,home,4258595,00-0036290,Cole Kmet,85,,,,,,,,,,,,,,0,1,0,0,0,,,,,,,,,,,,,,,,,,,,,,,,,,,0,0,espn-401872963.json
3,401872963,2026-09-29T00:15Z,CHI,PHI,home,3040572,00-0033579,Xavier Woods,32,,,,,,,,,,,,,,,,,,,0,0,5,2,0,0,0,0,0,,,,,,,,,,,,,,,,,,0,0,espn-401872963.json
3,401872963,2026-09-29T00:15Z,CHI,PHI,home,4954445,00-0041538,Dillon Thieneman,31,,,,,,,,,,,,,,,,,,,,,6,4,0,0,1,0,0,1,0,0,,,,,,,,,,,,,,,0,0,espn-401872963.json
3,401872963,2026-09-29T00:15Z,CHI,PHI,home,4243253,00-0036292,Jaylon Johnson,1,,,,,,,,,,,,,,,,,,,,,5,5,0,1,0,0,0,,,,,,,,,,,,,,,,,,0,0,espn-401872963.json
3,401872963,2026-09-29T00:15Z,CHI,PHI,home,4036261,00-0035525,Devin Bush,12,,,,,,,,,,,,,,,,,,,,,5,3,0,1,0,0,0,,,,,,,,,,,,,,,,,,0,0,espn-401872963.json
3,401872963,2026-09-29T00:15Z,CHI,PHI,home,4870953,00-0041060,Malik Muhammad II,24,,,,,,,,,,,,,,,,,,,,,5,2,0,0,0,1,0,,,,,,,,,,,,,,,,,,0,0,espn-401872963.json
3,401872963,2026-09-29T00:15Z,CHI,PHI,home,4242402,00-0037096,Elijah Hicks,22,,,,,,,,,,,,,,,,,,,,,4,3,0,0,0,0,0,,,,,,,,,,,,,,,,,,0,0,espn-401872963.json
3,401872963,2026-09-29T00:15Z,CHI,PHI,home,4683553,00-0039840,Austin Booker,94,,,,,,,,,,,,,,,,,,,,,4,3,0,0,0,1,0,,,,,,,,,,,,,,,,,,0,0,espn-401872963.json
3,401872963,2026-09-29T00:15Z,CHI,PHI,home,3121544,00-0035386,T.J. Edwards,53,,,,,,,,,,,,,,,,,,,,,3,2,0,1,3,0,0,1,0,0,,,,,,,,,,,,,,,0,0,espn-401872963.json
3,401872963,2026-09-29T00:15Z,CHI,PHI,home,3916577,00-0035357,Cam Lewis,21,,,,,,,,,,,,,,,,,,,,,3,2,0,0,0,0,0,,,,,,,,,,,,,,,,,,0,0,espn-401872963.json
3,401872963,2026-09-29T00:15Z,CHI,PHI,home,4242659,00-0036480,Dayo Odeyingbo,55,,,,,,,,,,,,,,,,,,,,,3,1,1,1,0,1,0,,,,,,,,,,,,,,,,,,0,0,espn-401872963.json
3,401872963,2026-09-29T00:15Z,CHI,PHI,home,4241007,00-0037271,D'Marco Jackson,48,,,,,,,,,,,,,,,,,,,,,2,1,0,0,0,0,0,,,,,,,,,,,,,,,,,,0,0,espn-401872963.json
3,401872963,2026-09-29T00:15Z,CHI,PHI,home,3134690,00-0035647,Montez Sweat,98,,,,,,,,,,,,,,,,,,,,,1,1,1,1,0,1,0,,,,,,,,,,,,,,,,,,0,0,espn-401872963.json
3,401872963,2026-09-29T00:15Z,CHI,PHI,home,3892883,00-0036366,Neville Gallimore,90,,,,,,,,,,,,,,,,,,,,,1,1,0,0,0,0,0,,,,,,,,,,,,,,,,,,0,0,espn-401872963.json
3,401872963,2026-09-29T00:15Z,CHI,PHI,home,2576492,00-0031583,Grady Jarrett,50,,,,,,,,,,,,,,,,,,,,,1,0,0,0,0,0,0,,,,,,,,,,,,,,,,,,0,0,espn-401872963.json
3,401872963,2026-09-29T00:15Z,CHI,PHI,home,4259181,00-0036337,James Lynch,97,,,,,,,,,,,,,,,,,,,,,1,0,0,0,0,0,0,,,,,,,,,,,,,,,,,,0,0,espn-401872963.json
3,401872963,2026-09-29T00:15Z,CHI,PHI,home,17427,00-0031203,Cairo Santos,8,,,,,,,,,,,,,,,,,,,,,,,,,,,,,,,,,,,,,2,2,48,3,3,9,,,0,0,espn-401872963.json
3,401872963,2026-09-29T00:15Z,CHI,PHI,home,4686889,00-0039745,Tory Taylor,19,,,,,,,,,,,,,,,,,,,,,,,,,,,,,,,,,,,,,,,,,,,2,105,0,0,espn-401872963.json
4,401872964,2026-10-02T00:15Z,PIT,CLE,away,8439,00-0023459,Aaron Rodgers,8,22,40,299,3,2,5,30,49.4,83.2,,,,,,,,,,,,,,,,,,,,,,,,,,,,,,,,,,,,0,0,espn-401872964.json
4,401872964,2026-10-02T00:15Z,PIT,CLE,away,4569987,00-0037228,Jaylen Warren,30,,,,,,,,,,17,93,0,24,3,6,33,0,13,,,,,,,,,,,,,,,,,,,,,,,,,,,0,0,espn-401872964.json
4,401872964,2026-10-02T00:15Z,PIT,CLE,away,4037457,00-0035594,Travis Homer,21,,,,,,,,,,2,-1,0,2,,,,,,,,,,,,,,,,,,,,,,,,,,,,,,,,0,0,espn-401872964.json
4,401872964,2026-10-02T00:15Z,PIT,CLE,away,4047650,00-0035640,DK Metcalf,4,,,,,,,,,,,,,,5,9,115,0,43,,,,,,,,,,,,,,,,,,,,,,,,,,,0,0,espn-401872964.json
4,401872964,2026-10-02T00:15Z,PIT,CLE,away,4431492,00-0039739,Roman Wilson,14,,,,,,,,,,,,,,3,6,74,1,49,,,1,1,0,0,0,0,0,,,,,,,,,,,,,,,,,,1,1,espn-401872964.json
4,401872964,2026-10-02T00:15Z,PIT,CLE,away,4430802,00-0038558,Darnell Washington,80,,,,,,,,,,,,,,3,5,27,1,21,,,,,,,,,,,,,,,,,,,,,,,,,,,1,0,espn-401872964.json
4,401872964,2026-10-02T00:15Z,PIT,CLE,away,4361411,00-0036894,Pat Freiermuth,88,,,,,,,,,,,,,,3,5,17,1,9,,,,,,,,,,,,,,,,,,,,,,,,,,,1,0,espn-401872964.json
4,401872964,2026-10-02T00:15Z,PIT,CLE,away,4035687,00-0036252,Michael Pittman Jr.,11,,,,,,,,,,,,,,2,4,15,0,9,,,1,1,0,0,0,0,0,,,,,,,,,,,,,,,,,,0,0,espn-401872964.json
4,401872964,2026-10-02T00:15Z,PIT,CLE,away,4685261,00-0041489,Germie Bernard,17,,,,,,,,,,,,,,2,2,11,0,6,,,,,,,,,,,,,,,,,,,,,,,,,,,0,0,espn-401872964.json
4,401872964,2026-10-02T00:15Z,PIT,CLE,away,4035656,00-0036862,Ben Skowronek,15,,,,,,,,,,,,,,1,2,7,0,7,,,,,,,,,,,,,,,,,,,,,,,,,,,0,0,espn-401872964.json
4,401872964,2026-10-02T00:15Z,PIT,CLE,away,3045282,00-0033886,T.J. Watt,90,,,,,,,,,,,,,,,,,,,0,0,4,4,1,2,1,2,0,,,,,,,,,,,,,,,,,,0,0,espn-401872964.json
4,401872964,2026-10-02T00:15Z,PIT,CLE,away,4361652,00-0039741,Payton Wilson,41,,,,,,,,,,,,,,,,,,,,,9,7,1,1,0,1,0,,,,,,,,,,,,,,,,,,0,0,espn-401872964.json
4,401872964,2026-10-02T00:15Z,PIT,CLE,away,4820584,00-0041401,Robert Spears-Jennings,28,,,,,,,,,,,,,,,,,,,,,7,6,0,0,2,0,0,1,0,0,,,,,,,,,,,,,,,0,0,espn-401872964.json
4,401872964,2026-10-02T00:15Z,PIT,CLE,away,4570044,00-0038135,Jaquan Brisker,3,,,,,,,,,,,,,,,,,,,,,7,4,0,0,0,0,0,,,,,,,,,,,,,,,,,,0,0,espn-401872964.json
4,401872964,2026-10-02T00:15Z,PIT,CLE,away,13977,00-0027969,Cameron Heyward,97,,,,,,,,,,,,,,,,,,,,,7,3,0,0,0,1,0,,,,,,,,,,,,,,,,,,0,0,espn-401872964.json
4,401872964,2026-10-02T00:15Z,PIT,CLE,away,4242207,00-0036323,Patrick Queen,6,,,,,,,,,,,,,,,,,,,,,5,3,0,0,0,0,0,,,,,,,,,,,,,,,,,,0,0,espn-401872964.json
4,401872964,2026-10-02T00:15Z,PIT,CLE,away,4430947,00-0040188,Yahya Black,94,,,,,,,,,,,,,,,,,,,,,5,2,0,0,0,0,0,,,,,,,,,,,,,,,,,,0,0,espn-401872964.json
4,401872964,2026-10-02T00:15Z,PIT,CLE,away,4685327,00-0041393,Daylen Everette,23,,,,,,,,,,,,,,,,,,,,,3,3,0,0,1,0,0,,,,,,,,,,,,,,,,,,0,0,espn-401872964.json
4,401872964,2026-10-02T00:15Z,PIT,CLE,away,4363034,00-0036617,Asante Samuel Jr.,22,,,,,,,,,,,,,,,,,,,,,3,2,0,0,1,0,0,,,,,,,,,,,,,,,,,,0,0,espn-401872964.json
4,401872964,2026-10-02T00:15Z,PIT,CLE,away,4426694,00-0039110,Keeanu Benton,95,,,,,,,,,,,,,,,,,,,,,3,2,0,0,0,0,0,,,,,,,,,,,,,,,,,,0,0,espn-401872964.json
4,401872964,2026-10-02T00:15Z,PIT,CLE,away,3116689,00-0035286,Cole Holcomb,55,,,,,,,,,,,,,,,,,,,,,3,1,0,0,0,0,0,,,,,,,,,,,,,,,,,,0,0,espn-401872964.json
4,401872964,2026-10-02T00:15Z,PIT,CLE,away,4428119,00-0038409,Lew Nichols,31,,,,,,,,,,,,,,,,,,,,,2,2,0,0,0,0,0,,,,,,,,,,,,,,,,,,0,0,espn-401872964.json
4,401872964,2026-10-02T00:15Z,PIT,CLE,away,4429164,00-0038577,Nick Herbig,51,,,,,,,,,,,,,,,,,,,,,2,1,0,0,0,0,0,,,,,,,,,,,,,,,,,,0,0,espn-401872964.json
4,401872964,2026-10-02T00:15Z,PIT,CLE,away,3047495,00-0034810,Sebastian Joseph-Day,69,,,,,,,,,,,,,,,,,,,,,2,0,0,0,0,0,0,,,,,,,,,,,,,,,,,,0,0,espn-401872964.json
4,401872964,2026-10-02T00:15Z,PIT,CLE,away,4431590,00-0040160,Jack Sawyer,33,,,,,,,,,,,,,,,,,,,,,2,0,0,0,1,1,0,,,,,,,,,,,,,,,,,,0,0,espn-401872964.json
4,401872964,2026-10-02T00:15Z,PIT,CLE,away,3045373,00-0033055,Jalen Ramsey,5,,,,,,,,,,,,,,,,,,,,,1,1,0,0,0,0,0,,,,,,,,,,,,,,,,,,0,0,espn-401872964.json
4,401872964,2026-10-02T00:15Z,PIT,CLE,away,4037333,00-0036333,Alex Highsmith,56,,,,,,,,,,,,,,,,,,,,,1,1,0,1,0,0,0,,,,,,,,,,,,,,,,,,0,0,espn-401872964.json
4,401872964,2026-10-02T00:15Z,PIT,CLE,away,3873935,00-0035699,Jamel Dean,35,,,,,,,,,,,,,,,,,,,,,1,0,0,0,1,0,0,,,,,,,,,,,,,,,,,,0,0,espn-401872964.json
4,401872964,2026-10-02T00:15Z,PIT,CLE,away,5081338,00-0041397,Kaden Wetjen,10,,,,,,,,,,,,,,,,,,,,,,,,,,,,,,,4,96,0,2,30,0,,,,,,,,,0,0,espn-401872964.json
4,401872964,2026-10-02T00:15Z,PIT,CLE,away,17372,00-0031136,Chris Boswell,9,,,,,,,,,,,,,,,,,,,,,,,,,,,,,,,,,,,,,1,2,31,1,1,4,,,0,0,espn-401872964.json
4,401872964,2026-10-02T00:15Z,PIT,CLE,away,3051397,00-0033729,Cameron Johnston,19,,,,,,,,,,,,,,,,,,,,,,,,,,,,,,,,,,,,,,,,,,,5,259,0,0,espn-401872964.json
4,401872964,2026-10-02T00:15Z,CLE,PIT,home,3122840,00-0033537,Deshaun Watson,4,24,33,268,1,1,2,8,53.4,94.0,7,22,0,21,,,,,,2,1,,,,,,,,,,,,,,,,,,,,,,,,,0,0,espn-401872964.json
4,401872964,2026-10-02T00:15Z,CLE,PIT,home,4685702,00-0040784,Quinshon Judkins,10,,,,,,,,,,17,53,1,9,6,7,43,0,12,,,,,,,,,,,,,,,,,,,,,,,,,,,1,0,espn-401872964.json
4,401872964,2026-10-02T00:15Z,CLE,PIT,home,4722893,00-0038794,Jaleel McLaughlin,38,,,,,,,,,,1,28,1,28,,,,,,,,,,,,,,,,,,,,,,,,,,,,,,,,1,0,espn-401872964.json
4,401872964,2026-10-02T00:15Z,CLE,PIT,home,4601080,00-0040466,Raheim Sanders,23,,,,,,,,,,2,9,0,6,2,2,7,0,5,,,,,,,,,,,,,3,66,0,,,,,,,,,,,,0,0,espn-401872964.json
4,401872964,2026-10-02T00:15Z,CLE,PIT,home,4832800,00-0041037,Denzel Boston,12,,,,,,,,,,,,,,4,7,89,0,60,,,1,1,0,0,0,0,0,,,,,,,,,,,,,,,,,,0,0,espn-401872964.json
4,401872964,2026-10-02T00:15Z,CLE,PIT,home,4870653,00-0041547,KC Concepcion,1,,,,,,,,,,,,,,5,8,64,0,25,,,,,,,,,,,,,,,,2,10,0,,,,,,,,,0,0,espn-401872964.json
4,401872964,2026-10-02T00:15Z,CLE,PIT,home,4241463,00-0036407,Jerry Jeudy,3,,,,,,,,,,,,,,3,3,36,0,17,,,,,,,,,,,,,,,,,,,,,,,,,,,0,0,espn-401872964.json
4,401872964,2026-10-02T00:15Z,CLE,PIT,home,5083076,00-0040663,Harold Fannin Jr.,44,,,,,,,,,,,,,,3,5,27,1,13,,,,,,,,,,,,,,,,,,,,,,,,,,,1,0,espn-401872964.json
4,401872964,2026-10-02T00:15Z,CLE,PIT,home,4808839,00-0040782,Isaiah Bond,0,,,,,,,,,,,,,,1,1,2,0,2,,,,,,,,,,,,,,,,,,,,,,,,,,,0,0,espn-401872964.json
4,401872964,2026-10-02T00:15Z,CLE,PIT,home,4876017,00-0040579,Carson Schwesinger,49,,,,,,,,,,,,,,,,,,,,,9,3,0,0,0,0,0,,,,,,,,,,,,,,,,,,0,0,espn-401872964.json
4,401872964,2026-10-02T00:15Z,CLE,PIT,home,4379397,00-0036974,Tyson Campbell,7,,,,,,,,,,,,,,,,,,,,,7,6,0,0,1,0,0,,,,,,,,,,,,,,,,,,0,0,espn-401872964.json
4,401872964,2026-10-02T00:15Z,CLE,PIT,home,4242208,00-0036282,Grant Delpit,9,,,,,,,,,,,,,,,,,,,,,6,4,0,0,1,0,0,1,0,0,,,,,,,,,,,,,,,0,0,espn-401872964.json
4,401872964,2026-10-02T00:15Z,CLE,PIT,home,4569620,00-0038715,Ronnie Hickman,33,,,,,,,,,,,,,,,,,,,,,5,1,0,0,1,0,0,,,,,,,,,,,,,,,,,,0,0,espn-401872964.json
4,401872964,2026-10-02T00:15Z,CLE,PIT,home,3915535,00-0034856,Denzel Ward,21,,,,,,,,,,,,,,,,,,,,,4,3,0,0,1,1,0,1,0,0,,,,,,,,,,,,,,,0,0,espn-401872964.json
4,401872964,2026-10-02T00:15Z,CLE,PIT,home,3040471,00-0033131,Maliek Collins,96,,,,,,,,,,,,,,,,,,,,,4,2,1,2,0,1,0,,,,,,,,,,,,,,,,,,0,0,espn-401872964.json
4,401872964,2026-10-02T00:15Z,CLE,PIT,home,4605792,00-0040255,Adin Huntington,98,,,,,,,,,,,,,,,,,,,,,4,1,1,1,0,3,0,,,,,,,,,,,,,,,,,,0,0,espn-401872964.json
4,401872964,2026-10-02T00:15Z,CLE,PIT,home,4837186,00-0041471,Emmanuel McNeil-Warren,28,,,,,,,,,,,,,,,,,,,,,4,1,0,0,2,0,0,,,,,,,,,,,,,,,,,,0,0,espn-401872964.json
4,401872964,2026-10-02T00:15Z,CLE,PIT,home,3110565,00-0035680,Quincy Williams,5,,,,,,,,,,,,,,,,,,,,,4,0,0,0,1,0,0,,,,,,,,,,,,,,,,,,0,0,espn-401872964.json
4,401872964,2026-10-02T00:15Z,CLE,PIT,home,4427963,00-0038574,Isaiah McGuire,57,,,,,,,,,,,,,,,,,,,,,3,2,1,1,0,1,0,,,,,,,,,,,,,,,,,,0,0,espn-401872964.json
4,401872964,2026-10-02T00:15Z,CLE,PIT,home,4695783,00-0039417,Myles Harden,26,,,,,,,,,,,,,,,,,,,,,3,2,0,0,0,0,0,,,,,,,,,,,,,,,,,,0,0,espn-401872964.json
4,401872964,2026-10-02T00:15Z,CLE,PIT,home,4567242,00-0037665,Sam Williams,54,,,,,,,,,,,,,,,,,,,,,2,1,1,1,1,2,0,,,,,,,,,,,,,,,,,,0,0,espn-401872964.json
4,401872964,2026-10-02T00:15Z,CLE,PIT,home,4035505,00-0036306,Daniel Thomas,24,,,,,,,,,,,,,,,,,,,,,2,1,0,0,0,0,0,,,,,,,,,,,,,,,,,,0,0,espn-401872964.json
4,401872964,2026-10-02T00:15Z,CLE,PIT,home,4578085,00-0039852,Jared Verse,8,,,,,,,,,,,,,,,,,,,,,2,1,0,1,0,0,0,,,,,,,,,,,,,,,,,,0,0,espn-401872964.json
4,401872964,2026-10-02T00:15Z,CLE,PIT,home,4686027,00-0040263,Donovan McMillon,31,,,,,,,,,,,,,,,,,,,,,2,1,0,0,0,0,0,,,,,,,,,,,,,,,,,,0,0,espn-401872964.json
4,401872964,2026-10-02T00:15Z,CLE,PIT,home,4600415,00-0039895,Mike Hall Jr.,51,,,,,,,,,,,,,,,,,,,,,1,1,1,1,0,1,0,,,,,,,,,,,,,,,,,,0,0,espn-401872964.json
4,401872964,2026-10-02T00:15Z,CLE,PIT,home,4360677,00-0038565,Mekhi Blackmon,29,,,,,,,,,,,,,,,,,,,,,1,1,0,0,0,0,0,,,,,,,,,,,,,,,,,,0,0,espn-401872964.json
4,401872964,2026-10-02T00:15Z,CLE,PIT,home,4362018,00-0038710,Blake Whiteheart,86,,,,,,,,,,,,,,,,,,,,,1,1,0,0,0,0,0,,,,,,,,,,,,,,,,,,0,0,espn-401872964.json
4,401872964,2026-10-02T00:15Z,CLE,PIT,home,4613104,00-0039920,Malachi Corley,11,,,,,,,,,,,,,,,,,,,,,1,1,0,0,0,0,0,,,,1,33,0,,,,,,,,,,,,0,0,espn-401872964.json
4,401872964,2026-10-02T00:15Z,CLE,PIT,home,5085888,00-0040261,Easton Mascarenas-Arnold,42,,,,,,,,,,,,,,,,,,,,,1,1,0,0,0,0,0,,,,,,,,,,,,,,,,,,0,0,espn-401872964.json
4,401872964,2026-10-02T00:15Z,CLE,PIT,home,3115336,00-0033876,Derek Barnett,97,,,,,,,,,,,,,,,,,,,,,0,0,0,0,0,1,0,,,,,,,,,,,,,,,,,,0,0,espn-401872964.json
4,401872964,2026-10-02T00:15Z,CLE,PIT,home,4258620,00-0038428,Andre Szmyt,25,,,,,,,,,,,,,,,,,,,,,,,,,,,,,,,,,,,,,2,2,56,3,3,9,,,0,0,espn-401872964.json
4,401872964,2026-10-02T00:15Z,CLE,PIT,home,4039396,00-0034721,Corey Bojorquez,13,,,,,,,,,,,,,,,,,,,,,,,,,,,,,,,,,,,,,,,,,,,4,251,0,0,espn-401872964.json
4,401872965,2026-10-04T13:30Z,IND,WSH,away,3917792,00-0035710,Daniel Jones,17,19,34,143,0,1,2,14,19.6,53.9,4,2,1,4,,,,,,1,1,,,,,,,,,,,,,,,,,,,,,,,,,1,0,espn-401872965.json
4,401872965,2026-10-04T13:30Z,IND,WSH,away,4242335,00-0036223,Jonathan Taylor,28,,,,,,,,,,20,95,2,12,1,4,2,0,2,,,,,,,,,,,,,,,,,,,,,,,,,,,2,1,espn-401872965.json
4,401872965,2026-10-04T13:30Z,IND,WSH,away,4686468,00-0041125,Seth McGowan,20,,,,,,,,,,6,31,0,11,1,2,7,0,7,,,,,,,,,,,,,4,102,0,,,,,,,,,,,,0,0,espn-401872965.json
4,401872965,2026-10-04T13:30Z,IND,WSH,away,3051889,00-0032951,Laquon Treadwell,13,,,,,,,,,,,,,,5,6,42,0,13,,,,,,,,,,,,,,,,,,,,,,,,,,,0,0,espn-401872965.json
4,401872965,2026-10-04T13:30Z,IND,WSH,away,4431459,00-0040128,Tyler Warren,84,,,,,,,,,,,,,,5,5,41,0,13,,,,,,,,,,,,,,,,,,,,,,,,,,,0,0,espn-401872965.json
4,401872965,2026-10-04T13:30Z,IND,WSH,away,4061956,00-0035021,Ashton Dulin,16,,,,,,,,,,,,,,3,6,29,0,23,,,1,1,0,0,0,0,0,,,,,,,,,,,,,,,,,,0,0,espn-401872965.json
4,401872965,2026-10-04T13:30Z,IND,WSH,away,4688813,00-0038997,Josh Downs,2,,,,,,,,,,,,,,3,4,16,0,9,,,,,,,,,,,,,,,,,,,,,,,,,,,0,0,espn-401872965.json
4,401872965,2026-10-04T13:30Z,IND,WSH,away,4683151,00-0041132,Deion Burks,80,,,,,,,,,,,,,,1,2,6,0,6,,,,,,,,,,,,,,,,,,,,,,,,,,,0,0,espn-401872965.json
4,401872965,2026-10-04T13:30Z,IND,WSH,away,4682909,00-0040139,Justin Walley,27,,,,,,,,,,,,,,,,,,,,,8,5,1,1,0,1,0,,,,,,,,,,,,,,,,,,0,0,espn-401872965.json
4,401872965,2026-10-04T13:30Z,IND,WSH,away,3917142,00-0036298,Akeem Davis-Gaither,51,,,,,,,,,,,,,,,,,,,,,8,5,0,0,0,0,0,,,,,,,,,,,,,,,,,,0,0,espn-401872965.json
4,401872965,2026-10-04T13:30Z,IND,WSH,away,4058825,00-0033952,Grover Stewart,90,,,,,,,,,,,,,,,,,,,,,6,2,0,2,0,0,0,,,,,,,,,,,,,,,,,,0,0,espn-401872965.json
4,401872965,2026-10-04T13:30Z,IND,WSH,away,4601021,00-0039377,Jaylon Carlies,57,,,,,,,,,,,,,,,,,,,,,5,3,0,0,1,0,0,1,7,0,,,,,,,,,,,,,,,0,0,espn-401872965.json
4,401872965,2026-10-04T13:30Z,IND,WSH,away,5088571,00-0041518,Bryce Boettcher,50,,,,,,,,,,,,,,,,,,,,,5,2,0,0,0,0,0,,,,,,,,,,,,,,,,,,0,0,espn-401872965.json
4,401872965,2026-10-04T13:30Z,IND,WSH,away,3863182,00-0035674,Jerry Tillery,94,,,,,,,,,,,,,,,,,,,,,5,1,0,1,0,0,0,,,,,,,,,,,,,,,,,,0,0,espn-401872965.json
4,401872965,2026-10-04T13:30Z,IND,WSH,away,2971282,00-0032378,DeForest Buckner,99,,,,,,,,,,,,,,,,,,,,,4,2,0,1,1,3,0,,,,,,,,,,,,,,,,,,0,0,espn-401872965.json
4,401872965,2026-10-04T13:30Z,IND,WSH,away,4374171,00-0039178,Austin Ajiake,58,,,,,,,,,,,,,,,,,,,,,4,2,0,0,0,0,0,,,,,,,,,,,,,,,,,,0,0,espn-401872965.json
4,401872965,2026-10-04T13:30Z,IND,WSH,away,4685324,00-0041111,Caden Curry,55,,,,,,,,,,,,,,,,,,,,,4,2,0,0,0,0,0,,,,,,,,,,,,,,,,,,0,0,espn-401872965.json
4,401872965,2026-10-04T13:30Z,IND,WSH,away,4905664,00-0041043,A.J. Haulcy,25,,,,,,,,,,,,,,,,,,,,,3,2,0,0,1,0,0,,,,,,,,,,,,,,,,,,0,0,espn-401872965.json
4,401872965,2026-10-04T13:30Z,IND,WSH,away,4426473,00-0039340,Laiatu Latu,97,,,,,,,,,,,,,,,,,,,,,3,1,0.5,0,0,4,0,,,,,,,,,,,,,,,,,,0,0,espn-401872965.json
4,401872965,2026-10-04T13:30Z,IND,WSH,away,4427250,00-0037190,Sauce Gardner,1,,,,,,,,,,,,,,,,,,,,,2,2,0,0,1,0,0,,,,,,,,,,,,,,,,,,0,0,espn-401872965.json
4,401872965,2026-10-04T13:30Z,IND,WSH,away,3843843,00-0034825,Arden Key,98,,,,,,,,,,,,,,,,,,,,,2,0,0,0,0,0,0,,,,,,,,,,,,,,,,,,0,0,espn-401872965.json
4,401872965,2026-10-04T13:30Z,IND,WSH,away,4566154,00-0040744,Jaylahn Tuimoloau,91,,,,,,,,,,,,,,,,,,,,,2,0,0,0,1,0,0,,,,,,,,,,,,,,,,,,0,0,espn-401872965.json
4,401872965,2026-10-04T13:30Z,IND,WSH,away,4035861,,Cam Bynum,0,,,,,,,,,,,,,,,,,,,,,1,1,0,0,1,1,0,,,,,,,,,,,,,,,,,,0,0,espn-401872965.json
4,401872965,2026-10-04T13:30Z,IND,WSH,away,4037361,00-0034573,Charvarius Ward,7,,,,,,,,,,,,,,,,,,,,,1,1,0,0,3,0,0,,,,,,,,,,,,,,,,,,0,0,espn-401872965.json
4,401872965,2026-10-04T13:30Z,IND,WSH,away,4331768,00-0034485,Jonathan Owens,38,,,,,,,,,,,,,,,,,,,,,1,1,0,0,0,0,0,,,,,,,,,,,,,,,,,,0,0,espn-401872965.json
4,401872965,2026-10-04T13:30Z,IND,WSH,away,3929785,00-0036182,Nick Westbrook-Ikhine,12,,,,,,,,,,,,,,,,,,,,,1,0,0,0,0,0,0,,,,,,,,,,,,,,,,,,0,0,espn-401872965.json
4,401872965,2026-10-04T13:30Z,IND,WSH,away,4427635,00-0039031,Adetomiwa Adebawore,95,,,,,,,,,,,,,,,,,,,,,1,0,0.5,0,0,2,0,,,,,,,,,,,,,,,,,,0,0,espn-401872965.json
4,401872965,2026-10-04T13:30Z,IND,WSH,away,4722908,,Drew Ogletree,85,,,,,,,,,,,,,,,,,,,,,1,0,0,0,0,0,0,,,,,,,,,,,,,,,,,,0,0,espn-401872965.json
4,401872965,2026-10-04T13:30Z,IND,WSH,away,4361196,00-0037753,Cam Taylor-Britt,29,,,,,,,,,,,,,,,,,,,,,0,0,0,0,1,0,0,,,,,,,,,,,,,,,,,,0,0,espn-401872965.json
4,401872965,2026-10-04T13:30Z,IND,WSH,away,4571557,00-0039576,Spencer Shrader,3,,,,,,,,,,,,,,,,,,,,,,,,,,,,,,,,,,,,,3,3,52,3,3,12,,,0,0,espn-401872965.json
4,401872965,2026-10-04T13:30Z,IND,WSH,away,3914922,00-0033269,Rigoberto Sanchez,8,,,,,,,,,,,,,,,,,,,,,,,,,,,,,,,,,,,,,,,,,,,4,213,0,0,espn-401872965.json
4,401872965,2026-10-04T13:30Z,WSH,IND,home,4432722,00-0041117,Athan Kaliakmanis,16,15,33,186,1,1,1,9,20.7,60.9,3,16,0,9,,,,,,,,,,,,,,,,,,,,,,,,,,,,,,,,0,0,espn-401872965.json
4,401872965,2026-10-04T13:30Z,WSH,IND,home,2576980,00-0032268,Marcus Mariota,8,3,4,46,0,0,1,6,88.3,112.5,1,35,0,35,,,,,,,,,,,,,,,,,,,,,,,,,,,,,,,,0,0,espn-401872965.json
4,401872965,2026-10-04T13:30Z,WSH,IND,home,3068267,00-0033699,Austin Ekeler,30,,,,,,,,,,4,29,0,10,1,2,11,0,11,,,,,,,,,,,,,,,,,,,,,,,,,,,0,0,espn-401872965.json
4,401872965,2026-10-04T13:30Z,WSH,IND,home,4575131,00-0040242,Jacory Croskey-Merritt,22,,,,,,,,,,9,15,0,6,2,4,35,0,35,,,,,,,,,,,,,,,,,,,,,,,,,,,0,0,espn-401872965.json
4,401872965,2026-10-04T13:30Z,WSH,IND,home,4421446,00-0035567,Craig Reynolds,32,,,,,,,,,,2,4,0,4,,,,,,,,,,,,,,,,,,,,,,,,,,,,,,,,0,0,espn-401872965.json
4,401872965,2026-10-04T13:30Z,WSH,IND,home,4685246,00-0041096,Kaytron Allen,31,,,,,,,,,,3,1,0,2,,,,,,,,,,,,,,,,,,,,,,,,,,,,,,,,0,0,espn-401872965.json
4,401872965,2026-10-04T13:30Z,WSH,IND,home,4361577,00-0036626,Dyami Brown,6,,,,,,,,,,,,,,3,4,65,0,48,,,2,0,0,0,0,0,0,,,,3,82,0,,,,,,,,,,,,0,0,espn-401872965.json
4,401872965,2026-10-04T13:30Z,WSH,IND,home,4567156,00-0037742,Treylon Burks,13,,,,,,,,,,,,,,1,3,47,1,47,,,,,,,,,,,,,,,,,,,,,,,,,,,1,0,espn-401872965.json
4,401872965,2026-10-04T13:30Z,WSH,IND,home,2976212,00-0031588,Stefon Diggs,3,,,,,,,,,,,,,,5,9,35,0,10,,,,,,,,,,,,,,,,,,,,,,,,,,,0,0,espn-401872965.json
4,401872965,2026-10-04T13:30Z,WSH,IND,home,5081432,00-0041040,Antonio Williams,14,,,,,,,,,,,,,,3,8,21,0,9,,,,,,,,,,,,,,,,,,,,,,,,,,,0,0,espn-401872965.json
4,401872965,2026-10-04T13:30Z,WSH,IND,home,4685030,00-0039913,Brandon Coleman,74,,,,,,,,,,,,,,1,1,13,0,13,,,,,,,,,,,,,,,,,,,,,,,,,,,0,0,espn-401872965.json
4,401872965,2026-10-04T13:30Z,WSH,IND,home,4360635,00-0037809,Chig Okonkwo,85,,,,,,,,,,,,,,2,4,5,0,3,,,,,,,,,,,,,,,,,,,,,,,,,,,0,0,espn-401872965.json
4,401872965,2026-10-04T13:30Z,WSH,IND,home,4361088,00-0039686,Colson Yankoff,80,,,,,,,,,,,,,,0,1,0,0,0,,,,,,,,,,,,,,,,,,,,,,,,,,,0,0,espn-401872965.json
4,401872965,2026-10-04T13:30Z,WSH,IND,home,4361422,00-0036940,Odafe Oweh,98,,,,,,,,,,,,,,,,,,,0,0,1,1,1,1,0,1,0,,,,,,,,,,,,,,,,,,0,0,espn-401872965.json
4,401872965,2026-10-04T13:30Z,WSH,IND,home,4239694,00-0036375,Amik Robertson,2,,,,,,,,,,,,,,,,,,,,,9,7,0,0,1,0,0,,,,,,,,,,,,,,,,,,0,0,espn-401872965.json
4,401872965,2026-10-04T13:30Z,WSH,IND,home,3125248,00-0034465,Jeremy Reaves,39,,,,,,,,,,,,,,,,,,,,,8,4,0,0,0,0,0,,,,,,,,,,,,,,,,,,0,0,espn-401872965.json
4,401872965,2026-10-04T13:30Z,WSH,IND,home,5081807,00-0041028,Sonny Styles,52,,,,,,,,,,,,,,,,,,,,,8,4,0,0,0,0,0,,,,,,,,,,,,,,,,,,0,0,espn-401872965.json
4,401872965,2026-10-04T13:30Z,WSH,IND,home,3943270,00-0033551,Rasul Douglas,29,,,,,,,,,,,,,,,,,,,,,6,5,0,0,1,0,0,1,3,0,,,,,,,,,,,,,,,0,0,espn-401872965.json
4,401872965,2026-10-04T13:30Z,WSH,IND,home,4360378,00-0039149,Quan Martin,20,,,,,,,,,,,,,,,,,,,,,5,3,0,0,0,0,0,,,,,,,,,,,,,,,,,,0,0,espn-401872965.json
4,401872965,2026-10-04T13:30Z,WSH,IND,home,3127273,00-0034302,Frankie Luvu,4,,,,,,,,,,,,,,,,,,,,,5,1,0,1,0,0,0,,,,,,,,,,,,,,,,,,0,0,espn-401872965.json
4,401872965,2026-10-04T13:30Z,WSH,IND,home,3925354,00-0034333,Daron Payne,94,,,,,,,,,,,,,,,,,,,,,4,3,0,0,0,2,0,,,,,,,,,,,,,,,,,,0,0,espn-401872965.json
4,401872965,2026-10-04T13:30Z,WSH,IND,home,4242205,00-0036286,K'Lavon Chaisson,45,,,,,,,,,,,,,,,,,,,,,4,0,0.5,0,0,1,0,,,,,,,,,,,,,,,,,,0,0,espn-401872965.json
4,401872965,2026-10-04T13:30Z,WSH,IND,home,4259491,00-0036260,Javon Kinlaw,99,,,,,,,,,,,,,,,,,,,,,3,3,0,0,2,0,0,,,,,,,,,,,,,,,,,,0,0,espn-401872965.json
4,401872965,2026-10-04T13:30Z,WSH,IND,home,4363097,00-0038100,Percy Butler,35,,,,,,,,,,,,,,,,,,,,,3,1,0,0,0,0,0,,,,,,,,,,,,,,,,,,0,0,espn-401872965.json
4,401872965,2026-10-04T13:30Z,WSH,IND,home,4572460,00-0039681,Tyler Owens,18,,,,,,,,,,,,,,,,,,,,,2,1,0,0,0,0,0,,,,,,,,,,,,,,,,,,0,0,espn-401872965.json
4,401872965,2026-10-04T13:30Z,WSH,IND,home,3929956,00-0034397,Tim Settle,97,,,,,,,,,,,,,,,,,,,,,2,0,0.5,0,0,1,0,,,,,,,,,,,,,,,,,,0,0,espn-401872965.json
4,401872965,2026-10-04T13:30Z,WSH,IND,home,4427984,00-0040216,Kain Medrano,56,,,,,,,,,,,,,,,,,,,,,2,0,0,0,0,0,0,,,,,,,,,,,,,,,,,,0,0,espn-401872965.json
4,401872965,2026-10-04T13:30Z,WSH,IND,home,2971586,00-0033918,Fabian Moreau,24,,,,,,,,,,,,,,,,,,,,,1,1,0,0,0,0,0,,,,,,,,,,,,,,,,,,0,0,espn-401872965.json
4,401872965,2026-10-04T13:30Z,WSH,IND,home,4685326,00-0040686,Josh Conerly Jr.,72,,,,,,,,,,,,,,,,,,,,,1,1,0,0,0,0,0,,,,,,,,,,,,,,,,,,0,0,espn-401872965.json
4,401872965,2026-10-04T13:30Z,WSH,IND,home,5081392,00-0041074,Joshua Josephs,48,,,,,,,,,,,,,,,,,,,,,1,0,0,0,0,0,0,,,,,,,,,,,,,,,,,,0,0,espn-401872965.json
4,401872965,2026-10-04T13:30Z,WSH,IND,home,3928979,00-0034373,Dorance Armstrong,92,,,,,,,,,,,,,,,,,,,,,0,0,0,0,0,1,0,,,,,,,,,,,,,,,,,,0,0,espn-401872965.json
4,401872965,2026-10-04T13:30Z,WSH,IND,home,4602667,00-0040164,Jaylin Lane,83,,,,,,,,,,,,,,,,,,,,,,,,,,,,,,,3,80,0,2,17,0,,,,,,,,,0,0,espn-401872965.json
4,401872965,2026-10-04T13:30Z,WSH,IND,home,5081335,00-0041182,Drew Stevens,19,,,,,,,,,,,,,,,,,,,,,,,,,,,,,,,,,,,,,2,2,31,1,1,7,,,0,0,espn-401872965.json
4,401872965,2026-10-04T13:30Z,WSH,IND,home,16166,00-0030140,Tress Way,10,,,,,,,,,,,,,,,,,,,,,,,,,,,,,,,,,,,,,,,,,,,5,189,0,0,espn-401872965.json
4,401872966,2026-10-04T17:00Z,ARI,NYG,away,2578570,00-0033119,Jacoby Brissett,7,21,35,166,2,3,2,19,31.8,55.2,4,18,0,8,,,,,,,,,,,,,,,,,,,,,,,,,,,,,,,,0,0,espn-401872966.json
4,401872966,2026-10-04T17:00Z,ARI,NYG,away,4870808,00-0041027,Jeremiyah Love,4,,,,,,,,,,14,63,0,16,1,1,-8,0,-8,,,,,,,,,,,,,,,,,,,,,,,,,,,0,0,espn-401872966.json
4,401872966,2026-10-04T17:00Z,ARI,NYG,away,4373626,00-0037263,Tyler Allgeier,22,,,,,,,,,,8,42,1,22,2,2,7,0,5,,,,,,,,,,,,,,,,,,,,,,,,,,,1,0,espn-401872966.json
4,401872966,2026-10-04T17:00Z,ARI,NYG,away,4360761,00-0038559,Michael Wilson,14,,,,,,,,,,,,,,7,13,95,0,24,,,,,,,,,,,,,,,,,,,,,,,,,,,0,0,espn-401872966.json
4,401872966,2026-10-04T17:00Z,ARI,NYG,away,4361307,00-0037744,Trey McBride,85,,,,,,,,,,,,,,7,12,31,0,9,,,,,,,,,,,,,,,,,,,,,,,,,,,0,0,espn-401872966.json
4,401872966,2026-10-04T17:00Z,ARI,NYG,away,4426844,00-0039041,Elijah Higgins,84,,,,,,,,,,,,,,2,2,19,1,17,,,1,1,0,0,0,0,0,,,,,,,,,,,,,,,,,,1,0,espn-401872966.json
4,401872966,2026-10-04T17:00Z,ARI,NYG,away,4432708,00-0039849,Marvin Harrison Jr.,18,,,,,,,,,,,,,,1,4,12,1,12,,,1,1,0,0,0,0,0,,,,,,,,,,,,,,,,,,1,1,espn-401872966.json
4,401872966,2026-10-04T17:00Z,ARI,NYG,away,4239944,00-0037004,Hunter Long,89,,,,,,,,,,,,,,1,1,10,0,10,,,,,,,,,,,,,,,,,,,,,,,,,,,0,0,espn-401872966.json
4,401872966,2026-10-04T17:00Z,ARI,NYG,away,4244606,00-0036933,Zaven Collins,25,,,,,,,,,,,,,,,,,,,0,0,3,1,1,1,0,1,0,,,,,,,,,,,,,,,,,,0,0,espn-401872966.json
4,401872966,2026-10-04T17:00Z,ARI,NYG,away,4249739,00-0037596,Jack Gibbens,50,,,,,,,,,,,,,,,,,,,,,8,3,0,0,0,0,0,,,,,,,,,,,,,,,,,,0,0,espn-401872966.json
4,401872966,2026-10-04T17:00Z,ARI,NYG,away,4040983,00-0035144,Mack Wilson Sr.,1,,,,,,,,,,,,,,,,,,,,,7,4,0,1,0,0,0,,,,,,,,,,,,,,,,,,0,0,espn-401872966.json
4,401872966,2026-10-04T17:00Z,ARI,NYG,away,4040805,00-0036568,Roy Lopez,51,,,,,,,,,,,,,,,,,,,,,6,2,0,1,0,0,0,,,,,,,,,,,,,,,,,,0,0,espn-401872966.json
4,401872966,2026-10-04T17:00Z,ARI,NYG,away,5099542,00-0041370,Wydett Williams Jr.,31,,,,,,,,,,,,,,,,,,,,,5,3,0,0,0,0,0,,,,,,,,,,,,,,,,,,0,0,espn-401872966.json
4,401872966,2026-10-04T17:00Z,ARI,NYG,away,3127287,00-0033890,Budda Baker,3,,,,,,,,,,,,,,,,,,,,,5,2,0,0,2,0,0,1,15,0,,,,,,,,,,,,,,,0,0,espn-401872966.json
4,401872966,2026-10-04T17:00Z,ARI,NYG,away,3693166,00-0034381,Josh Sweat,10,,,,,,,,,,,,,,,,,,,,,4,3,1,1,0,2,0,,,,,,,,,,,,,,,,,,0,0,espn-401872966.json
4,401872966,2026-10-04T17:00Z,ARI,NYG,away,4685503,00-0040706,Walter Nolen III,97,,,,,,,,,,,,,,,,,,,,,4,3,1,2,0,1,0,,,,,,,,,,,,,,,,,,0,0,espn-401872966.json
4,401872966,2026-10-04T17:00Z,ARI,NYG,away,4569480,00-0039854,Darius Robinson,56,,,,,,,,,,,,,,,,,,,,,4,2,1,1,0,1,0,,,,,,,,,,,,,,,,,,0,0,espn-401872966.json
4,401872966,2026-10-04T17:00Z,ARI,NYG,away,4698113,00-0039807,Max Melton,16,,,,,,,,,,,,,,,,,,,,,4,2,0,0,0,0,0,,,,,,,,,,,,,,,,,,0,0,espn-401872966.json
4,401872966,2026-10-04T17:00Z,ARI,NYG,away,4568506,00-0039007,Garrett Williams,21,,,,,,,,,,,,,,,,,,,,,3,3,0,0,1,0,0,,,,,,,,,,,,,,,,,,0,0,espn-401872966.json
4,401872966,2026-10-04T17:00Z,ARI,NYG,away,3051775,00-0033066,Andrew Billings,95,,,,,,,,,,,,,,,,,,,,,2,2,0,0,0,0,0,,,,,,,,,,,,,,,,,,0,0,espn-401872966.json
4,401872966,2026-10-04T17:00Z,ARI,NYG,away,4432668,00-0040195,Denzel Burke,29,,,,,,,,,,,,,,,,,,,,,2,1,0,0,1,0,0,1,0,0,,,,,,,,,,,,,,,0,0,espn-401872966.json
4,401872966,2026-10-04T17:00Z,ARI,NYG,away,4362225,00-0038623,Dante Stills,55,,,,,,,,,,,,,,,,,,,,,2,0,0,0,0,2,0,,,,,,,,,,,,,,,,,,0,0,espn-401872966.json
4,401872966,2026-10-04T17:00Z,ARI,NYG,away,3918331,00-0035378,Andrew Wingard,28,,,,,,,,,,,,,,,,,,,,,1,1,0,0,0,0,0,,,,,,,,,,,,,,,,,,0,0,espn-401872966.json
4,401872966,2026-10-04T17:00Z,ARI,NYG,away,4045180,00-0035859,Blake Gillikin,12,,,,,,,,,,,,,,,,,,,,,1,1,0,0,0,0,0,,,,,,,,,,,,,,,,6,259,0,0,espn-401872966.json
4,401872966,2026-10-04T17:00Z,ARI,NYG,away,4241987,00-0036995,Baron Browning,5,,,,,,,,,,,,,,,,,,,,,1,1,0,0,0,0,0,,,,,,,,,,,,,,,,,,0,0,espn-401872966.json
4,401872966,2026-10-04T17:00Z,ARI,NYG,away,4360739,00-0036646,Simi Fehoko,80,,,,,,,,,,,,,,,,,,,,,1,1,0,0,0,0,0,,,,,,,,,,,,,,,,,,0,0,espn-401872966.json
4,401872966,2026-10-04T17:00Z,ARI,NYG,away,4426923,00-0038984,Kei'Trel Clark,13,,,,,,,,,,,,,,,,,,,,,1,1,0,0,0,0,0,,,,,,,,,,,,,,,,,,0,0,espn-401872966.json
4,401872966,2026-10-04T17:00Z,ARI,NYG,away,4429071,00-0040645,Cody Simon,0,,,,,,,,,,,,,,,,,,,,,1,1,0,0,0,0,0,,,,,,,,,,,,,,,,,,0,0,espn-401872966.json
4,401872966,2026-10-04T17:00Z,ARI,NYG,away,4692835,00-0038640,Jalen Brooks,86,,,,,,,,,,,,,,,,,,,,,1,1,0,0,0,0,0,,,,6,157,0,,,,,,,,,,,,0,0,espn-401872966.json
4,401872966,2026-10-04T17:00Z,ARI,NYG,away,4709695,00-0041093,Karson Sharar,43,,,,,,,,,,,,,,,,,,,,,1,1,0,0,0,0,0,,,,,,,,,,,,,,,,,,0,0,espn-401872966.json
4,401872966,2026-10-04T17:00Z,ARI,NYG,away,5084939,00-0039808,Isaiah Adams,74,,,,,,,,,,,,,,,,,,,,,1,1,0,0,0,0,0,,,,,,,,,,,,,,,,,,0,0,espn-401872966.json
4,401872966,2026-10-04T17:00Z,ARI,NYG,away,3116449,00-0035636,L.J. Collier,91,,,,,,,,,,,,,,,,,,,,,1,0,0,0,0,0,0,,,,,,,,,,,,,,,,,,0,0,espn-401872966.json
4,401872966,2026-10-04T17:00Z,ARI,NYG,away,4361272,00-0038782,Eku Leota,54,,,,,,,,,,,,,,,,,,,,,1,0,0,0,0,0,0,,,,,,,,,,,,,,,,,,0,0,espn-401872966.json
4,401872966,2026-10-04T17:00Z,ARI,NYG,away,4428996,00-0040137,Jordan Burch,52,,,,,,,,,,,,,,,,,,,,,1,0,0,0,0,0,0,,,,,,,,,,,,,,,,,,0,0,espn-401872966.json
4,401872966,2026-10-04T17:00Z,ARI,NYG,away,4039050,00-0036331,Devin Duvernay,81,,,,,,,,,,,,,,,,,,,,,,,,,,,,,,,1,39,0,1,12,0,,,,,,,,,0,0,espn-401872966.json
4,401872966,2026-10-04T17:00Z,ARI,NYG,away,4363538,00-0038567,Chad Ryland,38,,,,,,,,,,,,,,,,,,,,,,,,,,,,,,,,,,,,,1,1,60,3,3,6,,,0,0,espn-401872966.json
4,401872966,2026-10-04T17:00Z,NYG,ARI,home,2969939,00-0031503,Jameis Winston,19,18,29,250,3,2,4,18,53.1,95.5,,,,,,,,,,,,1,1,0,0,0,0,0,,,,,,,,,,,,,,,,,,0,0,espn-401872966.json
4,401872966,2026-10-04T17:00Z,NYG,ARI,home,4696981,00-0040715,Cam Skattebo,44,,,,,,,,,,18,58,0,8,1,1,8,0,8,,,,,,,,,,,,,,,,,,,,,,,,,,,0,0,espn-401872966.json
4,401872966,2026-10-04T17:00Z,NYG,ARI,home,4241457,00-0036893,Najee Harris,23,,,,,,,,,,9,30,0,9,,,,,,1,1,,,,,,,,,,,,,,,,,,,,,,,,,0,0,espn-401872966.json
4,401872966,2026-10-04T17:00Z,NYG,ARI,home,4360516,00-0039384,Tyrone Tracy Jr.,29,,,,,,,,,,1,-1,0,-1,,,,,,,,1,0,0,0,0,0,0,,,,1,55,0,,,,,,,,,,,,0,0,espn-401872966.json
4,401872966,2026-10-04T17:00Z,NYG,ARI,home,4595348,00-0039337,Malik Nabers,1,,,,,,,,,,,,,,6,7,112,1,39,,,,,,,,,,,,,,,,,,,,,,,,,,,1,0,espn-401872966.json
4,401872966,2026-10-04T17:00Z,NYG,ARI,home,4361050,00-0037838,Isaiah Likely,9,,,,,,,,,,,,,,7,12,66,0,34,,,,,,,,,,,,,,,,,,,,,,,,,,,0,0,espn-401872966.json
4,401872966,2026-10-04T17:00Z,NYG,ARI,home,4682648,00-0041042,Malachi Fields,88,,,,,,,,,,,,,,2,3,52,1,40,,,1,1,0,0,0,0,0,,,,,,,,,,,,,,,,,,1,0,espn-401872966.json
4,401872966,2026-10-04T17:00Z,NYG,ARI,home,4429148,00-0039847,Theo Johnson,84,,,,,,,,,,,,,,1,1,11,1,11,,,1,1,0,0,0,0,0,,,,,,,,,,,,,,,,,,1,0,espn-401872966.json
4,401872966,2026-10-04T17:00Z,NYG,ARI,home,2975417,00-0033376,Patrick Ricard,45,,,,,,,,,,,,,,1,2,1,0,1,,,,,,,,,,,,,,,,,,,,,,,,,,,0,0,espn-401872966.json
4,401872966,2026-10-04T17:00Z,NYG,ARI,home,3123075,00-0034419,Braxton Berrios,87,,,,,,,,,,,,,,0,1,0,0,0,,,,,,,,,,,,,,,,2,-2,0,,,,,,,,,0,0,espn-401872966.json
4,401872966,2026-10-04T17:00Z,NYG,ARI,home,4040655,00-0036309,Darnell Mooney,17,,,,,,,,,,,,,,0,2,0,0,0,,,,,,,,,,,,,,,,,,,,,,,,,,,0,0,espn-401872966.json
4,401872966,2026-10-04T17:00Z,NYG,ARI,home,4950400,00-0041509,Arvell Reese,52,,,,,,,,,,,,,,,,,,,,,9,9,0,1,3,0,0,1,8,0,,,,,,,,,,,,,,,0,0,espn-401872966.json
4,401872966,2026-10-04T17:00Z,NYG,ARI,home,3929950,00-0034673,Tremaine Edmunds,49,,,,,,,,,,,,,,,,,,,,,9,8,1,2,0,1,0,,,,,,,,,,,,,,,,,,0,0,espn-401872966.json
4,401872966,2026-10-04T17:00Z,NYG,ARI,home,4361266,00-0036996,Greg Newsome II,20,,,,,,,,,,,,,,,,,,,,,7,4,0,0,2,0,0,1,0,0,,,,,,,,,,,,,,,0,0,espn-401872966.json
4,401872966,2026-10-04T17:00Z,NYG,ARI,home,4373809,00-0036998,Jevon Holland,8,,,,,,,,,,,,,,,,,,,,,7,4,0,0,0,0,0,,,,,,,,,,,,,,,,,,0,0,espn-401872966.json
4,401872966,2026-10-04T17:00Z,NYG,ARI,home,4430261,00-0039861,Tyler Nubin,27,,,,,,,,,,,,,,,,,,,,,4,4,0,0,2,0,0,,,,,,,,,,,,,,,,,,0,0,espn-401872966.json
4,401872966,2026-10-04T17:00Z,NYG,ARI,home,16837,00-0031270,Shelby Harris,93,,,,,,,,,,,,,,,,,,,,,4,2,0,1,1,0,0,,,,,,,,,,,,,,,,,,0,0,espn-401872966.json
4,401872966,2026-10-04T17:00Z,NYG,ARI,home,4428328,00-0039000,Deonte Banks,2,,,,,,,,,,,,,,,,,,,,,4,1,0,0,4,0,1,1,98,1,,,,,,,,,,,,,,,1,0,espn-401872966.json
4,401872966,2026-10-04T17:00Z,NYG,ARI,home,4725996,00-0040677,Abdul Carter,3,,,,,,,,,,,,,,,,,,,,,3,1,0,0,0,3,0,,,,,,,,,,,,,,,,,,0,0,espn-401872966.json
4,401872966,2026-10-04T17:00Z,NYG,ARI,home,4427207,00-0040434,Trace Ford,48,,,,,,,,,,,,,,,,,,,,,2,2,0,0,0,0,0,,,,,,,,,,,,,,,,,,0,0,espn-401872966.json
4,401872966,2026-10-04T17:00Z,NYG,ARI,home,5144942,,CJ Okoye,99,,,,,,,,,,,,,,,,,,,,,2,1,1,1,0,1,0,,,,,,,,,,,,,,,,,,0,0,espn-401872966.json
4,401872966,2026-10-04T17:00Z,NYG,ARI,home,2977670,00-0032424,DJ Reader,98,,,,,,,,,,,,,,,,,,,,,2,1,0,0,0,1,0,,,,,,,,,,,,,,,,,,0,0,espn-401872966.json
4,401872966,2026-10-04T17:00Z,NYG,ARI,home,4036132,00-0036982,Chauncey Golston,57,,,,,,,,,,,,,,,,,,,,,2,1,0,0,0,0,0,,,,,,,,,,,,,,,,,,0,0,espn-401872966.json
4,401872966,2026-10-04T17:00Z,NYG,ARI,home,4426542,00-0040694,Darius Alexander,91,,,,,,,,,,,,,,,,,,,,,2,1,0,0,0,1,0,,,,,,,,,,,,,,,,,,0,0,espn-401872966.json
4,401872966,2026-10-04T17:00Z,NYG,ARI,home,4371961,00-0037259,Micah McFadden,41,,,,,,,,,,,,,,,,,,,,,2,0,0,0,0,0,0,,,,,,,,,,,,,,,,,,0,0,espn-401872966.json
4,401872966,2026-10-04T17:00Z,NYG,ARI,home,4426326,00-0037611,Kayvon Thibodeaux,5,,,,,,,,,,,,,,,,,,,,,2,0,0,0,0,0,0,,,,,,,,,,,,,,,,,,0,0,espn-401872966.json
4,401872966,2026-10-04T17:00Z,NYG,ARI,home,4362234,00-0038399,Zaire Barnes,46,,,,,,,,,,,,,,,,,,,,,1,1,0,0,0,0,0,,,,,,,,,,,,,,,,,,0,0,espn-401872966.json
4,401872966,2026-10-04T17:00Z,NYG,ARI,home,4876380,00-0041102,Jack Kelly,51,,,,,,,,,,,,,,,,,,,,,1,1,0,0,0,0,0,,,,,,,,,,,,,,,,,,0,0,espn-401872966.json
4,401872966,2026-10-04T17:00Z,NYG,ARI,home,4427636,00-0038986,Nic Jones,31,,,,,,,,,,,,,,,,,,,,,1,0,0,0,0,0,0,,,,,,,,,,,,,,,,,,0,0,espn-401872966.json
4,401872966,2026-10-04T17:00Z,NYG,ARI,home,4431321,,Dru Phillips,22,,,,,,,,,,,,,,,,,,,,,0,0,0,0,2,0,0,,,,,,,,,,,,,,,,,,0,0,espn-401872966.json
4,401872966,2026-10-04T17:00Z,NYG,ARI,home,4257188,00-0038576,Charlie Jones,89,,,,,,,,,,,,,,,,,,,,,,,,,,,,,,,3,69,0,2,29,0,,,,,,,,,0,0,espn-401872966.json
4,401872966,2026-10-04T17:00Z,NYG,ARI,home,5082424,00-0041145,Dominic Zvada,34,,,,,,,,,,,,,,,,,,,,,,,,,,,,,,,,,,,,,3,3,52,1,1,10,,,0,0,espn-401872966.json
4,401872966,2026-10-04T17:00Z,NYG,ARI,home,4260224,00-0038094,Jordan Stout,15,,,,,,,,,,,,,,,,,,,,,,,,,,,,,,,,,,,,,,,,,,,3,146,0,0,espn-401872966.json
4,401872967,2026-10-04T17:00Z,DAL,HOU,away,2577417,00-0033077,Dak Prescott,4,32,45,335,1,0,3,11,85.3,99.8,2,7,0,6,,,,,,,,,,,,,,,,,,,,,,,,,,,,,,,,0,0,espn-401872967.json
4,401872967,2026-10-04T17:00Z,DAL,HOU,away,4361579,00-0036997,Javonte Williams,33,,,,,,,,,,19,62,3,13,5,5,21,0,9,,,,,,,,,,,,,,,,,,,,,,,,,,,3,0,espn-401872967.json
4,401872967,2026-10-04T17:00Z,DAL,HOU,away,4429676,00-0037120,Tyler Goodson,32,,,,,,,,,,3,12,0,10,0,1,0,0,0,,,,,,,,,,,,,,,,,,,,,,,,,,,0,0,espn-401872967.json
4,401872967,2026-10-04T17:00Z,DAL,HOU,away,4241389,00-0036358,CeeDee Lamb,88,,,,,,,,,,1,-6,0,-6,17,21,189,1,30,,,,,,,,,,,,,,,,,,,,,,,,,,,1,0,espn-401872967.json
4,401872967,2026-10-04T17:00Z,DAL,HOU,away,4426354,00-0037247,George Pickens,3,,,,,,,,,,,,,,2,3,75,0,53,,,,,,,,,,,,,,,,,,,,,,,,,,,0,0,espn-401872967.json
4,401872967,2026-10-04T17:00Z,DAL,HOU,away,5083754,00-0039410,Ryan Flournoy,19,,,,,,,,,,,,,,4,5,37,0,19,,,,,,,,,,,,,,,,,,,,,,,,,,,0,0,espn-401872967.json
4,401872967,2026-10-04T17:00Z,DAL,HOU,away,4242355,00-0038041,Jake Ferguson,87,,,,,,,,,,,,,,3,4,11,0,7,,,,,,,,,,,,,,,,,,,,,,,,,,,0,0,espn-401872967.json
4,401872967,2026-10-04T17:00Z,DAL,HOU,away,4383396,00-0038738,Hunter Luepke,30,,,,,,,,,,,,,,1,1,2,0,2,,,3,0,0,0,0,0,0,,,,,,,,,,,,,,,,,,0,0,espn-401872967.json
4,401872967,2026-10-04T17:00Z,DAL,HOU,away,4360967,00-0039530,Brevyn Spann-Ford,89,,,,,,,,,,,,,,0,1,0,0,0,,,3,0,0,0,0,0,0,,,,,,,,,,,,,,,,,,0,0,espn-401872967.json
4,401872967,2026-10-04T17:00Z,DAL,HOU,away,4426485,00-0039062,Jonathan Mingo,18,,,,,,,,,,,,,,0,2,0,0,0,,,,,,,,,,,,,,,,,,,,,,,,,,,0,0,espn-401872967.json
4,401872967,2026-10-04T17:00Z,DAL,HOU,away,3121415,00-0033877,Malik Hooker,24,,,,,,,,,,,,,,,,,,,,,7,5,0,0,2,0,0,,,,,,,,,,,,,,,,,,0,0,espn-401872967.json
4,401872967,2026-10-04T17:00Z,DAL,HOU,away,4870706,00-0040865,Caleb Downs,13,,,,,,,,,,,,,,,,,,,,,7,5,0,0,0,0,0,,,,,,,,,,,,,,,,,,0,0,espn-401872967.json
4,401872967,2026-10-04T17:00Z,DAL,HOU,away,4428914,00-0038625,Dee Winters,53,,,,,,,,,,,,,,,,,,,,,5,2,0,0,0,1,0,,,,,,,,,,,,,,,,,,0,0,espn-401872967.json
4,401872967,2026-10-04T17:00Z,DAL,HOU,away,4428584,00-0039465,Reddy Steward,27,,,,,,,,,,,,,,,,,,,,,4,4,0,0,0,0,0,,,,,,,,,,,,,,,,,,0,0,espn-401872967.json
4,401872967,2026-10-04T17:00Z,DAL,HOU,away,4040982,00-0035718,Quinnen Williams,92,,,,,,,,,,,,,,,,,,,,,4,2,1,2,0,1,0,,,,,,,,,,,,,,,,,,0,0,espn-401872967.json
4,401872967,2026-10-04T17:00Z,DAL,HOU,away,3122752,00-0033120,Kenny Clark,97,,,,,,,,,,,,,,,,,,,,,4,1,0,0,0,1,0,,,,,,,,,,,,,,,,,,0,0,espn-401872967.json
4,401872967,2026-10-04T17:00Z,DAL,HOU,away,4248911,00-0037275,DaRon Bland,26,,,,,,,,,,,,,,,,,,,,,3,3,0,0,0,0,0,,,,,,,,,,,,,,,,,,0,0,espn-401872967.json
4,401872967,2026-10-04T17:00Z,DAL,HOU,away,4259546,00-0038624,Ameer Speed,23,,,,,,,,,,,,,,,,,,,,,3,2,0,0,0,0,0,,,,,,,,,,,,,,,,,,0,0,espn-401872967.json
4,401872967,2026-10-04T17:00Z,DAL,HOU,away,4683848,00-0040725,Donovan Ezeiruaku,6,,,,,,,,,,,,,,,,,,,,,3,1,0,0,0,0,0,,,,,,,,,,,,,,,,,,0,0,espn-401872967.json
4,401872967,2026-10-04T17:00Z,DAL,HOU,away,4046523,00-0034967,Rashan Gary,7,,,,,,,,,,,,,,,,,,,,,2,2,1,1,0,2,0,,,,,,,,,,,,,,,,,,0,0,espn-401872967.json
4,401872967,2026-10-04T17:00Z,DAL,HOU,away,4685400,00-0040011,Shemar James,50,,,,,,,,,,,,,,,,,,,,,2,2,0,0,0,0,0,,,,,,,,,,,,,,,,,,0,0,espn-401872967.json
4,401872967,2026-10-04T17:00Z,DAL,HOU,away,4367210,00-0037270,Otito Ogbonnia,91,,,,,,,,,,,,,,,,,,,,,2,1,0,0,0,0,0,,,,,,,,,,,,,,,,,,0,0,espn-401872967.json
4,401872967,2026-10-04T17:00Z,DAL,HOU,away,4595352,00-0040045,Alijah Clark,11,,,,,,,,,,,,,,,,,,,,,2,1,0,0,0,0,0,,,,,,,,,,,,,,,,,,0,0,espn-401872967.json
4,401872967,2026-10-04T17:00Z,DAL,HOU,away,4870960,00-0040880,LT Overton,99,,,,,,,,,,,,,,,,,,,,,2,0,0,0,0,0,0,,,,,,,,,,,,,,,,,,0,0,espn-401872967.json
4,401872967,2026-10-04T17:00Z,DAL,HOU,away,4685266,00-0040872,Jaishawn Barham,55,,,,,,,,,,,,,,,,,,,,,1,1,0,0,0,0,0,,,,,,,,,,,,,,,,,,0,0,espn-401872967.json
4,401872967,2026-10-04T17:00Z,DAL,HOU,away,4710067,00-0041537,Malachi Lawrence,57,,,,,,,,,,,,,,,,,,,,,1,1,0,0,0,0,0,,,,,,,,,,,,,,,,,,0,0,espn-401872967.json
4,401872967,2026-10-04T17:00Z,DAL,HOU,away,4039170,00-0037051,Elijah Garcia,93,,,,,,,,,,,,,,,,,,,,,1,0,0,0,0,0,0,,,,,,,,,,,,,,,,,,0,0,espn-401872967.json
4,401872967,2026-10-04T17:00Z,DAL,HOU,away,4241921,00-0037561,Markquese Bell,14,,,,,,,,,,,,,,,,,,,,,1,0,0,0,0,0,0,,,,,,,,,,,,,,,,,,0,0,espn-401872967.json
4,401872967,2026-10-04T17:00Z,DAL,HOU,away,4429249,00-0040043,Justin Barron,45,,,,,,,,,,,,,,,,,,,,,1,0,0,0,0,0,0,,,,,,,,,,,,,,,,,,0,0,espn-401872967.json
4,401872967,2026-10-04T17:00Z,DAL,HOU,away,3676833,00-0037801,KaVontae Turpin,9,,,,,,,,,,,,,,,,,,,,,,,,,,,,,,,5,147,0,4,47,0,,,,,,,,,0,0,espn-401872967.json
4,401872967,2026-10-04T17:00Z,DAL,HOU,away,3953687,00-0037692,Brandon Aubrey,17,,,,,,,,,,,,,,,,,,,,,,,,,,,,,,,,,,,,,2,4,50,4,4,10,,,0,0,espn-401872967.json
4,401872967,2026-10-04T17:00Z,DAL,HOU,away,14950,00-0029692,Bryan Anger,5,,,,,,,,,,,,,,,,,,,,,,,,,,,,,,,,,,,,,,,,,,,2,117,0,0,espn-401872967.json
4,401872967,2026-10-04T17:00Z,HOU,DAL,home,4432577,00-0039163,C.J. Stroud,7,21,31,347,2,0,2,12,54.8,126.7,2,12,0,9,,,,,,,,,,,,,,,,,,,,,,,,,,,,,,,,0,0,espn-401872967.json
4,401872967,2026-10-04T17:00Z,HOU,DAL,home,4035538,00-0035685,David Montgomery,32,,,,,,,,,,10,24,0,6,0,0,19,0,19,,,,,,,,,,,,,,,,,,,,,,,,,,,0,0,espn-401872967.json
4,401872967,2026-10-04T17:00Z,HOU,DAL,home,4429059,00-0040583,Woody Marks,4,,,,,,,,,,6,22,1,9,0,1,0,0,0,,,,,,,,,,,,,,,,,,,,,,,,,,,1,0,espn-401872967.json
4,401872967,2026-10-04T17:00Z,HOU,DAL,home,4586312,00-0040138,Jaylin Noel,13,,,,,,,,,,1,4,0,4,3,3,85,0,52,,,,,,,,,,,,,4,106,0,2,8,0,,,,,,,,,0,0,espn-401872967.json
4,401872967,2026-10-04T17:00Z,HOU,DAL,home,4258173,00-0036554,Nico Collins,12,,,,,,,,,,,,,,7,8,118,2,45,,,,,,,,,,,,,,,,,,,,,,,,,,,2,1,espn-401872967.json
4,401872967,2026-10-04T17:00Z,HOU,DAL,home,4686422,00-0038618,Xavier Hutchinson,19,,,,,,,,,,,,,,3,5,46,0,26,,,,,,,,,,,,,,,,,,,,,,,,,,,0,0,espn-401872967.json
4,401872967,2026-10-04T17:00Z,HOU,DAL,home,4429022,00-0038608,Kayshon Boutte,14,,,,,,,,,,,,,,3,4,36,0,21,,,,,,,,,,,,,,,,,,,,,,,,,,,0,0,espn-401872967.json
4,401872967,2026-10-04T17:00Z,HOU,DAL,home,4426496,00-0039359,Cade Stover,8,,,,,,,,,,,,,,1,1,20,0,20,,,3,3,0,0,0,0,0,,,,,,,,,,,,,,,,,,0,0,espn-401872967.json
4,401872967,2026-10-04T17:00Z,HOU,DAL,home,4362504,00-0036556,Brevin Jordan,9,,,,,,,,,,,,,,1,1,13,0,13,,,,,,,,,,,,,,,,,,,,,,,,,,,0,0,espn-401872967.json
4,401872967,2026-10-04T17:00Z,HOU,DAL,home,3117256,00-0034383,Dalton Schultz,86,,,,,,,,,,,,,,2,2,9,0,7,,,,,,,,,,,,,,,,,,,,,,,,,,,0,0,espn-401872967.json
4,401872967,2026-10-04T17:00Z,HOU,DAL,home,3843945,00-0034981,Foster Moreau,87,,,,,,,,,,,,,,1,1,1,0,1,,,1,1,0,0,0,0,0,,,,,,,,,,,,,,,,,,0,0,espn-401872967.json
4,401872967,2026-10-04T17:00Z,HOU,DAL,home,4033812,00-0037457,Jake Hansen,35,,,,,,,,,,,,,,,,,,,,,12,7,1,2,0,1,0,,,,,,,,,,,,,,,,,,0,0,espn-401872967.json
4,401872967,2026-10-04T17:00Z,HOU,DAL,home,4243956,00-0037130,Reed Blankenship,6,,,,,,,,,,,,,,,,,,,,,11,5,0,0,0,0,0,,,,,,,,,,,,,,,,,,0,0,espn-401872967.json
4,401872967,2026-10-04T17:00Z,HOU,DAL,home,4241223,00-0037246,Jalen Pitre,5,,,,,,,,,,,,,,,,,,,,,9,7,0,1,1,0,0,,,,,,,,,,,,,,,,,,0,0,espn-401872967.json
4,401872967,2026-10-04T17:00Z,HOU,DAL,home,4602699,00-0039343,Kamari Lassiter,3,,,,,,,,,,,,,,,,,,,,,8,7,0,0,2,0,0,,,,,,,,,,,,,,,,,,0,0,espn-401872967.json
4,401872967,2026-10-04T17:00Z,HOU,DAL,home,4431517,00-0039838,Calen Bullock,2,,,,,,,,,,,,,,,,,,,,,8,4,0,0,0,0,0,,,,,,,,,,,,,,,,,,0,0,espn-401872967.json
4,401872967,2026-10-04T17:00Z,HOU,DAL,home,4685724,00-0039108,Will Anderson Jr.,51,,,,,,,,,,,,,,,,,,,,,5,3,0.5,1,0,5,0,,,,,,,,,,,,,,,,,,0,0,espn-401872967.json
4,401872967,2026-10-04T17:00Z,HOU,DAL,home,4361366,00-0036883,Tommy Togiai,72,,,,,,,,,,,,,,,,,,,,,5,1,0,0,1,0,0,,,,,,,,,,,,,,,,,,0,0,espn-401872967.json
4,401872967,2026-10-04T17:00Z,HOU,DAL,home,16734,00-0031364,Jadeveon Clowney,90,,,,,,,,,,,,,,,,,,,,,4,2,0.5,1,0,2,0,,,,,,,,,,,,,,,,,,0,0,espn-401872967.json
4,401872967,2026-10-04T17:00Z,HOU,DAL,home,4241394,00-0036441,Kenneth Murray Jr.,50,,,,,,,,,,,,,,,,,,,,,4,1,0,0,0,0,0,,,,,,,,,,,,,,,,,,0,0,espn-401872967.json
4,401872967,2026-10-04T17:00Z,HOU,DAL,home,4685518,00-0041466,Kamari Ramsey,27,,,,,,,,,,,,,,,,,,,,,2,2,0,1,0,0,0,,,,,,,,,,,,,,,,,,0,0,espn-401872967.json
4,401872967,2026-10-04T17:00Z,HOU,DAL,home,2970204,00-0032759,Sheldon Rankins,98,,,,,,,,,,,,,,,,,,,,,2,1,0,0,0,1,0,,,,,,,,,,,,,,,,,,0,0,espn-401872967.json
4,401872967,2026-10-04T17:00Z,HOU,DAL,home,4427479,00-0039395,Jamal Hill,56,,,,,,,,,,,,,,,,,,,,,2,1,0,0,0,0,0,,,,,,,,,,,,,,,,,,0,0,espn-401872967.json
4,401872967,2026-10-04T17:00Z,HOU,DAL,home,2976560,00-0031565,Danielle Hunter,55,,,,,,,,,,,,,,,,,,,,,2,0,0.5,0,0,1,0,,,,,,,,,,,,,,,,,,0,0,espn-401872967.json
4,401872967,2026-10-04T17:00Z,HOU,DAL,home,4360189,00-0038127,Logan Hall,96,,,,,,,,,,,,,,,,,,,,,2,0,0,0,0,1,0,,,,,,,,,,,,,,,,,,0,0,espn-401872967.json
4,401872967,2026-10-04T17:00Z,HOU,DAL,home,4244300,00-0037082,Dominique Robinson,94,,,,,,,,,,,,,,,,,,,,,1,1,0,0,0,0,0,,,,,,,,,,,,,,,,,,0,0,espn-401872967.json
4,401872967,2026-10-04T17:00Z,HOU,DAL,home,4837286,00-0041465,Wade Woodaz,30,,,,,,,,,,,,,,,,,,,,,1,1,0,0,0,0,0,,,,,,,,,,,,,,,,,,0,0,espn-401872967.json
4,401872967,2026-10-04T17:00Z,HOU,DAL,home,4362910,00-0039402,Jaden Crumedy,95,,,,,,,,,,,,,,,,,,,,,1,0,0.5,0,0,1,0,,,,,,,,,,,,,,,,,,0,0,espn-401872967.json
4,401872967,2026-10-04T17:00Z,HOU,DAL,home,4426434,00-0037237,Derek Stingley Jr.,24,,,,,,,,,,,,,,,,,,,,,0,0,0,0,2,0,0,,,,,,,,,,,,,,,,,,0,0,espn-401872967.json
4,401872967,2026-10-04T17:00Z,HOU,DAL,home,3134448,00-0034278,Tremon Smith,11,,,,,,,,,,,,,,,,,,,,,,,,,,,,,,,3,55,0,,,,,,,,,,,,0,0,espn-401872967.json
4,401872967,2026-10-04T17:00Z,HOU,DAL,home,2971573,00-0032726,Ka'imi Fairbairn,15,,,,,,,,,,,,,,,,,,,,,,,,,,,,,,,,,,,,,3,3,54,3,3,12,,,0,0,espn-401872967.json
4,401872967,2026-10-04T17:00Z,HOU,DAL,home,4570033,00-0040654,Kai Kroeger,38,,,,,,,,,,,,,,,,,,,,,,,,,,,,,,,,,,,,,,,,,,,4,208,0,0,espn-401872967.json
4,401872968,2026-10-04T17:00Z,GB,TB,away,4036378,00-0036264,Jordan Love,10,22,30,197,2,1,0,0,63.9,98.9,4,-8,0,4,,,,,,,,,,,,,,,,,,,,,,,,,,,,,,,,0,0,espn-401872968.json
4,401872968,2026-10-04T17:00Z,GB,TB,away,4819231,00-0040142,Kaleb Johnson,26,,,,,,,,,,8,42,0,31,,,,,,1,1,,,,,,,,,,,,,,,,,,,,,,,,,0,0,espn-401872968.json
4,401872968,2026-10-04T17:00Z,GB,TB,away,3149687,00-0038685,Chris Brooks,30,,,,,,,,,,4,30,0,27,1,1,5,0,5,,,,,,,,,,,,,,,,,,,,,,,,,,,0,0,espn-401872968.json
4,401872968,2026-10-04T17:00Z,GB,TB,away,4429023,00-0039811,MarShawn Lloyd,32,,,,,,,,,,7,13,0,5,5,5,36,0,16,1,0,,,,,,,,,,,,,,,,,,,,,,,,,0,0,espn-401872968.json
4,401872968,2026-10-04T17:00Z,GB,TB,away,4701936,00-0040667,Matthew Golden,0,,,,,,,,,,1,6,0,6,3,7,21,1,13,,,,,,,,,,,,,,,,,,,,,,,,,,,1,1,espn-401872968.json
4,401872968,2026-10-04T17:00Z,GB,TB,away,4572680,00-0038996,Tucker Kraft,85,,,,,,,,,,1,3,0,3,6,7,42,1,17,,,1,1,0,0,0,0,0,,,,,,,,,,,,,,,,,,1,0,espn-401872968.json
4,401872968,2026-10-04T17:00Z,GB,TB,away,4248528,00-0038124,Christian Watson,9,,,,,,,,,,,,,,3,3,47,0,18,,,,,,,,,,,,,,,,,,,,,,,,,,,0,0,espn-401872968.json
4,401872968,2026-10-04T17:00Z,GB,TB,away,4431346,00-0040598,Mark Redman,86,,,,,,,,,,,,,,2,2,29,0,25,,,,,,,,,,,,,,,,,,,,,,,,,,,0,0,espn-401872968.json
4,401872968,2026-10-04T17:00Z,GB,TB,away,3054212,00-0033858,Jonnu Smith,18,,,,,,,,,,,,,,1,1,19,0,19,,,,,,,,,,,,,,,,,,,,,,,,,,,0,0,espn-401872968.json
4,401872968,2026-10-04T17:00Z,GB,TB,away,4259305,00-0037091,Bo Melton,16,,,,,,,,,,,,,,0,1,0,0,0,,,,,,,,,,,,,,,,,,,,,,,,,,,0,0,espn-401872968.json
4,401872968,2026-10-04T17:00Z,GB,TB,away,4635009,00-0040948,J. Michael Sturdivant,87,,,,,,,,,,,,,,0,1,0,0,0,,,,,,,,,,,,,,,,,,,,,,,,,,,0,0,espn-401872968.json
4,401872968,2026-10-04T17:00Z,GB,TB,away,4430191,00-0038090,Skyy Moore,23,,,,,,,,,,,,,,1,2,-2,0,-2,,,,,,,,,,,,,2,52,0,2,19,0,,,,,,,,,0,0,espn-401872968.json
4,401872968,2026-10-04T17:00Z,GB,TB,away,4430438,00-0039850,Edgerrin Cooper,56,,,,,,,,,,,,,,,,,,,,,9,4,1,0,1,1,0,1,18,0,,,,,,,,,,,,,,,0,0,espn-401872968.json
4,401872968,2026-10-04T17:00Z,GB,TB,away,3124005,00-0034431,Zaire Franklin,44,,,,,,,,,,,,,,,,,,,,,8,3,0,0,0,0,0,,,,,,,,,,,,,,,,,,0,0,espn-401872968.json
4,401872968,2026-10-04T17:00Z,GB,TB,away,4688930,00-0039867,Javon Bullard,7,,,,,,,,,,,,,,,,,,,,,8,1,0,0,0,0,0,,,,,,,,,,,,,,,,,,0,0,espn-401872968.json
4,401872968,2026-10-04T17:00Z,GB,TB,away,4259493,00-0035133,Keisean Nixon,25,,,,,,,,,,,,,,,,,,,,,7,4,0,1,2,0,0,,,,,,,,,,,,,,,,,,0,0,espn-401872968.json
4,401872968,2026-10-04T17:00Z,GB,TB,away,4428863,00-0039813,Evan Williams,33,,,,,,,,,,,,,,,,,,,,,7,3,1,1,2,2,0,1,0,0,,,,,,,,,,,,,,,0,0,espn-401872968.json
4,401872968,2026-10-04T17:00Z,GB,TB,away,5076652,00-0041470,Brandon Cisse,2,,,,,,,,,,,,,,,,,,,,,6,5,0,0,0,0,0,,,,,,,,,,,,,,,,,,0,0,espn-401872968.json
4,401872968,2026-10-04T17:00Z,GB,TB,away,4241470,00-0036388,Xavier McKinney,29,,,,,,,,,,,,,,,,,,,,,5,2,1,1,0,1,0,,,,,,,,,,,,,,,,,,0,0,espn-401872968.json
4,401872968,2026-10-04T17:00Z,GB,TB,away,4686906,00-0039112,Lukas Van Ness,90,,,,,,,,,,,,,,,,,,,,,4,2,0,0,0,0,0,,,,,,,,,,,,,,,,,,0,0,espn-401872968.json
4,401872968,2026-10-04T17:00Z,GB,TB,away,4239947,00-0036658,Isaiah McDuffie,58,,,,,,,,,,,,,,,,,,,,,4,1,0,0,0,0,0,,,,,,,,,,,,,,,,,,0,0,espn-401872968.json
4,401872968,2026-10-04T17:00Z,GB,TB,away,4361776,00-0038463,Brenton Cox Jr.,57,,,,,,,,,,,,,,,,,,,,,3,1,0,1,0,2,0,,,,,,,,,,,,,,,,,,0,0,espn-401872968.json
4,401872968,2026-10-04T17:00Z,GB,TB,away,4361791,00-0037075,Devonte Wyatt,95,,,,,,,,,,,,,,,,,,,,,3,1,0,0,0,0,0,,,,,,,,,,,,,,,,,,0,0,espn-401872968.json
4,401872968,2026-10-04T17:00Z,GB,TB,away,4820574,00-0040869,Chris McClellan,55,,,,,,,,,,,,,,,,,,,,,3,1,0,0,0,0,0,,,,,,,,,,,,,,,,,,0,0,espn-401872968.json
4,401872968,2026-10-04T17:00Z,GB,TB,away,4373423,00-0038398,Karl Brooks,94,,,,,,,,,,,,,,,,,,,,,2,0,0,0,0,0,0,,,,,,,,,,,,,,,,,,0,0,espn-401872968.json
4,401872968,2026-10-04T17:00Z,GB,TB,away,4683643,00-0040010,Barryn Sorrell,99,,,,,,,,,,,,,,,,,,,,,2,0,0,0,0,0,0,,,,,,,,,,,,,,,,,,0,0,espn-401872968.json
4,401872968,2026-10-04T17:00Z,GB,TB,away,4430965,00-0038408,Carrington Valentine,24,,,,,,,,,,,,,,,,,,,,,1,1,0,0,0,0,0,,,,,,,,,,,,,,,,,,0,0,espn-401872968.json
4,401872968,2026-10-04T17:00Z,GB,TB,away,2983055,00-0033109,Javon Hargrave,98,,,,,,,,,,,,,,,,,,,,,1,0,0,0,0,1,0,,,,,,,,,,,,,,,,,,0,0,espn-401872968.json
4,401872968,2026-10-04T17:00Z,GB,TB,away,4567406,00-0039812,Ty'Ron Hopper,59,,,,,,,,,,,,,,,,,,,,,1,0,0,0,0,0,0,,,,,,,,,,,,,,,,,,0,0,espn-401872968.json
4,401872968,2026-10-04T17:00Z,GB,TB,away,4685315,00-0040877,Dani Dennis-Sutton,51,,,,,,,,,,,,,,,,,,,,,1,0,0,0,0,0,0,,,,,,,,,,,,,,,,,,0,0,espn-401872968.json
4,401872968,2026-10-04T17:00Z,GB,TB,away,4869461,00-0040899,Trey Smack,28,,,,,,,,,,,,,,,,,,,,,,,,,,,,,,,,,,,,,1,1,58,2,2,5,,,0,0,espn-401872968.json
4,401872968,2026-10-04T17:00Z,GB,TB,away,4248789,00-0037547,Daniel Whelan,19,,,,,,,,,,,,,,,,,,,,,,,,,,,,,,,,,,,,,,,,,,,4,180,0,0,espn-401872968.json
4,401872968,2026-10-04T17:00Z,TB,GB,home,4596472,00-0041251,Jalon Daniels,10,19,27,148,1,2,3,14,49.7,65.0,8,55,0,21,,,,,,0,0,1,1,0,0,0,0,0,,,,,,,,,,,,,,,,,,0,0,espn-401872968.json
4,401872968,2026-10-04T17:00Z,TB,GB,home,4596448,00-0039361,Bucky Irving,7,,,,,,,,,,16,61,0,7,,,,,,,,,,,,,,,,,,,,,,,,,,,,,,,,0,0,espn-401872968.json
4,401872968,2026-10-04T17:00Z,TB,GB,home,4430871,00-0038951,Sean Tucker,44,,,,,,,,,,3,10,1,8,,,,,,,,,,,,,,,,,,,,,,,,,,,,,,,,1,0,espn-401872968.json
4,401872968,2026-10-04T17:00Z,TB,GB,home,4608810,00-0040237,Tez Johnson,15,,,,,,,,,,1,10,0,10,2,2,17,0,15,,,,,,,,,,,,,,,,1,13,0,,,,,,,,,0,0,espn-401872968.json
4,401872968,2026-10-04T17:00Z,TB,GB,home,4371733,00-0036919,Kenny Gainwell,1,,,,,,,,,,3,5,0,4,2,2,22,1,12,,,,,,,,,,,,,,,,,,,,,,,,,,,1,0,espn-401872968.json
4,401872968,2026-10-04T17:00Z,TB,GB,home,4243331,00-0038129,Cade Otton,88,,,,,,,,,,,,,,4,6,37,0,13,,,,,,,,,,,,,,,,,,,,,,,,,,,0,0,espn-401872968.json
4,401872968,2026-10-04T17:00Z,TB,GB,home,3116165,00-0033921,Chris Godwin Jr.,14,,,,,,,,,,,,,,6,7,31,0,13,,,,,,,,,,,,,,,,,,,,,,,,,,,0,0,espn-401872968.json
4,401872968,2026-10-04T17:00Z,TB,GB,home,5220680,00-0041048,Ted Hurst III,17,,,,,,,,,,,,,,2,3,25,0,21,,,,,,,,,,,,,,,,,,,,,,,,,,,0,0,espn-401872968.json
4,401872968,2026-10-04T17:00Z,TB,GB,home,4567750,00-0040129,Emeka Egbuka,2,,,,,,,,,,,,,,2,4,13,0,8,,,,,,,,,,,,,,,,,,,,,,,,,,,0,0,espn-401872968.json
4,401872968,2026-10-04T17:00Z,TB,GB,home,5097554,00-0039589,Kameron Johnson,19,,,,,,,,,,,,,,1,2,3,0,3,,,2,1,0,0,0,0,0,,,,,,,,,,,,,,,,,,0,0,espn-401872968.json
4,401872968,2026-10-04T17:00Z,TB,GB,home,4429251,00-0039905,Graham Barton,62,,,,,,,,,,,,,,,,,,,1,0,,,,,,,,,,,,,,,,,,,,,,,,,0,0,espn-401872968.json
4,401872968,2026-10-04T17:00Z,TB,GB,home,4250392,00-0037268,Zyon McCollum,27,,,,,,,,,,,,,,,,,,,0,0,3,3,0,0,0,0,0,,,,,,,,,,,,,,,,,,0,0,espn-401872968.json
4,401872968,2026-10-04T17:00Z,TB,GB,home,4870998,00-0041502,Josiah Trotter,45,,,,,,,,,,,,,,,,,,,,,9,7,0,0,0,0,0,,,,,,,,,,,,,,,,,,0,0,espn-401872968.json
4,401872968,2026-10-04T17:00Z,TB,GB,home,4034790,00-0036411,Antoine Winfield Jr.,31,,,,,,,,,,,,,,,,,,,,,6,5,0,0,0,0,0,,,,,,,,,,,,,,,,,,0,0,espn-401872968.json
4,401872968,2026-10-04T17:00Z,TB,GB,home,4428522,00-0039846,Tykee Smith,23,,,,,,,,,,,,,,,,,,,,,6,4,0,0,0,1,0,,,,,,,,,,,,,,,,,,0,0,espn-401872968.json
4,401872968,2026-10-04T17:00Z,TB,GB,home,4912847,00-0040143,Jacob Parrish,25,,,,,,,,,,,,,,,,,,,,,5,5,0,1,2,0,0,1,8,0,,,,,,,,,,,,,,,0,0,espn-401872968.json
4,401872968,2026-10-04T17:00Z,TB,GB,home,5093694,00-0041057,Keionte Scott,22,,,,,,,,,,,,,,,,,,,,,3,3,0,0,0,0,0,,,,,,,,,,,,,,,,,,0,0,espn-401872968.json
4,401872968,2026-10-04T17:00Z,TB,GB,home,5085355,00-0040158,David Walker,51,,,,,,,,,,,,,,,,,,,,,3,2,0,0,0,0,0,,,,,,,,,,,,,,,,,,0,0,espn-401872968.json
4,401872968,2026-10-04T17:00Z,TB,GB,home,3043107,00-0033914,Alex Anzalone,34,,,,,,,,,,,,,,,,,,,,,2,2,0,0,0,0,0,,,,,,,,,,,,,,,,,,0,0,espn-401872968.json
4,401872968,2026-10-04T17:00Z,TB,GB,home,4686334,00-0039068,Yaya Diaby,0,,,,,,,,,,,,,,,,,,,,,2,1,0,0,0,0,0,,,,,,,,,,,,,,,,,,0,0,espn-401872968.json
4,401872968,2026-10-04T17:00Z,TB,GB,home,3054857,00-0032889,A'Shawn Robinson,91,,,,,,,,,,,,,,,,,,,,,2,0,0,0,0,0,0,,,,,,,,,,,,,,,,,,0,0,espn-401872968.json
4,401872968,2026-10-04T17:00Z,TB,GB,home,3134362,00-0034773,Vita Vea,50,,,,,,,,,,,,,,,,,,,,,2,0,0,0,0,1,0,,,,,,,,,,,,,,,,,,0,0,espn-401872968.json
4,401872968,2026-10-04T17:00Z,TB,GB,home,2575453,00-0031957,Rakeem Nunez-Roches,56,,,,,,,,,,,,,,,,,,,,,1,1,0,1,0,0,0,,,,,,,,,,,,,,,,,,0,0,espn-401872968.json
4,401872968,2026-10-04T17:00Z,TB,GB,home,3894856,00-0035254,Anthony Nelson,98,,,,,,,,,,,,,,,,,,,,,1,1,0,0,0,0,0,,,,,,,,,,,,,,,,,,0,0,espn-401872968.json
4,401872968,2026-10-04T17:00Z,TB,GB,home,3909013,00-0035942,Christian Rozeboom,52,,,,,,,,,,,,,,,,,,,,,1,1,0,1,0,0,0,,,,,,,,,,,,,,,,,,0,0,espn-401872968.json
4,401872968,2026-10-04T17:00Z,TB,GB,home,4690795,00-0040183,Elijah Roberts,95,,,,,,,,,,,,,,,,,,,,,1,1,0,1,0,0,0,,,,,,,,,,,,,,,,,,0,0,espn-401872968.json
4,401872968,2026-10-04T17:00Z,TB,GB,home,4890373,00-0041094,Bauer Sharp,84,,,,,,,,,,,,,,,,,,,,,1,1,0,0,0,0,0,,,,,,,,,,,,,,,,,,0,0,espn-401872968.json
4,401872968,2026-10-04T17:00Z,TB,GB,home,2575164,00-0032399,Miles Killebrew,29,,,,,,,,,,,,,,,,,,,,,1,0,0,0,0,0,0,,,,,,,,,,,,,,,,,,0,0,espn-401872968.json
4,401872968,2026-10-04T17:00Z,TB,GB,home,3051942,00-0033964,Al-Quadin Muhammad,97,,,,,,,,,,,,,,,,,,,,,1,0,0,0,0,0,0,,,,,,,,,,,,,,,,,,0,0,espn-401872968.json
4,401872968,2026-10-04T17:00Z,TB,GB,home,4602648,00-0040089,Kevin Knowles,38,,,,,,,,,,,,,,,,,,,,,1,0,0,0,0,0,0,,,,,,,,,,,,,,,,,,0,0,espn-401872968.json
4,401872968,2026-10-04T17:00Z,TB,GB,home,3150744,00-0035358,Chase McLaughlin,4,,,,,,,,,,,,,,,,,,,,,,,,,,,,,,,,,,,,,0,0,0,2,2,2,,,0,0,espn-401872968.json
4,401872968,2026-10-04T17:00Z,TB,GB,home,2577619,00-0032943,Riley Dixon,9,,,,,,,,,,,,,,,,,,,,,,,,,,,,,,,,,,,,,,,,,,,4,160,0,0,espn-401872968.json
4,401872969,2026-10-04T17:00Z,JAX,CIN,away,4360310,00-0036971,Trevor Lawrence,16,18,23,227,1,0,4,15,60.6,122.3,3,0,0,2,,,,,,,,,,,,,,,,,,,,,,,,,,,,,,,,0,0,espn-401872969.json
4,401872969,2026-10-04T17:00Z,JAX,CIN,away,4882093,00-0040719,Bhayshul Tuten,33,,,,,,,,,,17,73,0,20,2,2,18,0,9,,,,,,,,,,,,,,,,,,,,,,,,,,,0,0,espn-401872969.json
4,401872969,2026-10-04T17:00Z,JAX,CIN,away,4362619,00-0038611,Chris Rodriguez Jr.,24,,,,,,,,,,6,35,1,25,,,,,,,,,,,,,,,,,,,,,,,,,,,,,,,,1,0,espn-401872969.json
4,401872969,2026-10-04T17:00Z,JAX,CIN,away,4432620,00-0038606,Parker Washington,11,,,,,,,,,,1,3,0,3,1,3,7,0,7,,,,,,,,,,,,,,,,1,3,0,,,,,,,,,0,0,espn-401872969.json
4,401872969,2026-10-04T17:00Z,JAX,CIN,away,4430539,00-0038935,Brenton Strange,85,,,,,,,,,,,,,,7,8,95,0,23,1,0,,,,,,,,,,,,,,,,,,,,,,,,,0,0,espn-401872969.json
4,401872969,2026-10-04T17:00Z,JAX,CIN,away,4879194,00-0041100,Josh Cameron,19,,,,,,,,,,,,,,2,2,42,0,29,,,,,,,,,,,,,2,45,0,,,,,,,,,,,,0,0,espn-401872969.json
4,401872969,2026-10-04T17:00Z,JAX,CIN,away,3916433,00-0034960,Jakobi Meyers,3,,,,,,,,,,,,,,3,4,33,0,22,,,,,,,,,,,,,,,,,,,,,,,,,,,0,0,espn-401872969.json
4,401872969,2026-10-04T17:00Z,JAX,CIN,away,4432773,00-0039893,Brian Thomas Jr.,7,,,,,,,,,,,,,,2,2,17,1,10,,,,,,,,,,,,,,,,,,,,,,,,,,,1,1,espn-401872969.json
4,401872969,2026-10-04T17:00Z,JAX,CIN,away,4686248,00-0041503,Nate Boerkircher,87,,,,,,,,,,,,,,1,2,15,0,15,,,,,,,,,,,,,,,,,,,,,,,,,,,0,0,espn-401872969.json
4,401872969,2026-10-04T17:00Z,JAX,CIN,away,4880675,00-0040213,Rayuan Lane III,25,,,,,,,,,,,,,,,,,,,,,8,6,0,0,1,0,0,,,,,,,,,,,,,,,,,,0,0,espn-401872969.json
4,401872969,2026-10-04T17:00Z,JAX,CIN,away,4426448,00-0039353,Jarrian Jones,4,,,,,,,,,,,,,,,,,,,,,7,7,0,1,3,0,0,,,,,,,,,,,,,,,,,,0,0,espn-401872969.json
4,401872969,2026-10-04T17:00Z,JAX,CIN,away,3050073,00-0034413,Foyesade Oluokun,23,,,,,,,,,,,,,,,,,,,,,7,6,0,0,1,1,0,1,5,0,,,,,,,,,,,,,,,0,0,espn-401872969.json
4,401872969,2026-10-04T17:00Z,JAX,CIN,away,4240610,00-0038570,Ventrell Miller,51,,,,,,,,,,,,,,,,,,,,,6,3,0,1,0,1,0,,,,,,,,,,,,,,,,,,0,0,espn-401872969.json
4,401872969,2026-10-04T17:00Z,JAX,CIN,away,3045207,00-0033928,Jourdan Lewis,2,,,,,,,,,,,,,,,,,,,,,5,3,0,0,1,0,0,1,45,0,,,,,,,,,,,,,,,0,0,espn-401872969.json
4,401872969,2026-10-04T17:00Z,JAX,CIN,away,4429168,00-0038596,Antonio Johnson,6,,,,,,,,,,,,,,,,,,,,,5,3,0,1,0,0,0,,,,,,,,,,,,,,,,,,0,0,espn-401872969.json
4,401872969,2026-10-04T17:00Z,JAX,CIN,away,2970716,00-0033038,Eric Murray,29,,,,,,,,,,,,,,,,,,,,,4,3,0,0,0,0,0,,,,,,,,,,,,,,,,,,0,0,espn-401872969.json
4,401872969,2026-10-04T17:00Z,JAX,CIN,away,4685415,00-0040718,Travis Hunter,12,,,,,,,,,,,,,,,,,,,,,4,3,0,0,2,0,0,,,,,,,,,,,,,,,,,,0,0,espn-401872969.json
4,401872969,2026-10-04T17:00Z,JAX,CIN,away,4572704,00-0040326,Branson Combs,50,,,,,,,,,,,,,,,,,,,,,3,2,0,0,0,0,0,,,,,,,,,,,,,,,,,,0,0,espn-401872969.json
4,401872969,2026-10-04T17:00Z,JAX,CIN,away,2971275,00-0032164,Arik Armstead,91,,,,,,,,,,,,,,,,,,,,,2,2,1,1,0,1,0,,,,,,,,,,,,,,,,,,0,0,espn-401872969.json
4,401872969,2026-10-04T17:00Z,JAX,CIN,away,4573319,00-0040342,Danny Striggow,92,,,,,,,,,,,,,,,,,,,,,2,2,1,1,0,1,0,,,,,,,,,,,,,,,,,,0,0,espn-401872969.json
4,401872969,2026-10-04T17:00Z,JAX,CIN,away,3915239,00-0035642,Josh Hines-Allen,41,,,,,,,,,,,,,,,,,,,,,2,2,0,0,0,3,0,,,,,,,,,,,,,,,,,,0,0,espn-401872969.json
4,401872969,2026-10-04T17:00Z,JAX,CIN,away,4244049,00-0036590,Quintin Morris,80,,,,,,,,,,,,,,,,,,,,,2,2,0,0,0,0,0,,,,,,,,,,,,,,,,,,0,0,espn-401872969.json
4,401872969,2026-10-04T17:00Z,JAX,CIN,away,4576129,00-0040209,Jalen McLeod,35,,,,,,,,,,,,,,,,,,,,,2,2,0,0,0,0,0,,,,,,,,,,,,,,,,,,0,0,espn-401872969.json
4,401872969,2026-10-04T17:00Z,JAX,CIN,away,4426349,00-0037235,Travon Walker,44,,,,,,,,,,,,,,,,,,,,,2,1,0,0,0,2,0,,,,,,,,,,,,,,,,,,0,0,espn-401872969.json
4,401872969,2026-10-04T17:00Z,JAX,CIN,away,4430271,00-0039733,Ruke Orhorhoro,99,,,,,,,,,,,,,,,,,,,,,2,1,0,0,0,0,0,,,,,,,,,,,,,,,,,,0,0,espn-401872969.json
4,401872969,2026-10-04T17:00Z,JAX,CIN,away,4334300,00-0034473,Dennis Gardeck,47,,,,,,,,,,,,,,,,,,,,,1,1,0,0,0,1,0,,,,,,,,,,,,,,,,,,0,0,espn-401872969.json
4,401872969,2026-10-04T17:00Z,JAX,CIN,away,4911851,00-0040238,LeQuint Allen Jr.,5,,,,,,,,,,,,,,,,,,,,,1,0,0,0,0,0,0,,,,,,,,,,,,,,,,,,0,0,espn-401872969.json
4,401872969,2026-10-04T17:00Z,JAX,CIN,away,3915520,00-0036262,DaVon Hamilton,52,,,,,,,,,,,,,,,,,,,,,0,0,0,0,0,1,0,,,,,,,,,,,,,,,,,,0,0,espn-401872969.json
4,401872969,2026-10-04T17:00Z,JAX,CIN,away,2576336,00-0032104,Ameer Abdullah,20,,,,,,,,,,,,,,,,,,,,,,,,,,,,,,,2,53,0,,,,,,,,,,,,0,0,espn-401872969.json
4,401872969,2026-10-04T17:00Z,JAX,CIN,away,4686361,00-0039409,Cam Little,39,,,,,,,,,,,,,,,,,,,,,,,,,,,,,,,,,,,,,3,3,55,1,1,10,,,0,0,espn-401872969.json
4,401872969,2026-10-04T17:00Z,JAX,CIN,away,3115480,00-0034437,Logan Cooke,9,,,,,,,,,,,,,,,,,,,,,,,,,,,,,,,,,,,,,,,,,,,3,146,0,0,espn-401872969.json
4,401872969,2026-10-04T17:00Z,CIN,JAX,home,3915511,00-0036442,Joe Burrow,9,39,54,428,1,2,2,14,48.0,86.0,3,6,1,3,,,,,,1,0,,,,,,,,,,,,,,,,,,,,,,,,,1,0,espn-401872969.json
4,401872969,2026-10-04T17:00Z,CIN,JAX,home,4362238,00-0038597,Chase Brown,30,,,,,,,,,,9,10,0,6,11,11,71,0,9,,,1,1,0,0,0,0,0,,,,,,,,,,,,,,,,,,0,0,espn-401872969.json
4,401872969,2026-10-04T17:00Z,CIN,JAX,home,3116389,00-0033526,Samaje Perine,34,,,,,,,,,,3,7,0,3,0,1,0,0,0,,,,,,,,,,,,,,,,,,,,,,,,,,,0,0,espn-401872969.json
4,401872969,2026-10-04T17:00Z,CIN,JAX,home,4239993,00-0036410,Tee Higgins,5,,,,,,,,,,,,,,11,16,157,0,26,,,,,,,,,,,,,,,,,,,,,,,,,,,0,0,espn-401872969.json
4,401872969,2026-10-04T17:00Z,CIN,JAX,home,4384852,00-0040785,Dohnte Meyers,81,,,,,,,,,,,,,,7,9,82,0,29,,,,,,,,,,,,,6,161,0,2,9,0,,,,,,,,,0,0,espn-401872969.json
4,401872969,2026-10-04T17:00Z,CIN,JAX,home,4690070,00-0038839,Mitchell Tinsley,82,,,,,,,,,,,,,,3,7,49,0,29,,,1,1,0,0,0,0,0,,,,,,,,,,,,,,,,,,0,0,espn-401872969.json
4,401872969,2026-10-04T17:00Z,CIN,JAX,home,3116164,00-0034829,Mike Gesicki,88,,,,,,,,,,,,,,3,5,40,1,18,,,,,,,,,,,,,,,,,,,,,,,,,,,1,0,espn-401872969.json
4,401872969,2026-10-04T17:00Z,CIN,JAX,home,4362628,00-0036900,Ja'Marr Chase,1,,,,,,,,,,,,,,3,3,27,0,17,,,,,,,,,,,,,,,,,,,,,,,,,,,0,0,espn-401872969.json
4,401872969,2026-10-04T17:00Z,CIN,JAX,home,3050481,00-0034613,Tanner Hudson,87,,,,,,,,,,,,,,1,1,2,0,2,,,1,0,0,0,0,0,0,,,,,,,,,,,,,,,,,,0,0,espn-401872969.json
4,401872969,2026-10-04T17:00Z,CIN,JAX,home,4431519,00-0040157,Barrett Carter,49,,,,,,,,,,,,,,,,,,,,,11,5,0,1,1,0,0,,,,,,,,,,,,,,,,,,0,0,espn-401872969.json
4,401872969,2026-10-04T17:00Z,CIN,JAX,home,4427729,00-0040738,Demetrius Knight Jr.,44,,,,,,,,,,,,,,,,,,,,,6,3,0,1,0,0,0,,,,,,,,,,,,,,,,,,0,0,espn-401872969.json
4,401872969,2026-10-04T17:00Z,CIN,JAX,home,4240754,00-0038133,Boye Mafe,53,,,,,,,,,,,,,,,,,,,,,5,3,1,3,0,1,0,,,,,,,,,,,,,,,,,,0,0,espn-401872969.json
4,401872969,2026-10-04T17:00Z,CIN,JAX,home,4429946,00-0039632,PJ Jules,37,,,,,,,,,,,,,,,,,,,,,4,3,0,0,0,0,0,,,,,,,,,,,,,,,,,,0,0,espn-401872969.json
4,401872969,2026-10-04T17:00Z,CIN,JAX,home,4567098,00-0038560,Jordan Battle,27,,,,,,,,,,,,,,,,,,,,,4,3,0,0,0,0,0,,,,,,,,,,,,,,,,,,0,0,espn-401872969.json
4,401872969,2026-10-04T17:00Z,CIN,JAX,home,3051746,00-0034754,Oren Burks,42,,,,,,,,,,,,,,,,,,,,,3,2,0,0,0,0,0,,,,,,,,,,,,,,,,,,0,0,espn-401872969.json
4,401872969,2026-10-04T17:00Z,CIN,JAX,home,4240071,00-0037844,Russ Yeast,22,,,,,,,,,,,,,,,,,,,,,3,2,0,0,0,0,0,,,,,,,,,,,,,,,,,,0,0,espn-401872969.json
4,401872969,2026-10-04T17:00Z,CIN,JAX,home,4572036,00-0038549,DJ Turner II,0,,,,,,,,,,,,,,,,,,,,,3,2,0,0,1,0,0,,,,,,,,,,,,,,,,,,0,0,espn-401872969.json
4,401872969,2026-10-04T17:00Z,CIN,JAX,home,4035483,00-0035683,Dexter Lawrence II,97,,,,,,,,,,,,,,,,,,,,,3,1,1,0,0,2,0,,,,,,,,,,,,,,,,,,0,0,espn-401872969.json
4,401872969,2026-10-04T17:00Z,CIN,JAX,home,3054840,00-0033523,Jonathan Allen,93,,,,,,,,,,,,,,,,,,,,,3,1,0,0,0,2,0,,,,,,,,,,,,,,,,,,0,0,espn-401872969.json
4,401872969,2026-10-04T17:00Z,CIN,JAX,home,4362502,00-0038642,DJ Ivey,38,,,,,,,,,,,,,,,,,,,,,3,1,0,0,1,0,0,,,,,,,,,,,,,,,,,,0,0,espn-401872969.json
4,401872969,2026-10-04T17:00Z,CIN,JAX,home,3917797,00-0035363,Joe Giles-Harris,43,,,,,,,,,,,,,,,,,,,,,2,2,0,0,0,0,0,,,,,,,,,,,,,,,,,,0,0,espn-401872969.json
4,401872969,2026-10-04T17:00Z,CIN,JAX,home,4426422,,Dax Hill,23,,,,,,,,,,,,,,,,,,,,,2,2,0,0,0,0,0,,,,,,,,,,,,,,,,,,0,0,espn-401872969.json
4,401872969,2026-10-04T17:00Z,CIN,JAX,home,4726127,00-0041464,Tacario Davis,20,,,,,,,,,,,,,,,,,,,,,2,2,0,0,0,0,0,,,,,,,,,,,,,,,,,,0,0,espn-401872969.json
4,401872969,2026-10-04T17:00Z,CIN,JAX,home,4428985,00-0038546,Myles Murphy,99,,,,,,,,,,,,,,,,,,,,,2,1,1,1,0,1,0,,,,,,,,,,,,,,,,,,0,0,espn-401872969.json
4,401872969,2026-10-04T17:00Z,CIN,JAX,home,4432301,00-0039908,Kris Jenkins Jr.,90,,,,,,,,,,,,,,,,,,,,,2,1,1,1,0,1,0,,,,,,,,,,,,,,,,,,0,0,espn-401872969.json
4,401872969,2026-10-04T17:00Z,CIN,JAX,home,4240612,,T.J. Slaton Jr.,98,,,,,,,,,,,,,,,,,,,,,2,0,0,0,0,0,0,,,,,,,,,,,,,,,,,,0,0,espn-401872969.json
4,401872969,2026-10-04T17:00Z,CIN,JAX,home,4360234,00-0036854,Evan McPherson,2,,,,,,,,,,,,,,,,,,,,,1,1,0,0,0,0,0,,,,,,,,,,1,1,29,2,2,5,,,0,0,espn-401872969.json
4,401872969,2026-10-04T17:00Z,CIN,JAX,home,4572051,00-0040379,William Wagner,46,,,,,,,,,,,,,,,,,,,,,1,1,0,0,0,0,0,,,,,,,,,,,,,,,,,,0,0,espn-401872969.json
4,401872969,2026-10-04T17:00Z,CIN,JAX,home,4430065,00-0039752,Cedric Johnson,52,,,,,,,,,,,,,,,,,,,,,1,0,0,0,0,0,0,,,,,,,,,,,,,,,,,,0,0,espn-401872969.json
4,401872969,2026-10-04T17:00Z,CIN,JAX,home,4608820,00-0039323,Ryan Rehkow,8,,,,,,,,,,,,,,,,,,,,,,,,,,,,,,,,,,,,,,,,,,,2,83,0,0,espn-401872969.json
4,401872970,2026-10-04T17:00Z,LAR,PHI,away,12483,00-0026498,Matthew Stafford,9,32,51,317,0,2,1,8,56.1,63.9,3,10,0,8,,,,,,,,,,,,,,,,,,,,,,,,,,,,,,,,0,0,espn-401872970.json
4,401872970,2026-10-04T17:00Z,LAR,PHI,away,4430737,00-0037840,Kyren Williams,23,,,,,,,,,,16,80,2,23,10,13,67,0,16,,,1,1,0,0,0,0,0,,,,,,,,,,,,,,,,,,2,0,espn-401872970.json
4,401872970,2026-10-04T17:00Z,LAR,PHI,away,4429096,00-0039738,Blake Corum,24,,,,,,,,,,5,14,0,6,1,2,7,0,7,,,,,,,,,,,,,,,,,,,,,,,,,,,0,0,espn-401872970.json
4,401872970,2026-10-04T17:00Z,LAR,PHI,away,4426515,00-0039075,Puka Nacua,12,,,,,,,,,,1,2,1,2,9,12,125,0,32,,,,,,,,,,,,,,,,,,,,,,,,,,,1,0,espn-401872970.json
4,401872970,2026-10-04T17:00Z,LAR,PHI,away,2573401,00-0033110,Tyler Higbee,89,,,,,,,,,,,,,,5,6,67,0,20,,,,,,,,,,,,,,,,,,,,,,,,,,,0,0,espn-401872970.json
4,401872970,2026-10-04T17:00Z,LAR,PHI,away,16800,00-0031381,Davante Adams,17,,,,,,,,,,,,,,4,9,32,0,12,,,,,,,,,,,,,,,,,,,,,,,,,,,0,0,espn-401872970.json
4,401872970,2026-10-04T17:00Z,LAR,PHI,away,4360797,00-0036849,Tutu Atwell,8,,,,,,,,,,,,,,1,1,8,0,8,,,,,,,,,,,,,,,,,,,,,,,,,,,0,0,espn-401872970.json
4,401872970,2026-10-04T17:00Z,LAR,PHI,away,4710855,00-0040590,Konata Mumpfield,4,,,,,,,,,,,,,,1,3,7,0,7,,,,,,,,,,,,,,,,,,,,,,,,,,,0,0,espn-401872970.json
4,401872970,2026-10-04T17:00Z,LAR,PHI,away,4569382,00-0039751,Jordan Whittington,88,,,,,,,,,,,,,,1,2,4,0,4,,,,,,,,,,,,,,,,,,,,,,,,,,,0,0,espn-401872970.json
4,401872970,2026-10-04T17:00Z,LAR,PHI,away,4426553,00-0039074,Davis Allen,87,,,,,,,,,,,,,,0,2,0,0,0,,,,,,,,,,,,,,,,,,,,,,,,,,,0,0,espn-401872970.json
4,401872970,2026-10-04T17:00Z,LAR,PHI,away,4243181,00-0037587,Nate Landman,53,,,,,,,,,,,,,,,,,,,,,10,4,0,0,0,0,0,,,,,,,,,,,,,,,,,,0,0,espn-401872970.json
4,401872970,2026-10-04T17:00Z,LAR,PHI,away,4875196,00-0039137,Byron Young,0,,,,,,,,,,,,,,,,,,,,,6,4,2.5,2,0,3,0,,,,,,,,,,,,,,,,,,0,0,espn-401872970.json
4,401872970,2026-10-04T17:00Z,LAR,PHI,away,4596363,00-0039834,Kamren Kinchens,5,,,,,,,,,,,,,,,,,,,,,6,3,0.5,0,1,1,0,,,,,,,,,,,,,,,,,,0,0,espn-401872970.json
4,401872970,2026-10-04T17:00Z,LAR,PHI,away,4249128,00-0037841,Quentin Lake,37,,,,,,,,,,,,,,,,,,,,,6,2,0,0,0,0,0,,,,,,,,,,,,,,,,,,0,0,espn-401872970.json
4,401872970,2026-10-04T17:00Z,LAR,PHI,away,4428550,00-0039774,Omar Speights,48,,,,,,,,,,,,,,,,,,,,,5,5,1,0,0,1,0,,,,,,,,,,,,,,,,,,0,0,espn-401872970.json
4,401872970,2026-10-04T17:00Z,LAR,PHI,away,4242154,00-0036349,Kam Curl,3,,,,,,,,,,,,,,,,,,,,,4,3,0,0,1,0,0,,,,,,,,,,,,,,,,,,0,0,espn-401872970.json
4,401872970,2026-10-04T17:00Z,LAR,PHI,away,4572371,00-0039772,Josh Wallace,30,,,,,,,,,,,,,,,,,,,,,3,3,0,0,0,0,0,,,,,,,,,,,,,,,,,,0,0,espn-401872970.json
4,401872970,2026-10-04T17:00Z,LAR,PHI,away,4568217,00-0039749,Tyler Davis,90,,,,,,,,,,,,,,,,,,,,,3,1,0,1,0,0,0,,,,,,,,,,,,,,,,,,0,0,espn-401872970.json
4,401872970,2026-10-04T17:00Z,LAR,PHI,away,3125114,00-0034234,Poona Ford,97,,,,,,,,,,,,,,,,,,,,,2,2,0,1,0,1,0,,,,,,,,,,,,,,,,,,0,0,espn-401872970.json
4,401872970,2026-10-04T17:00Z,LAR,PHI,away,4426405,00-0037191,Trent McDuffie,22,,,,,,,,,,,,,,,,,,,,,2,2,0,0,0,0,0,,,,,,,,,,,,,,,,,,0,0,espn-401872970.json
4,401872970,2026-10-04T17:00Z,LAR,PHI,away,4430919,00-0041404,Wesley Bailey,47,,,,,,,,,,,,,,,,,,,,,2,1,0,0,0,0,0,,,,,,,,,,,,,,,,,,0,0,espn-401872970.json
4,401872970,2026-10-04T17:00Z,LAR,PHI,away,4362245,00-0039734,Braden Fiske,55,,,,,,,,,,,,,,,,,,,,,2,0,0,0,0,1,0,,,,,,,,,,,,,,,,,,0,0,espn-401872970.json
4,401872970,2026-10-04T17:00Z,LAR,PHI,away,5082391,00-0040923,Maximus Pulley,36,,,,,,,,,,,,,,,,,,,,,2,0,0,0,0,0,0,,,,,,,,,,,,,,,,,,0,0,espn-401872970.json
4,401872970,2026-10-04T17:00Z,LAR,PHI,away,4036135,00-0036603,Alaric Jackson,77,,,,,,,,,,,,,,,,,,,,,1,1,0,0,0,0,0,,,,,,,,,,,,,,,,,,0,0,espn-401872970.json
4,401872970,2026-10-04T17:00Z,LAR,PHI,away,4240255,00-0036672,Grant Stuard,44,,,,,,,,,,,,,,,,,,,,,1,1,0,0,0,0,0,,,,,,,,,,,,,,,,,,0,0,espn-401872970.json
4,401872970,2026-10-04T17:00Z,LAR,PHI,away,4250621,00-0039138,Kobie Turner,91,,,,,,,,,,,,,,,,,,,,,1,1,0,0,1,0,0,,,,,,,,,,,,,,,,,,0,0,espn-401872970.json
4,401872970,2026-10-04T17:00Z,LAR,PHI,away,4429767,00-0039151,Emmanuel Forbes Jr.,1,,,,,,,,,,,,,,,,,,,,,1,1,0,0,0,0,0,,,,,,,,,,,,,,,,,,0,0,espn-401872970.json
4,401872970,2026-10-04T17:00Z,LAR,PHI,away,4240123,00-0036237,Larrell Murchison,52,,,,,,,,,,,,,,,,,,,,,1,0,0,0,0,0,0,,,,,,,,,,,,,,,,,,0,0,espn-401872970.json
4,401872970,2026-10-04T17:00Z,LAR,PHI,away,4682983,00-0040580,Josaiah Stewart,10,,,,,,,,,,,,,,,,,,,,,1,0,0,0,0,0,0,,,,,,,,,,,,,,,,,,0,0,espn-401872970.json
4,401872970,2026-10-04T17:00Z,LAR,PHI,away,4693848,00-0040613,Shaun Dolac,56,,,,,,,,,,,,,,,,,,,,,1,0,0,0,0,0,0,,,,,,,,,,,,,,,,,,0,0,espn-401872970.json
4,401872970,2026-10-04T17:00Z,LAR,PHI,away,5082269,00-0041415,Dean Connors,33,,,,,,,,,,,,,,,,,,,,,1,0,0,0,0,0,0,,,,,,,,,,,,,,,,,,0,0,espn-401872970.json
4,401872970,2026-10-04T17:00Z,LAR,PHI,away,3919510,00-0035602,Alex Bachman,11,,,,,,,,,,,,,,,,,,,,,,,,,,,,,,,4,89,0,4,30,0,,,,,,,,,0,0,espn-401872970.json
4,401872970,2026-10-04T17:00Z,LAR,PHI,away,4574716,00-0039498,Harrison Mevis,92,,,,,,,,,,,,,,,,,,,,,,,,,,,,,,,,,,,,,1,2,40,3,3,6,,,0,0,espn-401872970.json
4,401872970,2026-10-04T17:00Z,LAR,PHI,away,5125875,00-0039059,Ethan Evans,42,,,,,,,,,,,,,,,,,,,,,,,,,,,,,,,,,,,,,,,,,,,4,199,0,0,espn-401872970.json
4,401872970,2026-10-04T17:00Z,PHI,LAR,home,4040715,00-0036389,Jalen Hurts,1,12,27,93,2,0,4,25,37.6,78.2,5,18,0,14,,,,,,1,0,,,,,,,,,,,,,,,,,,,,,,,,,0,0,espn-401872970.json
4,401872970,2026-10-04T17:00Z,PHI,LAR,home,4429013,00-0038555,Tank Bigsby,8,,,,,,,,,,14,55,0,19,0,1,0,0,0,,,,,,,,,,,,,,,,,,,,,,,,,,,0,0,espn-401872970.json
4,401872970,2026-10-04T17:00Z,PHI,LAR,home,4431545,00-0039746,Will Shipley,28,,,,,,,,,,6,23,0,9,0,1,0,0,0,,,,,,,,,,,,,3,65,0,,,,,,,,,,,,0,0,espn-401872970.json
4,401872970,2026-10-04T17:00Z,PHI,LAR,home,3929630,00-0034844,Saquon Barkley,26,,,,,,,,,,2,8,0,6,1,1,2,0,2,1,0,,,,,,,,,,,,,,,,,,,,,,,,,0,0,espn-401872970.json
4,401872970,2026-10-04T17:00Z,PHI,LAR,home,4715355,00-0040024,Darius Cooper,80,,,,,,,,,,,,,,3,7,33,2,18,,,1,1,0,0,0,0,0,,,,,,,,,,,,,,,,,,2,1,espn-401872970.json
4,401872970,2026-10-04T17:00Z,PHI,LAR,home,4870795,00-0040867,Makai Lemon,9,,,,,,,,,,,,,,3,6,27,0,13,,,,,,,,,,,,,,,,,,,,,,,,,,,0,0,espn-401872970.json
4,401872970,2026-10-04T17:00Z,PHI,LAR,home,4428850,00-0038393,Dontayvion Wicks,13,,,,,,,,,,,,,,3,5,18,0,7,,,,,,,,,,,,,,,,,,,,,,,,,,,0,0,espn-401872970.json
4,401872970,2026-10-04T17:00Z,PHI,LAR,home,15835,00-0030061,Zach Ertz,86,,,,,,,,,,,,,,2,4,13,0,8,,,,,,,,,,,,,,,,,,,,,,,,,,,0,0,espn-401872970.json
4,401872970,2026-10-04T17:00Z,PHI,LAR,home,5219831,00-0041554,Markel Bell,72,,,,,,,,,,,,,,,,,,,0,0,,,,,,,,,,,,,,,,,,,,,,,,,0,0,espn-401872970.json
4,401872970,2026-10-04T17:00Z,PHI,LAR,home,4432777,00-0039826,Jeremiah Trotter Jr.,54,,,,,,,,,,,,,,,,,,,,,15,10,0,0,1,0,0,,,,,,,,,,,,,,,,,,0,0,espn-401872970.json
4,401872970,2026-10-04T17:00Z,PHI,LAR,home,4685287,00-0040708,Jihaad Campbell,11,,,,,,,,,,,,,,,,,,,,,9,9,0,0,0,0,0,,,,,,,,,,,,,,,,,,0,0,espn-401872970.json
4,401872970,2026-10-04T17:00Z,PHI,LAR,home,4245185,00-0037079,Riq Woolen,2,,,,,,,,,,,,,,,,,,,,,7,6,0,0,1,0,0,,,,,,,,,,,,,,,,,,0,0,espn-401872970.json
4,401872970,2026-10-04T17:00Z,PHI,LAR,home,4682618,00-0039841,Cooper DeJean,33,,,,,,,,,,,,,,,,,,,,,5,3,0,0,2,0,0,1,25,0,,,,,,,,,,,,,,,0,0,espn-401872970.json
4,401872970,2026-10-04T17:00Z,PHI,LAR,home,4381558,00-0037073,Jordan Davis,90,,,,,,,,,,,,,,,,,,,,,4,4,0,0,0,0,0,,,,,,,,,,,,,,,,,,0,0,espn-401872970.json
4,401872970,2026-10-04T17:00Z,PHI,LAR,home,4686273,00-0039888,Quinyon Mitchell,27,,,,,,,,,,,,,,,,,,,,,4,4,0,0,0,0,0,,,,,,,,,,,,,,,,,,0,0,espn-401872970.json
4,401872970,2026-10-04T17:00Z,PHI,LAR,home,4431573,00-0040013,Smael Mondon Jr.,42,,,,,,,,,,,,,,,,,,,,,4,2,0,0,0,0,0,,,,,,,,,,,,,,,,,,0,0,espn-401872970.json
4,401872970,2026-10-04T17:00Z,PHI,LAR,home,4602197,00-0040749,Andrew Mukuba,24,,,,,,,,,,,,,,,,,,,,,4,1,0,0,1,0,0,1,21,0,,,,,,,,,,,,,,,0,0,espn-401872970.json
4,401872970,2026-10-04T17:00Z,PHI,LAR,home,4240456,00-0036501,Michael Carter II,35,,,,,,,,,,,,,,,,,,,,,4,0,0,0,3,0,0,,,,,,,,,,,,,,,,,,0,0,espn-401872970.json
4,401872970,2026-10-04T17:00Z,PHI,LAR,home,2971027,00-0032580,Jonathan Jones,31,,,,,,,,,,,,,,,,,,,,,3,2,0,0,1,0,0,,,,,,,,,,,,,,,,,,0,0,espn-401872970.json
4,401872970,2026-10-04T17:00Z,PHI,LAR,home,4428992,00-0039140,Kelee Ringo,7,,,,,,,,,,,,,,,,,,,,,3,1,0,0,0,0,0,,,,,,,,,,,,,,,,,,0,0,espn-401872970.json
4,401872970,2026-10-04T17:00Z,PHI,LAR,home,4426331,00-0039013,Nolan Smith Jr.,3,,,,,,,,,,,,,,,,,,,,,2,2,1,1,0,1,0,,,,,,,,,,,,,,,,,,0,0,espn-401872970.json
4,401872970,2026-10-04T17:00Z,PHI,LAR,home,4362116,00-0038412,Moro Ojomo,97,,,,,,,,,,,,,,,,,,,,,2,1,0,1,0,1,0,,,,,,,,,,,,,,,,,,0,0,espn-401872970.json
4,401872970,2026-10-04T17:00Z,PHI,LAR,home,4248557,00-0038498,E.J. Jenkins,84,,,,,,,,,,,,,,,,,,,,,1,1,0,0,0,0,0,,,,,,,,,,,,,,,,,,0,0,espn-401872970.json
4,401872970,2026-10-04T17:00Z,PHI,LAR,home,4571162,00-0039740,Jalyx Hunt,58,,,,,,,,,,,,,,,,,,,,,1,1,0,0,1,2,0,,,,,,,,,,,,,,,,,,0,0,espn-401872970.json
4,401872970,2026-10-04T17:00Z,PHI,LAR,home,4689651,00-0040071,Mac McWilliams,22,,,,,,,,,,,,,,,,,,,,,1,1,0,0,0,0,0,,,,,,,,,,,,,,,,,,0,0,espn-401872970.json
4,401872970,2026-10-04T17:00Z,PHI,LAR,home,4240585,00-0036192,AJ Epenesa,57,,,,,,,,,,,,,,,,,,,,,1,0,0,0,0,0,0,,,,,,,,,,,,,,,,,,0,0,espn-401872970.json
4,401872970,2026-10-04T17:00Z,PHI,LAR,home,4257591,00-0038116,Arnold Ebiketie,17,,,,,,,,,,,,,,,,,,,,,1,0,0,0,0,0,0,,,,,,,,,,,,,,,,,,0,0,espn-401872970.json
4,401872970,2026-10-04T17:00Z,PHI,LAR,home,4685759,00-0038386,Jalen Carter,98,,,,,,,,,,,,,,,,,,,,,1,0,0,0,0,1,0,,,,,,,,,,,,,,,,,,0,0,espn-401872970.json
4,401872970,2026-10-04T17:00Z,PHI,LAR,home,3926231,00-0037132,Britain Covey,85,,,,,,,,,,,,,,,,,,,,,,,,,,,,,,,,,,3,59,0,,,,,,,,,0,0,espn-401872970.json
4,401872970,2026-10-04T17:00Z,PHI,LAR,home,3050478,00-0033787,Jake Elliott,4,,,,,,,,,,,,,,,,,,,,,,,,,,,,,,,,,,,,,2,2,56,2,2,8,,,0,0,espn-401872970.json
4,401872970,2026-10-04T17:00Z,PHI,LAR,home,4035239,00-0036313,Braden Mann,10,,,,,,,,,,,,,,,,,,,,,,,,,,,,,,,,,,,,,,,,,,,6,293,0,0,espn-401872970.json
4,401872971,2026-10-04T17:00Z,NE,BUF,away,4431452,00-0039851,Drake Maye,10,22,37,269,3,1,1,7,91.0,97.7,8,54,0,26,,,,,,3,1,,,,,,,,,,,,,,,,,,,,,,,,,0,0,espn-401872971.json
4,401872971,2026-10-04T17:00Z,NE,BUF,away,4569173,00-0036875,Rhamondre Stevenson,38,,,,,,,,,,13,47,1,10,3,5,27,0,13,,,,,,,,,,,,,,,,,,,,,,,,,,,1,0,espn-401872971.json
4,401872971,2026-10-04T17:00Z,NE,BUF,away,4432710,00-0040734,TreVeyon Henderson,32,,,,,,,,,,14,42,0,11,0,2,0,0,0,,,,,,,,,,,,,,,,,,,,,,,,,,,0,0,espn-401872971.json
4,401872971,2026-10-04T17:00Z,NE,BUF,away,3046439,00-0033090,Hunter Henry,85,,,,,,,,,,,,,,5,5,62,0,20,,,,,,,,,,,,,,,,,,,,,,,,,,,0,0,espn-401872971.json
4,401872971,2026-10-04T17:00Z,NE,BUF,away,4361432,00-0037816,Romeo Doubs,87,,,,,,,,,,,,,,6,9,58,2,15,,,,,,,,,,,,,,,,,,,,,,,,,,,2,1,espn-401872971.json
4,401872971,2026-10-04T17:00Z,NE,BUF,away,2991662,00-0033555,Mack Hollins,13,,,,,,,,,,,,,,3,4,53,0,26,,,,,,,,,,,,,,,,,,,,,,,,,,,0,0,espn-401872971.json
4,401872971,2026-10-04T17:00Z,NE,BUF,away,4695193,00-0040563,Efton Chism III,86,,,,,,,,,,,,,,2,4,42,1,23,,,,,,,,,,,,,,,,,,,,,,,,,,,1,0,espn-401872971.json
4,401872971,2026-10-04T17:00Z,NE,BUF,away,4427095,00-0038621,DeMario Douglas,3,,,,,,,,,,,,,,2,3,15,0,10,,,,,,,,,,,,,,,,,,,,,,,,,,,0,0,espn-401872971.json
4,401872971,2026-10-04T17:00Z,NE,BUF,away,4831959,00-0041395,Eli Raridon,82,,,,,,,,,,,,,,1,2,12,0,12,,,,,,,,,,,,,,,,,,,,,,,,,,,0,0,espn-401872971.json
4,401872971,2026-10-04T17:00Z,NE,BUF,away,4613202,00-0040131,Kyle Williams,18,,,,,,,,,,,,,,0,2,0,0,0,,,,,,,,,,,,,3,81,0,,,,,,,,,,,,0,0,espn-401872971.json
4,401872971,2026-10-04T17:00Z,NE,BUF,away,4688432,00-0040574,Elijah Ponder,91,,,,,,,,,,,,,,,,,,,0,0,4,3,1,1,0,2,0,,,,,,,,,,,,,,,,,,0,0,espn-401872971.json
4,401872971,2026-10-04T17:00Z,NE,BUF,away,3129446,00-0034720,Robert Spillane,14,,,,,,,,,,,,,,,,,,,,,8,5,0,0,0,0,0,,,,,,,,,,,,,,,,,,0,0,espn-401872971.json
4,401872971,2026-10-04T17:00Z,NE,BUF,away,4245273,00-0036813,Christian Elliss,53,,,,,,,,,,,,,,,,,,,,,6,4,0,0,0,0,0,,,,,,,,,,,,,,,,,,0,0,espn-401872971.json
4,401872971,2026-10-04T17:00Z,NE,BUF,away,3916923,00-0034778,Carlton Davis III,7,,,,,,,,,,,,,,,,,,,,,5,4,0,0,0,0,0,,,,,,,,,,,,,,,,,,0,0,espn-401872971.json
4,401872971,2026-10-04T17:00Z,NE,BUF,away,4241720,00-0037253,Marcus Jones,25,,,,,,,,,,,,,,,,,,,,,5,4,0,0,1,0,0,,,,,,,2,18,0,,,,,,,,,0,0,espn-401872971.json
4,401872971,2026-10-04T17:00Z,NE,BUF,away,4428072,00-0039829,Darius Muasau,54,,,,,,,,,,,,,,,,,,,,,4,2,0,1,0,0,0,,,,,,,,,,,,,,,,,,0,0,espn-401872971.json
4,401872971,2026-10-04T17:00Z,NE,BUF,away,4890074,00-0041455,Erick Hunter,49,,,,,,,,,,,,,,,,,,,,,4,2,0,0,0,0,0,,,,,,,,,,,,,,,,,,0,0,espn-401872971.json
4,401872971,2026-10-04T17:00Z,NE,BUF,away,4428930,00-0040716,Craig Woodson,4,,,,,,,,,,,,,,,,,,,,,3,1,0,0,1,0,0,1,0,0,,,,,,,,,,,,,,,0,0,espn-401872971.json
4,401872971,2026-10-04T17:00Z,NE,BUF,away,4837244,00-0041569,Gabe Jacas,50,,,,,,,,,,,,,,,,,,,,,3,0,0,0,0,0,0,,,,,,,,,,,,,,,,,,0,0,espn-401872971.json
4,401872971,2026-10-04T17:00Z,NE,BUF,away,2574056,00-0033132,Kevin Byard,31,,,,,,,,,,,,,,,,,,,,,2,2,0,0,1,0,0,,,,,,,,,,,,,,,,,,0,0,espn-401872971.json
4,401872971,2026-10-04T17:00Z,NE,BUF,away,4036651,00-0036307,Kindle Vildor,28,,,,,,,,,,,,,,,,,,,,,2,2,0,1,0,0,0,,,,,,,,,,,,,,,,,,0,0,espn-401872971.json
4,401872971,2026-10-04T17:00Z,NE,BUF,away,4240042,00-0038653,Cory Durden,94,,,,,,,,,,,,,,,,,,,,,2,1,0,0,0,1,0,,,,,,,,,,,,,,,,,,0,0,espn-401872971.json
4,401872971,2026-10-04T17:00Z,NE,BUF,away,4368113,00-0039770,Charles Woods,22,,,,,,,,,,,,,,,,,,,,,2,1,0,0,0,0,0,,,,,,,,,,,,,,,,,,0,0,espn-401872971.json
4,401872971,2026-10-04T17:00Z,NE,BUF,away,4611993,00-0040171,Joshua Farmer,92,,,,,,,,,,,,,,,,,,,,,2,1,0,0,0,0,0,,,,,,,,,,,,,,,,,,0,0,espn-401872971.json
4,401872971,2026-10-04T17:00Z,NE,BUF,away,4372026,00-0038564,Cameron Latu,36,,,,,,,,,,,,,,,,,,,,,1,1,0,0,0,0,0,,,,,,,,,,,,,,,,,,0,0,espn-401872971.json
4,401872971,2026-10-04T17:00Z,NE,BUF,away,4599198,00-0040147,Jared Wilson,55,,,,,,,,,,,,,,,,,,,,,1,1,0,0,0,0,0,,,,,,,,,,,,,,,,,,0,0,espn-401872971.json
4,401872971,2026-10-04T17:00Z,NE,BUF,away,5085407,00-0041109,Namdi Obiazor,48,,,,,,,,,,,,,,,,,,,,,1,1,0,0,0,0,0,,,,,,,,,,,,,,,,,,0,0,espn-401872971.json
4,401872971,2026-10-04T17:00Z,NE,BUF,away,16910,00-0031054,DaQuan Jones,99,,,,,,,,,,,,,,,,,,,,,1,0,0,0,0,0,0,,,,,,,,,,,,,,,,,,0,0,espn-401872971.json
4,401872971,2026-10-04T17:00Z,NE,BUF,away,4244310,00-0037493,Mike Brown,33,,,,,,,,,,,,,,,,,,,,,1,0,0,0,0,0,0,,,,,,,,,,,,,,,,,,0,0,espn-401872971.json
4,401872971,2026-10-04T17:00Z,NE,BUF,away,4239699,00-0036916,Milton Williams,97,,,,,,,,,,,,,,,,,,,,,0,0,0,0,0,1,0,,,,,,,,,,,,,,,,,,0,0,espn-401872971.json
4,401872971,2026-10-04T17:00Z,NE,BUF,away,4431431,00-0040556,Corey Kiner,9,,,,,,,,,,,,,,,,,,,,,,,,,,,,,,,1,22,0,,,,,,,,,,,,0,0,espn-401872971.json
4,401872971,2026-10-04T17:00Z,NE,BUF,away,4569923,00-0040200,Andy Borregales,8,,,,,,,,,,,,,,,,,,,,,,,,,,,,,,,,,,,,,0,0,0,3,3,3,,,0,0,espn-401872971.json
4,401872971,2026-10-04T17:00Z,NE,BUF,away,4035685,00-0034941,Mitch Wishnowsky,19,,,,,,,,,,,,,,,,,,,,,,,,,,,,,,,,,,,,,,,,,,,4,208,0,0,espn-401872971.json
4,401872971,2026-10-04T17:00Z,BUF,NE,home,3918298,00-0034857,Josh Allen,17,23,33,253,1,1,1,4,50.9,89.6,5,4,1,4,,,,,,1,0,,,,,,,,,,,,,,,,,,,,,,,,,1,0,espn-401872971.json
4,401872971,2026-10-04T17:00Z,BUF,NE,home,4379399,00-0037248,James Cook III,4,,,,,,,,,,12,75,1,17,2,2,8,0,6,0,0,,,,,,,,,,,,,,,,,,,,,,,,,1,0,espn-401872971.json
4,401872971,2026-10-04T17:00Z,BUF,NE,home,3915416,00-0034827,DJ Moore,2,,,,,,,,,,1,6,0,6,1,2,11,0,11,,,,,,,,,,,,,,,,,,,,,,,,,,,0,0,espn-401872971.json
4,401872971,2026-10-04T17:00Z,BUF,NE,home,3915411,00-0035537,Ty Johnson,26,,,,,,,,,,1,3,0,3,2,2,9,0,9,,,,,,,,,,,,,,,,,,,,,,,,,,,0,0,espn-401872971.json
4,401872971,2026-10-04T17:00Z,BUF,NE,home,4429501,00-0039875,Ray Davis,7,,,,,,,,,,1,3,0,3,1,1,4,0,4,,,,,,,,,,,,,1,29,0,,,,,,,,,,,,0,0,espn-401872971.json
4,401872971,2026-10-04T17:00Z,BUF,NE,home,4635008,00-0039901,Keon Coleman,0,,,,,,,,,,,,,,6,7,116,1,34,,,,,,,,,,,,,,,,,,,,,,,,,,,1,0,espn-401872971.json
4,401872971,2026-10-04T17:00Z,BUF,NE,home,4373678,00-0037261,Khalil Shakir,10,,,,,,,,,,,,,,7,8,82,0,51,1,1,,,,,,,,,,,,,,,,,,,,,,,,,0,0,espn-401872971.json
4,401872971,2026-10-04T17:00Z,BUF,NE,home,3930086,00-0035689,Dawson Knox,88,,,,,,,,,,,,,,2,2,13,0,8,,,,,,,,,,,,,,,,,,,,,,,,,,,0,0,espn-401872971.json
4,401872971,2026-10-04T17:00Z,BUF,NE,home,4385690,00-0038933,Dalton Kincaid,86,,,,,,,,,,,,,,1,2,7,0,7,,,,,,,,,,,,,,,,,,,,,,,,,,,0,0,espn-401872971.json
4,401872971,2026-10-04T17:00Z,BUF,NE,home,4242433,,Joshua Palmer,5,,,,,,,,,,,,,,1,4,3,0,3,,,1,1,0,0,0,0,0,,,,,,,,,,,,,,,,,,0,0,espn-401872971.json
4,401872971,2026-10-04T17:00Z,BUF,NE,home,3127294,00-0035667,Greg Gaines,97,,,,,,,,,,,,,,,,,,,0,0,2,1,0,0,0,0,0,,,,,,,,,,,,,,,,,,0,0,espn-401872971.json
4,401872971,2026-10-04T17:00Z,BUF,NE,home,4568624,00-0038557,Dorian Williams,42,,,,,,,,,,,,,,,,,,,,,8,4,0,1,0,0,0,,,,,,,,,,,,,,,,,,0,0,espn-401872971.json
4,401872971,2026-10-04T17:00Z,BUF,NE,home,4259166,00-0037254,Terrel Bernard,8,,,,,,,,,,,,,,,,,,,,,7,5,0,0,0,0,0,,,,,,,,,,,,,,,,,,0,0,espn-401872971.json
4,401872971,2026-10-04T17:00Z,BUF,NE,home,4676004,00-0039872,Cole Bishop,24,,,,,,,,,,,,,,,,,,,,,7,4,0,0,0,0,0,,,,,,,,,,,,,,,,,,0,0,espn-401872971.json
4,401872971,2026-10-04T17:00Z,BUF,NE,home,4832035,00-0041391,Davison Igbinosun,21,,,,,,,,,,,,,,,,,,,,,5,3,0,0,1,0,0,,,,,,,,,,,,,,,,,,0,0,espn-401872971.json
4,401872971,2026-10-04T17:00Z,BUF,NE,home,4870886,00-0041036,TJ Parker,99,,,,,,,,,,,,,,,,,,,,,5,2,0.5,0,0,0,0,,,,,,,,,,,,,,,,,,0,0,espn-401872971.json
4,401872971,2026-10-04T17:00Z,BUF,NE,home,4426883,00-0039873,DeWayne Carter,90,,,,,,,,,,,,,,,,,,,,,4,3,0,0,0,0,0,,,,,,,,,,,,,,,,,,0,0,espn-401872971.json
4,401872971,2026-10-04T17:00Z,BUF,NE,home,3116733,00-0034832,Bradley Chubb,9,,,,,,,,,,,,,,,,,,,,,4,2,0,1,0,1,0,,,,,,,,,,,,,,,,,,0,0,espn-401872971.json
4,401872971,2026-10-04T17:00Z,BUF,NE,home,4034953,00-0035253,C.J. Gardner-Johnson,22,,,,,,,,,,,,,,,,,,,,,4,2,0,0,0,0,0,,,,,,,,,,,,,,,,,,0,0,espn-401872971.json
4,401872971,2026-10-04T17:00Z,BUF,NE,home,4362506,00-0036914,Greg Rousseau,15,,,,,,,,,,,,,,,,,,,,,4,2,0,0,2,4,0,,,,,,,,,,,,,,,,,,0,0,espn-401872971.json
4,401872971,2026-10-04T17:00Z,BUF,NE,home,4688931,00-0040709,Maxwell Hairston,1,,,,,,,,,,,,,,,,,,,,,3,2,0,0,1,0,0,,,,,,,,,,,,,,,,,,0,0,espn-401872971.json
4,401872971,2026-10-04T17:00Z,BUF,NE,home,4594321,00-0041444,Kaleb Elarms-Orr,52,,,,,,,,,,,,,,,,,,,,,3,1,0,0,0,0,0,,,,,,,,,,,,,,,,,,0,0,espn-401872971.json
4,401872971,2026-10-04T17:00Z,BUF,NE,home,4039303,00-0035230,Ed Oliver,91,,,,,,,,,,,,,,,,,,,,,3,0,0.5,0,0,0,0,,,,,,,,,,,,,,,,,,0,0,espn-401872971.json
4,401872971,2026-10-04T17:00Z,BUF,NE,home,4831989,00-0040710,Deone Walker,96,,,,,,,,,,,,,,,,,,,,,2,2,0,1,0,0,0,,,,,,,,,,,,,,,,,,0,0,espn-401872971.json
4,401872971,2026-10-04T17:00Z,BUF,NE,home,4033234,00-0035933,Michael Hoecht,55,,,,,,,,,,,,,,,,,,,,,2,0,0,0,1,0,0,,,,,,,,,,,,,,,,,,0,0,espn-401872971.json
4,401872971,2026-10-04T17:00Z,BUF,NE,home,4401823,00-0037034,Dee Alford,23,,,,,,,,,,,,,,,,,,,,,2,0,0,0,1,0,0,1,37,0,,,,,,,,,,,,,,,0,0,espn-401872971.json
4,401872971,2026-10-04T17:00Z,BUF,NE,home,4432715,00-0040132,Landon Jackson,94,,,,,,,,,,,,,,,,,,,,,2,0,0,0,0,0,0,,,,,,,,,,,,,,,,,,0,0,espn-401872971.json
4,401872971,2026-10-04T17:00Z,BUF,NE,home,4036060,00-0036888,Damar Hamlin,3,,,,,,,,,,,,,,,,,,,,,1,1,0,0,0,0,0,,,,,,,,,,,,,,,,,,0,0,espn-401872971.json
4,401872971,2026-10-04T17:00Z,BUF,NE,home,4037235,00-0035500,Greg Dortch,19,,,,,,,,,,,,,,,,,,,,,1,1,0,0,0,0,0,,,,4,91,0,2,16,0,,,,,,,,,0,0,espn-401872971.json
4,401872971,2026-10-04T17:00Z,BUF,NE,home,4366349,00-0039763,Joe Andreessen,44,,,,,,,,,,,,,,,,,,,,,1,1,0,0,0,0,0,,,,,,,,,,,,,,,,,,0,0,espn-401872971.json
4,401872971,2026-10-04T17:00Z,BUF,NE,home,4688552,00-0040363,Keleki Latu,83,,,,,,,,,,,,,,,,,,,,,1,1,0,0,0,0,0,,,,,,,,,,,,,,,,,,0,0,espn-401872971.json
4,401872971,2026-10-04T17:00Z,BUF,NE,home,4682749,00-0041275,Kani Walker,41,,,,,,,,,,,,,,,,,,,,,1,0,0,0,0,0,0,,,,,,,,,,,,,,,,,,0,0,espn-401872971.json
4,401872971,2026-10-04T17:00Z,BUF,NE,home,3917232,00-0036162,Tyler Bass,16,,,,,,,,,,,,,,,,,,,,,,,,,,,,,,,,,,,,,2,2,38,2,2,8,,,0,0,espn-401872971.json
4,401872971,2026-10-04T17:00Z,BUF,NE,home,4682758,00-0041126,Tommy Doman Jr.,39,,,,,,,,,,,,,,,,,,,,,,,,,,,,,,,,,,,,,,,,,,,4,194,0,0,espn-401872971.json
4,401872972,2026-10-04T17:00Z,NYJ,CHI,away,15864,00-0030565,Geno Smith,7,8,15,119,1,0,3,21,30.1,101.8,,,,,,,,,,,,,,,,,,,,,,,,,,,,,,,,,,,,0,0,espn-401872972.json
4,401872972,2026-10-04T17:00Z,NYJ,CHI,away,4685247,00-0039794,Braelon Allen,0,,,,,,,,,,14,59,0,10,2,2,8,0,5,,,,,,,,,,,,,,,,,,,,,,,,,,,0,0,espn-401872972.json
4,401872972,2026-10-04T17:00Z,NYJ,CHI,away,4569371,00-0039451,Isaiah Williams,18,,,,,,,,,,,,,,2,3,73,1,58,,,,,,,,,,,,,1,22,0,,,,,,,,,,,,1,0,espn-401872972.json
4,401872972,2026-10-04T17:00Z,NYJ,CHI,away,4569618,00-0037740,Garrett Wilson,5,,,,,,,,,,,,,,3,4,27,0,14,,,,,,,,,,,,,,,,,,,,,,,,,,,0,0,espn-401872972.json
4,401872972,2026-10-04T17:00Z,NYJ,CHI,away,4241410,00-0037755,Jelani Woods,86,,,,,,,,,,,,,,1,1,11,0,11,,,,,,,,,,,,,,,,,,,,,,,,,,,0,0,espn-401872972.json
4,401872972,2026-10-04T17:00Z,NYJ,CHI,away,2976592,00-0032385,Sterling Shepard,87,,,,,,,,,,,,,,0,1,0,0,0,,,,,,,,,,,,,,,,,,,,,,,,,,,0,0,espn-401872972.json
4,401872972,2026-10-04T17:00Z,NYJ,CHI,away,5083315,00-0041032,Kenyon Sadiq,16,,,,,,,,,,,,,,0,4,0,0,0,,,,,,,,,,,,,,,,,,,,,,,,,,,0,0,espn-401872972.json
4,401872972,2026-10-04T17:00Z,NYJ,CHI,away,4035824,00-0036987,Brandon Stephens,21,,,,,,,,,,,,,,,,,,,0,0,4,3,0,0,1,0,0,,,,,,,,,,,,,,,,,,0,0,espn-401872972.json
4,401872972,2026-10-04T17:00Z,NYJ,CHI,away,3925345,00-0034789,Minkah Fitzpatrick,29,,,,,,,,,,,,,,,,,,,,,16,8,0,0,1,0,0,1,27,0,,,,,,,,,,,,,,,0,0,espn-401872972.json
4,401872972,2026-10-04T17:00Z,NYJ,CHI,away,4426686,00-0038123,Dane Belton,6,,,,,,,,,,,,,,,,,,,,,14,6,0,0,1,0,0,,,,,,,,,,,,,,,,,,0,0,espn-401872972.json
4,401872972,2026-10-04T17:00Z,NYJ,CHI,away,4361331,00-0036500,Jamien Sherwood,44,,,,,,,,,,,,,,,,,,,,,13,5,0,0,1,0,0,,,,,,,,,,,,,,,,,,0,0,espn-401872972.json
4,401872972,2026-10-04T17:00Z,NYJ,CHI,away,14958,00-0029607,Demario Davis,56,,,,,,,,,,,,,,,,,,,,,10,5,1,1,0,1,0,,,,,,,,,,,,,,,,,,0,0,espn-401872972.json
4,401872972,2026-10-04T17:00Z,NYJ,CHI,away,4362094,00-0036902,Joseph Ossai,46,,,,,,,,,,,,,,,,,,,,,7,5,0,0,0,0,0,,,,,,,,,,,,,,,,,,0,0,espn-401872972.json
4,401872972,2026-10-04T17:00Z,NYJ,CHI,away,3117255,00-0034782,Harrison Phillips,97,,,,,,,,,,,,,,,,,,,,,7,2,0,0,0,1,0,,,,,,,,,,,,,,,,,,0,0,espn-401872972.json
4,401872972,2026-10-04T17:00Z,NYJ,CHI,away,4685248,00-0041026,David Bailey,31,,,,,,,,,,,,,,,,,,,,,6,2,0,0,1,0,0,,,,,,,,,,,,,,,,,,0,0,espn-401872972.json
4,401872972,2026-10-04T17:00Z,NYJ,CHI,away,4685596,00-0040133,Azareye'h Thomas,1,,,,,,,,,,,,,,,,,,,,,5,4,0,0,1,0,0,,,,,,,,,,,,,,,,,,0,0,espn-401872972.json
4,401872972,2026-10-04T17:00Z,NYJ,CHI,away,4361767,00-0039142,Will McDonald IV,9,,,,,,,,,,,,,,,,,,,,,5,2,0,0,0,0,0,,,,,,,,,,,,,,,,,,0,0,espn-401872972.json
4,401872972,2026-10-04T17:00Z,NYJ,CHI,away,4612836,00-0041549,Darrell Jackson Jr.,95,,,,,,,,,,,,,,,,,,,,,4,3,0,0,0,0,0,,,,,,,,,,,,,,,,,,0,0,espn-401872972.json
4,401872972,2026-10-04T17:00Z,NYJ,CHI,away,4426676,00-0039431,Jowon Briggs,91,,,,,,,,,,,,,,,,,,,,,4,2,0,1,0,0,0,,,,,,,,,,,,,,,,,,0,0,espn-401872972.json
4,401872972,2026-10-04T17:00Z,NYJ,CHI,away,5118340,00-0041038,D'Angelo Ponds,23,,,,,,,,,,,,,,,,,,,,,3,1,0,0,0,0,0,,,,,,,,,,,,,,,,,,0,0,espn-401872972.json
4,401872972,2026-10-04T17:00Z,NYJ,CHI,away,4428617,00-0039886,T'Vondre Sweat,99,,,,,,,,,,,,,,,,,,,,,3,0,0,0,0,0,0,,,,,,,,,,,,,,,,,,0,0,espn-401872972.json
4,401872972,2026-10-04T17:00Z,NYJ,CHI,away,5208977,00-0039789,Qwan'tez Stiggers,37,,,,,,,,,,,,,,,,,,,,,2,2,0,0,0,0,0,,,,,,,,,,,,,,,,,,0,0,espn-401872972.json
4,401872972,2026-10-04T17:00Z,NYJ,CHI,away,4361939,00-0036941,Andre Cisco,8,,,,,,,,,,,,,,,,,,,,,1,1,0,0,0,0,0,,,,,,,,,,,,,,,,,,0,0,espn-401872972.json
4,401872972,2026-10-04T17:00Z,NYJ,CHI,away,4429005,00-0039284,Braiden McGregor,55,,,,,,,,,,,,,,,,,,,,,1,1,0,0,0,0,0,,,,,,,,,,,,,,,,,,0,0,espn-401872972.json
4,401872972,2026-10-04T17:00Z,NYJ,CHI,away,4692024,00-0040165,Malachi Moore,27,,,,,,,,,,,,,,,,,,,,,1,1,0,0,0,0,0,,,,,,,,,,,,,,,,,,0,0,espn-401872972.json
4,401872972,2026-10-04T17:00Z,NYJ,CHI,away,4695404,00-0039798,Isaiah Davis,32,,,,,,,,,,,,,,,,,,,,,1,1,0,0,0,0,0,,,,,,,,,,,,,,,,,,0,0,espn-401872972.json
4,401872972,2026-10-04T17:00Z,NYJ,CHI,away,3125107,00-0034959,Andrew Beck,47,,,,,,,,,,,,,,,,,,,,,1,0,0,0,0,0,0,,,,,,,,,,,,,,,,,,0,0,espn-401872972.json
4,401872972,2026-10-04T17:00Z,NYJ,CHI,away,4700756,00-0041410,Jaden Keller,48,,,,,,,,,,,,,,,,,,,,,1,0,0,0,0,0,0,,,,,,,,,,,,,,,,,,0,0,espn-401872972.json
4,401872972,2026-10-04T17:00Z,NYJ,CHI,away,4035537,00-0036842,Kene Nwangwu,3,,,,,,,,,,,,,,,,,,,,,,,,,,,,,,,2,55,0,,,,,,,,,,,,0,0,espn-401872972.json
4,401872972,2026-10-04T17:00Z,NYJ,CHI,away,3124679,00-0034794,Jason Sanders,19,,,,,,,,,,,,,,,,,,,,,,,,,,,,,,,,,,,,,2,2,36,0,1,6,,,0,0,espn-401872972.json
4,401872972,2026-10-04T17:00Z,NYJ,CHI,away,4427982,00-0039634,Austin McNamara,14,,,,,,,,,,,,,,,,,,,,,,,,,,,,,,,,,,,,,,,,,,,5,263,0,0,espn-401872972.json
4,401872972,2026-10-04T17:00Z,CHI,NYJ,home,4434153,00-0038416,Tyson Bagent,17,25,34,268,0,1,1,8,75.1,83.9,4,1,0,4,,,,,,,,,,,,,,,,,,,,,,,,,,,,,,,,0,0,espn-401872972.json
4,401872972,2026-10-04T17:00Z,CHI,NYJ,home,4608686,00-0040236,Kyle Monangai,25,,,,,,,,,,30,146,2,26,1,1,4,0,4,,,,,,,,,,,,,,,,,,,,,,,,,,,2,1,espn-401872972.json
4,401872972,2026-10-04T17:00Z,CHI,NYJ,home,4259545,00-0036275,D'Andre Swift,4,,,,,,,,,,15,58,0,13,2,2,16,0,12,1,1,,,,,,,,,,,,,,,,,,,,,,,,,0,0,espn-401872972.json
4,401872972,2026-10-04T17:00Z,CHI,NYJ,home,4426386,00-0039021,Roschon Johnson,23,,,,,,,,,,4,16,0,11,1,1,7,0,7,,,1,1,0,0,0,0,0,,,,,,,,,,,,,,,,,,0,0,espn-401872972.json
4,401872972,2026-10-04T17:00Z,CHI,NYJ,home,4685278,00-0040735,Luther Burden III,10,,,,,,,,,,1,11,0,11,4,6,63,0,22,,,,,,,,,,,,,,,,,,,,,,,,,,,0,0,espn-401872972.json
4,401872972,2026-10-04T17:00Z,CHI,NYJ,home,4431299,00-0039919,Rome Odunze,15,,,,,,,,,,,,,,6,7,94,0,37,,,,,,,,,,,,,,,,,,,,,,,,,,,0,0,espn-401872972.json
4,401872972,2026-10-04T17:00Z,CHI,NYJ,home,4723086,00-0040126,Colston Loveland,84,,,,,,,,,,,,,,6,9,57,0,18,,,,,,,,,,,,,,,,,,,,,,,,,,,0,0,espn-401872972.json
4,401872972,2026-10-04T17:00Z,CHI,NYJ,home,4258595,00-0036290,Cole Kmet,85,,,,,,,,,,,,,,2,2,13,0,7,,,,,,,,,,,,,,,,,,,,,,,,,,,0,0,espn-401872972.json
4,401872972,2026-10-04T17:00Z,CHI,NYJ,home,4685504,00-0041558,Sam Roush,87,,,,,,,,,,,,,,1,1,8,0,8,,,1,1,0,0,0,0,0,,,,,,,,,,,,,,,,,,0,0,espn-401872972.json
4,401872972,2026-10-04T17:00Z,CHI,NYJ,home,2973405,00-0032464,Kalif Raymond,14,,,,,,,,,,,,,,2,2,6,0,5,,,,,,,,,,,,,,,,2,16,0,,,,,,,,,0,0,espn-401872972.json
4,401872972,2026-10-04T17:00Z,CHI,NYJ,home,4954445,00-0041538,Dillon Thieneman,31,,,,,,,,,,,,,,,,,,,,,7,0,0,0,0,0,0,,,,,,,,,,,,,,,,,,0,0,espn-401872972.json
4,401872972,2026-10-04T17:00Z,CHI,NYJ,home,4426374,00-0039071,Tyrique Stevenson Sr.,29,,,,,,,,,,,,,,,,,,,,,4,3,0,1,0,0,0,,,,,,,,,,,,,,,,,,0,0,espn-401872972.json
4,401872972,2026-10-04T17:00Z,CHI,NYJ,home,4036261,00-0035525,Devin Bush,12,,,,,,,,,,,,,,,,,,,,,4,2,1,1,0,1,0,,,,,,,,,,,,,,,,,,0,0,espn-401872972.json
4,401872972,2026-10-04T17:00Z,CHI,NYJ,home,3121544,00-0035386,T.J. Edwards,53,,,,,,,,,,,,,,,,,,,,,4,1,0,0,0,1,0,,,,,,,,,,,,,,,,,,0,0,espn-401872972.json
4,401872972,2026-10-04T17:00Z,CHI,NYJ,home,3040572,00-0033579,Xavier Woods,32,,,,,,,,,,,,,,,,,,,,,3,1,0,0,0,0,0,,,,,,,,,,,,,,,,,,0,0,espn-401872972.json
4,401872972,2026-10-04T17:00Z,CHI,NYJ,home,2576492,00-0031583,Grady Jarrett,50,,,,,,,,,,,,,,,,,,,,,3,0,0,0,0,0,0,,,,,,,,,,,,,,,,,,0,0,espn-401872972.json
4,401872972,2026-10-04T17:00Z,CHI,NYJ,home,4241007,00-0037271,D'Marco Jackson,48,,,,,,,,,,,,,,,,,,,,,3,0,0,0,0,0,0,,,,,,,,,,,,,,,,,,0,0,espn-401872972.json
4,401872972,2026-10-04T17:00Z,CHI,NYJ,home,4242659,00-0036480,Dayo Odeyingbo,55,,,,,,,,,,,,,,,,,,,,,2,1,1,1,1,0,0,,,,,,,,,,,,,,,,,,0,0,espn-401872972.json
4,401872972,2026-10-04T17:00Z,CHI,NYJ,home,4683553,00-0039840,Austin Booker,94,,,,,,,,,,,,,,,,,,,,,2,1,1,1,0,2,0,,,,,,,,,,,,,,,,,,0,0,espn-401872972.json
4,401872972,2026-10-04T17:00Z,CHI,NYJ,home,4870953,00-0041060,Malik Muhammad II,24,,,,,,,,,,,,,,,,,,,,,2,1,0,0,1,0,0,,,,,,,,,,,,,,,,,,0,0,espn-401872972.json
4,401872972,2026-10-04T17:00Z,CHI,NYJ,home,4365629,00-0037843,Daniel Hardy,92,,,,,,,,,,,,,,,,,,,,,2,0,0,0,0,0,0,,,,,,,,,,,,,,,,,,0,0,espn-401872972.json
4,401872972,2026-10-04T17:00Z,CHI,NYJ,home,3892883,00-0036366,Neville Gallimore,90,,,,,,,,,,,,,,,,,,,,,1,1,0,0,0,0,0,,,,,,,,,,,,,,,,,,0,0,espn-401872972.json
4,401872972,2026-10-04T17:00Z,CHI,NYJ,home,3116726,00-0034320,Kentavius Street,93,,,,,,,,,,,,,,,,,,,,,1,0,0,0,0,0,0,,,,,,,,,,,,,,,,,,0,0,espn-401872972.json
4,401872972,2026-10-04T17:00Z,CHI,NYJ,home,3124058,00-0034344,Marcus Davenport,52,,,,,,,,,,,,,,,,,,,,,1,0,0,0,0,0,0,,,,,,,,,,,,,,,,,,0,0,espn-401872972.json
4,401872972,2026-10-04T17:00Z,CHI,NYJ,home,3134690,00-0035647,Montez Sweat,98,,,,,,,,,,,,,,,,,,,,,1,0,0,0,0,1,0,,,,,,,,,,,,,,,,,,0,0,espn-401872972.json
4,401872972,2026-10-04T17:00Z,CHI,NYJ,home,4879561,00-0041175,Skyler Thomas,38,,,,,,,,,,,,,,,,,,,,,1,0,0,0,0,0,0,,,,,,,,,,,,,,,,,,0,0,espn-401872972.json
4,401872972,2026-10-04T17:00Z,CHI,NYJ,home,4242402,00-0037096,Elijah Hicks,22,,,,,,,,,,,,,,,,,,,,,0,0,0,0,0,1,0,,,,,,,,,,,,,,,,,,0,0,espn-401872972.json
4,401872972,2026-10-04T17:00Z,CHI,NYJ,home,4875381,00-0041110,Jordan van den Berg,96,,,,,,,,,,,,,,,,,,,,,0,0,0,0,0,1,0,,,,,,,,,,,,,,,,,,0,0,espn-401872972.json
4,401872972,2026-10-04T17:00Z,CHI,NYJ,home,4869748,00-0041051,Zavion Thomas,13,,,,,,,,,,,,,,,,,,,,,,,,,,,,,,,4,70,0,,,,,,,,,,,,0,0,espn-401872972.json
4,401872972,2026-10-04T17:00Z,CHI,NYJ,home,17427,00-0031203,Cairo Santos,8,,,,,,,,,,,,,,,,,,,,,,,,,,,,,,,,,,,,,3,3,30,2,2,11,,,0,0,espn-401872972.json
4,401872973,2026-10-04T17:00Z,TEN,BAL,away,4688380,00-0040676,Cam Ward,1,20,31,222,1,1,1,10,48.3,83.0,4,27,0,22,,,,,,1,0,,,,,,,,,,,,,,,,,,,,,,,,,0,0,espn-401872973.json
4,401872973,2026-10-04T17:00Z,TEN,BAL,away,3916148,00-0035261,Tony Pollard,20,,,,,,,,,,16,48,1,7,2,4,2,0,2,,,,,,,,,,,,,,,,,,,,,,,,,,,1,0,espn-401872973.json
4,401872973,2026-10-04T17:00Z,TEN,BAL,away,4428557,00-0039032,Tyjae Spears,2,,,,,,,,,,2,7,0,8,1,1,-1,0,-1,0,0,,,,,,,,,,,,,,,,,,,,,,,,,0,0,espn-401872973.json
4,401872973,2026-10-04T17:00Z,TEN,BAL,away,4685555,00-0040886,Nicholas Singleton,32,,,,,,,,,,3,2,0,2,,,,,,,,,,,,,,,,,,,,,,,,,,,,,,,,0,0,espn-401872973.json
4,401872973,2026-10-04T17:00Z,TEN,BAL,away,4569587,00-0038117,Wan'Dale Robinson,4,,,,,,,,,,1,1,0,1,3,5,19,1,12,,,,,,,,,,,,,,,,,,,,,,,,,,,1,0,espn-401872973.json
4,401872973,2026-10-04T17:00Z,TEN,BAL,away,4871023,00-0041438,Carnell Tate,14,,,,,,,,,,,,,,9,12,145,0,33,2,1,,,,,,,,,,,,,,,,,,,,,,,,,0,0,espn-401872973.json
4,401872973,2026-10-04T17:00Z,TEN,BAL,away,4883647,00-0040170,Elic Ayomanor,5,,,,,,,,,,,,,,1,1,22,0,22,,,,,,,,,,,,,,,,,,,,,,,,,,,0,0,espn-401872973.json
4,401872973,2026-10-04T17:00Z,TEN,BAL,away,4431268,00-0040705,Chimere Dike,17,,,,,,,,,,,,,,1,1,15,0,15,,,,,,,,,,,,,4,126,0,2,15,0,,,,,,,,,0,0,espn-401872973.json
4,401872973,2026-10-04T17:00Z,TEN,BAL,away,3925357,00-0034837,Calvin Ridley,0,,,,,,,,,,,,,,1,2,13,0,13,,,,,,,,,,,,,,,,,,,,,,,,,,,0,0,espn-401872973.json
4,401872973,2026-10-04T17:00Z,TEN,BAL,away,4686728,00-0040584,Gunnar Helm,84,,,,,,,,,,,,,,1,1,5,0,5,,,,,,,,,,,,,,,,,,,,,,,,,,,0,0,espn-401872973.json
4,401872973,2026-10-04T17:00Z,TEN,BAL,away,4361516,00-0038115,Daniel Bellinger,82,,,,,,,,,,,,,,1,1,2,0,2,,,,,,,,,,,,,,,,,,,,,,,,,,,0,0,espn-401872973.json
4,401872973,2026-10-04T17:00Z,TEN,BAL,away,3926229,00-0035672,Cody Barton,50,,,,,,,,,,,,,,,,,,,,,8,4,0,0,0,0,0,,,,,,,,,,,,,,,,,,0,0,espn-401872973.json
4,401872973,2026-10-04T17:00Z,TEN,BAL,away,4870805,00-0041479,Anthony Hill Jr.,53,,,,,,,,,,,,,,,,,,,,,8,3,0,0,0,0,0,,,,,,,,,,,,,,,,,,0,0,espn-401872973.json
4,401872973,2026-10-04T17:00Z,TEN,BAL,away,4685617,00-0040141,Kevin Winston Jr.,23,,,,,,,,,,,,,,,,,,,,,7,4,0,0,0,0,0,,,,,,,,,,,,,,,,,,0,0,espn-401872973.json
4,401872973,2026-10-04T17:00Z,TEN,BAL,away,4036134,00-0035632,Amani Hooker,37,,,,,,,,,,,,,,,,,,,,,6,6,0,0,0,0,0,,,,,,,,,,,,,,,,,,0,0,espn-401872973.json
4,401872973,2026-10-04T17:00Z,TEN,BAL,away,4369835,00-0038121,Alontae Taylor,24,,,,,,,,,,,,,,,,,,,,,6,4,0,1,0,0,0,,,,,,,,,,,,,,,,,,0,0,espn-401872973.json
4,401872973,2026-10-04T17:00Z,TEN,BAL,away,4429834,00-0039858,Cedric Gray,33,,,,,,,,,,,,,,,,,,,,,5,3,0,1,0,0,0,,,,,,,,,,,,,,,,,,0,0,espn-401872973.json
4,401872973,2026-10-04T17:00Z,TEN,BAL,away,4567962,00-0037663,Jermaine Johnson II,11,,,,,,,,,,,,,,,,,,,,,4,2,1,2,0,1,0,,,,,,,,,,,,,,,,,,0,0,espn-401872973.json
4,401872973,2026-10-04T17:00Z,TEN,BAL,away,3120464,00-0034805,John Franklin-Myers,91,,,,,,,,,,,,,,,,,,,,,4,2,0,1,0,0,0,,,,,,,,,,,,,,,,,,0,0,espn-401872973.json
4,401872973,2026-10-04T17:00Z,TEN,BAL,away,4035369,00-0035643,Jeffery Simmons,98,,,,,,,,,,,,,,,,,,,,,4,2,0,0,1,0,0,,,,,,,,,,,,,,,,,,0,0,espn-401872973.json
4,401872973,2026-10-04T17:00Z,TEN,BAL,away,4570469,00-0040201,Marcus Harris,26,,,,,,,,,,,,,,,,,,,,,4,1,0.5,0,0,1,0,,,,,,,,,,,,,,,,,,0,0,espn-401872973.json
4,401872973,2026-10-04T17:00Z,TEN,BAL,away,4429607,00-0037758,Cor'Dale Flott,18,,,,,,,,,,,,,,,,,,,,,3,2,0,0,0,0,0,,,,,,,,,,,,,,,,,,0,0,espn-401872973.json
4,401872973,2026-10-04T17:00Z,TEN,BAL,away,3117258,00-0033870,Solomon Thomas,90,,,,,,,,,,,,,,,,,,,,,3,0,0,0,0,0,0,,,,,,,,,,,,,,,,,,0,0,espn-401872973.json
4,401872973,2026-10-04T17:00Z,TEN,BAL,away,4039052,00-0036266,Jordan Elliott,95,,,,,,,,,,,,,,,,,,,,,3,0,0,0,0,0,0,,,,,,,,,,,,,,,,,,0,0,espn-401872973.json
4,401872973,2026-10-04T17:00Z,TEN,BAL,away,3138764,00-0034163,Jacob Martin,57,,,,,,,,,,,,,,,,,,,,,2,1,0.5,0,0,2,0,,,,,,,,,,,,,,,,,,0,0,espn-401872973.json
4,401872973,2026-10-04T17:00Z,TEN,BAL,away,4038544,00-0034112,Austin Schlottmann,51,,,,,,,,,,,,,,,,,,,,,1,1,0,0,0,0,0,,,,,,,,,,,,,,,,,,0,0,espn-401872973.json
4,401872973,2026-10-04T17:00Z,TEN,BAL,away,4373320,00-0038620,Erick Hallett II,41,,,,,,,,,,,,,,,,,,,,,1,1,0,0,0,0,0,,,,,,,,,,,,,,,,,,0,0,espn-401872973.json
4,401872973,2026-10-04T17:00Z,TEN,BAL,away,4035663,00-0036421,Terrell Burgess,38,,,,,,,,,,,,,,,,,,,,,1,0,0,0,0,0,0,,,,,,,,,,,,,,,,,,0,0,espn-401872973.json
4,401872973,2026-10-04T17:00Z,TEN,BAL,away,4367567,00-0037594,Julius Chestnut,36,,,,,,,,,,,,,,,,,,,,,1,0,0,0,0,0,0,,,,,,,,,,,,,,,,,,0,0,espn-401872973.json
4,401872973,2026-10-04T17:00Z,TEN,BAL,away,4367828,00-0038514,Truman Jones,56,,,,,,,,,,,,,,,,,,,,,1,0,0,0,0,0,0,,,,,,,,,,,,,,,,,,0,0,espn-401872973.json
4,401872973,2026-10-04T17:00Z,TEN,BAL,away,4429142,00-0040041,Nazir Stackhouse,93,,,,,,,,,,,,,,,,,,,,,1,0,0,0,0,0,0,,,,,,,,,,,,,,,,,,0,0,espn-401872973.json
4,401872973,2026-10-04T17:00Z,TEN,BAL,away,4870707,00-0041508,Keldric Faulk,15,,,,,,,,,,,,,,,,,,,,,1,0,0,0,0,0,0,,,,,,,,,,,,,,,,,,0,0,espn-401872973.json
4,401872973,2026-10-04T17:00Z,TEN,BAL,away,4876057,00-0040752,Oluwafemi Oladejo,7,,,,,,,,,,,,,,,,,,,,,1,0,0,0,0,0,0,,,,,,,,,,,,,,,,,,0,0,espn-401872973.json
4,401872973,2026-10-04T17:00Z,TEN,BAL,away,4240532,00-0037155,Tony Adams,29,,,,,,,,,,,,,,,,,,,,,0,0,0,0,0,1,0,,,,,,,,,,,,,,,,,,0,0,espn-401872973.json
4,401872973,2026-10-04T17:00Z,TEN,BAL,away,3124084,00-0035192,Joey Slye,6,,,,,,,,,,,,,,,,,,,,,,,,,,,,,,,,,,,,,1,1,33,1,1,4,,,0,0,espn-401872973.json
4,401872973,2026-10-04T17:00Z,TEN,BAL,away,3915398,00-0035889,Tommy Townsend,3,,,,,,,,,,,,,,,,,,,,,,,,,,,,,,,,,,,,,,,,,,,5,266,0,0,espn-401872973.json
4,401872973,2026-10-04T17:00Z,BAL,TEN,home,3916387,00-0034796,Lamar Jackson,8,15,20,222,2,0,2,13,72.5,144.2,2,20,0,17,,,,,,,,,,,,,,,,,,,,,,,,,,,,,,,,0,0,espn-401872973.json
4,401872973,2026-10-04T17:00Z,BAL,TEN,home,4035671,00-0035993,Tyler Huntley,5,8,9,63,0,0,0,0,73.0,95.8,4,16,0,9,,,,,,,,,,,,,,,,,,,,,,,,,,,,,,,,0,0,espn-401872973.json
4,401872973,2026-10-04T17:00Z,BAL,TEN,home,3043078,00-0032764,Derrick Henry,22,,,,,,,,,,23,73,1,14,2,2,6,0,9,,,,,,,,,,,,,,,,,,,,,,,,,,,1,1,espn-401872973.json
4,401872973,2026-10-04T17:00Z,BAL,TEN,home,4038441,00-0034975,Justice Hill,43,,,,,,,,,,1,3,0,3,2,3,22,0,15,,,,,,,,,,,,,,,,,,,,,,,,,,,0,0,espn-401872973.json
4,401872973,2026-10-04T17:00Z,BAL,TEN,home,4429615,00-0039064,Zay Flowers,4,,,,,,,,,,,,,,8,10,118,1,52,,,,,,,,,,,,,,,,,,,,,,,,,,,1,0,espn-401872973.json
4,401872973,2026-10-04T17:00Z,BAL,TEN,home,4360939,00-0036550,Rashod Bateman,7,,,,,,,,,,,,,,2,2,46,0,28,,,,,,,,,,,,,,,,,,,,,,,,,,,0,0,espn-401872973.json
4,401872973,2026-10-04T17:00Z,BAL,TEN,home,4432260,00-0040879,Matthew Hibner,88,,,,,,,,,,,,,,2,2,34,0,25,,,,,,,,,,,,,,,,,,,,,,,,,,,0,0,espn-401872973.json
4,401872973,2026-10-04T17:00Z,BAL,TEN,home,3116365,00-0034753,Mark Andrews,89,,,,,,,,,,,,,,5,6,27,1,7,,,,,,,,,,,,,,,,,,,,,,,,,,,1,0,espn-401872973.json
4,401872973,2026-10-04T17:00Z,BAL,TEN,home,4696882,00-0039792,Devontez Walker,81,,,,,,,,,,,,,,1,2,19,0,19,,,,,,,,,,,,,,,,,,,,,,,,,,,0,0,espn-401872973.json
4,401872973,2026-10-04T17:00Z,BAL,TEN,home,5088338,00-0040876,Elijah Sarratt,13,,,,,,,,,,,,,,1,2,13,0,13,,,,,,,,,,,,,,,,,,,,,,,,,,,0,0,espn-401872973.json
4,401872973,2026-10-04T17:00Z,BAL,TEN,home,4690143,00-0040075,LaJohntay Wester,10,,,,,,,,,,,,,,,,,,,1,0,,,,,,,,,,,1,28,0,3,11,0,,,,,,,,,0,0,espn-401872973.json
4,401872973,2026-10-04T17:00Z,BAL,TEN,home,4685530,00-0040688,Malaki Starks,24,,,,,,,,,,,,,,,,,,,0,0,6,6,0,0,0,0,0,,,,,,,,,,,,,,,,,,0,0,espn-401872973.json
4,401872973,2026-10-04T17:00Z,BAL,TEN,home,4430831,00-0038504,Trenton Simpson,32,,,,,,,,,,,,,,,,,,,,,9,2,0,0,1,0,0,1,24,0,,,,,,,,,,,,,,,0,0,espn-401872973.json
4,401872973,2026-10-04T17:00Z,BAL,TEN,home,4575517,00-0038038,Kyle Hamilton,14,,,,,,,,,,,,,,,,,,,,,7,6,0,1,1,0,0,,,,,,,,,,,,,,,,,,0,0,espn-401872973.json
4,401872973,2026-10-04T17:00Z,BAL,TEN,home,3052101,00-0033548,Chidobe Awuzie,3,,,,,,,,,,,,,,,,,,,,,6,4,0,0,1,0,0,,,,,,,,,,,,,,,,,,0,0,espn-401872973.json
4,401872973,2026-10-04T17:00Z,BAL,TEN,home,3915189,00-0034874,Roquan Smith,0,,,,,,,,,,,,,,,,,,,,,6,1,0,0,0,0,0,,,,,,,,,,,,,,,,,,0,0,espn-401872973.json
4,401872973,2026-10-04T17:00Z,BAL,TEN,home,4702918,00-0040885,Chandler Rivers,29,,,,,,,,,,,,,,,,,,,,,5,5,0,1,0,0,0,,,,,,,,,,,,,,,,,,0,0,espn-401872973.json
4,401872973,2026-10-04T17:00Z,BAL,TEN,home,4035245,00-0036130,Nnamdi Madubuike,92,,,,,,,,,,,,,,,,,,,,,4,3,0,0,0,2,0,,,,,,,,,,,,,,,,,,0,0,espn-401872973.json
4,401872973,2026-10-04T17:00Z,BAL,TEN,home,3858276,00-0036302,Jaylinn Hawkins,21,,,,,,,,,,,,,,,,,,,,,4,2,0,0,0,0,0,,,,,,,,,,,,,,,,,,0,0,espn-401872973.json
4,401872973,2026-10-04T17:00Z,BAL,TEN,home,15846,00-0030070,John Jenkins,94,,,,,,,,,,,,,,,,,,,,,2,1,0,0,0,0,0,,,,,,,,,,,,,,,,,,0,0,espn-401872973.json
4,401872973,2026-10-04T17:00Z,BAL,TEN,home,3126356,00-0033281,Marlon Humphrey,44,,,,,,,,,,,,,,,,,,,,,2,1,0,0,0,0,0,,,,,,,,,,,,,,,,,,0,0,espn-401872973.json
4,401872973,2026-10-04T17:00Z,BAL,TEN,home,4690179,00-0038505,Tavius Robinson,95,,,,,,,,,,,,,,,,,,,,,2,1,0,0,0,0,0,,,,,,,,,,,,,,,,,,0,0,espn-401872973.json
4,401872973,2026-10-04T17:00Z,BAL,TEN,home,4683188,00-0040722,Mike Green,15,,,,,,,,,,,,,,,,,,,,,2,0,0,0,0,3,0,,,,,,,,,,,,,,,,,,0,0,espn-401872973.json
4,401872973,2026-10-04T17:00Z,BAL,TEN,home,4839501,00-0041494,Zion Young,9,,,,,,,,,,,,,,,,,,,,,2,0,0,0,0,0,0,,,,,,,,,,,,,,,,,,0,0,espn-401872973.json
4,401872973,2026-10-04T17:00Z,BAL,TEN,home,4908867,00-0040978,Ethan Burke,97,,,,,,,,,,,,,,,,,,,,,1,1,1,1,0,1,0,,,,,,,,,,,,,,,,,,0,0,espn-401872973.json
4,401872973,2026-10-04T17:00Z,BAL,TEN,home,11284,00-0026190,Calais Campbell,93,,,,,,,,,,,,,,,,,,,,,1,1,0,0,0,0,0,,,,,,,,,,,,,,,,,,0,0,espn-401872973.json
4,401872973,2026-10-04T17:00Z,BAL,TEN,home,3052897,00-0034798,Durham Smythe,80,,,,,,,,,,,,,,,,,,,,,1,1,0,0,0,0,0,,,,,,,,,,,,,,,,,,0,0,espn-401872973.json
4,401872973,2026-10-04T17:00Z,BAL,TEN,home,4698244,00-0040069,Teddye Buchanan,40,,,,,,,,,,,,,,,,,,,,,1,1,0,0,0,0,0,,,,,,,,,,,,,,,,,,0,0,espn-401872973.json
4,401872973,2026-10-04T17:00Z,BAL,TEN,home,4876132,00-0040887,Josh Cuevas,85,,,,,,,,,,,,,,,,,,,,,1,1,0,0,0,0,0,,,,,,,,,,,,,,,,,,0,0,espn-401872973.json
4,401872973,2026-10-04T17:00Z,BAL,TEN,home,3915837,00-0036081,Broderick Washington Jr.,96,,,,,,,,,,,,,,,,,,,,,1,0,0,0,0,0,0,,,,,,,,,,,,,,,,,,0,0,espn-401872973.json
4,401872973,2026-10-04T17:00Z,BAL,TEN,home,4697745,00-0040074,Tyler Loop,33,,,,,,,,,,,,,,,,,,,,,,,,,,,,,,,,,,,,,1,2,64,3,3,6,,,0,0,espn-401872973.json
4,401872973,2026-10-04T17:00Z,BAL,TEN,home,5084956,00-0040898,Ryan Eckley,30,,,,,,,,,,,,,,,,,,,,,,,,,,,,,,,,,,,,,,,,,,,6,284,0,0,espn-401872973.json
4,401872974,2026-10-04T20:05Z,MIA,MIN,away,4242512,00-0038128,Malik Willis,2,9,17,85,0,0,2,8,37.6,67.0,2,11,0,8,,,,,,1,1,,,,,,,,,,,,,,,,,,,,,,,,,0,0,espn-401872974.json
4,401872974,2026-10-04T20:05Z,MIA,MIN,away,4711533,00-0040198,Ollie Gordon II,0,,,,,,,,,,9,100,1,53,2,2,0,0,0,,,,,,,,,,,,,,,,,,,,,,,,,,,1,1,espn-401872974.json
4,401872974,2026-10-04T20:05Z,MIA,MIN,away,4682745,00-0039874,Jaylen Wright,5,,,,,,,,,,5,7,0,7,,,,,,,,,,,,,,,,,,5,97,0,,,,,,,,,,,,0,0,espn-401872974.json
4,401872974,2026-10-04T20:05Z,MIA,MIN,away,4569603,00-0039880,Malik Washington,6,,,,,,,,,,2,3,0,3,5,5,67,0,17,,,,,,,,,,,,,,,,1,0,0,,,,,,,,,0,0,espn-401872974.json
4,401872974,2026-10-04T20:05Z,MIA,MIN,away,4880236,00-0041524,Will Kacmarek,89,,,,,,,,,,,,,,1,2,15,0,15,,,,,,,,,,,,,,,,,,,,,,,,,,,0,0,espn-401872974.json
4,401872974,2026-10-04T20:05Z,MIA,MIN,away,4685307,00-0041529,Kevin Coleman Jr.,21,,,,,,,,,,,,,,1,4,3,0,3,,,,,,,,,,,,,,,,,,,,,,,,,,,0,0,espn-401872974.json
4,401872974,2026-10-04T20:05Z,MIA,MIN,away,4249417,00-0037666,Jalen Tolbert,1,,,,,,,,,,,,,,0,1,0,0,0,,,1,1,0,0,0,0,0,,,,,,,,,,,,,,,,,,0,0,espn-401872974.json
4,401872974,2026-10-04T20:05Z,MIA,MIN,away,4869961,00-0041525,Chris Bell,18,,,,,,,,,,,,,,0,3,0,0,0,,,,,,,,,,,,,,,,,,,,,,,,,,,0,0,espn-401872974.json
4,401872974,2026-10-04T20:05Z,MIA,MIN,away,4566094,00-0041522,Jacob Rodriguez,10,,,,,,,,,,,,,,,,,,,,,18,9,0,0,0,0,0,,,,,,,,,,,,,,,,,,0,0,espn-401872974.json
4,401872974,2026-10-04T20:05Z,MIA,MIN,away,4043130,00-0036409,Jordyn Brooks,20,,,,,,,,,,,,,,,,,,,,,13,5,0,0,1,0,0,,,,,,,,,,,,,,,,,,0,0,espn-401872974.json
4,401872974,2026-10-04T20:05Z,MIA,MIN,away,4880346,00-0041528,Michael Taaffe,16,,,,,,,,,,,,,,,,,,,,,6,4,0,0,0,0,0,,,,,,,,,,,,,,,,,,0,0,espn-401872974.json
4,401872974,2026-10-04T20:05Z,MIA,MIN,away,4046528,,Josh Uche,9,,,,,,,,,,,,,,,,,,,,,6,2,1,1,0,1,0,,,,,,,,,,,,,,,,,,0,0,espn-401872974.json
4,401872974,2026-10-04T20:05Z,MIA,MIN,away,4360488,,JuJu Brents,8,,,,,,,,,,,,,,,,,,,,,6,1,0,0,0,0,0,,,,,,,,,,,,,,,,,,0,0,espn-401872974.json
4,401872974,2026-10-04T20:05Z,MIA,MIN,away,4431664,00-0040182,Dante Trader Jr.,11,,,,,,,,,,,,,,,,,,,,,5,3,0,0,0,0,0,,,,,,,,,,,,,,,,,,0,0,espn-401872974.json
4,401872974,2026-10-04T20:05Z,MIA,MIN,away,4869579,00-0041533,Chris Johnson,3,,,,,,,,,,,,,,,,,,,,,5,1,0,0,0,0,0,,,,,,,,,,,,,,,,,,0,0,espn-401872974.json
4,401872974,2026-10-04T20:05Z,MIA,MIN,away,4683276,00-0040248,Zeek Biggers,93,,,,,,,,,,,,,,,,,,,,,4,2,0,0,0,1,0,,,,,,,,,,,,,,,,,,0,0,espn-401872974.json
4,401872974,2026-10-04T20:05Z,MIA,MIN,away,3057956,00-0034285,Zach Sieler,92,,,,,,,,,,,,,,,,,,,,,3,3,2,2,0,2,0,,,,,,,,,,,,,,,,,,0,0,espn-401872974.json
4,401872974,2026-10-04T20:05Z,MIA,MIN,away,3932335,00-0036677,Zayne Anderson,23,,,,,,,,,,,,,,,,,,,,,3,3,0,0,0,0,0,,,,,,,,,,,,,,,,,,0,0,espn-401872974.json
4,401872974,2026-10-04T20:05Z,MIA,MIN,away,4259547,00-0036682,Malik Herring,90,,,,,,,,,,,,,,,,,,,,,3,2,0,1,0,0,0,,,,,,,,,,,,,,,,,,0,0,espn-401872974.json
4,401872974,2026-10-04T20:05Z,MIA,MIN,away,4431586,00-0039911,Chop Robinson,44,,,,,,,,,,,,,,,,,,,,,2,2,1,1,0,3,0,,,,,,,,,,,,,,,,,,0,0,espn-401872974.json
4,401872974,2026-10-04T20:05Z,MIA,MIN,away,4432730,00-0040178,Jason Marshall Jr.,4,,,,,,,,,,,,,,,,,,,,,2,2,0,1,0,0,0,,,,,,,,,,,,,,,,,,0,0,espn-401872974.json
4,401872974,2026-10-04T20:05Z,MIA,MIN,away,4433974,00-0041159,Rodney McGraw,59,,,,,,,,,,,,,,,,,,,,,2,1,0,0,0,1,0,,,,,,,,,,,,,,,,,,0,0,espn-401872974.json
4,401872974,2026-10-04T20:05Z,MIA,MIN,away,4259804,00-0036362,Willie Gay Jr.,40,,,,,,,,,,,,,,,,,,,,,1,1,0,0,0,0,0,,,,,,,,,,,,,,,,,,0,0,espn-401872974.json
4,401872974,2026-10-04T20:05Z,MIA,MIN,away,4369466,00-0038824,Ryan Miller,84,,,,,,,,,,,,,,,,,,,,,1,1,0,0,0,0,0,,,,,,,,,,,,,,,,,,0,0,espn-401872974.json
4,401872974,2026-10-04T20:05Z,MIA,MIN,away,4837188,00-0040175,Jordan Phillips,94,,,,,,,,,,,,,,,,,,,,,1,1,0,0,0,0,0,,,,,,,,,,,,,,,,,,0,0,espn-401872974.json
4,401872974,2026-10-04T20:05Z,MIA,MIN,away,4371946,00-0038521,Reese Taylor,35,,,,,,,,,,,,,,,,,,,,,1,0,0,0,0,0,0,,,,,,,,,,,,,,,,,,0,0,espn-401872974.json
4,401872974,2026-10-04T20:05Z,MIA,MIN,away,4567225,00-0039383,Jaylin Simpson,32,,,,,,,,,,,,,,,,,,,,,1,0,0,0,0,0,0,,,,,,,,,,,,,,,,,,0,0,espn-401872974.json
4,401872974,2026-10-04T20:05Z,MIA,MIN,away,4685637,00-0040066,Jackson Woodard,42,,,,,,,,,,,,,,,,,,,,,1,0,0,0,0,0,0,,,,,,,,,,,,,,,,,,0,0,espn-401872974.json
4,401872974,2026-10-04T20:05Z,MIA,MIN,away,4243371,00-0036816,Riley Patterson,47,,,,,,,,,,,,,,,,,,,,,,,,,,,,,,,,,,,,,1,1,27,1,1,4,,,0,0,espn-401872974.json
4,401872974,2026-10-04T20:05Z,MIA,MIN,away,2977680,00-0032065,Bradley Pinion,48,,,,,,,,,,,,,,,,,,,,,,,,,,,,,,,,,,,,,,,,,,,6,275,0,0,espn-401872974.json
4,401872974,2026-10-04T20:05Z,MIN,MIA,home,3917315,00-0035228,Kyler Murray,1,27,37,247,0,0,4,34,41.5,90.7,6,16,0,8,,,,,,,,,,,,,,,,,,,,,,,,,,,,,,,,0,0,espn-401872974.json
4,401872974,2026-10-04T20:05Z,MIN,MIA,home,3042519,00-0033293,Aaron Jones Sr.,33,,,,,,,,,,20,94,0,19,4,8,34,0,15,1,0,,,,,,,,,,,,,,,,,,,,,,,,,0,0,espn-401872974.json
4,401872974,2026-10-04T20:05Z,MIN,MIA,home,4832846,00-0041104,Demond Claiborne,21,,,,,,,,,,3,12,0,8,,,,,,,,,,,,,,,,,,,,,,,,,,,,,,,,0,0,espn-401872974.json
4,401872974,2026-10-04T20:05Z,MIN,MIA,home,4430656,00-0040506,Myles Price,4,,,,,,,,,,1,2,0,2,2,2,6,0,5,,,,,,,,,,,,,2,70,0,3,51,0,,,,,,,,,0,0,espn-401872974.json
4,401872974,2026-10-04T20:05Z,MIN,MIA,home,4429205,00-0038994,Jordan Addison,3,,,,,,,,,,1,-1,0,-1,4,6,52,0,27,,,,,,,,,,,,,,,,,,,,,,,,,,,0,0,espn-401872974.json
4,401872974,2026-10-04T20:05Z,MIN,MIA,home,4036133,00-0035229,T.J. Hockenson,87,,,,,,,,,,,,,,13,13,119,0,22,,,,,,,,,,,,,,,,,,,,,,,,,,,0,0,espn-401872974.json
4,401872974,2026-10-04T20:05Z,MIN,MIA,home,4565185,00-0040154,Tai Felton,13,,,,,,,,,,,,,,1,1,14,0,14,,,,,,,,,,,,,,,,,,,,,,,,,,,0,0,espn-401872974.json
4,401872974,2026-10-04T20:05Z,MIN,MIA,home,4240631,00-0036425,DeeJay Dallas,31,,,,,,,,,,,,,,1,1,10,0,10,,,,,,,,,,,,,,,,,,,,,,,,,,,0,0,espn-401872974.json
4,401872974,2026-10-04T20:05Z,MIN,MIA,home,3886598,00-0036259,Jauan Jennings,14,,,,,,,,,,,,,,1,1,8,0,8,,,,,,,,,,,,,,,,,,,,,,,,,,,0,0,espn-401872974.json
4,401872974,2026-10-04T20:05Z,MIN,MIA,home,4708049,00-0040215,Gavin Bartholomew,86,,,,,,,,,,,,,,1,1,4,0,4,,,,,,,,,,,,,,,,,,,,,,,,,,,0,0,espn-401872974.json
4,401872974,2026-10-04T20:05Z,MIN,MIA,home,3728281,00-0035276,Blake Cashman,51,,,,,,,,,,,,,,,,,,,0,0,8,3,0,0,0,1,0,,,,,,,,,,,,,,,,,,0,0,espn-401872974.json
4,401872974,2026-10-04T20:05Z,MIN,MIA,home,4046537,,Joshua Metellus,44,,,,,,,,,,,,,,,,,,,,,5,3,0,0,1,0,0,,,,,,,,,,,,,,,,,,0,0,espn-401872974.json
4,401872974,2026-10-04T20:05Z,MIN,MIA,home,3056916,00-0033336,Eric Wilson,55,,,,,,,,,,,,,,,,,,,,,4,0,0,0,0,0,0,,,,,,,,,,,,,,,,,,0,0,espn-401872974.json
4,401872974,2026-10-04T20:05Z,MIN,MIA,home,4565190,00-0039924,Dallas Turner,15,,,,,,,,,,,,,,,,,,,,,3,3,2,1,0,2,0,,,,,,,,,,,,,,,,,,0,0,espn-401872974.json
4,401872974,2026-10-04T20:05Z,MIN,MIA,home,4360277,00-0038778,Jalen Redmond,61,,,,,,,,,,,,,,,,,,,,,3,2,0,0,0,0,0,,,,,,,,,,,,,,,,,,0,0,espn-401872974.json
4,401872974,2026-10-04T20:05Z,MIN,MIA,home,16772,00-0031360,Kyle Van Noy,17,,,,,,,,,,,,,,,,,,,,,2,2,0,2,0,0,0,,,,,,,,,,,,,,,,,,0,0,espn-401872974.json
4,401872974,2026-10-04T20:05Z,MIN,MIA,home,4877652,00-0041495,Jake Golday,41,,,,,,,,,,,,,,,,,,,,,2,2,0,0,0,0,0,,,,,,,,,,,,,,,,,,0,0,espn-401872974.json
4,401872974,2026-10-04T20:05Z,MIN,MIA,home,3133487,00-0035272,Andrew Van Ginkel,43,,,,,,,,,,,,,,,,,,,,,2,1,0,0,0,0,0,,,,,,,,,,,,,,,,,,0,0,espn-401872974.json
4,401872974,2026-10-04T20:05Z,MIN,MIA,home,4038999,00-0035236,Byron Murphy Jr.,7,,,,,,,,,,,,,,,,,,,,,2,1,0,0,0,0,0,,,,,,,,,,,,,,,,,,0,0,espn-401872974.json
4,401872974,2026-10-04T20:05Z,MIN,MIA,home,4242436,00-0037301,Theo Jackson,26,,,,,,,,,,,,,,,,,,,,,2,1,0,0,0,0,0,,,,,,,,,,,,,,,,,,0,0,espn-401872974.json
4,401872974,2026-10-04T20:05Z,MIN,MIA,home,4431520,00-0040496,Chaz Chambliss,32,,,,,,,,,,,,,,,,,,,,,2,1,0,0,0,0,0,,,,,,,,,,,,,,,,,,0,0,espn-401872974.json
4,401872974,2026-10-04T20:05Z,MIN,MIA,home,4568007,00-0038578,Jay Ward,24,,,,,,,,,,,,,,,,,,,,,2,1,0,0,0,0,0,,,,,,,,,,,,,,,,,,0,0,espn-401872974.json
4,401872974,2026-10-04T20:05Z,MIN,MIA,home,14945,00-0029606,Harrison Smith,22,,,,,,,,,,,,,,,,,,,,,2,0,0,0,1,0,0,,,,,,,,,,,,,,,,,,0,0,espn-401872974.json
4,401872974,2026-10-04T20:05Z,MIN,MIA,home,4430280,00-0038807,Ivan Pace Jr.,0,,,,,,,,,,,,,,,,,,,,,2,0,0,0,0,0,0,,,,,,,,,,,,,,,,,,0,0,espn-401872974.json
4,401872974,2026-10-04T20:05Z,MIN,MIA,home,4695609,00-0040507,Zemaiah Vaughn,5,,,,,,,,,,,,,,,,,,,,,1,1,0,0,0,0,0,,,,,,,,,,,,,,,,,,0,0,espn-401872974.json
4,401872974,2026-10-04T20:05Z,MIN,MIA,home,4360637,00-0039710,Jeshaun Jones,82,,,,,,,,,,,,,,,,,,,,,1,0,0,0,0,0,0,,,,,,,,,,,,,,,,,,0,0,espn-401872974.json
4,401872974,2026-10-04T20:05Z,MIN,MIA,home,4602019,00-0041033,Caleb Banks,95,,,,,,,,,,,,,,,,,,,,,1,0,0,0,0,0,0,,,,,,,,,,,,,,,,,,0,0,espn-401872974.json
4,401872974,2026-10-04T20:05Z,MIN,MIA,home,4044540,00-0036222,Isaiah Rodgers,2,,,,,,,,,,,,,,,,,,,,,0,0,0,0,1,0,0,,,,,,,,,,,,,,,,,,0,0,espn-401872974.json
4,401872974,2026-10-04T20:05Z,MIN,MIA,home,4629149,00-0040173,Tyrion Ingram-Dawkins,90,,,,,,,,,,,,,,,,,,,,,0,0,0,0,1,0,0,,,,,,,,,,,,,,,,,,0,0,espn-401872974.json
4,401872974,2026-10-04T20:05Z,MIN,MIA,home,4567104,00-0039404,Will Reichard,16,,,,,,,,,,,,,,,,,,,,,,,,,,,,,,,,,,,,,5,5,50,0,0,15,,,0,0,espn-401872974.json
4,401872974,2026-10-04T20:05Z,MIN,MIA,home,15153,00-0028872,Johnny Hekker,6,,,,,,,,,,,,,,,,,,,,,,,,,,,,,,,,,,,,,,,,,,,4,151,0,0,espn-401872974.json
4,401872975,2026-10-04T20:25Z,DEN,SF,away,4426338,00-0039732,Bo Nix,10,25,42,214,1,0,0,0,43.9,80.9,2,10,0,7,,,,,,,,,,,,,,,,,,,,,,,,,,,,,,,,0,0,espn-401872975.json
4,401872975,2026-10-04T20:25Z,DEN,SF,away,4241985,00-0036158,J.K. Dobbins,27,,,,,,,,,,11,40,0,9,2,2,12,0,7,,,,,,,,,,,,,,,,,,,,,,,,,,,0,0,espn-401872975.json
4,401872975,2026-10-04T20:25Z,DEN,SF,away,4568490,00-0040730,RJ Harvey,12,,,,,,,,,,7,25,0,9,10,10,68,0,18,1,0,,,,,,,,,,,2,64,0,,,,,,,,,,,,0,0,espn-401872975.json
4,401872975,2026-10-04T20:25Z,DEN,SF,away,4362748,00-0037085,Tyler Badie,28,,,,,,,,,,2,7,0,4,2,2,32,0,25,,,,,,,,,,,,,1,21,0,,,,,,,,,,,,0,0,espn-401872975.json
4,401872975,2026-10-04T20:25Z,DEN,SF,away,4600981,00-0040134,Pat Bryant,13,,,,,,,,,,,,,,3,3,47,0,30,,,,,,,,,,,,,,,,,,,,,,,,,,,0,0,espn-401872975.json
4,401872975,2026-10-04T20:25Z,DEN,SF,away,4372016,00-0036613,Jaylen Waddle,17,,,,,,,,,,,,,,5,6,35,1,13,,,,,,,,,,,,,,,,,,,,,,,,,,,1,0,espn-401872975.json
4,401872975,2026-10-04T20:25Z,DEN,SF,away,4686472,00-0038976,Marvin Mims Jr.,19,,,,,,,,,,,,,,1,3,10,0,10,1,1,1,1,0,0,0,0,0,,,,,,,1,0,0,,,,,,,,,0,0,espn-401872975.json
4,401872975,2026-10-04T20:25Z,DEN,SF,away,3051876,00-0033881,Evan Engram,1,,,,,,,,,,,,,,1,5,6,0,6,,,,,,,,,,,,,,,,,,,,,,,,,,,0,0,espn-401872975.json
4,401872975,2026-10-04T20:25Z,DEN,SF,away,3128429,00-0034348,Courtland Sutton,14,,,,,,,,,,,,,,1,6,4,0,4,,,,,,,,,,,,,,,,,,,,,,,,,,,0,0,espn-401872975.json
4,401872975,2026-10-04T20:25Z,DEN,SF,away,3911853,00-0036422,Adam Trautman,82,,,,,,,,,,,,,,0,1,0,0,0,,,,,,,,,,,,,,,,,,,,,,,,,,,0,0,espn-401872975.json
4,401872975,2026-10-04T20:25Z,DEN,SF,away,4360853,00-0036564,Talanoa Hufanga,9,,,,,,,,,,,,,,,,,,,1,0,4,2,0,0,0,0,0,,,,,,,,,,,,,,,,,,0,0,espn-401872975.json
4,401872975,2026-10-04T20:25Z,DEN,SF,away,4037559,00-0036683,Devon Key,26,,,,,,,,,,,,,,,,,,,0,0,,,,,,,,,,,,,,,,,,,,,,,,,0,0,espn-401872975.json
4,401872975,2026-10-04T20:25Z,DEN,SF,away,4608138,00-0037001,Quinn Meinerz,77,,,,,,,,,,,,,,,,,,,0,0,,,,,,,,,,,,,,,,,,,,,,,,,0,0,espn-401872975.json
4,401872975,2026-10-04T20:25Z,DEN,SF,away,2612151,00-0031898,Alex Singleton,49,,,,,,,,,,,,,,,,,,,,,14,7,0,1,0,0,0,,,,,,,,,,,,,,,,,,0,0,espn-401872975.json
4,401872975,2026-10-04T20:25Z,DEN,SF,away,4039059,00-0036221,Brandon Jones,22,,,,,,,,,,,,,,,,,,,,,9,6,0,0,0,0,0,,,,,,,,,,,,,,,,,,0,0,espn-401872975.json
4,401872975,2026-10-04T20:25Z,DEN,SF,away,3915282,00-0035248,Zach Allen,99,,,,,,,,,,,,,,,,,,,,,5,2,0,0,0,3,0,,,,,,,,,,,,,,,,,,0,0,espn-401872975.json
4,401872975,2026-10-04T20:25Z,DEN,SF,away,3919548,00-0036428,Justin Strnad,40,,,,,,,,,,,,,,,,,,,,,5,2,0,0,0,0,0,,,,,,,,,,,,,,,,,,0,0,espn-401872975.json
4,401872975,2026-10-04T20:25Z,DEN,SF,away,4372012,00-0036874,Pat Surtain II,2,,,,,,,,,,,,,,,,,,,,,4,2,0,0,0,0,0,,,,,,,,,,,,,,,,,,0,0,espn-401872975.json
4,401872975,2026-10-04T20:25Z,DEN,SF,away,4429193,00-0039371,Kris Abrams-Draine,31,,,,,,,,,,,,,,,,,,,,,3,3,0,0,0,0,0,,,,,,,,,,,,,,,,,,0,0,espn-401872975.json
4,401872975,2026-10-04T20:25Z,DEN,SF,away,3894915,00-0033297,D.J. Jones,93,,,,,,,,,,,,,,,,,,,,,3,2,0,0,1,1,0,,,,,,,,,,,,,,,,,,0,0,espn-401872975.json
4,401872975,2026-10-04T20:25Z,DEN,SF,away,4039064,00-0035763,Malcolm Roach,97,,,,,,,,,,,,,,,,,,,,,3,2,0,0,1,0,0,,,,,,,,,,,,,,,,,,0,0,espn-401872975.json
4,401872975,2026-10-04T20:25Z,DEN,SF,away,4360259,00-0037249,Nik Bonitto,15,,,,,,,,,,,,,,,,,,,,,3,2,0,0,0,0,0,,,,,,,,,,,,,,,,,,0,0,espn-401872975.json
4,401872975,2026-10-04T20:25Z,DEN,SF,away,4430925,00-0040720,Jahdae Barron,23,,,,,,,,,,,,,,,,,,,,,3,1,0,0,1,0,0,,,,,,,,,,,,,,,,,,0,0,espn-401872975.json
4,401872975,2026-10-04T20:25Z,DEN,SF,away,4693373,00-0040634,Jordan Turner,55,,,,,,,,,,,,,,,,,,,,,2,2,0,0,0,0,0,,,,,,,,,,,,,,,,,,0,0,espn-401872975.json
4,401872975,2026-10-04T20:25Z,DEN,SF,away,4382401,00-0038552,Riley Moss,21,,,,,,,,,,,,,,,,,,,,,2,1,0,0,0,0,0,,,,,,,,,,,,,,,,,,0,0,espn-401872975.json
4,401872975,2026-10-04T20:25Z,DEN,SF,away,4692048,00-0040168,Que Robinson,51,,,,,,,,,,,,,,,,,,,,,2,1,0,0,0,0,0,,,,,,,,,,,,,,,,,,0,0,espn-401872975.json
4,401872975,2026-10-04T20:25Z,DEN,SF,away,4066109,00-0038106,Eyioma Uwazurike,96,,,,,,,,,,,,,,,,,,,,,1,1,0,0,0,0,0,,,,,,,,,,,,,,,,,,0,0,espn-401872975.json
4,401872975,2026-10-04T20:25Z,DEN,SF,away,4261090,00-0037294,Jordan Jackson,94,,,,,,,,,,,,,,,,,,,,,1,1,0,0,0,0,0,,,,,,,,,,,,,,,,,,0,0,espn-401872975.json
4,401872975,2026-10-04T20:25Z,DEN,SF,away,3929914,00-0036727,Adam Prentice,46,,,,,,,,,,,,,,,,,,,,,1,0,0,0,0,0,0,,,,,,,,,,,,,,,,,,0,0,espn-401872975.json
4,401872975,2026-10-04T20:25Z,DEN,SF,away,4567462,00-0037384,Ja'Quan McMillian,29,,,,,,,,,,,,,,,,,,,,,1,0,0,0,0,0,0,,,,,,,,,,,,,,,,,,0,0,espn-401872975.json
4,401872975,2026-10-04T20:25Z,DEN,SF,away,4687592,00-0039809,Jonah Elliss,52,,,,,,,,,,,,,,,,,,,,,1,0,0,0,0,0,0,,,,,,,,,,,,,,,,,,0,0,espn-401872975.json
4,401872975,2026-10-04T20:25Z,DEN,SF,away,4875336,00-0040449,Karene Reid,47,,,,,,,,,,,,,,,,,,,,,1,0,0,0,0,0,0,,,,,,,,,,,,,,,,,,0,0,espn-401872975.json
4,401872975,2026-10-04T20:25Z,DEN,SF,away,2985659,00-0032569,Wil Lutz,3,,,,,,,,,,,,,,,,,,,,,,,,,,,,,,,,,,,,,2,3,52,0,0,6,,,0,0,espn-401872975.json
4,401872975,2026-10-04T20:25Z,DEN,SF,away,4589212,00-0040223,Jeremy Crawshaw,16,,,,,,,,,,,,,,,,,,,,,,,,,,,,,,,,,,,,,,,,,,,5,246,0,0,espn-401872975.json
4,401872975,2026-10-04T20:25Z,SF,DEN,home,4361741,00-0037834,Brock Purdy,13,19,30,218,2,0,0,0,67.5,107.4,10,29,0,11,,,,,,,,,,,,,,,,,,,,,,,,,,,,,,,,0,0,espn-401872975.json
4,401872975,2026-10-04T20:25Z,SF,DEN,home,3117251,00-0033280,Christian McCaffrey,23,,,,,,,,,,15,52,1,14,3,5,18,0,9,,,,,,,,,,,,,,,,,,,,,,,,,,,1,0,espn-401872975.json
4,401872975,2026-10-04T20:25Z,SF,DEN,home,3126486,00-0035719,Deebo Samuel Sr.,19,,,,,,,,,,3,44,0,22,5,6,26,1,8,1,0,,,,,,,,,,,2,49,0,,,,,,,,,,,,1,1,espn-401872975.json
4,401872975,2026-10-04T20:25Z,SF,DEN,home,4696044,00-0041052,Kaelon Black,26,,,,,,,,,,6,13,0,5,,,,,,,,,,,,,,,,,,,,,,,,,,,,,,,,0,0,espn-401872975.json
4,401872975,2026-10-04T20:25Z,SF,DEN,home,4575665,00-0039365,Jacob Cowing,4,,,,,,,,,,1,2,0,2,0,1,0,0,0,,,,,,,,,,,,,1,25,0,,,,,,,,,,,,0,0,espn-401872975.json
4,401872975,2026-10-04T20:25Z,SF,DEN,home,16737,00-0031408,Mike Evans,5,,,,,,,,,,,,,,5,8,76,0,24,,,,,,,,,,,,,,,,,,,,,,,,,,,0,0,espn-401872975.json
4,401872975,2026-10-04T20:25Z,SF,DEN,home,3040151,00-0033288,George Kittle,85,,,,,,,,,,,,,,4,6,70,1,56,,,,,,,,,,,,,,,,,,,,,,,,,,,1,0,espn-401872975.json
4,401872975,2026-10-04T20:25Z,SF,DEN,home,16002,00-0029892,Kyle Juszczyk,44,,,,,,,,,,,,,,2,2,28,0,16,,,,,,,,,,,,,,,,,,,,,,,,,,,0,0,espn-401872975.json
4,401872975,2026-10-04T20:25Z,SF,DEN,home,16731,00-0031236,Brandin Cooks,84,,,,,,,,,,,,,,0,1,0,0,0,,,,,,,,,,,,,,,,,,,,,,,,,,,0,0,espn-401872975.json
4,401872975,2026-10-04T20:25Z,SF,DEN,home,4360290,00-0038643,Brayden Willis,9,,,,,,,,,,,,,,,,,,,0,0,,,,,,,,,,,,,,,,,,,,,,,,,0,0,espn-401872975.json
4,401872975,2026-10-04T20:25Z,SF,DEN,home,3057524,00-0034391,Siran Neal,33,,,,,,,,,,,,,,,,,,,0,0,1,1,0,0,0,0,0,,,,,,,,,,,,,,,,,,0,0,espn-401872975.json
4,401872975,2026-10-04T20:25Z,SF,DEN,home,3916903,00-0034982,Dre Greenlaw,57,,,,,,,,,,,,,,,,,,,,,12,7,0,0,0,0,0,,,,,,,,,,,,,,,,,,0,0,espn-401872975.json
4,401872975,2026-10-04T20:25Z,SF,DEN,home,3138826,00-0034815,Fred Warner,54,,,,,,,,,,,,,,,,,,,,,7,3,0,0,2,0,0,,,,,,,,,,,,,,,,,,0,0,espn-401872975.json
4,401872975,2026-10-04T20:25Z,SF,DEN,home,4565200,00-0040152,Upton Stout,20,,,,,,,,,,,,,,,,,,,,,6,4,0,0,0,0,0,,,,,,,,,,,,,,,,,,0,0,espn-401872975.json
4,401872975,2026-10-04T20:25Z,SF,DEN,home,4693337,00-0040185,Marques Sigle,36,,,,,,,,,,,,,,,,,,,,,6,4,0,0,0,0,0,,,,,,,,,,,,,,,,,,0,0,espn-401872975.json
4,401872975,2026-10-04T20:25Z,SF,DEN,home,4242488,00-0036563,Deommodore Lenoir,2,,,,,,,,,,,,,,,,,,,,,4,3,0,0,0,0,0,,,,,,,,,,,,,,,,,,0,0,espn-401872975.json
4,401872975,2026-10-04T20:25Z,SF,DEN,home,4693644,00-0038554,Ji'Ayir Brown,27,,,,,,,,,,,,,,,,,,,,,4,3,0,0,0,0,0,,,,,,,,,,,,,,,,,,0,0,espn-401872975.json
4,401872975,2026-10-04T20:25Z,SF,DEN,home,4427325,00-0039345,Renardo Green,0,,,,,,,,,,,,,,,,,,,,,3,3,0,0,0,0,0,,,,,,,,,,,,,,,,,,0,0,espn-401872975.json
4,401872975,2026-10-04T20:25Z,SF,DEN,home,4040612,00-0036887,Luke Farrell,89,,,,,,,,,,,,,,,,,,,,,3,2,0,0,0,0,0,,,,,,,,,,,,,,,,,,0,0,espn-401872975.json
4,401872975,2026-10-04T20:25Z,SF,DEN,home,4685369,00-0041557,Gracen Halton,93,,,,,,,,,,,,,,,,,,,,,3,0,0,0,0,0,0,,,,,,,,,,,,,,,,,,0,0,espn-401872975.json
4,401872975,2026-10-04T20:25Z,SF,DEN,home,3116097,00-0035413,Luke Gifford,51,,,,,,,,,,,,,,,,,,,,,2,2,0,0,0,0,0,,,,,,,,,,,,,,,,,,0,0,espn-401872975.json
4,401872975,2026-10-04T20:25Z,SF,DEN,home,4432244,00-0041556,Romello Height,94,,,,,,,,,,,,,,,,,,,,,2,2,0,0,0,0,0,,,,,,,,,,,,,,,,,,0,0,espn-401872975.json
4,401872975,2026-10-04T20:25Z,SF,DEN,home,4775220,00-0040560,Sebastian Valdez,55,,,,,,,,,,,,,,,,,,,,,2,1,0,0,0,1,0,,,,,,,,,,,,,,,,,,0,0,espn-401872975.json
4,401872975,2026-10-04T20:25Z,SF,DEN,home,4035840,00-0036942,Osa Odighizuwa,92,,,,,,,,,,,,,,,,,,,,,2,0,0,0,0,0,0,,,,,,,,,,,,,,,,,,0,0,espn-401872975.json
4,401872975,2026-10-04T20:25Z,SF,DEN,home,3052667,00-0034807,Ogbo Okoronkwo,59,,,,,,,,,,,,,,,,,,,,,1,1,0,0,0,0,0,,,,,,,,,,,,,,,,,,0,0,espn-401872975.json
4,401872975,2026-10-04T20:25Z,SF,DEN,home,3961466,00-0032415,Matthew Judon,43,,,,,,,,,,,,,,,,,,,,,1,1,0,0,0,0,0,,,,,,,,,,,,,,,,,,0,0,espn-401872975.json
4,401872975,2026-10-04T20:25Z,SF,DEN,home,4035686,00-0038039,Jack Jones,25,,,,,,,,,,,,,,,,,,,,,1,1,0,0,0,0,0,,,,,,,,,,,,,,,,,,0,0,espn-401872975.json
4,401872975,2026-10-04T20:25Z,SF,DEN,home,4696211,00-0039360,Malik Mustapha,6,,,,,,,,,,,,,,,,,,,,,1,1,0,0,1,0,0,,,,,,,,,,,,,,,,,,0,0,espn-401872975.json
4,401872975,2026-10-04T20:25Z,SF,DEN,home,3916075,00-0036256,Colton McKivitz,68,,,,,,,,,,,,,,,,,,,,,1,0,0,0,0,0,0,,,,,,,,,,,,,,,,,,0,0,espn-401872975.json
4,401872975,2026-10-04T20:25Z,SF,DEN,home,4039029,00-0036341,Khalid Kareem,47,,,,,,,,,,,,,,,,,,,,,1,0,0,0,0,0,0,,,,,,,,,,,,,,,,,,0,0,espn-401872975.json
4,401872975,2026-10-04T20:25Z,SF,DEN,home,4046716,00-0036695,Naquan Jones,50,,,,,,,,,,,,,,,,,,,,,1,0,0,0,0,0,0,,,,,,,,,,,,,,,,,,0,0,espn-401872975.json
4,401872975,2026-10-04T20:25Z,SF,DEN,home,4243493,00-0039148,Keion White,56,,,,,,,,,,,,,,,,,,,,,1,0,0,0,0,1,0,,,,,,,,,,,,,,,,,,0,0,espn-401872975.json
4,401872975,2026-10-04T20:25Z,SF,DEN,home,4034949,00-0034173,Eddy Pineiro,18,,,,,,,,,,,,,,,,,,,,,,,,,,,,,,,,,,,,,1,2,24,3,3,6,,,0,0,espn-401872975.json
4,401872975,2026-10-04T20:25Z,SF,DEN,home,3125280,00-0035821,Corliss Waitman,15,,,,,,,,,,,,,,,,,,,,,,,,,,,,,,,,,,,,,,,,,,,4,208,0,0,espn-401872975.json
4,401872976,2026-10-04T20:25Z,KC,LV,away,3139477,00-0033873,Patrick Mahomes,15,15,30,225,2,0,2,15,63.6,97.2,2,0,0,1,,,,,,0,0,,,,,,,,,,,,,,,,,,,,,,,,,0,0,espn-401872976.json
4,401872976,2026-10-04T20:25Z,KC,LV,away,4567048,00-0038134,Kenneth Walker III,9,,,,,,,,,,22,177,2,76,1,1,2,0,2,,,,,,,,,,,,,,,,,,,,,,,,,,,2,0,espn-401872976.json
4,401872976,2026-10-04T20:25Z,KC,LV,away,4361496,00-0037284,Matt Araiza,14,,,,,,,,,,1,12,0,12,,,,,,,,,,,,,,,,,,,,,,,,,,,,,,5,238,0,0,espn-401872976.json
4,401872976,2026-10-04T20:25Z,KC,LV,away,4256074,00-0036909,Khyiris Tonga,92,,,,,,,,,,1,0,0,0,,,,,,,,,,,,,,,,,,,,,,,,,,,,,,,,0,0,espn-401872976.json
4,401872976,2026-10-04T20:25Z,KC,LV,away,4362921,00-0038104,Tyquan Thornton,2,,,,,,,,,,,,,,5,8,111,2,55,,,,,,,,,,,,,,,,,,,,,,,,,,,2,0,espn-401872976.json
4,401872976,2026-10-04T20:25Z,KC,LV,away,4683062,00-0039894,Xavier Worthy,1,,,,,,,,,,,,,,4,7,70,0,41,,,,,,,,,,,,,,,,,,,,,,,,,,,0,0,espn-401872976.json
4,401872976,2026-10-04T20:25Z,KC,LV,away,4240472,00-0036637,Noah Gray,83,,,,,,,,,,,,,,2,3,17,0,11,,,,,,,,,,,,,,,,,,,,,,,,,,,0,0,espn-401872976.json
4,401872976,2026-10-04T20:25Z,KC,LV,away,15847,00-0030506,Travis Kelce,87,,,,,,,,,,,,,,2,4,15,0,10,,,,,,,,,,,,,,,,,,,,,,,,,,,0,0,espn-401872976.json
4,401872976,2026-10-04T20:25Z,KC,LV,away,4832955,00-0041013,Emmett Johnson,10,,,,,,,,,,,,,,1,1,10,0,10,,,,,,,,,,,,,2,49,0,,,,,,,,,,,,0,0,espn-401872976.json
4,401872976,2026-10-04T20:25Z,KC,LV,away,4912218,00-0040890,Cyrus Allen,13,,,,,,,,,,,,,,0,1,0,0,0,,,,,,,,,,,,,,,,,,,,,,,,,,,0,0,espn-401872976.json
4,401872976,2026-10-04T20:25Z,KC,LV,away,5082630,00-0040646,Jalen Royals,11,,,,,,,,,,,,,,0,2,0,0,0,,,,,,,,,,,,,,,,,,,,,,,,,,,0,0,espn-401872976.json
4,401872976,2026-10-04T20:25Z,KC,LV,away,4241385,00-0036623,Creed Humphrey,52,,,,,,,,,,,,,,,,,,,1,0,,,,,,,,,,,,,,,,,,,,,,,,,0,0,espn-401872976.json
4,401872976,2026-10-04T20:25Z,KC,LV,away,4249766,00-0037208,Jack Cochrane,43,,,,,,,,,,,,,,,,,,,0,0,4,2,0,0,0,0,0,,,,,,,,,,,,,,,,,,0,0,espn-401872976.json
4,401872976,2026-10-04T20:25Z,KC,LV,away,4880124,00-0041543,Mansoor Delane,5,,,,,,,,,,,,,,,,,,,,,10,7,0,1,1,0,0,,,,,,,,,,,,,,,,,,0,0,espn-401872976.json
4,401872976,2026-10-04T20:25Z,KC,LV,away,4362759,00-0036621,Nick Bolton,32,,,,,,,,,,,,,,,,,,,,,9,4,0,0,0,0,0,,,,,,,,,,,,,,,,,,0,0,espn-401872976.json
4,401872976,2026-10-04T20:25Z,KC,LV,away,3129310,00-0035262,Drue Tranquill,23,,,,,,,,,,,,,,,,,,,,,7,5,0,2,1,1,0,,,,,,,,,,,,,,,,,,0,0,espn-401872976.json
4,401872976,2026-10-04T20:25Z,KC,LV,away,4040432,00-0036374,L'Jarius Sneed,38,,,,,,,,,,,,,,,,,,,,,7,4,0,0,1,0,0,,,,,,,,,,,,,,,,,,0,0,espn-401872976.json
4,401872976,2026-10-04T20:25Z,KC,LV,away,4361964,00-0038982,Chamarri Conner,27,,,,,,,,,,,,,,,,,,,,,6,3,0,0,1,0,0,,,,,,,,,,,,,,,,,,0,0,espn-401872976.json
4,401872976,2026-10-04T20:25Z,KC,LV,away,4426659,00-0037192,George Karlaftis,56,,,,,,,,,,,,,,,,,,,,,5,2,0,1,1,6,0,,,,,,,,,,,,,,,,,,0,0,espn-401872976.json
4,401872976,2026-10-04T20:25Z,KC,LV,away,4610705,00-0040670,Nohl Williams,20,,,,,,,,,,,,,,,,,,,,,4,2,0,0,1,0,0,,,,,,,,,,,,,,,,,,0,0,espn-401872976.json
4,401872976,2026-10-04T20:25Z,KC,LV,away,4035433,00-0036416,Kristian Fulton,8,,,,,,,,,,,,,,,,,,,,,4,1,0,1,0,0,0,,,,,,,,,,,,,,,,,,0,0,espn-401872976.json
4,401872976,2026-10-04T20:25Z,KC,LV,away,4685491,00-0040957,Xavier Nwankpa,29,,,,,,,,,,,,,,,,,,,,,3,3,0,0,1,0,0,1,3,0,,,,,,,,,,,,,,,0,0,espn-401872976.json
4,401872976,2026-10-04T20:25Z,KC,LV,away,4612387,00-0039006,Felix Anudike-Uzomah,91,,,,,,,,,,,,,,,,,,,,,3,2,0,1,0,1,0,,,,,,,,,,,,,,,,,,0,0,espn-401872976.json
4,401872976,2026-10-04T20:25Z,KC,LV,away,4039413,00-0036380,Alohi Gilman,17,,,,,,,,,,,,,,,,,,,,,3,1,0,0,0,0,0,,,,,,,,,,,,,,,,,,0,0,espn-401872976.json
4,401872976,2026-10-04T20:25Z,KC,LV,away,4602389,00-0040072,Jeffrey Bassa,31,,,,,,,,,,,,,,,,,,,,,3,1,0,0,0,0,0,,,,,,,,,,,,,,,,,,0,0,espn-401872976.json
4,401872976,2026-10-04T20:25Z,KC,LV,away,4684432,00-0040640,Ashton Gillotte,97,,,,,,,,,,,,,,,,,,,,,3,1,0,0,0,0,0,,,,,,,,,,,,,,,,,,0,0,espn-401872976.json
4,401872976,2026-10-04T20:25Z,KC,LV,away,3044859,00-0032762,Chris Jones,95,,,,,,,,,,,,,,,,,,,,,2,1,0,1,1,1,0,,,,,,,,,,,,,,,,,,0,0,espn-401872976.json
4,401872976,2026-10-04T20:25Z,KC,LV,away,4428383,,Chris Roland-Wallace,30,,,,,,,,,,,,,,,,,,,,,2,1,0,0,0,0,0,,,,,,,,,,,,,,,,,,0,0,espn-401872976.json
4,401872976,2026-10-04T20:25Z,KC,LV,away,4431196,00-0040081,Jake Briningstool,88,,,,,,,,,,,,,,,,,,,,,2,1,0,0,0,0,0,,,,,,,,,,,,,,,,,,0,0,espn-401872976.json
4,401872976,2026-10-04T20:25Z,KC,LV,away,4685232,00-0039825,Jaden Hicks,21,,,,,,,,,,,,,,,,,,,,,2,1,0,0,0,0,0,,,,,,,,,,,,,,,,,,0,0,espn-401872976.json
4,401872976,2026-10-04T20:25Z,KC,LV,away,4036959,00-0035900,Cole Christiansen,48,,,,,,,,,,,,,,,,,,,,,1,1,0,0,0,0,0,,,,,,,,,,,,,,,,,,0,0,espn-401872976.json
4,401872976,2026-10-04T20:25Z,KC,LV,away,4871063,00-0041545,Peter Woods,99,,,,,,,,,,,,,,,,,,,,,1,0,0,0,0,0,0,,,,,,,,,,,,,,,,,,0,0,espn-401872976.json
4,401872976,2026-10-04T20:25Z,KC,LV,away,5081927,00-0041501,R Mason Thomas,51,,,,,,,,,,,,,,,,,,,,,0,0,0,0,0,1,0,,,,,,,,,,,,,,,,,,0,0,espn-401872976.json
4,401872976,2026-10-04T20:25Z,KC,LV,away,4372716,00-0038519,Nikko Remigio,81,,,,,,,,,,,,,,,,,,,,,,,,,,,,,,,2,38,0,2,27,0,,,,,,,,,0,0,espn-401872976.json
4,401872976,2026-10-04T20:25Z,KC,LV,away,3055899,00-0033303,Harrison Butker,7,,,,,,,,,,,,,,,,,,,,,,,,,,,,,,,,,,,,,1,1,28,3,3,6,,,0,0,espn-401872976.json
4,401872976,2026-10-04T20:25Z,LV,KC,home,14880,00-0029604,Kirk Cousins,8,31,52,365,2,1,0,0,72.7,85.8,,,,,,,,,,,,,,,,,,,,,,,,,,,,,,,,,,,,0,0,espn-401872976.json
4,401872976,2026-10-04T20:25Z,LV,KC,home,4890973,00-0040122,Ashton Jeanty,2,,,,,,,,,,15,58,0,19,6,8,68,0,28,,,,,,,,,,,,,,,,,,,,,,,,,,,0,0,espn-401872976.json
4,401872976,2026-10-04T20:25Z,LV,KC,home,4686658,00-0040878,Mike Washington Jr.,4,,,,,,,,,,9,18,0,11,1,2,-1,0,-1,,,,,,,,,,,,,,,,,,,,,,,,,,,0,0,espn-401872976.json
4,401872976,2026-10-04T20:25Z,LV,KC,home,4241961,00-0037304,Connor Heyward,34,,,,,,,,,,2,-4,0,1,1,1,9,0,9,,,1,1,0,0,0,0,0,,,,,,,,,,,,,,,,,,0,0,espn-401872976.json
4,401872976,2026-10-04T20:25Z,LV,KC,home,4432665,00-0039338,Brock Bowers,89,,,,,,,,,,,,,,6,11,86,1,21,,,,,,,,,,,,,,,,,,,,,,,,,,,1,0,espn-401872976.json
4,401872976,2026-10-04T20:25Z,LV,KC,home,4429086,00-0039066,Michael Mayer,87,,,,,,,,,,,,,,8,10,82,0,17,,,,,,,,,,,,,,,,,,,,,,,,,,,0,0,espn-401872976.json
4,401872976,2026-10-04T20:25Z,LV,KC,home,4428718,00-0038563,Tre Tucker,1,,,,,,,,,,,,,,4,8,44,0,23,,,,,,,,,,,,,,,,,,,,,,,,,,,0,0,espn-401872976.json
4,401872976,2026-10-04T20:25Z,LV,KC,home,4241983,00-0035891,Cody White,82,,,,,,,,,,,,,,2,4,36,0,27,,,1,1,0,0,0,0,0,,,,,,,,,,,,,,,,,,0,0,espn-401872976.json
4,401872976,2026-10-04T20:25Z,LV,KC,home,4045305,00-0034365,Ian Thomas,80,,,,,,,,,,,,,,2,2,32,1,27,,,,,,,,,,,,,,,,,,,,,,,,,,,1,1,espn-401872976.json
4,401872976,2026-10-04T20:25Z,LV,KC,home,4401805,00-0037093,Dareke Young,81,,,,,,,,,,,,,,1,2,9,0,9,1,1,,,,,,,,,,,3,72,0,,,,,,,,,,,,0,0,espn-401872976.json
4,401872976,2026-10-04T20:25Z,LV,KC,home,4917354,00-0040889,Hezekiah Masses,35,,,,,,,,,,,,,,,,,,,,,7,3,0,0,2,0,0,,,,,,,,,,,,,,,,,,0,0,espn-401872976.json
4,401872976,2026-10-04T20:25Z,LV,KC,home,4379416,00-0037074,Quay Walker,7,,,,,,,,,,,,,,,,,,,,,6,4,1,1,0,1,0,,,,,,,,,,,,,,,,,,0,0,espn-401872976.json
4,401872976,2026-10-04T20:25Z,LV,KC,home,4043169,00-0036293,Jeremy Chinn,11,,,,,,,,,,,,,,,,,,,,,5,3,0,0,0,0,0,,,,,,,,,,,,,,,,,,0,0,espn-401872976.json
4,401872976,2026-10-04T20:25Z,LV,KC,home,4259561,00-0036901,Eric Stokes,5,,,,,,,,,,,,,,,,,,,,,5,3,0,0,1,0,0,,,,,,,,,,,,,,,,,,0,0,espn-401872976.json
4,401872976,2026-10-04T20:25Z,LV,KC,home,4426340,00-0037615,Nakobe Dean,17,,,,,,,,,,,,,,,,,,,,,5,3,0,0,0,0,0,,,,,,,,,,,,,,,,,,0,0,espn-401872976.json
4,401872976,2026-10-04T20:25Z,LV,KC,home,2972342,00-0033381,Adam Butler,69,,,,,,,,,,,,,,,,,,,,,4,1,0.5,1,0,1,0,,,,,,,,,,,,,,,,,,0,0,espn-401872976.json
4,401872976,2026-10-04T20:25Z,LV,KC,home,4360749,00-0037262,Thomas Booker IV,99,,,,,,,,,,,,,,,,,,,,,3,3,0,0,0,0,0,,,,,,,,,,,,,,,,,,0,0,espn-401872976.json
4,401872976,2026-10-04T20:25Z,LV,KC,home,3045172,,Folorunso Fatukasi,94,,,,,,,,,,,,,,,,,,,,,3,1,0,0,0,0,0,,,,,,,,,,,,,,,,,,0,0,espn-401872976.json
4,401872976,2026-10-04T20:25Z,LV,KC,home,4429109,00-0040169,Tonka Hemingway,97,,,,,,,,,,,,,,,,,,,,,3,1,0,0,1,1,0,,,,,,,,,,,,,,,,,,0,0,espn-401872976.json
4,401872976,2026-10-04T20:25Z,LV,KC,home,3916655,00-0034973,Maxx Crosby,98,,,,,,,,,,,,,,,,,,,,,3,0,0.5,0,0,5,0,,,,,,,,,,,,,,,,,,0,0,espn-401872976.json
4,401872976,2026-10-04T20:25Z,LV,KC,home,4260703,00-0037527,Segun Olubi,50,,,,,,,,,,,,,,,,,,,,,2,2,0,0,0,0,0,,,,,,,,,,,,,,,,,,0,0,espn-401872976.json
4,401872976,2026-10-04T20:25Z,LV,KC,home,3121003,00-0034376,Taron Johnson,3,,,,,,,,,,,,,,,,,,,,,2,1,0,0,1,0,0,,,,,,,,,,,,,,,,,,0,0,espn-401872976.json
4,401872976,2026-10-04T20:25Z,LV,KC,home,4429560,00-0039374,Tommy Eichenberg,44,,,,,,,,,,,,,,,,,,,,,2,1,0,0,0,0,0,,,,,,,,,,,,,,,,,,0,0,espn-401872976.json
4,401872976,2026-10-04T20:25Z,LV,KC,home,4685126,00-0040228,Cody Lindenberg,55,,,,,,,,,,,,,,,,,,,,,2,1,0,0,0,0,0,,,,,,,,,,,,,,,,,,0,0,espn-401872976.json
4,401872976,2026-10-04T20:25Z,LV,KC,home,4697757,00-0040868,Treydan Stukes,31,,,,,,,,,,,,,,,,,,,,,2,1,0,0,0,0,0,,,,,,,,,,,,,,,,,,0,0,espn-401872976.json
4,401872976,2026-10-04T20:25Z,LV,KC,home,4430896,00-0040199,JJ Pegues,92,,,,,,,,,,,,,,,,,,,,,1,1,0,0,0,0,0,,,,,,,,,,,,,,,,,,0,0,espn-401872976.json
4,401872976,2026-10-04T20:25Z,LV,KC,home,4243916,00-0036922,Patrick Johnson,93,,,,,,,,,,,,,,,,,,,,,1,0,0,0,0,0,0,,,,,,,,,,,,,,,,,,0,0,espn-401872976.json
4,401872976,2026-10-04T20:25Z,LV,KC,home,4366963,00-0039407,Dylan Laube,23,,,,,,,,,,,,,,,,,,,,,,,,,,,,,,,2,76,0,,,,,,,,,,,,0,0,espn-401872976.json
4,401872976,2026-10-04T20:25Z,LV,KC,home,5150247,00-0040894,Malik Benson,19,,,,,,,,,,,,,,,,,,,,,,,,,,,,,,,,,,1,4,0,,,,,,,,,0,0,espn-401872976.json
4,401872976,2026-10-04T20:25Z,LV,KC,home,4249087,00-0035269,Matt Gay,14,,,,,,,,,,,,,,,,,,,,,,,,,,,,,,,,,,,,,4,4,48,1,1,13,,,0,0,espn-401872976.json
4,401872976,2026-10-04T20:25Z,LV,KC,home,3686689,00-0035190,AJ Cole,6,,,,,,,,,,,,,,,,,,,,,,,,,,,,,,,,,,,,,,,,,,,3,142,0,0,espn-401872976.json
4,401872977,2026-10-04T20:25Z,LAC,SEA,away,4038941,00-0036355,Justin Herbert,10,19,31,189,1,2,4,35,36.7,62.4,6,40,0,26,0,1,0,0,0,1,1,1,0,0,0,0,0,0,,,,,,,,,,,,,,,,,,0,0,espn-401872977.json
4,401872977,2026-10-04T20:25Z,LAC,SEA,away,4686612,00-0040727,Tre' Harris,9,0,1,0,0,0,0,0,23.3,39.6,,,,,3,5,60,0,26,,,,,,,,,,,,,,,,,,,,,,,,,,,0,0,espn-401872977.json
4,401872977,2026-10-04T20:25Z,LAC,SEA,away,4685382,00-0040666,Omarion Hampton,8,,,,,,,,,,9,45,1,15,2,2,8,0,5,,,,,,,,,,,,,,,,,,,,,,,,,,,1,0,espn-401872977.json
4,401872977,2026-10-04T20:25Z,LAC,SEA,away,4596334,00-0038454,Keaton Mitchell,34,,,,,,,,,,10,39,0,20,5,6,24,0,14,,,,,,,,,,,,,1,28,0,,,,,,,,,,,,0,0,espn-401872977.json
4,401872977,2026-10-04T20:25Z,LAC,SEA,away,4430968,00-0039391,Kimani Vidal,28,,,,,,,,,,5,25,0,9,2,3,11,1,9,,,1,0,0,0,0,0,0,,,,2,48,0,,,,,,,,,,,,1,0,espn-401872977.json
4,401872977,2026-10-04T20:25Z,LAC,SEA,away,4595342,00-0040189,Oronde Gadsden,86,,,,,,,,,,1,2,0,2,5,8,36,0,9,,,1,1,0,0,0,0,0,,,,,,,,,,,,,,,,,,0,0,espn-401872977.json
4,401872977,2026-10-04T20:25Z,LAC,SEA,away,4429025,00-0038544,Quentin Johnston,1,,,,,,,,,,1,-4,0,-4,1,2,44,0,44,,,,,,,,,,,,,,,,,,,,,,,,,,,0,0,espn-401872977.json
4,401872977,2026-10-04T20:25Z,LAC,SEA,away,4362477,00-0038573,Derius Davis,12,,,,,,,,,,,,,,1,1,6,0,6,1,1,,,,,,,,,,,2,64,0,2,0,0,,,,,,,,,0,0,espn-401872977.json
4,401872977,2026-10-04T20:25Z,LAC,SEA,away,3051738,00-0034272,Marquez Valdes-Scantling,13,,,,,,,,,,,,,,0,1,0,0,0,,,,,,,,,,,,,,,,,,,,,,,,,,,0,0,espn-401872977.json
4,401872977,2026-10-04T20:25Z,LAC,SEA,away,4612826,00-0039915,Ladd McConkey,15,,,,,,,,,,,,,,0,2,0,0,0,,,,,,,,,,,,,,,,,,,,,,,,,,,0,0,espn-401872977.json
4,401872977,2026-10-04T20:25Z,LAC,SEA,away,16710,00-0031040,Khalil Mack,52,,,,,,,,,,,,,,,,,,,,,6,4,1,2,0,1,0,,,,,,,,,,,,,,,,,,0,0,espn-401872977.json
4,401872977,2026-10-04T20:25Z,LAC,SEA,away,4431442,00-0039111,Tuli Tuipulotu,45,,,,,,,,,,,,,,,,,,,,,6,3,0.5,1,1,2,0,1,4,0,,,,,,,,,,,,,,,0,0,espn-401872977.json
4,401872977,2026-10-04T20:25Z,LAC,SEA,away,4429190,00-0041544,Akheem Mesidor,90,,,,,,,,,,,,,,,,,,,,,6,2,0,0,0,0,0,,,,,,,,,,,,,,,,,,0,0,espn-401872977.json
4,401872977,2026-10-04T20:25Z,LAC,SEA,away,4241597,00-0038553,Daiyan Henley,0,,,,,,,,,,,,,,,,,,,,,5,4,0,1,0,1,0,,,,,,,,,,,,,,,,,,0,0,espn-401872977.json
4,401872977,2026-10-04T20:25Z,LAC,SEA,away,4243328,00-0036992,Elijah Molden,2,,,,,,,,,,,,,,,,,,,,,5,3,0,1,0,0,0,,,,,,,,,,,,,,,,,,0,0,espn-401872977.json
4,401872977,2026-10-04T20:25Z,LAC,SEA,away,4374269,00-0036181,Teair Tart,93,,,,,,,,,,,,,,,,,,,,,5,3,0,0,0,2,0,,,,,,,,,,,,,,,,,,0,0,espn-401872977.json
4,401872977,2026-10-04T20:25Z,LAC,SEA,away,4240528,00-0035202,Del'Shawn Phillips,53,,,,,,,,,,,,,,,,,,,,,5,2,0,0,0,0,0,,,,,,,,,,,,,,,,,,0,0,espn-401872977.json
4,401872977,2026-10-04T20:25Z,LAC,SEA,away,4038946,00-0036338,Troy Dye,43,,,,,,,,,,,,,,,,,,,,,3,2,1,1,0,1,0,,,,,,,,,,,,,,,,,,0,0,espn-401872977.json
4,401872977,2026-10-04T20:25Z,LAC,SEA,away,16195,00-0030294,Tony Jefferson,23,,,,,,,,,,,,,,,,,,,,,3,2,0,1,0,0,0,,,,,,,,,,,,,,,,,,0,0,espn-401872977.json
4,401872977,2026-10-04T20:25Z,LAC,SEA,away,4427404,00-0039369,Cam Hart,20,,,,,,,,,,,,,,,,,,,,,3,1,0,0,1,0,0,,,,,,,,,,,,,,,,,,0,0,espn-401872977.json
4,401872977,2026-10-04T20:25Z,LAC,SEA,away,4567138,00-0039835,Justin Eboigbe,92,,,,,,,,,,,,,,,,,,,,,3,0,0.5,0,0,1,0,,,,,,,,,,,,,,,,,,0,0,espn-401872977.json
4,401872977,2026-10-04T20:25Z,LAC,SEA,away,4682818,00-0041072,Nick Barrett,91,,,,,,,,,,,,,,,,,,,,,2,2,0,0,0,0,0,,,,,,,,,,,,,,,,,,0,0,espn-401872977.json
4,401872977,2026-10-04T20:25Z,LAC,SEA,away,4429018,00-0040221,RJ Mickens,27,,,,,,,,,,,,,,,,,,,,,2,1,0,0,0,1,0,,,,,,,,,,,,,,,,,,0,0,espn-401872977.json
4,401872977,2026-10-04T20:25Z,LAC,SEA,away,4690171,00-0037320,Deane Leonard,33,,,,,,,,,,,,,,,,,,,,,2,1,0,0,0,0,0,,,,,,,,,,,,,,,,,,0,0,espn-401872977.json
4,401872977,2026-10-04T20:25Z,LAC,SEA,away,5089178,00-0040144,Jamaree Caldwell,99,,,,,,,,,,,,,,,,,,,,,2,1,0,1,0,0,0,,,,,,,,,,,,,,,,,,0,0,espn-401872977.json
4,401872977,2026-10-04T20:25Z,LAC,SEA,away,3843769,00-0034356,Donte Jackson,26,,,,,,,,,,,,,,,,,,,,,1,1,0,0,0,0,0,,,,,,,,,,,,,,,,,,0,0,espn-401872977.json
4,401872977,2026-10-04T20:25Z,LAC,SEA,away,4360745,00-0038414,Kendall Williamson,32,,,,,,,,,,,,,,,,,,,,,1,1,0,0,0,0,0,,,,,,,,,,,,,,,,,,0,0,espn-401872977.json
4,401872977,2026-10-04T20:25Z,LAC,SEA,away,4431467,00-0040460,Marlowe Wax,58,,,,,,,,,,,,,,,,,,,,,1,1,0,0,0,0,0,,,,,,,,,,,,,,,,,,0,0,espn-401872977.json
4,401872977,2026-10-04T20:25Z,LAC,SEA,away,4838693,00-0041381,Rodney Shelley,24,,,,,,,,,,,,,,,,,,,,,1,1,0,0,0,0,0,,,,,,,,,,,,,,,,,,0,0,espn-401872977.json
4,401872977,2026-10-04T20:25Z,LAC,SEA,away,4950551,00-0041064,Genesis Smith,22,,,,,,,,,,,,,,,,,,,,,1,1,0,0,0,0,0,,,,,,,,,,,,,,,,,,0,0,espn-401872977.json
4,401872977,2026-10-04T20:25Z,LAC,SEA,away,4432571,00-0039366,Tarheeb Still,4,,,,,,,,,,,,,,,,,,,,,0,0,0,0,2,0,0,,,,,,,,,,,,,,,,,,0,0,espn-401872977.json
4,401872977,2026-10-04T20:25Z,LAC,SEA,away,4362081,00-0037224,Cameron Dicker,11,,,,,,,,,,,,,,,,,,,,,,,,,,,,,,,,,,,,,3,3,40,2,2,11,,,0,0,espn-401872977.json
4,401872977,2026-10-04T20:25Z,LAC,SEA,away,3126368,00-0034162,JK Scott,16,,,,,,,,,,,,,,,,,,,,,,,,,,,,,,,,,,,,,,,,,,,5,220,0,0,espn-401872977.json
4,401872977,2026-10-04T20:25Z,SEA,LAC,home,3912547,00-0034869,Sam Darnold,14,13,22,168,2,1,3,20,20.4,94.5,3,6,0,8,,,,,,,,,,,,,,,,,,,,,,,,,,,,,,,,0,0,espn-401872977.json
4,401872977,2026-10-04T20:25Z,SEA,LAC,home,4887558,00-0038797,Emanuel Wilson,23,,,,,,,,,,21,81,1,15,3,4,39,1,23,1,0,1,1,0,0,0,0,0,,,,,,,,,,,,,,,,,,2,1,espn-401872977.json
4,401872977,2026-10-04T20:25Z,SEA,LAC,home,4032473,00-0037545,Rashid Shaheed,22,,,,,,,,,,2,33,1,28,1,3,20,0,20,1,0,,,,,,,,,,,3,83,0,2,12,0,,,,,,,,,1,0,espn-401872977.json
4,401872977,2026-10-04T20:25Z,SEA,LAC,home,4429835,00-0039299,George Holani,36,,,,,,,,,,7,18,0,9,1,1,2,0,2,,,,,,,,,,,,,,,,,,,,,,,,,,,0,0,espn-401872977.json
4,401872977,2026-10-04T20:25Z,SEA,LAC,home,4430878,00-0038543,Jaxon Smith-Njigba,11,,,,,,,,,,,,,,5,6,76,0,28,,,,,,,,,,,,,,,,,,,,,,,,,,,0,0,espn-401872977.json
4,401872977,2026-10-04T20:25Z,SEA,LAC,home,2977187,00-0033908,Cooper Kupp,10,,,,,,,,,,,,,,1,2,13,0,13,,,,,,,,,,,,,,,,,,,,,,,,,,,0,0,espn-401872977.json
4,401872977,2026-10-04T20:25Z,SEA,LAC,home,4576297,00-0039793,AJ Barner,88,,,,,,,,,,,,,,1,3,12,0,12,,,,,,,,,,,,,,,,,,,,,,,,,,,0,0,espn-401872977.json
4,401872977,2026-10-04T20:25Z,SEA,LAC,home,4597703,00-0040648,Tory Horton,15,,,,,,,,,,,,,,1,1,6,1,6,,,,,,,,,,,,,,,,,,,,,,,,,,,1,0,espn-401872977.json
4,401872977,2026-10-04T20:25Z,SEA,LAC,home,4567226,00-0039047,Derick Hall,58,,,,,,,,,,,,,,,,,,,0,0,2,1,0,0,0,0,0,,,,,,,,,,,,,,,,,,0,0,espn-401872977.json
4,401872977,2026-10-04T20:25Z,SEA,LAC,home,4605491,00-0040061,Connor O'Toole,57,,,,,,,,,,,,,,,,,,,0,0,1,1,0,0,0,0,0,,,,,,,,,,,,,,,,,,0,0,espn-401872977.json
4,401872977,2026-10-04T20:25Z,SEA,LAC,home,4362851,00-0036994,Ernest Jones IV,13,,,,,,,,,,,,,,,,,,,,,12,6,1,1,1,1,0,1,20,0,,,,,,,,,,,,,,,0,0,espn-401872977.json
4,401872977,2026-10-04T20:25Z,SEA,LAC,home,4869523,00-0040733,Nick Emmanwori,3,,,,,,,,,,,,,,,,,,,,,9,8,1,2,1,2,0,,,,,,,,,,,,,,,,,,0,0,espn-401872977.json
4,401872977,2026-10-04T20:25Z,SEA,LAC,home,4575431,00-0039169,Devon Witherspoon,21,,,,,,,,,,,,,,,,,,,,,9,8,0,1,0,0,0,,,,,,,,,,,,,,,,,,0,0,espn-401872977.json
4,401872977,2026-10-04T20:25Z,SEA,LAC,home,4248455,00-0037323,Rodney Thomas II,24,,,,,,,,,,,,,,,,,,,,,6,6,0,0,0,0,0,,,,,,,,,,,,,,,,,,0,0,espn-401872977.json
4,401872977,2026-10-04T20:25Z,SEA,LAC,home,4428659,00-0038922,Drake Thomas,32,,,,,,,,,,,,,,,,,,,,,5,4,0,1,1,1,0,1,0,0,,,,,,,,,,,,,,,0,0,espn-401872977.json
4,401872977,2026-10-04T20:25Z,SEA,LAC,home,4046675,00-0034974,Julian Love,20,,,,,,,,,,,,,,,,,,,,,5,3,0,0,1,0,0,,,,,,,,,,,,,,,,,,0,0,espn-401872977.json
4,401872977,2026-10-04T20:25Z,SEA,LAC,home,16802,00-0031411,DeMarcus Lawrence,0,,,,,,,,,,,,,,,,,,,,,3,3,0,2,0,0,0,,,,,,,,,,,,,,,,,,0,0,espn-401872977.json
4,401872977,2026-10-04T20:25Z,SEA,LAC,home,3120358,00-0034350,Uchenna Nwosu,7,,,,,,,,,,,,,,,,,,,,,3,2,1,1,0,3,0,,,,,,,,,,,,,,,,,,0,0,espn-401872977.json
4,401872977,2026-10-04T20:25Z,SEA,LAC,home,4372020,00-0037137,Josh Jobe,29,,,,,,,,,,,,,,,,,,,,,3,2,0,0,0,0,0,,,,,,,,,,,,,,,,,,0,0,espn-401872977.json
4,401872977,2026-10-04T20:25Z,SEA,LAC,home,4572055,00-0038591,Mike Morris,94,,,,,,,,,,,,,,,,,,,,,2,2,0,0,0,0,0,,,,,,,,,,,,,,,,,,0,0,espn-401872977.json
4,401872977,2026-10-04T20:25Z,SEA,LAC,home,4567222,00-0039795,Nehemiah Pritchett,28,,,,,,,,,,,,,,,,,,,,,2,1,0,0,1,0,0,,,,,,,,,,,,,,,,,,0,0,espn-401872977.json
4,401872977,2026-10-04T20:25Z,SEA,LAC,home,4570040,00-0039309,Byron Murphy II,91,,,,,,,,,,,,,,,,,,,,,1,1,1,1,0,1,0,,,,,,,,,,,,,,,,,,0,0,espn-401872977.json
4,401872977,2026-10-04T20:25Z,SEA,LAC,home,2975863,00-0033576,Eric Saubert,81,,,,,,,,,,,,,,,,,,,,,1,1,0,0,0,0,0,,,,,,,,,,,,,,,,,,0,0,espn-401872977.json
4,401872977,2026-10-04T20:25Z,SEA,LAC,home,2980100,00-0032052,Dante Fowler Jr.,56,,,,,,,,,,,,,,,,,,,,,1,1,0,0,0,0,0,,,,,,,,,,,,,,,,,,0,0,espn-401872977.json
4,401872977,2026-10-04T20:25Z,SEA,LAC,home,4364623,00-0038764,Patrick O'Connell,52,,,,,,,,,,,,,,,,,,,,,1,1,0,0,0,0,0,,,,,,,,,,,,,,,,,,0,0,espn-401872977.json
4,401872977,2026-10-04T20:25Z,SEA,LAC,home,4427190,00-0038866,AJ Finley,30,,,,,,,,,,,,,,,,,,,,,1,0,0,0,0,0,0,,,,,,,,,,,,,,,,,,0,0,espn-401872977.json
4,401872977,2026-10-04T20:25Z,SEA,LAC,home,2971622,00-0031933,Leonard Williams,99,,,,,,,,,,,,,,,,,,,,,0,0,0,0,0,1,0,,,,,,,,,,,,,,,,,,0,0,espn-401872977.json
4,401872977,2026-10-04T20:25Z,SEA,LAC,home,3115312,00-0032387,Jarran Reed,90,,,,,,,,,,,,,,,,,,,,,0,0,0,0,0,1,0,,,,,,,,,,,,,,,,,,0,0,espn-401872977.json
4,401872977,2026-10-04T20:25Z,SEA,LAC,home,2473037,00-0031492,Jason Myers,5,,,,,,,,,,,,,,,,,,,,,,,,,,,,,,,,,,,,,1,1,35,3,4,6,,,0,0,espn-401872977.json
4,401872977,2026-10-04T20:25Z,SEA,LAC,home,3929851,00-0034160,Michael Dickson,4,,,,,,,,,,,,,,,,,,,,,,,,,,,,,,,,,,,,,,,,,,,7,298,0,0,espn-401872977.json
4,401872978,2026-10-05T00:20Z,DET,CAR,away,3046779,00-0033106,Jared Goff,16,32,52,412,1,0,1,6,71.3,92.8,,,,,,,,,,,,,,,,,,,,,,,,,,,,,,,,,,,,0,0,espn-401872978.json
4,401872978,2026-10-05T00:20Z,DET,CAR,away,4429795,00-0039139,Jahmyr Gibbs,0,,,,,,,,,,15,46,1,13,4,7,31,0,9,,,,,,,,,,,,,,,,,,,,,,,,,,,1,0,espn-401872978.json
4,401872978,2026-10-05T00:20Z,DET,CAR,away,4426388,00-0037240,Jameson Williams,1,,,,,,,,,,,,,,6,8,102,0,49,,,,,,,,,,,,,,,,,,,,,,,,,,,0,0,espn-401872978.json
4,401872978,2026-10-05T00:20Z,DET,CAR,away,5123663,00-0040669,Isaac TeSlaa,18,,,,,,,,,,,,,,4,8,95,0,57,,,,,,,,,,,,,,,,,,,,,,,,,,,0,0,espn-401872978.json
4,401872978,2026-10-05T00:20Z,DET,CAR,away,4430027,00-0039065,Sam LaPorta,87,,,,,,,,,,,,,,8,13,84,1,25,,,,,,,,,,,,,,,,,,,,,,,,,,,1,0,espn-401872978.json
4,401872978,2026-10-05T00:20Z,DET,CAR,away,4374302,00-0036963,Amon-Ra St. Brown,14,,,,,,,,,,,,,,8,11,75,0,19,,,,,,,,,,,,,,,,,,,,,,,,,,,0,0,espn-401872978.json
4,401872978,2026-10-05T00:20Z,DET,CAR,away,4912274,00-0039364,Sione Vaki,33,,,,,,,,,,,,,,1,2,17,0,17,,,,,,,,,,,,,,,,,,,,,,,,,,,0,0,espn-401872978.json
4,401872978,2026-10-05T00:20Z,DET,CAR,away,4242392,00-0036754,Brock Wright,89,,,,,,,,,,,,,,1,2,8,0,8,,,,,,,,,,,,,,,,,,,,,,,,,,,0,0,espn-401872978.json
4,401872978,2026-10-05T00:20Z,DET,CAR,away,4569465,00-0039018,Jack Campbell,46,,,,,,,,,,,,,,,,,,,,,14,6,0,0,0,1,0,,,,,,,,,,,,,,,,,,0,0,espn-401872978.json
4,401872978,2026-10-05T00:20Z,DET,CAR,away,4372459,00-0038820,Christian Izien,5,,,,,,,,,,,,,,,,,,,,,11,7,1,1,0,0,0,,,,,,,,,,,,,,,,,,0,0,espn-401872978.json
4,401872978,2026-10-05T00:20Z,DET,CAR,away,3045463,00-0033294,Chuck Clark,36,,,,,,,,,,,,,,,,,,,,,7,4,0,0,0,0,0,,,,,,,,,,,,,,,,,,0,0,espn-401872978.json
4,401872978,2026-10-05T00:20Z,DET,CAR,away,3139387,00-0034384,D.J. Reed,4,,,,,,,,,,,,,,,,,,,,,6,5,0,0,0,0,0,,,,,,,,,,,,,,,,,,0,0,espn-401872978.json
4,401872978,2026-10-05T00:20Z,DET,CAR,away,4431615,00-0040672,Tyleik Williams,91,,,,,,,,,,,,,,,,,,,,,6,3,0,0,0,0,0,,,,,,,,,,,,,,,,,,0,0,espn-401872978.json
4,401872978,2026-10-05T00:20Z,DET,CAR,away,5144894,00-0038660,Trevor Nowaske,53,,,,,,,,,,,,,,,,,,,,,4,2,0,0,0,0,0,,,,,,,,,,,,,,,,,,0,0,espn-401872978.json
4,401872978,2026-10-05T00:20Z,DET,CAR,away,4566092,00-0039862,Ennis Rakestraw Jr.,2,,,,,,,,,,,,,,,,,,,,,3,3,0,0,1,0,0,,,,,,,,,,,,,,,,,,0,0,espn-401872978.json
4,401872978,2026-10-05T00:20Z,DET,CAR,away,4896353,00-0041442,Jimmy Rolder,41,,,,,,,,,,,,,,,,,,,,,3,3,0,1,0,0,0,,,,,,,,,,,,,,,,,,0,0,espn-401872978.json
4,401872978,2026-10-05T00:20Z,DET,CAR,away,4361662,00-0036624,Alim McNeill,54,,,,,,,,,,,,,,,,,,,,,3,2,1,2,0,2,0,,,,,,,,,,,,,,,,,,0,0,espn-401872978.json
4,401872978,2026-10-05T00:20Z,DET,CAR,away,4372099,00-0037236,Aidan Hutchinson,97,,,,,,,,,,,,,,,,,,,,,3,2,0,0,0,2,0,,,,,,,,,,,,,,,,,,0,0,espn-401872978.json
4,401872978,2026-10-05T00:20Z,DET,CAR,away,4241411,00-0037289,Malcolm Rodriguez,44,,,,,,,,,,,,,,,,,,,,,3,1,0,0,0,0,0,,,,,,,,,,,,,,,,,,0,0,espn-401872978.json
4,401872978,2026-10-05T00:20Z,DET,CAR,away,4361861,00-0038940,Tyler Lacy,93,,,,,,,,,,,,,,,,,,,,,2,1,0,1,0,1,0,,,,,,,,,,,,,,,,,,0,0,espn-401872978.json
4,401872978,2026-10-05T00:20Z,DET,CAR,away,4027919,00-0036124,Khalil Dorsey,30,,,,,,,,,,,,,,,,,,,,,2,0,0,0,0,0,0,,,,,,,,,,,,,,,,,,0,0,espn-401872978.json
4,401872978,2026-10-05T00:20Z,DET,CAR,away,4038432,00-0036716,Amen Ogbongbemiga,57,,,,,,,,,,,,,,,,,,,,,2,0,0,0,0,0,0,,,,,,,,,,,,,,,,,,0,0,espn-401872978.json
4,401872978,2026-10-05T00:20Z,DET,CAR,away,4038849,00-0036335,DJ Wonnum,98,,,,,,,,,,,,,,,,,,,,,1,1,1,0,0,2,0,,,,,,,,,,,,,,,,,,0,0,espn-401872978.json
4,401872978,2026-10-05T00:20Z,DET,CAR,away,2976540,00-0032803,Jalen Mills,27,,,,,,,,,,,,,,,,,,,,,1,1,0,0,0,0,0,,,,,,,,,,,,,,,,,,0,0,espn-401872978.json
4,401872978,2026-10-05T00:20Z,DET,CAR,away,4260409,00-0036964,Derrick Barnes,55,,,,,,,,,,,,,,,,,,,,,1,1,0,0,0,0,0,,,,,,,,,,,,,,,,,,0,0,espn-401872978.json
4,401872978,2026-10-05T00:20Z,DET,CAR,away,4371973,00-0038125,Roger McCreary,21,,,,,,,,,,,,,,,,,,,,,1,1,0,0,1,0,0,,,,,,,,,,,,,,,,,,0,0,espn-401872978.json
4,401872978,2026-10-05T00:20Z,DET,CAR,away,4039020,00-0036954,Levi Onwuzurike,95,,,,,,,,,,,,,,,,,,,,,1,0,0,0,0,0,0,,,,,,,,,,,,,,,,,,0,0,espn-401872978.json
4,401872978,2026-10-05T00:20Z,DET,CAR,away,4245144,00-0037524,Tay Martin,17,,,,,,,,,,,,,,,,,,,,,1,0,0,0,0,0,0,,,,,,,,,,,,,,,,,,0,0,espn-401872978.json
4,401872978,2026-10-05T00:20Z,DET,CAR,away,4383429,00-0038896,Jacob Saylors,25,,,,,,,,,,,,,,,,,,,,,1,0,0,0,0,0,0,,,,3,65,0,,,,,,,,,,,,0,0,espn-401872978.json
4,401872978,2026-10-05T00:20Z,DET,CAR,away,5103940,00-0041447,Skyler Gill-Howard,50,,,,,,,,,,,,,,,,,,,,,1,0,0,0,0,1,0,,,,,,,,,,,,,,,,,,0,0,espn-401872978.json
4,401872978,2026-10-05T00:20Z,DET,CAR,away,4685461,00-0041441,Derrick Moore,8,,,,,,,,,,,,,,,,,,,,,0,0,0,0,0,2,0,,,,,,,,,,,,,,,,,,0,0,espn-401872978.json
4,401872978,2026-10-05T00:20Z,DET,CAR,away,3126997,00-0035544,Tom Kennedy,85,,,,,,,,,,,,,,,,,,,,,,,,,,,,,,,2,42,0,,,,,,,,,,,,0,0,espn-401872978.json
4,401872978,2026-10-05T00:20Z,DET,CAR,away,4689936,00-0039172,Jake Bates,39,,,,,,,,,,,,,,,,,,,,,,,,,,,,,,,,,,,,,4,4,54,2,2,14,,,0,0,espn-401872978.json
4,401872978,2026-10-05T00:20Z,DET,CAR,away,3916370,00-0035156,Jack Fox,3,,,,,,,,,,,,,,,,,,,,,,,,,,,,,,,,,,,,,,,,,,,2,81,0,0,espn-401872978.json
4,401872978,2026-10-05T00:20Z,CAR,DET,home,4685720,00-0039150,Bryce Young,9,29,41,329,2,0,3,11,85.4,110.7,3,3,0,7,,,,,,,,,,,,,,,,,,,,,,,,,,,,,,,,0,0,espn-401872978.json
4,401872978,2026-10-05T00:20Z,CAR,DET,home,4241416,00-0036555,Chuba Hubbard,30,,,,,,,,,,20,122,2,32,1,2,7,0,7,,,,,,,,,,,,,,,,,,,,,,,,,,,2,1,espn-401872978.json
4,401872978,2026-10-05T00:20Z,CAR,DET,home,4239934,00-0036265,AJ Dillon,28,,,,,,,,,,5,2,0,2,1,1,5,0,5,,,,,,,,,,,,,,,,,,,,,,,,,,,0,0,espn-401872978.json
4,401872978,2026-10-05T00:20Z,CAR,DET,home,4685472,00-0040124,Tetairoa McMillan,4,,,,,,,,,,,,,,14,16,192,2,32,1,0,,,,,,,,,,,,,,,,,,,,,,,,,2,0,espn-401872978.json
4,401872978,2026-10-05T00:20Z,CAR,DET,home,4567096,00-0037614,John Metchie III,13,,,,,,,,,,,,,,3,5,37,0,18,,,,,,,,,,,,,,,,,,,,,,,,,,,0,0,espn-401872978.json
4,401872978,2026-10-05T00:20Z,CAR,DET,home,2576925,00-0031610,Darren Waller,88,,,,,,,,,,,,,,3,6,36,0,16,,,,,,,,,,,,,,,,,,,,,,,,,,,0,0,espn-401872978.json
4,401872978,2026-10-05T00:20Z,CAR,DET,home,4360763,00-0038840,Brycen Tremayne,87,,,,,,,,,,,,,,2,3,32,0,21,,,1,1,0,0,0,0,0,,,,,,,,,,,,,,,,,,0,0,espn-401872978.json
4,401872978,2026-10-05T00:20Z,CAR,DET,home,4372780,00-0037005,Tommy Tremble,82,,,,,,,,,,,,,,4,4,12,0,5,,,,,,,,,,,,,,,,,,,,,,,,,,,0,0,espn-401872978.json
4,401872978,2026-10-05T00:20Z,CAR,DET,home,4683243,00-0040187,Mitchell Evans,84,,,,,,,,,,,,,,1,1,8,0,8,,,,,,,,,,,,,,,,,,,,,,,,,,,0,0,espn-401872978.json
4,401872978,2026-10-05T00:20Z,CAR,DET,home,4876995,00-0040265,Ja'seem Reed,86,,,,,,,,,,,,,,0,1,0,0,0,,,,,,,,,,,,,,,,,,,,,,,,,,,0,0,espn-401872978.json
4,401872978,2026-10-05T00:20Z,CAR,DET,home,4244607,00-0038101,Akayleb Evans,29,,,,,,,,,,,,,,,,,,,,,11,9,0,0,1,0,0,,,,,,,,,,,,,,,,,,0,0,espn-401872978.json
4,401872978,2026-10-05T00:20Z,CAR,DET,home,4243256,00-0037244,Devin Lloyd,55,,,,,,,,,,,,,,,,,,,,,9,5,0,1,0,1,0,,,,,,,,,,,,,,,,,,0,0,espn-401872978.json
4,401872978,2026-10-05T00:20Z,CAR,DET,home,3117253,00-0035687,Bobby Okereke,58,,,,,,,,,,,,,,,,,,,,,7,4,0,0,1,0,0,,,,,,,,,,,,,,,,,,0,0,espn-401872978.json
4,401872978,2026-10-05T00:20Z,CAR,DET,home,4362487,00-0036962,Tre'von Moehrig,7,,,,,,,,,,,,,,,,,,,,,5,3,0,0,0,0,0,,,,,,,,,,,,,,,,,,0,0,espn-401872978.json
4,401872978,2026-10-05T00:20Z,CAR,DET,home,5151083,00-0041063,Will Lee III,24,,,,,,,,,,,,,,,,,,,,,5,2,0,0,0,0,0,,,,,,,,,,,,,,,,,,0,0,espn-401872978.json
4,401872978,2026-10-05T00:20Z,CAR,DET,home,4566384,00-0041076,Zakee Wheatley,20,,,,,,,,,,,,,,,,,,,,,4,3,0,0,0,0,0,,,,,,,,,,,,,,,,,,0,0,espn-401872978.json
4,401872978,2026-10-05T00:20Z,CAR,DET,home,4429166,00-0040136,Princely Umanmielen,3,,,,,,,,,,,,,,,,,,,,,3,3,1,1,0,2,0,,,,,,,,,,,,,,,,,,0,0,espn-401872978.json
4,401872978,2026-10-05T00:20Z,CAR,DET,home,3116179,00-0035669,Nick Scott,21,,,,,,,,,,,,,,,,,,,,,3,2,0,0,0,0,0,,,,,,,,,,,,,,,,,,0,0,espn-401872978.json
4,401872978,2026-10-05T00:20Z,CAR,DET,home,4429110,00-0040159,Lathan Ransom,22,,,,,,,,,,,,,,,,,,,,,3,0,0,0,1,0,0,,,,,,,,,,,,,,,,,,0,0,espn-401872978.json
4,401872978,2026-10-05T00:20Z,CAR,DET,home,4602967,00-0041148,Aaron Hall,94,,,,,,,,,,,,,,,,,,,,,2,2,0,1,0,0,0,,,,,,,,,,,,,,,,,,0,0,espn-401872978.json
4,401872978,2026-10-05T00:20Z,CAR,DET,home,4036063,00-0037007,Patrick Jones II,91,,,,,,,,,,,,,,,,,,,,,2,1,0,0,0,0,0,,,,,,,,,,,,,,,,,,0,0,espn-401872978.json
4,401872978,2026-10-05T00:20Z,CAR,DET,home,4875592,00-0041119,Jackson Kuwatch,46,,,,,,,,,,,,,,,,,,,,,2,0,0,0,0,0,0,,,,,,,,,,,,,,,,,,0,0,espn-401872978.json
4,401872978,2026-10-05T00:20Z,CAR,DET,home,4032200,00-0036904,Robert Rochell,38,,,,,,,,,,,,,,,,,,,,,1,1,0,0,0,0,0,,,,,,,,,,,,,,,,,,0,0,espn-401872978.json
4,401872978,2026-10-05T00:20Z,CAR,DET,home,4035232,00-0035352,Tyrel Dodson,33,,,,,,,,,,,,,,,,,,,,,1,0,0,0,0,0,0,,,,,,,,,,,,,,,,,,0,0,espn-401872978.json
4,401872978,2026-10-05T00:20Z,CAR,DET,home,4035462,00-0036356,Isaiah Simmons,27,,,,,,,,,,,,,,,,,,,,,1,0,0,0,0,0,0,,,,,,,,,,,,,,,,,,0,0,espn-401872978.json
4,401872978,2026-10-05T00:20Z,CAR,DET,home,4035495,00-0036220,Derrick Brown,95,,,,,,,,,,,,,,,,,,,,,1,0,0,0,2,0,0,,,,,,,,,,,,,,,,,,0,0,espn-401872978.json
4,401872978,2026-10-05T00:20Z,CAR,DET,home,4242975,00-0036934,Jaelan Phillips,5,,,,,,,,,,,,,,,,,,,,,1,0,0,0,0,0,0,,,,,,,,,,,,,,,,,,0,0,espn-401872978.json
4,401872978,2026-10-05T00:20Z,CAR,DET,home,4431551,00-0041478,Lee Hunter,92,,,,,,,,,,,,,,,,,,,,,1,0,0,0,0,0,0,,,,,,,,,,,,,,,,,,0,0,espn-401872978.json
4,401872978,2026-10-05T00:20Z,CAR,DET,home,4697636,00-0039380,Chau Smith-Wade,26,,,,,,,,,,,,,,,,,,,,,1,0,0,0,0,0,0,,,,,,,,,,,,,,,,,,0,0,espn-401872978.json
4,401872978,2026-10-05T00:20Z,CAR,DET,home,4709392,00-0040394,Anthony Tyus III,34,,,,,,,,,,,,,,,,,,,,,1,0,0,0,0,0,0,,,,3,80,0,,,,,,,,,,,,0,0,espn-401872978.json
4,401872978,2026-10-05T00:20Z,CAR,DET,home,4714157,00-0038791,Thomas Incoom,48,,,,,,,,,,,,,,,,,,,,,1,0,0,0,0,0,0,,,,,,,,,,,,,,,,,,0,0,espn-401872978.json
4,401872978,2026-10-05T00:20Z,CAR,DET,home,4372518,00-0036903,Bobby Brown III,97,,,,,,,,,,,,,,,,,,,,,0,0,0,0,1,0,0,,,,,,,,,,,,,,,,,,0,0,espn-401872978.json
4,401872978,2026-10-05T00:20Z,CAR,DET,home,4212909,00-0033589,David Moore,83,,,,,,,,,,,,,,,,,,,,,,,,,,,,,,,3,73,0,,,,,,,,,,,,0,0,espn-401872978.json
4,401872978,2026-10-05T00:20Z,CAR,DET,home,4568263,00-0040279,Ryan Fitzgerald,10,,,,,,,,,,,,,,,,,,,,,,,,,,,,,,,,,,,,,2,2,47,2,4,8,,,0,0,espn-401872978.json
4,401872978,2026-10-05T00:20Z,CAR,DET,home,15928,00-0030092,Sam Martin,6,,,,,,,,,,,,,,,,,,,,,,,,,,,,,,,,,,,,,,,,,,,3,134,0,0,espn-401872978.json
4,401872979,2026-10-06T00:15Z,ATL,NO,away,4360423,00-0039917,Michael Penix Jr.,9,15,20,223,1,0,1,8,79.6,127.7,2,-2,0,-1,,,,,,,,,,,,,,,,,,,,,,,,,,,,,,,,0,0,espn-401872979.json
4,401872979,2026-10-06T00:15Z,ATL,NO,away,4430807,00-0038542,Bijan Robinson,7,,,,,,,,,,19,145,2,59,1,2,2,0,2,,,,,,,,,,,,,,,,,,,,,,,,,,,2,1,espn-401872979.json
4,401872979,2026-10-06T00:15Z,ATL,NO,away,4241474,00-0037746,Brian Robinson Jr.,15,,,,,,,,,,14,62,3,11,1,1,5,0,5,,,,,,,,,,,,,,,,,,,,,,,,,,,3,0,espn-401872979.json
4,401872979,2026-10-06T00:15Z,ATL,NO,away,4426502,00-0037238,Drake London,5,,,,,,,,,,,,,,5,6,96,0,37,,,,,,,,,,,,,,,,,,,,,,,,,,,0,0,espn-401872979.json
4,401872979,2026-10-06T00:15Z,ATL,NO,away,4361409,00-0037741,Jahan Dotson,4,,,,,,,,,,,,,,2,3,54,1,31,,,,,,,,,,,,,,,,,,,,,,,,,,,1,0,espn-401872979.json
4,401872979,2026-10-06T00:15Z,ATL,NO,away,4360248,00-0036970,Kyle Pitts Sr.,8,,,,,,,,,,,,,,3,3,47,0,28,,,,,,,,,,,,,,,,,,,,,,,,,,,0,0,espn-401872979.json
4,401872979,2026-10-06T00:15Z,ATL,NO,away,4870612,00-0041044,Zachariah Branch,17,,,,,,,,,,,,,,2,2,10,0,9,,,,,,,,,,,,,3,65,0,1,25,0,,,,,,,,,0,0,espn-401872979.json
4,401872979,2026-10-06T00:15Z,ATL,NO,away,3043275,00-0032392,Austin Hooper,81,,,,,,,,,,,,,,1,1,9,0,9,,,,,,,,,,,,,,,,,,,,,,,,,,,0,0,espn-401872979.json
4,401872979,2026-10-06T00:15Z,ATL,NO,away,3917914,00-0035208,Olamide Zaccheaus,14,,,,,,,,,,,,,,0,1,0,0,0,,,,,,,,,,,,,,,,,,,,,,,,,,,0,0,espn-401872979.json
4,401872979,2026-10-06T00:15Z,ATL,NO,away,4035020,00-0036429,Charlie Woerner,89,,,,,,,,,,,,,,0,1,0,0,0,,,1,0,0,0,0,0,0,,,,,,,,,,,,,,,,,,0,0,espn-401872979.json
4,401872979,2026-10-06T00:15Z,ATL,NO,away,4240596,00-0036281,C.J. Henderson,26,,,,,,,,,,,,,,,,,,,0,0,10,9,0,0,1,0,0,,,,,,,,,,,,,,,,,,0,0,espn-401872979.json
4,401872979,2026-10-06T00:15Z,ATL,NO,away,4685502,00-0041112,Harold Perkins Jr.,56,,,,,,,,,,,,,,,,,,,,,10,7,0.5,0,1,1,0,,,,,,,,,,,,,,,,,,0,0,espn-401872979.json
4,401872979,2026-10-06T00:15Z,ATL,NO,away,4431005,00-0040148,Xavier Watts,31,,,,,,,,,,,,,,,,,,,,,8,5,0.5,0,0,1,0,,,,,,,,,,,,,,,,,,0,0,espn-401872979.json
4,401872979,2026-10-06T00:15Z,ATL,NO,away,4361510,00-0037815,Cameron Thomas,99,,,,,,,,,,,,,,,,,,,,,5,2,0,0,1,1,0,,,,,,,,,,,,,,,,,,0,0,espn-401872979.json
4,401872979,2026-10-06T00:15Z,ATL,NO,away,3895841,00-0034843,Mike Hughes,21,,,,,,,,,,,,,,,,,,,,,4,3,0,1,1,0,0,,,,,,,,,,,,,,,,,,0,0,espn-401872979.json
4,401872979,2026-10-06T00:15Z,ATL,NO,away,4595343,00-0041066,Kendal Daniels,53,,,,,,,,,,,,,,,,,,,,,4,3,0,0,0,0,0,,,,,,,,,,,,,,,,,,0,0,espn-401872979.json
4,401872979,2026-10-06T00:15Z,ATL,NO,away,4037626,00-0036990,Divine Deablo,0,,,,,,,,,,,,,,,,,,,,,3,3,0,0,0,0,0,,,,,,,,,,,,,,,,,,0,0,espn-401872979.json
4,401872979,2026-10-06T00:15Z,ATL,NO,away,4369886,00-0036463,Chris Blair,19,,,,,,,,,,,,,,,,,,,,,3,2,0,0,0,0,0,,,,,,,,,,,,,,,,,,0,0,espn-401872979.json
4,401872979,2026-10-06T00:15Z,ATL,NO,away,3128303,00-0034801,Josh Woods,42,,,,,,,,,,,,,,,,,,,,,3,1,0,0,0,0,0,,,,,,,,,,,,,,,,,,0,0,espn-401872979.json
4,401872979,2026-10-06T00:15Z,ATL,NO,away,4431194,00-0040156,Billy Bowman Jr.,33,,,,,,,,,,,,,,,,,,,,,2,2,0,0,0,0,0,,,,,,,,,,,,,,,,,,0,0,espn-401872979.json
4,401872979,2026-10-06T00:15Z,ATL,NO,away,4360386,00-0039002,Sydney Brown,29,,,,,,,,,,,,,,,,,,,,,2,1,0,1,1,0,0,,,,,,,,,,,,,,,,,,0,0,espn-401872979.json
4,401872979,2026-10-06T00:15Z,ATL,NO,away,4427090,00-0039859,Brandon Dorlus,54,,,,,,,,,,,,,,,,,,,,,2,1,0,0,0,1,0,,,,,,,,,,,,,,,,,,0,0,espn-401872979.json
4,401872979,2026-10-06T00:15Z,ATL,NO,away,4567111,00-0038628,DeMarcco Hellams,23,,,,,,,,,,,,,,,,,,,,,2,1,0,1,1,0,0,,,,,,,,,,,,,,,,,,0,0,espn-401872979.json
4,401872979,2026-10-06T00:15Z,ATL,NO,away,4429014,00-0039070,Gervon Dexter Sr.,95,,,,,,,,,,,,,,,,,,,,,2,0,0,0,0,0,0,,,,,,,,,,,,,,,,,,0,0,espn-401872979.json
4,401872979,2026-10-06T00:15Z,ATL,NO,away,3045527,00-0033945,Samson Ebukam,52,,,,,,,,,,,,,,,,,,,,,1,1,1,1,0,3,0,,,,,,,,,,,,,,,,,,0,0,espn-401872979.json
4,401872979,2026-10-06T00:15Z,ATL,NO,away,4376288,00-0036204,LaCale London,94,,,,,,,,,,,,,,,,,,,,,1,1,0,0,0,0,0,,,,,,,,,,,,,,,,,,0,0,espn-401872979.json
4,401872979,2026-10-06T00:15Z,ATL,NO,away,4426412,00-0038980,Zach Harrison,96,,,,,,,,,,,,,,,,,,,,,1,1,0,0,0,1,0,,,,,,,,,,,,,,,,,,0,0,espn-401872979.json
4,401872979,2026-10-06T00:15Z,ATL,NO,away,4430411,00-0038587,Jammie Robinson,34,,,,,,,,,,,,,,,,,,,,,1,1,0,0,0,0,0,,,,,,,,,,,,,,,,,,0,0,espn-401872979.json
4,401872979,2026-10-06T00:15Z,ATL,NO,away,4431567,00-0039889,Maason Smith,92,,,,,,,,,,,,,,,,,,,,,1,1,0,1,0,0,0,,,,,,,,,,,,,,,,,,0,0,espn-401872979.json
4,401872979,2026-10-06T00:15Z,ATL,NO,away,3050916,00-0034639,Mike Ford Jr.,28,,,,,,,,,,,,,,,,,,,,,1,0,0,0,0,0,0,,,,,,,,,,,,,,,,,,0,0,espn-401872979.json
4,401872979,2026-10-06T00:15Z,ATL,NO,away,3919512,00-0034675,Jessie Bates III,3,,,,,,,,,,,,,,,,,,,,,1,0,0,0,1,0,0,,,,,,,,,,,,,,,,,,0,0,espn-401872979.json
4,401872979,2026-10-06T00:15Z,ATL,NO,away,4360807,00-0038580,Yasir Abdullah,22,,,,,,,,,,,,,,,,,,,,,0,0,0,0,1,4,0,,,,,,,,,,,,,,,,,,0,0,espn-401872979.json
4,401872979,2026-10-06T00:15Z,ATL,NO,away,10621,00-0025565,Nick Folk,6,,,,,,,,,,,,,,,,,,,,,,,,,,,,,,,,,,,,,1,1,29,6,6,9,,,0,0,espn-401872979.json
4,401872979,2026-10-06T00:15Z,ATL,NO,away,3931395,00-0035280,Jake Bailey,16,,,,,,,,,,,,,,,,,,,,,,,,,,,,,,,,,,,,,,,,,,,2,72,0,0,espn-401872979.json
4,401872979,2026-10-06T00:15Z,NO,ATL,home,4360689,00-0040743,Tyler Shough,6,30,48,286,1,0,2,16,69.4,85.9,2,5,0,3,,,,,,,,,,,,,,,,,,,,,,,,,,,,,,,,0,0,espn-401872979.json
4,401872979,2026-10-06T00:15Z,NO,ATL,home,3054850,00-0033906,Alvin Kamara,41,,,,,,,,,,7,23,2,5,5,7,35,0,17,,,,,,,,,,,,,,,,,,,,,,,,,,,2,0,espn-401872979.json
4,401872979,2026-10-06T00:15Z,NO,ATL,home,5081999,00-0041326,CJ Donaldson,43,,,,,,,,,,3,18,0,9,2,2,5,0,6,,,1,0,0,0,0,0,0,,,,,,,,,,,,,,,,,,0,0,espn-401872979.json
4,401872979,2026-10-06T00:15Z,NO,ATL,home,4599739,00-0038551,Kendre Miller,5,,,,,,,,,,6,9,0,4,2,3,10,0,7,1,1,,,,,,,,,,,,,,,,,,,,,,,,,0,0,espn-401872979.json
4,401872979,2026-10-06T00:15Z,NO,ATL,home,4698597,00-0041099,Barion Brown,19,,,,,,,,,,1,-5,0,-5,,,,,,,,,,,,,,,,,,5,130,0,1,2,0,,,,,,,,,0,0,espn-401872979.json
4,401872979,2026-10-06T00:15Z,NO,ATL,home,4361370,00-0037239,Chris Olave,12,,,,,,,,,,,,,,8,12,116,0,44,,,,,,,,,,,,,,,,,,,,,,,,,,,0,0,espn-401872979.json
4,401872979,2026-10-06T00:15Z,NO,ATL,home,3929645,00-0036040,Juwan Johnson,83,,,,,,,,,,,,,,6,8,59,0,23,,,,,,,,,,,,,,,,,,,,,,,,,,,0,0,espn-401872979.json
4,401872979,2026-10-06T00:15Z,NO,ATL,home,4569559,00-0039424,Devaughn Vele,14,,,,,,,,,,,,,,6,9,54,1,18,,,,,,,,,,,,,,,,,,,,,,,,,,,1,0,espn-401872979.json
4,401872979,2026-10-06T00:15Z,NO,ATL,home,4879276,00-0041067,Bryce Lance,18,,,,,,,,,,,,,,1,5,7,0,7,,,,,,,,,,,,,,,,,,,,,,,,,,,0,0,espn-401872979.json
4,401872979,2026-10-06T00:15Z,NO,ATL,home,4430684,00-0039518,Treyton Welch,82,,,,,,,,,,,,,,0,1,0,0,0,,,,,,,,,,,,,,,,,,,,,,,,,,,0,0,espn-401872979.json
4,401872979,2026-10-06T00:15Z,NO,ATL,home,4035661,00-0036253,Julian Blackmon,23,,,,,,,,,,,,,,,,,,,,,10,5,0,0,0,0,0,,,,,,,,,,,,,,,,,,0,0,espn-401872979.json
4,401872979,2026-10-06T00:15Z,NO,ATL,home,4372533,00-0038541,Tyree Wilson,98,,,,,,,,,,,,,,,,,,,,,6,4,1,1,0,1,0,,,,,,,,,,,,,,,,,,0,0,espn-401872979.json
4,401872979,2026-10-06T00:15Z,NO,ATL,home,4683813,00-0040643,Jonas Sanker,7,,,,,,,,,,,,,,,,,,,,,6,4,0,0,0,0,0,,,,,,,,,,,,,,,,,,0,0,espn-401872979.json
4,401872979,2026-10-06T00:15Z,NO,ATL,home,4683215,00-0040155,Danny Stutsman,28,,,,,,,,,,,,,,,,,,,,,5,1,0,0,0,0,0,,,,,,,,,,,,,,,,,,0,0,espn-401872979.json
4,401872979,2026-10-06T00:15Z,NO,ATL,home,3931399,00-0034361,Justin Reid,21,,,,,,,,,,,,,,,,,,,,,4,3,0,0,0,0,0,,,,,,,,,,,,,,,,,,0,0,espn-401872979.json
4,401872979,2026-10-06T00:15Z,NO,ATL,home,4241986,00-0036321,Chase Young,99,,,,,,,,,,,,,,,,,,,,,4,2,0,0,1,0,0,,,,,,,,,,,,,,,,,,0,0,espn-401872979.json
4,401872979,2026-10-06T00:15Z,NO,ATL,home,4428350,00-0040166,Quincy Riley,29,,,,,,,,,,,,,,,,,,,,,4,2,0,0,0,0,0,,,,,,,,,,,,,,,,,,0,0,espn-401872979.json
4,401872979,2026-10-06T00:15Z,NO,ATL,home,4241993,00-0036927,Pete Werner,20,,,,,,,,,,,,,,,,,,,,,4,1,0,1,0,0,0,,,,,,,,,,,,,,,,,,0,0,espn-401872979.json
4,401872979,2026-10-06T00:15Z,NO,ATL,home,4429073,00-0040249,Fadil Diggs,40,,,,,,,,,,,,,,,,,,,,,4,1,0,0,1,0,0,,,,,,,,,,,,,,,,,,0,0,espn-401872979.json
4,401872979,2026-10-06T00:15Z,NO,ATL,home,4384595,00-0039401,Khristian Boyd,97,,,,,,,,,,,,,,,,,,,,,3,1,0,0,0,0,0,,,,,,,,,,,,,,,,,,0,0,espn-401872979.json
4,401872979,2026-10-06T00:15Z,NO,ATL,home,4076951,00-0034760,Nathan Shepherd,93,,,,,,,,,,,,,,,,,,,,,2,1,0,0,0,0,0,,,,,,,,,,,,,,,,,,0,0,espn-401872979.json
4,401872979,2026-10-06T00:15Z,NO,ATL,home,4433975,00-0039860,Kool-Aid McKinstry,1,,,,,,,,,,,,,,,,,,,,,2,1,0,0,0,0,0,,,,,,,,,,,,,,,,,,0,0,espn-401872979.json
4,401872979,2026-10-06T00:15Z,NO,ATL,home,13971,00-0027962,Cameron Jordan,94,,,,,,,,,,,,,,,,,,,,,2,0,0,0,0,0,0,,,,,,,,,,,,,,,,,,0,0,espn-401872979.json
4,401872979,2026-10-06T00:15Z,NO,ATL,home,4567224,00-0038387,Colby Wooden,50,,,,,,,,,,,,,,,,,,,,,2,0,0,0,0,0,0,,,,,,,,,,,,,,,,,,0,0,espn-401872979.json
4,401872979,2026-10-06T00:15Z,NO,ATL,home,4361194,00-0039622,Isaiah Stalbird,44,,,,,,,,,,,,,,,,,,,,,1,1,0,0,0,0,0,,,,,,,,,,,,,,,,,,0,0,espn-401872979.json
4,401872979,2026-10-06T00:15Z,NO,ATL,home,4702559,00-0041041,Oscar Delp,4,,,,,,,,,,,,,,,,,,,,,1,1,0,0,0,0,0,,,,,,,,,,,,,,,,,,0,0,espn-401872979.json
4,401872979,2026-10-06T00:15Z,NO,ATL,home,3115383,00-0033860,Davon Godchaux,92,,,,,,,,,,,,,,,,,,,,,1,0,0,0,0,0,0,,,,,,,,,,,,,,,,,,0,0,espn-401872979.json
4,401872979,2026-10-06T00:15Z,NO,ATL,home,4248047,00-0037283,John Ridgeway III,95,,,,,,,,,,,,,,,,,,,,,1,0,0,0,0,0,0,,,,,,,,,,,,,,,,,,0,0,espn-401872979.json
4,401872979,2026-10-06T00:15Z,NO,ATL,home,4383391,00-0039725,Jayden Price,38,,,,,,,,,,,,,,,,,,,,,1,0,0,0,0,0,0,,,,3,79,0,,,,,,,,,,,,0,0,espn-401872979.json
4,401872979,2026-10-06T00:15Z,NO,ATL,home,4429040,00-0040642,Vernon Broughton,91,,,,,,,,,,,,,,,,,,,,,1,0,0,0,0,0,0,,,,,,,,,,,,,,,,,,0,0,espn-401872979.json
4,401872979,2026-10-06T00:15Z,NO,ATL,home,3051909,00-0034161,Daniel Carlson,10,,,,,,,,,,,,,,,,,,,,,,,,,,,,,,,,,,,,,1,2,27,3,3,6,,,0,0,espn-401872979.json
4,401872979,2026-10-06T00:15Z,NO,ATL,home,4361823,00-0037500,Ryan Wright,17,,,,,,,,,,,,,,,,,,,,,,,,,,,,,,,,,,,,,,,,,,,3,149,0,0,espn-401872979.json
