season,league,pick,round,cost,team,manager,mine,player,nfl_team,position,points_to_date,points_rank,value_vs_slot,player_key
2026,2026 -  The League,1,1,0,Rafi Bomb Returns!,Matthew,false,Jahmyr Gibbs,DET,RB,105,3,-2,470.p.40059
2026,2026 -  The League,2,1,0,Oroszlanok,Thomas,false,Bijan Robinson,ATL,RB,98.4,8,-6,470.p.40055
2026,2026 -  The League,3,1,0,MombaMentality,Wendy,false,James Cook III,BUF,RB,63.5,27,-24,470.p.34019
2026,2026 -  The League,4,1,0,No Talent Ass Clowns,mister miles,false,Ja'Marr Chase,CIN,WR,49.7,40,-36,470.p.33393
2026,2026 -  The League,5,1,0,I LIKE BIG TDS,Wesley,false,Jonathan Taylor,IND,RB,81.2,15,-10,470.p.32711
2026,2026 -  The League,6,1,0,Wailin Raylans,Amanda,false,Christian McCaffrey,SF,RB,66,25,-19,470.p.30121
2026,2026 -  The League,7,1,0,Billy Goat Tavern,Amzie,false,Amon-Ra St. Brown,DET,WR,75.8,19,-12,470.p.33500
2026,2026 -  The League,8,1,0,Berserker,Peter,false,Kenneth Walker III,KC,RB,104.1,4,4,470.p.33996
2026,2026 -  The League,9,1,0,Dumpster Fire,Eric,false,CeeDee Lamb,DAL,WR,93.7,10,-1,470.p.32687
2026,2026 -  The League,10,1,0,Kona’s Kickers,Leslie,false,Saquon Barkley,PHI,RB,21,148,-138,470.p.30972
2026,2026 -  The League,11,1,0,Postino's Banditos,Matt,false,Justin Jefferson,MIN,WR,38.4,75,-64,470.p.32692
2026,2026 -  The League,12,1,0,Fat Lazy Americans,Andy,true,Derrick Henry,BAL,RB,87.3,13,-1,470.p.29279
2026,2026 -  The League,13,2,0,Fat Lazy Americans,Andy,true,Omarion Hampton,LAC,RB,42.7,56,-43,470.p.41807
2026,2026 -  The League,14,2,0,Postino's Banditos,Matt,false,Ashton Jeanty,LV,RB,65.4,26,-12,470.p.41791
2026,2026 -  The League,15,2,0,Kona’s Kickers,Leslie,false,A.J. Brown,NE,WR,4.1,184,-169,470.p.31883
2026,2026 -  The League,16,2,0,Dumpster Fire,Eric,false,Drake London,ATL,WR,49.9,38,-22,470.p.33963
2026,2026 -  The League,17,2,0,Berserker,Peter,false,Nico Collins,HOU,WR,45,49,-32,470.p.33477
2026,2026 -  The League,18,2,0,Billy Goat Tavern,Amzie,false,Jeremiyah Love,ARI,RB,43.4,54,-36,470.p.42625
2026,2026 -  The League,19,2,0,Wailin Raylans,Amanda,false,George Pickens,DAL,WR,31.5,98,-79,470.p.34007
2026,2026 -  The League,20,2,0,I LIKE BIG TDS,Wesley,false,Chris Olave,NO,WR,72.6,23,-3,470.p.33966
2026,2026 -  The League,21,2,0,No Talent Ass Clowns,mister miles,false,Breece Hall,NYJ,RB,37.5,77,-56,470.p.33991
2026,2026 -  The League,22,2,0,MombaMentality,Wendy,false,Trey McBride,ARI,TE,52.7,35,-13,470.p.34010
2026,2026 -  The League,23,2,0,Oroszlanok,Thomas,false,Malik Nabers,NYG,WR,35.8,85,-62,470.p.40899
2026,2026 -  The League,24,2,0,Rafi Bomb Returns!,Matthew,false,Tee Higgins,CIN,WR,58.6,30,-6,470.p.32703
2026,2026 -  The League,25,3,0,Rafi Bomb Returns!,Matthew,false,David Montgomery,HOU,RB,40.9,63,-38,470.p.31905
2026,2026 -  The League,26,3,0,Oroszlanok,Thomas,false,Garrett Wilson,NYJ,WR,51,36,-10,470.p.33965
2026,2026 -  The League,27,3,0,MombaMentality,Wendy,false,Josh Allen,BUF,QB,123.96,1,26,470.p.30977
2026,2026 -  The League,28,3,0,No Talent Ass Clowns,mister miles,false,D'Andre Swift,CHI,RB,58.5,31,-3,470.p.32705
2026,2026 -  The League,29,3,0,I LIKE BIG TDS,Wesley,false,Luther Burden III,CHI,WR,37.4,78,-49,470.p.41824
2026,2026 -  The League,30,3,0,Wailin Raylans,Amanda,false,Bucky Irving,TB,RB,40.7,66,-36,470.p.40993
2026,2026 -  The League,31,3,0,Billy Goat Tavern,Amzie,false,Jadarian Price,SEA,RB,12,165,-134,470.p.42654
2026,2026 -  The League,32,3,0,Berserker,Peter,false,Lamar Jackson,BAL,QB,91.08,11,21,470.p.31002
2026,2026 -  The League,33,3,0,Dumpster Fire,Eric,false,Bhayshul Tuten,JAX,RB,48.6,44,-11,470.p.41900
2026,2026 -  The League,34,3,0,Kona’s Kickers,Leslie,false,Jayden Daniels,WAS,QB,38.4,76,-42,470.p.40896
2026,2026 -  The League,35,3,0,Postino's Banditos,Matt,false,DeVonta Smith,PHI,WR,40,69,-34,470.p.33398
2026,2026 -  The League,36,3,0,Fat Lazy Americans,Andy,true,Jaylen Waddle,DEN,WR,35.9,84,-48,470.p.33394
2026,2026 -  The League,37,4,0,Fat Lazy Americans,Andy,true,Jaxon Smith-Njigba,SEA,WR,100.66,7,30,470.p.40041
2026,2026 -  The League,38,4,0,Postino's Banditos,Matt,false,Brock Bowers,LV,TE,40.2,67,-29,470.p.40878
2026,2026 -  The League,39,4,0,Kona’s Kickers,Leslie,false,Zay Flowers,BAL,WR,58.2,32,7,470.p.40039
2026,2026 -  The League,40,4,0,Dumpster Fire,Eric,false,TreVeyon Henderson,NE,RB,21.2,146,-106,470.p.41823
2026,2026 -  The League,41,4,0,Berserker,Peter,false,Tyler Warren,IND,TE,37,80,-39,470.p.41799
2026,2026 -  The League,42,4,0,Billy Goat Tavern,Amzie,false,Ladd McConkey,LAC,WR,30.3,104,-62,470.p.40908
2026,2026 -  The League,43,4,0,Wailin Raylans,Amanda,false,Tetairoa McMillan,CAR,WR,61.5,29,14,470.p.41793
2026,2026 -  The League,44,4,0,I LIKE BIG TDS,Wesley,false,Sam LaPorta,DET,TE,45.8,47,-3,470.p.40064
2026,2026 -  The League,45,4,0,No Talent Ass Clowns,mister miles,false,Emeka Egbuka,TB,WR,28.6,111,-66,470.p.41804
2026,2026 -  The League,46,4,0,MombaMentality,Wendy,false,Chase Brown,CIN,RB,48.5,45,1,470.p.40196
2026,2026 -  The League,47,4,0,Oroszlanok,Thomas,false,Parker Washington,JAX,WR,44.1,52,-5,470.p.40234
2026,2026 -  The League,48,4,0,Rafi Bomb Returns!,Matthew,false,Davante Adams,LAR,WR,63,28,20,470.p.27581
2026,2026 -  The League,49,5,0,Rafi Bomb Returns!,Matthew,false,DJ Moore,BUF,WR,31.3,101,-52,470.p.30994
2026,2026 -  The League,50,5,0,Oroszlanok,Thomas,false,Terry McLaurin,WAS,WR,25.1,129,-79,470.p.31908
2026,2026 -  The League,51,5,0,MombaMentality,Wendy,false,Jameson Williams,DET,WR,30.9,103,-52,470.p.33967
2026,2026 -  The League,52,5,0,No Talent Ass Clowns,mister miles,false,Drake Maye,NE,QB,24.6,131,-79,470.p.40881
2026,2026 -  The League,53,5,0,I LIKE BIG TDS,Wesley,false,Jalen Hurts,PHI,QB,81.02,17,36,470.p.32723
2026,2026 -  The League,54,5,0,Wailin Raylans,Amanda,false,Rome Odunze,CHI,WR,31.3,102,-48,470.p.40901
2026,2026 -  The League,55,5,0,Billy Goat Tavern,Amzie,false,Rhamondre Stevenson,NE,RB,37.3,79,-24,470.p.33508
2026,2026 -  The League,56,5,0,Berserker,Peter,false,Christian Watson,GB,WR,67.1,24,32,470.p.33989
2026,2026 -  The League,57,5,0,Dumpster Fire,Eric,false,Tucker Kraft,GB,TE,29.6,109,-52,470.p.40102
2026,2026 -  The League,58,5,0,Kona’s Kickers,Leslie,false,Travis Etienne Jr.,NO,RB,25.4,127,-69,470.p.33413
2026,2026 -  The League,59,5,0,Postino's Banditos,Matt,false,Jaylen Warren,PIT,RB,49.7,41,18,470.p.34447
2026,2026 -  The League,60,5,0,Fat Lazy Americans,Andy,true,Harold Fannin Jr.,CLE,TE,41.8,59,1,470.p.41877
2026,2026 -  The League,61,6,0,Fat Lazy Americans,Andy,true,MarShawn Lloyd,GB,RB,11.3,167,-106,470.p.40971
2026,2026 -  The League,62,6,0,Postino's Banditos,Matt,false,Caleb Williams,CHI,QB,48.98,43,19,470.p.40900
2026,2026 -  The League,63,6,0,Kona’s Kickers,Leslie,false,J.K. Dobbins,DEN,RB,19.2,151,-88,470.p.32725
2026,2026 -  The League,64,6,0,Dumpster Fire,Eric,false,De'Von Achane,MIA,RB,21.1,147,-83,470.p.40118
2026,2026 -  The League,65,6,0,Berserker,Peter,false,Mike Evans,SF,WR,41.8,60,5,470.p.27535
2026,2026 -  The League,66,6,0,Billy Goat Tavern,Amzie,false,Kyle Pitts Sr.,ATL,TE,0,192,-126,470.p.33392
2026,2026 -  The League,67,6,0,Wailin Raylans,Amanda,false,Dak Prescott,DAL,QB,97.2,9,58,470.p.29369
2026,2026 -  The League,68,6,0,I LIKE BIG TDS,Wesley,false,Puka Nacua,LAR,WR,34.1,90,-22,470.p.40168
2026,2026 -  The League,69,6,0,No Talent Ass Clowns,mister miles,false,Marvin Harrison Jr.,ARI,WR,9.3,172,-103,470.p.40893
2026,2026 -  The League,70,6,0,MombaMentality,Wendy,false,Carnell Tate,TEN,WR,35.8,86,-16,470.p.42626
2026,2026 -  The League,71,6,0,Oroszlanok,Thomas,false,Kyren Williams,LAR,RB,80.2,18,53,470.p.34120
2026,2026 -  The League,72,6,0,Rafi Bomb Returns!,Matthew,false,George Kittle,SF,TE,57.4,33,39,470.p.30259
2026,2026 -  The League,73,7,0,Rafi Bomb Returns!,Matthew,false,Justin Herbert,LAC,QB,40.88,64,9,470.p.32676
2026,2026 -  The League,74,7,0,Oroszlanok,Thomas,false,DK Metcalf,PIT,WR,35.3,88,-14,470.p.31896
2026,2026 -  The League,75,7,0,MombaMentality,Wendy,false,Brian Thomas Jr.,JAX,WR,12.3,164,-89,470.p.40883
2026,2026 -  The League,76,7,0,No Talent Ass Clowns,mister miles,false,Jonathon Brooks,CAR,RB,8.3,176,-100,470.p.40926
2026,2026 -  The League,77,7,0,I LIKE BIG TDS,Wesley,false,Chuba Hubbard,CAR,RB,74,21,56,470.p.33514
2026,2026 -  The League,78,7,0,Wailin Raylans,Amanda,false,Tony Pollard,TEN,RB,34.5,89,-11,470.p.31960
2026,2026 -  The League,79,7,0,Billy Goat Tavern,Amzie,false,Blake Corum,LAR,RB,20.2,149,-70,470.p.40962
2026,2026 -  The League,80,7,0,Berserker,Peter,false,Javonte Williams,DAL,RB,74.3,20,60,470.p.33423
2026,2026 -  The League,81,7,0,Dumpster Fire,Eric,false,Trevor Lawrence,JAX,QB,81.12,16,65,470.p.33389
2026,2026 -  The League,82,7,0,Kona’s Kickers,Leslie,false,Dallas Goedert,PHI,TE,22.6,142,-60,470.p.31019
2026,2026 -  The League,83,7,0,Postino's Banditos,Matt,false,Chris Godwin Jr.,TB,WR,23.7,136,-53,470.p.30197
2026,2026 -  The League,84,7,0,Fat Lazy Americans,Andy,true,Rico Dowdle,PIT,RB,8.5,175,-91,470.p.33100
2026,2026 -  The League,85,8,0,Fat Lazy Americans,Andy,true,Jayden Reed,GB,WR,3.5,188,-103,470.p.40063
2026,2026 -  The League,86,8,0,Postino's Banditos,Matt,false,Michael Wilson,ARI,WR,44.3,51,35,470.p.40121
2026,2026 -  The League,87,8,0,Kona’s Kickers,Leslie,false,Alec Pierce,IND,WR,9.7,170,-83,470.p.34008
2026,2026 -  The League,88,8,0,Dumpster Fire,Eric,false,Cam Skattebo,NYG,RB,40.2,68,20,470.p.41922
2026,2026 -  The League,89,8,0,Berserker,Peter,false,Jacory Croskey-Merritt,WAS,RB,28.2,113,-24,470.p.42010
2026,2026 -  The League,90,8,0,Billy Goat Tavern,Amzie,false,De'Zhaun Stribling,SF,WR,,,,470.p.42655
2026,2026 -  The League,91,8,0,Wailin Raylans,Amanda,false,Jordan Mason,MIN,RB,11.9,166,-75,470.p.34320
2026,2026 -  The League,92,8,0,I LIKE BIG TDS,Wesley,false,Travis Kelce,KC,TE,44.6,50,42,470.p.26686
2026,2026 -  The League,93,8,0,No Talent Ass Clowns,mister miles,false,Dalton Kincaid,BUF,TE,38.5,73,20,470.p.40048
2026,2026 -  The League,94,8,0,MombaMentality,Wendy,false,Kyle Monangai,CHI,RB,56.8,34,60,470.p.42025
2026,2026 -  The League,95,8,0,Oroszlanok,Thomas,false,Brock Purdy,SF,QB,122.48,2,93,470.p.34218
2026,2026 -  The League,96,8,0,Rafi Bomb Returns!,Matthew,false,Jordan Addison,MIN,WR,27.7,116,-20,470.p.40042
2026,2026 -  The League,97,9,0,Rafi Bomb Returns!,Matthew,false,Courtland Sutton,DEN,WR,14.1,158,-61,470.p.31010
2026,2026 -  The League,98,9,0,Oroszlanok,Thomas,false,Quinshon Judkins,CLE,RB,40.8,65,33,470.p.41821
2026,2026 -  The League,99,9,0,MombaMentality,Wendy,false,Quentin Johnston,LAC,WR,10.1,169,-70,470.p.40051
2026,2026 -  The League,100,9,0,No Talent Ass Clowns,mister miles,false,Michael Pittman Jr.,PIT,WR,13.4,161,-61,470.p.32704
2026,2026 -  The League,101,9,0,I LIKE BIG TDS,Wesley,false,RJ Harvey,DEN,RB,28.1,114,-13,470.p.41845
2026,2026 -  The League,102,9,0,Wailin Raylans,Amanda,false,Wan'Dale Robinson,TEN,WR,32.4,95,7,470.p.33998
2026,2026 -  The League,103,9,0,Billy Goat Tavern,Amzie,false,Bo Nix,DEN,QB,23,139,-36,470.p.40875
2026,2026 -  The League,104,9,0,Berserker,Peter,false,Rashee Rice,KC,WR,31.5,99,5,470.p.40084
2026,2026 -  The League,105,9,0,Dumpster Fire,Eric,false,Jakobi Meyers,JAX,WR,35.7,87,18,470.p.32231
2026,2026 -  The League,106,9,0,Kona’s Kickers,Leslie,false,Stefon Diggs,WAS,WR,44,53,53,470.p.28534
2026,2026 -  The League,107,9,0,Postino's Banditos,Matt,false,Josh Downs,IND,WR,29.7,108,-1,470.p.40126
2026,2026 -  The League,108,9,0,Fat Lazy Americans,Andy,true,Kenny Gainwell,TB,RB,2.3,190,-82,470.p.33538
2026,2026 -  The League,109,10,0,Fat Lazy Americans,Andy,true,Joe Burrow,CIN,QB,90.64,12,97,470.p.32671
2026,2026 -  The League,110,10,0,Postino's Banditos,Matt,false,Makai Lemon,PHI,WR,6.4,182,-72,470.p.42642
2026,2026 -  The League,111,10,0,Kona’s Kickers,Leslie,false,Aaron Jones Sr.,MIN,RB,47,46,65,470.p.30295
2026,2026 -  The League,112,10,0,Dumpster Fire,Eric,false,Josh Jacobs,GB,RB,0,193,-81,470.p.31856
2026,2026 -  The League,113,10,0,Berserker,Peter,false,Brandon Aubrey,DAL,K,41,62,51,470.p.40819
2026,2026 -  The League,114,10,0,Billy Goat Tavern,Amzie,false,Matthew Stafford,LAR,QB,73.66,22,92,470.p.9265
2026,2026 -  The League,115,10,0,Wailin Raylans,Amanda,false,Colston Loveland,CHI,TE,14.6,156,-41,470.p.41795
2026,2026 -  The League,116,10,0,I LIKE BIG TDS,Wesley,false,Patrick Mahomes,KC,QB,101.58,6,110,470.p.30123
2026,2026 -  The League,117,10,0,No Talent Ass Clowns,mister miles,false,Rachaad White,WAS,RB,25.6,126,-9,470.p.34047
2026,2026 -  The League,118,10,0,MombaMentality,Wendy,false,KC Concepcion Jr.,CLE,WR,21.8,145,-27,470.p.42646
2026,2026 -  The League,119,10,0,Oroszlanok,Thomas,false,Chris Rodriguez Jr.,JAX,RB,22.8,141,-22,470.p.40231
2026,2026 -  The League,120,10,0,Rafi Bomb Returns!,Matthew,false,Tyler Allgeier,ARI,RB,25.7,125,-5,470.p.34107
2026,2026 -  The League,121,11,0,Rafi Bomb Returns!,Matthew,false,Zach Charbonnet,SEA,RB,0,194,-73,470.p.40075
2026,2026 -  The League,122,11,0,Oroszlanok,Thomas,false,Chig Okonkwo,WAS,TE,4.1,185,-63,470.p.34099
2026,2026 -  The League,123,11,0,MombaMentality,Wendy,false,Mark Andrews,BAL,TE,29.9,107,16,470.p.31056
2026,2026 -  The League,124,11,0,No Talent Ass Clowns,mister miles,false,Khalil Shakir,BUF,WR,23.1,138,-14,470.p.34104
2026,2026 -  The League,125,11,0,I LIKE BIG TDS,Wesley,false,Xavier Worthy,KC,WR,27.3,120,5,470.p.40877
2026,2026 -  The League,126,11,0,Wailin Raylans,Amanda,false,Matthew Golden,GB,WR,49,42,84,470.p.41808
2026,2026 -  The League,127,11,0,Billy Goat Tavern,Amzie,false,Mike Washington Jr.,LV,RB,7,180,-53,470.p.42744
2026,2026 -  The League,128,11,0,Berserker,Peter,false,Rashid Shaheed,SEA,WR,,,,470.p.34659
2026,2026 -  The League,129,11,0,Dumpster Fire,Eric,false,Romeo Doubs,NE,WR,17.5,152,-23,470.p.34088
2026,2026 -  The League,130,11,0,Kona’s Kickers,Leslie,false,Jared Goff,DET,QB,104.06,5,125,470.p.29235
2026,2026 -  The League,131,11,0,Postino's Banditos,Matt,false,Woody Marks,HOU,RB,27.3,121,10,470.p.41902
2026,2026 -  The League,132,11,0,Fat Lazy Americans,Andy,true,Jalen Coker,CAR,WR,43.2,55,77,470.p.41293
2026,2026 -  The League,133,12,0,Fat Lazy Americans,Andy,true,Deebo Samuel Sr.,SF,WR,50.9,37,96,470.p.31868
2026,2026 -  The League,134,12,0,Postino's Banditos,Matt,false,Tyrone Tracy Jr.,NYG,RB,-0.1,196,-62,470.p.41048
2026,2026 -  The League,135,12,0,Kona’s Kickers,Leslie,false,Tre Tucker,LV,WR,36.8,83,52,470.p.40114
2026,2026 -  The League,136,12,0,Dumpster Fire,Eric,false,Keaton Mitchell,LAC,RB,9.7,171,-35,470.p.40641
2026,2026 -  The League,137,12,0,Berserker,Peter,false,Jonah Coleman,DEN,RB,13.3,162,-25,470.p.42730
2026,2026 -  The League,138,12,0,Billy Goat Tavern,Amzie,false,Fred Warner,SF,LB,37,81,57,470.p.31040
2026,2026 -  The League,139,12,0,Wailin Raylans,Amanda,false,Jaxson Dart,NYG,QB,33.4,91,48,470.p.41810
2026,2026 -  The League,140,12,0,I LIKE BIG TDS,Wesley,false,Nakobe Dean,LV,LB,41.5,61,79,470.p.34039
2026,2026 -  The League,141,12,0,No Talent Ass Clowns,mister miles,false,Isaiah Likely,NYG,TE,42,57,84,470.p.34095
2026,2026 -  The League,142,12,0,MombaMentality,Wendy,false,Tyjae Spears,TEN,RB,3.4,189,-47,470.p.40119
2026,2026 -  The League,143,12,0,Oroszlanok,Thomas,false,Kyler Murray,MIN,QB,23.52,137,6,470.p.31833
2026,2026 -  The League,144,12,0,Rafi Bomb Returns!,Matthew,false,Jordan Love,GB,QB,81.84,14,130,470.p.32696
2026,2026 -  The League,145,13,0,Rafi Bomb Returns!,Matthew,false,Travis Hunter,JAX,"WR,CB",,,,470.p.99001
2026,2026 -  The League,146,13,0,Oroszlanok,Thomas,false,Tank Bigsby,PHI,RB,-0.7,197,-51,470.p.40095
2026,2026 -  The League,147,13,0,MombaMentality,Wendy,false,Denzel Boston,CLE,WR,49.9,39,108,470.p.42661
2026,2026 -  The League,148,13,0,No Talent Ass Clowns,mister miles,false,Jack Campbell,DET,LB,27.5,117,31,470.p.40036
2026,2026 -  The League,149,13,0,I LIKE BIG TDS,Wesley,false,Keenan Allen,IND,WR,7.2,179,-30,470.p.26699
2026,2026 -  The League,150,13,0,Wailin Raylans,Amanda,false,Carson Schwesinger,CLE,LB,24.5,133,17,470.p.41818
2026,2026 -  The League,151,13,0,Billy Goat Tavern,Amzie,false,Foyesade Oluokun,JAX,LB,30,105,46,470.p.31170
2026,2026 -  The League,152,13,0,Berserker,Peter,false,Roquan Smith,BAL,LB,33,92,60,470.p.30978
2026,2026 -  The League,153,13,0,Dumpster Fire,Eric,false,Zack Baun,PHI,LB,24.5,134,19,470.p.32744
2026,2026 -  The League,154,13,0,Kona’s Kickers,Leslie,false,Kyle Hamilton,BAL,S,33,93,61,470.p.33969
2026,2026 -  The League,155,13,0,Postino's Banditos,Matt,false,Nick Bolton,KC,LB,31.5,100,55,470.p.33446
2026,2026 -  The League,156,13,0,Fat Lazy Americans,Andy,true,Jordyn Brooks,MIA,LB,26.5,123,33,470.p.32697
2026,2026 -  The League,157,14,0,Fat Lazy Americans,Andy,true,Dylan Sampson,CLE,RB,,,,470.p.41907
2026,2026 -  The League,158,14,0,Postino's Banditos,Matt,false,Devin Lloyd,CAR,LB,45.5,48,110,470.p.33982
2026,2026 -  The League,159,14,0,Kona’s Kickers,Leslie,false,Chamarri Conner,KC,"DB,S",,,,470.p.40160
2026,2026 -  The League,160,14,0,Dumpster Fire,Eric,false,Cedric Gray,TEN,LB,9,173,-13,470.p.40988
2026,2026 -  The League,161,14,0,Berserker,Peter,false,Sonny Styles,WAS,LB,26.5,124,37,470.p.42629
2026,2026 -  The League,162,14,0,Billy Goat Tavern,Amzie,false,Blake Cashman,MIN,LB,37,82,80,470.p.31989
2026,2026 -  The League,163,14,0,Wailin Raylans,Amanda,false,Quay Walker,LV,LB,27.5,118,45,470.p.33977
2026,2026 -  The League,164,14,0,I LIKE BIG TDS,Wesley,false,Kevin Byard III,NE,S,13.5,160,4,470.p.29298
2026,2026 -  The League,165,14,0,No Talent Ass Clowns,mister miles,false,Braelon Allen,NYJ,RB,19.9,150,15,470.p.40981
2026,2026 -  The League,166,14,0,MombaMentality,Wendy,false,Jeffery Simmons,TEN,"DT,DE",7,181,-15,470.p.31851
2026,2026 -  The League,167,14,0,Oroszlanok,Thomas,false,Cameron Dicker,LAC,K,4,187,-20,470.p.34344
2026,2026 -  The League,168,14,0,Rafi Bomb Returns!,Matthew,false,Ernest Jones IV,SEA,LB,39.5,71,97,470.p.33491
2026,2026 -  The League,169,15,0,Rafi Bomb Returns!,Matthew,false,Jamien Sherwood,NYJ,LB,27.5,119,50,470.p.33534
2026,2026 -  The League,170,15,0,Oroszlanok,Thomas,false,Kam Curl,LAR,S,14.5,157,13,470.p.32886
2026,2026 -  The League,171,15,0,MombaMentality,Wendy,false,Dillon Thieneman,CHI,S,28.5,112,59,470.p.42647
2026,2026 -  The League,172,15,0,No Talent Ass Clowns,mister miles,false,Alex Singleton,DEN,LB,28,115,57,470.p.28716
2026,2026 -  The League,173,15,0,I LIKE BIG TDS,Wesley,false,Alvin Kamara,NO,RB,29.6,110,63,470.p.30180
2026,2026 -  The League,174,15,0,Wailin Raylans,Amanda,false,Edgerrin Cooper,GB,LB,40,70,104,470.p.40938
2026,2026 -  The League,175,15,0,Billy Goat Tavern,Amzie,false,Ka'imi Fairbairn,HOU,K,38.5,74,101,470.p.29792
2026,2026 -  The League,176,15,0,Berserker,Peter,false,Nate Landman,LAR,LB,22,143,33,470.p.34291
2026,2026 -  The League,177,15,0,Dumpster Fire,Eric,false,Cooper DeJean,PHI,"DB,CB",15,154,23,470.p.40934
2026,2026 -  The League,178,15,0,Kona’s Kickers,Leslie,false,Quincy Williams,CLE,LB,9,174,4,470.p.31930
2026,2026 -  The League,179,15,0,Postino's Banditos,Matt,false,Robert Spillane,NE,LB,25,130,49,470.p.31708
2026,2026 -  The League,180,15,0,Fat Lazy Americans,Andy,true,T.J. Edwards,CHI,LB,15,155,25,470.p.32403
2026,2026 -  The League,181,16,0,Fat Lazy Americans,Andy,true,Kaelon Black,SF,RB,13,163,18,470.p.42712
2026,2026 -  The League,182,16,0,Postino's Banditos,Matt,false,Harrison Mevis,LAR,K,5.5,183,-1,470.p.41312
2026,2026 -  The League,183,16,0,Kona’s Kickers,Leslie,false,Nick Folk,ATL,K,14,159,24,470.p.8432
2026,2026 -  The League,184,16,0,Dumpster Fire,Eric,false,Brian Robinson,ATL,RB,25.2,128,56,470.p.34054
2026,2026 -  The League,185,16,0,Berserker,Peter,false,Emmett Johnson,KC,RB,17,153,32,470.p.42796
2026,2026 -  The League,186,16,0,Billy Goat Tavern,Amzie,false,Brenton Strange,JAX,TE,,,,470.p.40078
2026,2026 -  The League,187,16,0,Wailin Raylans,Amanda,false,Malachi Fields,NYG,WR,24.6,132,55,470.p.42696
2026,2026 -  The League,188,16,0,I LIKE BIG TDS,Wesley,false,Aidan Hutchinson,DET,"DL,DE",24.5,135,53,470.p.33957
2026,2026 -  The League,189,16,0,No Talent Ass Clowns,mister miles,false,Cam Little,JAX,K,39,72,117,470.p.41062
2026,2026 -  The League,190,16,0,MombaMentality,Wendy,false,Divine Deablo,ATL,LB,7.5,178,12,470.p.33468
2026,2026 -  The League,191,16,0,Oroszlanok,Thomas,false,Payton Wilson,PIT,LB,32.5,94,97,470.p.40975
2026,2026 -  The League,192,16,0,Rafi Bomb Returns!,Matthew,false,Jake Bates,DET,K,32,96,96,470.p.40835
2026,2026 -  The League,193,17,0,Rafi Bomb Returns!,Matthew,false,Kayshon Boutte,HOU,WR,8.3,177,16,470.p.40224
2026,2026 -  The League,194,17,0,Oroszlanok,Thomas,false,Talanoa Hufanga,DEN,S,,,,470.p.33568
2026,2026 -  The League,195,17,0,MombaMentality,Wendy,false,Jason Myers,SEA,K,23,140,55,470.p.28378
2026,2026 -  The League,196,17,0,No Talent Ass Clowns,mister miles,false,Myles Garrett,LAR,"LB,DE",0,195,1,470.p.30114
2026,2026 -  The League,197,17,0,I LIKE BIG TDS,Wesley,false,Tyler Bass,BUF,K,32,97,100,470.p.32858
2026,2026 -  The League,198,17,0,Wailin Raylans,Amanda,false,Tyler Loop,BAL,K,42,58,140,470.p.41988
2026,2026 -  The League,199,17,0,Billy Goat Tavern,Amzie,false,Ja'Kobi Lane,BAL,WR,1.6,191,8,470.p.42702
2026,2026 -  The League,200,17,0,Berserker,Peter,false,Cooper Kupp,SEA,WR,21.9,144,56,470.p.30182
2026,2026 -  The League,201,17,0,Dumpster Fire,Eric,false,Eddy Pineiro,SF,K,30,106,95,470.p.31482
2026,2026 -  The League,202,17,0,Kona’s Kickers,Leslie,false,Nick Cross,WAS,S,11,168,34,470.p.34052
2026,2026 -  The League,203,17,0,Postino's Banditos,Matt,false,Hunter Henry,NE,TE,4.1,186,17,470.p.29269
2026,2026 -  The League,204,17,0,Fat Lazy Americans,Andy,true,Terrel Bernard,BUF,LB,27,122,82,470.p.34045
2026,The Honey Badgers,1,1,0,Dolphin Boobiez,Tali,false,Jahmyr Gibbs,DET,RB,105,5,-4,470.p.40059
2026,The Honey Badgers,2,1,0,The Curious Case of Cookus,Joseph,false,Bijan Robinson,ATL,RB,98.4,9,-7,470.p.40055
2026,The Honey Badgers,3,1,0,Comfy In Chair,fritchie,false,Jonathan Taylor,IND,RB,81.2,18,-15,470.p.32711
2026,The Honey Badgers,4,1,0,Jesus take the wheel,Alejandro C,false,Saquon Barkley,PHI,RB,21,153,-149,470.p.30972
2026,The Honey Badgers,5,1,0,Fat Lazy Americans,Andy,true,Ja'Marr Chase,CIN,WR,49.7,52,-47,470.p.33393
2026,The Honey Badgers,6,1,0,Kryponite,BULL,false,Christian McCaffrey,SF,RB,66,26,-20,470.p.30121
2026,The Honey Badgers,7,1,0,Olivators,Amanda,false,Jaxon Smith-Njigba,SEA,WR,100.66,7,0,470.p.40041
2026,The Honey Badgers,8,1,0,JRZ,Matthew,false,Amon-Ra St. Brown,DET,WR,75.8,20,-12,470.p.33500
2026,The Honey Badgers,9,1,0,The Trophy Wives,Geri Hill,false,James Cook III,BUF,RB,63.5,29,-20,470.p.34019
2026,The Honey Badgers,10,1,0,Unicorn Love,Krista,false,De'Von Achane,MIA,RB,21.1,152,-142,470.p.40118
2026,The Honey Badgers,11,1,0,My Balls Are Afoot,Chuck,false,Derrick Henry,BAL,RB,87.3,14,-3,470.p.29279
2026,The Honey Badgers,12,1,0,CopperTheBigRedDog,Jaimie Harcos,false,Justin Jefferson,MIN,WR,38.4,95,-83,470.p.32692
2026,The Honey Badgers,13,2,0,CopperTheBigRedDog,Jaimie Harcos,false,Kenneth Walker III,KC,RB,104.1,6,7,470.p.33996
2026,The Honey Badgers,14,2,0,My Balls Are Afoot,Chuck,false,Drake London,ATL,WR,51.15,47,-33,470.p.33963
2026,The Honey Badgers,15,2,0,Unicorn Love,Krista,false,CeeDee Lamb,DAL,WR,93.7,11,4,470.p.32687
2026,The Honey Badgers,16,2,0,The Trophy Wives,Geri Hill,false,A.J. Brown,NE,WR,4.1,185,-169,470.p.31883
2026,The Honey Badgers,17,2,0,JRZ,Matthew,false,Omarion Hampton,LAC,RB,42.7,75,-58,470.p.41807
2026,The Honey Badgers,18,2,0,Olivators,Amanda,false,Ashton Jeanty,LV,RB,65.9,27,-9,470.p.41791
2026,The Honey Badgers,19,2,0,Kryponite,BULL,false,Malik Nabers,NYG,WR,35.8,104,-85,470.p.40899
2026,The Honey Badgers,20,2,0,Fat Lazy Americans,Andy,true,Breece Hall,NYJ,RB,37.5,98,-78,470.p.33991
2026,The Honey Badgers,21,2,0,Jesus take the wheel,Alejandro C,false,D'Andre Swift,CHI,RB,58.5,35,-14,470.p.32705
2026,The Honey Badgers,22,2,0,Comfy In Chair,fritchie,false,Chris Olave,NO,WR,72.6,23,-1,470.p.33966
2026,The Honey Badgers,23,2,0,The Curious Case of Cookus,Joseph,false,DeVonta Smith,PHI,WR,40.5,85,-62,470.p.33398
2026,The Honey Badgers,24,2,0,Dolphin Boobiez,Tali,false,Tee Higgins,CIN,WR,58.6,34,-10,470.p.32703
2026,The Honey Badgers,25,3,0,Dolphin Boobiez,Tali,false,Josh Allen,BUF,QB,130.96,1,24,470.p.30977
2026,The Honey Badgers,26,3,0,The Curious Case of Cookus,Joseph,false,Colston Loveland,CHI,TE,14.6,165,-139,470.p.41795
2026,The Honey Badgers,27,3,0,Comfy In Chair,fritchie,false,Zay Flowers,BAL,WR,58.2,36,-9,470.p.40039
2026,The Honey Badgers,28,3,0,Jesus take the wheel,Alejandro C,false,Jadarian Price,SEA,RB,12,175,-147,470.p.42654
2026,The Honey Badgers,29,3,0,Fat Lazy Americans,Andy,true,Jeremiyah Love,ARI,RB,43.4,70,-41,470.p.42625
2026,The Honey Badgers,30,3,0,Kryponite,BULL,false,George Pickens,DAL,WR,31.5,119,-89,470.p.34007
2026,The Honey Badgers,31,3,0,Olivators,Amanda,false,Lamar Jackson,BAL,QB,97.08,10,21,470.p.31002
2026,The Honey Badgers,32,3,0,JRZ,Matthew,false,Jaylen Waddle,DEN,WR,35.9,103,-71,470.p.33394
2026,The Honey Badgers,33,3,0,The Trophy Wives,Geri Hill,false,Rashee Rice,KC,WR,31.5,120,-87,470.p.40084
2026,The Honey Badgers,34,3,0,Unicorn Love,Krista,false,Ladd McConkey,LAC,WR,30.3,122,-88,470.p.40908
2026,The Honey Badgers,35,3,0,My Balls Are Afoot,Chuck,false,Joe Burrow,CIN,QB,93.64,12,23,470.p.32671
2026,The Honey Badgers,36,3,0,CopperTheBigRedDog,Jaimie Harcos,false,Tucker Kraft,GB,TE,30.1,125,-89,470.p.40102
2026,The Honey Badgers,37,4,0,CopperTheBigRedDog,Jaimie Harcos,false,Jalen Hurts,PHI,QB,86.02,15,22,470.p.32723
2026,The Honey Badgers,38,4,0,My Balls Are Afoot,Chuck,false,Tetairoa McMillan,CAR,WR,61.5,32,6,470.p.41793
2026,The Honey Badgers,39,4,0,Unicorn Love,Krista,false,Jaylen Warren,PIT,RB,49.7,53,-14,470.p.34447
2026,The Honey Badgers,40,4,0,The Trophy Wives,Geri Hill,false,Jayden Daniels,WAS,QB,38.4,96,-56,470.p.40896
2026,The Honey Badgers,41,4,0,JRZ,Matthew,false,DJ Moore,BUF,WR,31.8,115,-74,470.p.30994
2026,The Honey Badgers,42,4,0,Olivators,Amanda,false,Harold Fannin Jr.,CLE,TE,41.8,78,-36,470.p.41877
2026,The Honey Badgers,43,4,0,Kryponite,BULL,false,Quinshon Judkins,CLE,RB,40.8,82,-39,470.p.41821
2026,The Honey Badgers,44,4,0,Fat Lazy Americans,Andy,true,Bucky Irving,TB,RB,40.7,84,-40,470.p.40993
2026,The Honey Badgers,45,4,0,Jesus take the wheel,Alejandro C,false,Emeka Egbuka,TB,WR,28.6,131,-86,470.p.41804
2026,The Honey Badgers,46,4,0,Comfy In Chair,fritchie,false,David Montgomery,HOU,RB,40.9,81,-35,470.p.31905
2026,The Honey Badgers,47,4,0,The Curious Case of Cookus,Joseph,false,Chase Brown,CIN,RB,49,54,-7,470.p.40196
2026,The Honey Badgers,48,4,0,Dolphin Boobiez,Tali,false,Bhayshul Tuten,JAX,RB,48.6,58,-10,470.p.41900
2026,The Honey Badgers,49,5,0,Dolphin Boobiez,Tali,false,Luther Burden III,CHI,WR,37.4,100,-51,470.p.41824
2026,The Honey Badgers,50,5,0,The Curious Case of Cookus,Joseph,false,Garrett Wilson,NYJ,WR,51,48,2,470.p.33965
2026,The Honey Badgers,51,5,0,Comfy In Chair,fritchie,false,Tyler Warren,IND,TE,37,102,-51,470.p.41799
2026,The Honey Badgers,52,5,0,Jesus take the wheel,Alejandro C,false,Parker Washington,JAX,WR,44.6,66,-14,470.p.40234
2026,The Honey Badgers,53,5,0,Fat Lazy Americans,Andy,true,Rome Odunze,CHI,WR,31.8,116,-63,470.p.40901
2026,The Honey Badgers,54,5,0,Kryponite,BULL,false,Terry McLaurin,WAS,WR,25.1,144,-90,470.p.31908
2026,The Honey Badgers,55,5,0,Olivators,Amanda,false,Jameson Williams,DET,WR,30.9,121,-66,470.p.33967
2026,The Honey Badgers,56,5,0,JRZ,Matthew,false,Sam LaPorta,DET,TE,45.8,60,-4,470.p.40064
2026,The Honey Badgers,57,5,0,The Trophy Wives,Geri Hill,false,Davante Adams,LAR,WR,63.5,30,27,470.p.27581
2026,The Honey Badgers,58,5,0,Unicorn Love,Krista,false,Rhamondre Stevenson,NE,RB,37.3,101,-43,470.p.33508
2026,The Honey Badgers,59,5,0,My Balls Are Afoot,Chuck,false,Mike Evans,SF,WR,41.8,79,-20,470.p.27535
2026,The Honey Badgers,60,5,0,CopperTheBigRedDog,Jaimie Harcos,false,Christian Watson,GB,WR,67.1,25,35,470.p.33989
2026,The Honey Badgers,61,6,0,CopperTheBigRedDog,Jaimie Harcos,false,Puka Nacua,LAR,WR,34.6,108,-47,470.p.40168
2026,The Honey Badgers,62,6,0,My Balls Are Afoot,Chuck,false,TreVeyon Henderson,NE,RB,21.2,151,-89,470.p.41823
2026,The Honey Badgers,63,6,0,Unicorn Love,Krista,false,Marvin Harrison Jr.,ARI,WR,9.3,180,-117,470.p.40893
2026,The Honey Badgers,64,6,0,The Trophy Wives,Geri Hill,false,Trey McBride,ARI,TE,52.7,45,19,470.p.34010
2026,The Honey Badgers,65,6,0,JRZ,Matthew,false,Travis Etienne Jr.,NO,RB,25.4,143,-78,470.p.33413
2026,The Honey Badgers,66,6,0,Olivators,Amanda,false,Kyren Williams,LAR,RB,80.7,19,47,470.p.34120
2026,The Honey Badgers,67,6,0,Kryponite,BULL,false,DK Metcalf,PIT,WR,35.3,105,-38,470.p.31896
2026,The Honey Badgers,68,6,0,Fat Lazy Americans,Andy,true,Carnell Tate,TEN,WR,31.6,118,-50,470.p.42626
2026,The Honey Badgers,69,6,0,Jesus take the wheel,Alejandro C,false,Isaiah Likely,NYG,TE,42,77,-8,470.p.34095
2026,The Honey Badgers,70,6,0,Comfy In Chair,fritchie,false,Rico Dowdle,PIT,RB,8.5,181,-111,470.p.33100
2026,The Honey Badgers,71,6,0,The Curious Case of Cookus,Joseph,false,Brian Thomas Jr.,JAX,WR,21,154,-83,470.p.40883
2026,The Honey Badgers,72,6,0,Dolphin Boobiez,Tali,false,Jonathon Brooks,CAR,RB,8.3,182,-110,470.p.40926
2026,The Honey Badgers,73,7,0,Dolphin Boobiez,Tali,false,Chris Godwin Jr.,TB,WR,23.7,146,-73,470.p.30197
2026,The Honey Badgers,74,7,0,The Curious Case of Cookus,Joseph,false,Quentin Johnston,LAC,WR,14.6,166,-92,470.p.40051
2026,The Honey Badgers,75,7,0,Comfy In Chair,fritchie,false,Bo Nix,DEN,QB,71.26,24,51,470.p.40875
2026,The Honey Badgers,76,7,0,Jesus take the wheel,Alejandro C,false,Jayden Reed,GB,WR,3.5,186,-110,470.p.40063
2026,The Honey Badgers,77,7,0,Fat Lazy Americans,Andy,true,Carson Schwesinger,CLE,LB,35.25,106,-29,470.p.41818
2026,The Honey Badgers,78,7,0,Kryponite,BULL,false,Dak Prescott,DAL,QB,100.2,8,70,470.p.29369
2026,The Honey Badgers,79,7,0,Olivators,Amanda,false,Nico Collins,HOU,WR,45,64,15,470.p.33477
2026,The Honey Badgers,80,7,0,JRZ,Matthew,false,Chuba Hubbard,CAR,RB,74,22,58,470.p.33514
2026,The Honey Badgers,81,7,0,The Trophy Wives,Geri Hill,false,MarShawn Lloyd,GB,RB,14.1,168,-87,470.p.40971
2026,The Honey Badgers,82,7,0,Unicorn Love,Krista,false,J.K. Dobbins,DEN,RB,19.2,159,-77,470.p.32725
2026,The Honey Badgers,83,7,0,My Balls Are Afoot,Chuck,false,Travis Kelce,KC,TE,44.6,67,16,470.p.26686
2026,The Honey Badgers,84,7,0,CopperTheBigRedDog,Jaimie Harcos,false,Javonte Williams,DAL,RB,74.3,21,63,470.p.33423
2026,The Honey Badgers,85,8,0,CopperTheBigRedDog,Jaimie Harcos,false,Tony Pollard,TEN,RB,34.5,109,-24,470.p.31960
2026,The Honey Badgers,86,8,0,My Balls Are Afoot,Chuck,false,Stefon Diggs,WAS,WR,44,69,17,470.p.28534
2026,The Honey Badgers,87,8,0,Unicorn Love,Krista,false,Drake Maye,NE,QB,65.26,28,59,470.p.40881
2026,The Honey Badgers,88,8,0,The Trophy Wives,Geri Hill,false,Jordyn Brooks,MIA,LB,39.25,89,-1,470.p.32697
2026,The Honey Badgers,89,8,0,JRZ,Matthew,false,Alec Pierce,IND,WR,9.7,179,-90,470.p.34008
2026,The Honey Badgers,90,8,0,Olivators,Amanda,false,Kenny Gainwell,TB,RB,18.5,161,-71,470.p.33538
2026,The Honey Badgers,91,8,0,Kryponite,BULL,false,Tyjae Spears,TEN,RB,13,171,-80,470.p.40119
2026,The Honey Badgers,92,8,0,Fat Lazy Americans,Andy,true,RJ Harvey,DEN,RB,28.1,133,-41,470.p.41845
2026,The Honey Badgers,93,8,0,Jesus take the wheel,Alejandro C,false,Blake Corum,LAR,RB,20.2,157,-64,470.p.40962
2026,The Honey Badgers,94,8,0,Comfy In Chair,fritchie,false,Courtland Sutton,DEN,WR,14.6,167,-73,470.p.31010
2026,The Honey Badgers,95,8,0,The Curious Case of Cookus,Joseph,false,De'Zhaun Stribling,SF,WR,0,189,-94,470.p.42655
2026,The Honey Badgers,96,8,0,Dolphin Boobiez,Tali,false,Josh Downs,IND,WR,30.2,124,-28,470.p.40126
2026,The Honey Badgers,97,9,0,Dolphin Boobiez,Tali,false,Jack Campbell,DET,LB,40.5,86,11,470.p.40036
2026,The Honey Badgers,98,9,0,The Curious Case of Cookus,Joseph,false,Jordan Mason,MIN,RB,11.9,176,-78,470.p.34320
2026,The Honey Badgers,99,9,0,Comfy In Chair,fritchie,false,Aaron Jones Sr.,MIN,RB,47,59,40,470.p.30295
2026,The Honey Badgers,100,9,0,Jesus take the wheel,Alejandro C,false,Matthew Stafford,LAR,QB,83.66,16,84,470.p.9265
2026,The Honey Badgers,101,9,0,Fat Lazy Americans,Andy,true,Matthew Golden,GB,WR,49,55,46,470.p.41808
2026,The Honey Badgers,102,9,0,Kryponite,BULL,false,Ray Davis,BUF,RB,0.3,188,-86,470.p.40980
2026,The Honey Badgers,103,9,0,Olivators,Amanda,false,Jacory Croskey-Merritt,WAS,RB,28.2,132,-29,470.p.42010
2026,The Honey Badgers,104,9,0,JRZ,Matthew,false,Jordan Addison,MIN,WR,27.7,135,-31,470.p.40042
2026,The Honey Badgers,105,9,0,The Trophy Wives,Geri Hill,false,Cam Skattebo,NYG,RB,40.2,87,18,470.p.41922
2026,The Honey Badgers,106,9,0,Unicorn Love,Krista,false,Baker Mayfield,TB,QB,43.1,72,34,470.p.30971
2026,The Honey Badgers,107,9,0,My Balls Are Afoot,Chuck,false,Kyle Monangai,CHI,RB,56.8,39,68,470.p.42025
2026,The Honey Badgers,108,9,0,CopperTheBigRedDog,Jaimie Harcos,false,Blake Cashman,MIN,LB,49,56,52,470.p.31989
2026,The Honey Badgers,109,10,0,CopperTheBigRedDog,Jaimie Harcos,false,Fred Warner,SF,LB,52.5,46,63,470.p.31040
2026,The Honey Badgers,110,10,0,My Balls Are Afoot,Chuck,false,Michael Pittman Jr.,PIT,WR,13.9,169,-59,470.p.32704
2026,The Honey Badgers,111,10,0,Unicorn Love,Krista,false,Roquan Smith,BAL,LB,45.75,61,50,470.p.30978
2026,The Honey Badgers,112,10,0,The Trophy Wives,Geri Hill,false,KC Concepcion Jr.,CLE,WR,12.9,173,-61,470.p.42646
2026,The Honey Badgers,113,10,0,JRZ,Matthew,false,Wan'Dale Robinson,TEN,WR,32.4,112,1,470.p.33998
2026,The Honey Badgers,114,10,0,Olivators,Amanda,false,Cedric Gray,TEN,LB,18.75,160,-46,470.p.40988
2026,The Honey Badgers,115,10,0,Kryponite,BULL,false,Jonah Coleman,DEN,RB,13.3,170,-55,470.p.42730
2026,The Honey Badgers,116,10,0,Fat Lazy Americans,Andy,true,Zack Baun,PHI,LB,32.25,113,3,470.p.32744
2026,The Honey Badgers,117,10,0,Jesus take the wheel,Alejandro C,false,Nate Landman,LAR,LB,31.75,117,0,470.p.34291
2026,The Honey Badgers,118,10,0,Comfy In Chair,fritchie,false,Alvin Kamara,NO,RB,29.6,128,-10,470.p.30180
2026,The Honey Badgers,119,10,0,The Curious Case of Cookus,Joseph,false,Trevor Lawrence,JAX,QB,83.12,17,102,470.p.33389
2026,The Honey Badgers,120,10,0,Dolphin Boobiez,Tali,false,Michael Wilson,ARI,WR,44.3,68,52,470.p.40121
2026,The Honey Badgers,121,11,0,Dolphin Boobiez,Tali,false,George Kittle,SF,TE,57.9,37,84,470.p.30259
2026,The Honey Badgers,122,11,0,The Curious Case of Cookus,Joseph,false,Nakobe Dean,LV,LB,57.25,38,84,470.p.34039
2026,The Honey Badgers,123,11,0,Comfy In Chair,fritchie,false,Romeo Doubs,NE,WR,38.3,97,26,470.p.34088
2026,The Honey Badgers,124,11,0,Jesus take the wheel,Alejandro C,false,Kyler Murray,MIN,QB,26.52,140,-16,470.p.31833
2026,The Honey Badgers,125,11,0,Fat Lazy Americans,Andy,true,Makai Lemon,PHI,WR,,,,470.p.42642
2026,The Honey Badgers,126,11,0,Kryponite,BULL,false,Dalton Kincaid,BUF,TE,38.5,93,33,470.p.40048
2026,The Honey Badgers,127,11,0,Olivators,Amanda,false,Foyesade Oluokun,JAX,LB,43,73,54,470.p.31170
2026,The Honey Badgers,128,11,0,JRZ,Matthew,false,Justin Herbert,LAC,QB,61.69,31,97,470.p.32676
2026,The Honey Badgers,129,11,0,The Trophy Wives,Geri Hill,false,Ernest Jones IV,SEA,LB,55.5,41,88,470.p.33491
2026,The Honey Badgers,130,11,0,Unicorn Love,Krista,false,Kyle Hamilton,BAL,S,45.75,62,68,470.p.33969
2026,The Honey Badgers,131,11,0,My Balls Are Afoot,Chuck,false,Nick Bolton,KC,LB,44.75,65,66,470.p.33446
2026,The Honey Badgers,132,11,0,CopperTheBigRedDog,Jaimie Harcos,false,Jamien Sherwood,NYJ,LB,38.75,92,40,470.p.33534
2026,The Honey Badgers,133,12,0,CopperTheBigRedDog,Jaimie Harcos,false,Brandon Aubrey,DAL,K,41,80,53,470.p.40819
2026,The Honey Badgers,134,12,0,My Balls Are Afoot,Chuck,false,Sonny Styles,WAS,LB,35.25,107,27,470.p.42629
2026,The Honey Badgers,135,12,0,Unicorn Love,Krista,false,Mark Andrews,BAL,TE,29.9,127,8,470.p.31056
2026,The Honey Badgers,136,12,0,The Trophy Wives,Geri Hill,false,Jalen Coker,CAR,WR,43.2,71,65,470.p.41293
2026,The Honey Badgers,137,12,0,JRZ,Matthew,false,Rachaad White,WAS,RB,21.9,149,-12,470.p.34047
2026,The Honey Badgers,138,12,0,Olivators,Amanda,false,Jakobi Meyers,JAX,WR,19.3,158,-20,470.p.32231
2026,The Honey Badgers,139,12,0,Kryponite,BULL,false,Rashid Shaheed,SEA,WR,20.5,155,-16,470.p.34659
2026,The Honey Badgers,140,12,0,Fat Lazy Americans,Andy,true,Brock Bowers,LV,TE,40.2,88,52,470.p.40878
2026,The Honey Badgers,141,12,0,Jesus take the wheel,Alejandro C,false,Chamarri Conner,KC,"DB,S",0,190,-49,470.p.40160
2026,The Honey Badgers,142,12,0,Comfy In Chair,fritchie,false,Dallas Goedert,PHI,TE,22.6,147,-5,470.p.31019
2026,The Honey Badgers,143,12,0,The Curious Case of Cookus,Joseph,false,Brock Purdy,SF,QB,126.48,2,141,470.p.34218
2026,The Honey Badgers,144,12,0,Dolphin Boobiez,Tali,false,Woody Marks,HOU,RB,27.3,136,8,470.p.41902
2026,The Honey Badgers,145,13,0,Dolphin Boobiez,Tali,false,Devin Lloyd,CAR,LB,59,33,112,470.p.33982
2026,The Honey Badgers,146,13,0,The Curious Case of Cookus,Joseph,false,Mike Washington Jr.,LV,RB,18.4,162,-16,470.p.42744
2026,The Honey Badgers,147,13,0,Comfy In Chair,fritchie,false,Xavier Worthy,KC,WR,27.8,134,13,470.p.40877
2026,The Honey Badgers,148,13,0,Jesus take the wheel,Alejandro C,false,Daiyan Henley,LAC,LB,37.5,99,49,470.p.40113
2026,The Honey Badgers,149,13,0,Fat Lazy Americans,Andy,true,Chris Rodriguez Jr.,JAX,RB,2.3,187,-38,470.p.40231
2026,The Honey Badgers,150,13,0,Kryponite,BULL,false,Quay Walker,LV,LB,27,139,11,470.p.33977
2026,The Honey Badgers,151,13,0,Olivators,Amanda,false,Edgerrin Cooper,GB,LB,50,51,100,470.p.40938
2026,The Honey Badgers,152,13,0,JRZ,Matthew,false,Patrick Mahomes,KC,QB,109.58,3,149,470.p.30123
2026,The Honey Badgers,153,13,0,The Trophy Wives,Geri Hill,false,Ka'imi Fairbairn,HOU,K,39.25,90,63,470.p.29792
2026,The Honey Badgers,154,13,0,Unicorn Love,Krista,false,Robert Spillane,NE,LB,24.75,145,9,470.p.31708
2026,The Honey Badgers,155,13,0,My Balls Are Afoot,Chuck,false,Deebo Samuel Sr.,SF,WR,50.9,50,105,470.p.31868
2026,The Honey Badgers,156,13,0,CopperTheBigRedDog,Jaimie Harcos,false,Josh Jacobs,GB,RB,0,191,-35,470.p.31856
2026,The Honey Badgers,157,14,0,CopperTheBigRedDog,Jaimie Harcos,false,Jaxson Dart,NYG,QB,33.4,111,46,470.p.41810
2026,The Honey Badgers,158,14,0,My Balls Are Afoot,Chuck,false,Cameron Dicker,LAC,K,26,141,17,470.p.34344
2026,The Honey Badgers,159,14,0,Unicorn Love,Krista,false,Nick Cross,WAS,S,9.75,178,-19,470.p.34052
2026,The Honey Badgers,160,14,0,The Trophy Wives,Geri Hill,false,Aidan Hutchinson,DET,"DL,DE",25.5,142,18,470.p.33957
2026,The Honey Badgers,161,14,0,JRZ,Matthew,false,Travis Hunter,JAX,"WR,CB",,,,470.p.99001
2026,The Honey Badgers,162,14,0,Olivators,Amanda,false,Dylan Sampson,CLE,RB,0,192,-30,470.p.41907
2026,The Honey Badgers,163,14,0,Kryponite,BULL,false,Myles Garrett,LAR,"LB,DE",0,193,-30,470.p.30114
2026,The Honey Badgers,164,14,0,Fat Lazy Americans,Andy,true,Tyler Allgeier,ARI,RB,8,183,-19,470.p.34107
2026,The Honey Badgers,165,14,0,Jesus take the wheel,Alejandro C,false,Evan Engram,DEN,TE,,,,470.p.30136
2026,The Honey Badgers,166,14,0,Comfy In Chair,fritchie,false,Alex Singleton,DEN,LB,52.75,44,122,470.p.28716
2026,The Honey Badgers,167,14,0,The Curious Case of Cookus,Joseph,false,Kaelon Black,SF,RB,13,172,-5,470.p.42712
2026,The Honey Badgers,168,14,0,Dolphin Boobiez,Tali,false,Cooper DeJean,PHI,"DB,CB",33.5,110,58,470.p.40934
2026,The Honey Badgers,169,15,0,Dolphin Boobiez,Tali,false,Malik Willis,MIA,QB,48.68,57,112,470.p.34042
2026,The Honey Badgers,170,15,0,The Curious Case of Cookus,Joseph,false,Ventrell Miller,JAX,LB,42.25,76,94,470.p.40155
2026,The Honey Badgers,171,15,0,Comfy In Chair,fritchie,false,Quincy Williams,CLE,LB,27.25,137,34,470.p.31930
2026,The Honey Badgers,172,15,0,Jesus take the wheel,Alejandro C,false,Alex Anzalone,TB,LB,,,,470.p.30189
2026,The Honey Badgers,173,15,0,Fat Lazy Americans,Andy,true,Keaton Mitchell,LAC,RB,,,,470.p.40641
2026,The Honey Badgers,174,15,0,Kryponite,BULL,false,Derwin James Jr.,LAC,S,20.5,156,18,470.p.30987
2026,The Honey Badgers,175,15,0,Olivators,Amanda,false,Jared Goff,DET,QB,107.06,4,171,470.p.29235
2026,The Honey Badgers,176,15,0,JRZ,Matthew,false,Demario Davis,NYJ,LB,45.25,63,113,470.p.25787
2026,The Honey Badgers,177,15,0,The Trophy Wives,Geri Hill,false,Jordan Love,GB,QB,89.34,13,164,470.p.32696
2026,The Honey Badgers,178,15,0,Unicorn Love,Krista,false,Devin Bush,CHI,LB,21.25,150,28,470.p.31842
2026,The Honey Badgers,179,15,0,My Balls Are Afoot,Chuck,false,Kaden Elliss,NO,LB,27.25,138,41,470.p.32076
2026,The Honey Badgers,180,15,0,CopperTheBigRedDog,Jaimie Harcos,false,Jordyn Tyson,NO,WR,0,194,-14,470.p.42630
2026,The Honey Badgers,181,16,0,CopperTheBigRedDog,Jaimie Harcos,false,Najee Harris,NYG,RB,,,,470.p.33412
2026,The Honey Badgers,182,16,0,My Balls Are Afoot,Chuck,false,Jauan Jennings,MIN,WR,,,,470.p.32887
2026,The Honey Badgers,183,16,0,Unicorn Love,Krista,false,Harrison Mevis,LAR,K,28.75,130,53,470.p.41312
2026,The Honey Badgers,184,16,0,The Trophy Wives,Geri Hill,false,Juwan Johnson,NO,TE,54.2,43,141,470.p.33113
2026,The Honey Badgers,185,16,0,JRZ,Matthew,false,Budda Baker,ARI,S,40.75,83,102,470.p.30149
2026,The Honey Badgers,186,16,0,Olivators,Amanda,false,T.J. Edwards,CHI,LB,5.25,184,2,470.p.32403
2026,The Honey Badgers,187,16,0,Kryponite,BULL,false,Emmett Johnson,KC,RB,17.75,163,24,470.p.42796
2026,The Honey Badgers,188,16,0,Fat Lazy Americans,Andy,true,Zach Charbonnet,SEA,RB,0,195,-7,470.p.40075
2026,The Honey Badgers,189,16,0,Jesus take the wheel,Alejandro C,false,Eddy Pineiro,SF,K,30,126,63,470.p.31482
2026,The Honey Badgers,190,16,0,Comfy In Chair,fritchie,false,Malaki Starks,BAL,S,22.5,148,42,470.p.41812
2026,The Honey Badgers,191,16,0,The Curious Case of Cookus,Joseph,false,Terrel Bernard,BUF,LB,38.5,94,97,470.p.34045
2026,The Honey Badgers,192,16,0,Dolphin Boobiez,Tali,false,Jason Myers,SEA,K,29,129,63,470.p.28378
2026,The Honey Badgers,193,17,0,Dolphin Boobiez,Tali,false,Kyle Pitts Sr.,ATL,TE,9.95,177,16,470.p.33392
2026,The Honey Badgers,194,17,0,The Curious Case of Cookus,Joseph,false,Spencer Shrader,IND,K,54.75,42,152,470.p.41499
2026,The Honey Badgers,195,17,0,Comfy In Chair,fritchie,false,Tyler Loop,BAL,K,43,74,121,470.p.41988
2026,The Honey Badgers,196,17,0,Jesus take the wheel,Alejandro C,false,Demarcus Robinson,SF,WR,,,,470.p.29360
2026,The Honey Badgers,197,17,0,Fat Lazy Americans,Andy,true,Caleb Williams,CHI,QB,50.98,49,148,470.p.40900
2026,The Honey Badgers,198,17,0,Kryponite,BULL,false,Jake Bates,DET,K,32,114,84,470.p.40835
2026,The Honey Badgers,199,17,0,Olivators,Amanda,false,Cam Little,JAX,K,39,91,108,470.p.41062
2026,The Honey Badgers,200,17,0,JRZ,Matthew,false,Cairo Santos,CHI,K,17,164,36,470.p.28227
2026,The Honey Badgers,201,17,0,The Trophy Wives,Geri Hill,false,Kaleb Johnson,GB,RB,0,196,5,470.p.41881
2026,The Honey Badgers,202,17,0,Unicorn Love,Krista,false,Hunter Henry,NE,TE,12.1,174,28,470.p.29269
2026,The Honey Badgers,203,17,0,My Balls Are Afoot,Chuck,false,Sam Darnold,SEA,QB,56.5,40,163,470.p.30973
2026,The Honey Badgers,204,17,0,CopperTheBigRedDog,Jaimie Harcos,false,Jake Ferguson,DAL,TE,30.3,123,81,470.p.34085
2026,Rose Bowl XIX,1,1,0,Nabers of the Lost Ark,Elijah,false,Jahmyr Gibbs,DET,RB,116,4,-3,470.p.40059
2026,Rose Bowl XIX,2,1,0,Concussion Protocol,Matt,false,Bijan Robinson,ATL,RB,105.4,7,-5,470.p.40055
2026,Rose Bowl XIX,3,1,0,Fat Lazy Americans,Andy,true,Ja'Marr Chase,CIN,WR,60.2,38,-35,470.p.33393
2026,Rose Bowl XIX,4,1,0,Bear Force One,Amzie,false,Puka Nacua,LAR,WR,41.1,86,-82,470.p.40168
2026,Rose Bowl XIX,5,1,0,Sir Nix A Lot,fritchie,false,Jonathan Taylor,IND,RB,86.2,17,-12,470.p.32711
2026,Rose Bowl XIX,6,1,0,CallinginSickMonday,Jaimie Harcos,false,Jaxon Smith-Njigba,SEA,WR,116.66,3,3,470.p.40041
2026,Rose Bowl XIX,7,1,0,L.V. Rosekillers,Patrick,false,Christian McCaffrey,SF,RB,74,25,-18,470.p.30121
2026,Rose Bowl XIX,8,1,0,Jukin Junies,Amanda,false,Amon-Ra St. Brown,DET,WR,91.3,11,-3,470.p.33500
2026,Rose Bowl XIX,9,1,0,OUTLAWS,sour,false,James Cook III,BUF,RB,66.5,33,-24,470.p.34019
2026,Rose Bowl XIX,10,1,0,Waiting for Basketball,Chuck,false,Saquon Barkley,PHI,RB,23,141,-131,470.p.30972
2026,Rose Bowl XIX,11,1,0,Panda XL,Alejandro C,false,Justin Jefferson,MIN,WR,44.9,74,-63,470.p.32692
2026,Rose Bowl XIX,12,1,0,Chubbtown Brownies,JLou,false,CeeDee Lamb,DAL,WR,112.2,5,7,470.p.32687
2026,Rose Bowl XIX,13,2,0,Chubbtown Brownies,JLou,false,Chase Brown,CIN,RB,59,41,-28,470.p.40196
2026,Rose Bowl XIX,14,2,0,Panda XL,Alejandro C,false,Kenneth Walker III,KC,RB,110.1,6,8,470.p.33996
2026,Rose Bowl XIX,15,2,0,Waiting for Basketball,Chuck,false,De'Von Achane,MIA,RB,24.6,137,-122,470.p.40118
2026,Rose Bowl XIX,16,2,0,OUTLAWS,sour,false,Omarion Hampton,LAC,RB,44.7,76,-60,470.p.41807
2026,Rose Bowl XIX,17,2,0,Jukin Junies,Amanda,false,Derrick Henry,BAL,RB,90.8,13,4,470.p.29279
2026,Rose Bowl XIX,18,2,0,L.V. Rosekillers,Patrick,false,Nico Collins,HOU,WR,52,56,-38,470.p.33477
2026,Rose Bowl XIX,19,2,0,CallinginSickMonday,Jaimie Harcos,false,Ashton Jeanty,LV,RB,74.9,23,-4,470.p.41791
2026,Rose Bowl XIX,20,2,0,Sir Nix A Lot,fritchie,false,George Pickens,DAL,WR,40.5,87,-67,470.p.34007
2026,Rose Bowl XIX,21,2,0,Bear Force One,Amzie,false,Brock Bowers,LV,TE,48.2,65,-44,470.p.40878
2026,Rose Bowl XIX,22,2,0,Fat Lazy Americans,Andy,true,Kyren Williams,LAR,RB,90.7,14,8,470.p.34120
2026,Rose Bowl XIX,23,2,0,Concussion Protocol,Matt,false,A.J. Brown,NE,WR,5.6,176,-153,470.p.31883
2026,Rose Bowl XIX,24,2,0,Nabers of the Lost Ark,Elijah,false,Drake London,ATL,WR,59.9,39,-15,470.p.33963
2026,Rose Bowl XIX,25,3,0,Nabers of the Lost Ark,Elijah,false,Malik Nabers,NYG,WR,44.8,75,-50,470.p.40899
2026,Rose Bowl XIX,26,3,0,Concussion Protocol,Matt,false,Trey McBride,ARI,TE,69.2,29,-3,470.p.34010
2026,Rose Bowl XIX,27,3,0,Fat Lazy Americans,Andy,true,Chris Olave,NO,WR,90.1,16,11,470.p.33966
2026,Rose Bowl XIX,28,3,0,Bear Force One,Amzie,false,Javonte Williams,DAL,RB,81.8,18,10,470.p.33423
2026,Rose Bowl XIX,29,3,0,Sir Nix A Lot,fritchie,false,Jeremiyah Love,ARI,RB,48.9,62,-33,470.p.42625
2026,Rose Bowl XIX,30,3,0,CallinginSickMonday,Jaimie Harcos,false,Breece Hall,NYJ,RB,42.5,83,-53,470.p.33991
2026,Rose Bowl XIX,31,3,0,L.V. Rosekillers,Patrick,false,DeVonta Smith,PHI,WR,49.5,60,-29,470.p.33398
2026,Rose Bowl XIX,32,3,0,Jukin Junies,Amanda,false,Josh Allen,BUF,QB,124.46,1,31,470.p.30977
2026,Rose Bowl XIX,33,3,0,OUTLAWS,sour,false,Tee Higgins,CIN,WR,71.1,28,5,470.p.32703
2026,Rose Bowl XIX,34,3,0,Waiting for Basketball,Chuck,false,Rashee Rice,KC,WR,38,99,-65,470.p.40084
2026,Rose Bowl XIX,35,3,0,Panda XL,Alejandro C,false,Cam Skattebo,NYG,RB,44.2,78,-43,470.p.41922
2026,Rose Bowl XIX,36,3,0,Chubbtown Brownies,JLou,false,Jaylen Waddle,DEN,WR,43.9,80,-44,470.p.33394
2026,Rose Bowl XIX,37,4,0,Chubbtown Brownies,JLou,false,Travis Etienne Jr.,NO,RB,30.9,115,-78,470.p.33413
2026,Rose Bowl XIX,38,4,0,Panda XL,Alejandro C,false,Ladd McConkey,LAC,WR,36.3,105,-67,470.p.40908
2026,Rose Bowl XIX,39,4,0,Waiting for Basketball,Chuck,false,Colston Loveland,CHI,TE,20.1,153,-114,470.p.41795
2026,Rose Bowl XIX,40,4,0,OUTLAWS,sour,false,Zay Flowers,BAL,WR,67.2,31,9,470.p.40039
2026,Rose Bowl XIX,41,4,0,Jukin Junies,Amanda,false,D'Andre Swift,CHI,RB,63.5,35,6,470.p.32705
2026,Rose Bowl XIX,42,4,0,L.V. Rosekillers,Patrick,false,Lamar Jackson,BAL,QB,91.08,12,30,470.p.31002
2026,Rose Bowl XIX,43,4,0,CallinginSickMonday,Jaimie Harcos,false,Tetairoa McMillan,CAR,WR,74.5,24,19,470.p.41793
2026,Rose Bowl XIX,44,4,0,Sir Nix A Lot,fritchie,false,Tyler Warren,IND,TE,48.5,63,-19,470.p.41799
2026,Rose Bowl XIX,45,4,0,Bear Force One,Amzie,false,Emeka Egbuka,TB,WR,36.1,106,-61,470.p.41804
2026,Rose Bowl XIX,46,4,0,Fat Lazy Americans,Andy,true,Bucky Irving,TB,RB,47.2,67,-21,470.p.40993
2026,Rose Bowl XIX,47,4,0,Concussion Protocol,Matt,false,Davante Adams,LAR,WR,74,26,21,470.p.27581
2026,Rose Bowl XIX,48,4,0,Nabers of the Lost Ark,Elijah,false,Garrett Wilson,NYJ,WR,63,37,11,470.p.33965
2026,Rose Bowl XIX,49,5,0,Nabers of the Lost Ark,Elijah,false,Bhayshul Tuten,JAX,RB,52.1,55,-6,470.p.41900
2026,Rose Bowl XIX,50,5,0,Concussion Protocol,Matt,false,David Montgomery,HOU,RB,44.4,77,-27,470.p.31905
2026,Rose Bowl XIX,51,5,0,Fat Lazy Americans,Andy,true,Luther Burden III,CHI,WR,46.9,70,-19,470.p.41824
2026,Rose Bowl XIX,52,5,0,Bear Force One,Amzie,false,Drake Maye,NE,QB,56.76,45,7,470.p.40881
2026,Rose Bowl XIX,53,5,0,Sir Nix A Lot,fritchie,false,DJ Moore,BUF,WR,37.3,102,-49,470.p.30994
2026,Rose Bowl XIX,54,5,0,CallinginSickMonday,Jaimie Harcos,false,Quinshon Judkins,CLE,RB,48.3,64,-10,470.p.41821
2026,Rose Bowl XIX,55,5,0,L.V. Rosekillers,Patrick,false,Travis Hunter,JAX,"WR,CB",,,,470.p.99001
2026,Rose Bowl XIX,56,5,0,Jukin Junies,Amanda,false,Terry McLaurin,WAS,WR,30.1,119,-63,470.p.31908
2026,Rose Bowl XIX,57,5,0,OUTLAWS,sour,false,Jadarian Price,SEA,RB,14,161,-104,470.p.42654
2026,Rose Bowl XIX,58,5,0,Waiting for Basketball,Chuck,false,Mike Evans,SF,WR,50.3,58,0,470.p.27535
2026,Rose Bowl XIX,59,5,0,Panda XL,Alejandro C,false,Parker Washington,JAX,WR,52.5,54,5,470.p.40234
2026,Rose Bowl XIX,60,5,0,Chubbtown Brownies,JLou,false,Jameson Williams,DET,WR,38.9,92,-32,470.p.33967
2026,Rose Bowl XIX,61,6,0,Chubbtown Brownies,JLou,false,George Kittle,SF,TE,65.4,34,27,470.p.30259
2026,Rose Bowl XIX,62,6,0,Panda XL,Alejandro C,false,Jalen Hurts,PHI,QB,81.02,20,42,470.p.32723
2026,Rose Bowl XIX,63,6,0,Waiting for Basketball,Chuck,false,Jaylen Warren,PIT,RB,56.2,47,16,470.p.34447
2026,Rose Bowl XIX,64,6,0,OUTLAWS,sour,false,Joe Burrow,CIN,QB,90.64,15,49,470.p.32671
2026,Rose Bowl XIX,65,6,0,Jukin Junies,Amanda,false,Christian Watson,GB,WR,77.1,22,43,470.p.33989
2026,Rose Bowl XIX,66,6,0,L.V. Rosekillers,Patrick,false,Rhamondre Stevenson,NE,RB,43.3,81,-15,470.p.33508
2026,Rose Bowl XIX,67,6,0,CallinginSickMonday,Jaimie Harcos,false,Rome Odunze,CHI,WR,38.3,96,-29,470.p.40901
2026,Rose Bowl XIX,68,6,0,Sir Nix A Lot,fritchie,false,TreVeyon Henderson,NE,RB,21.7,147,-79,470.p.41823
2026,Rose Bowl XIX,69,6,0,Bear Force One,Amzie,false,Blake Corum,LAR,RB,22.2,146,-77,470.p.40962
2026,Rose Bowl XIX,70,6,0,Fat Lazy Americans,Andy,true,Tucker Kraft,GB,TE,37.1,103,-33,470.p.40102
2026,Rose Bowl XIX,71,6,0,Concussion Protocol,Matt,false,Caleb Williams,CHI,QB,48.98,61,10,470.p.40900
2026,Rose Bowl XIX,72,6,0,Nabers of the Lost Ark,Elijah,false,Jayden Daniels,WAS,QB,38.4,95,-23,470.p.40896
2026,Rose Bowl XIX,73,7,0,Nabers of the Lost Ark,Elijah,false,Sam LaPorta,DET,TE,56.8,43,30,470.p.40064
2026,Rose Bowl XIX,74,7,0,Concussion Protocol,Matt,false,Carnell Tate,TEN,WR,46.8,71,3,470.p.42626
2026,Rose Bowl XIX,75,7,0,Fat Lazy Americans,Andy,true,Justin Herbert,LAC,QB,52.94,52,23,470.p.32676
2026,Rose Bowl XIX,76,7,0,Bear Force One,Amzie,false,Tony Pollard,TEN,RB,38.5,94,-18,470.p.31960
2026,Rose Bowl XIX,77,7,0,Sir Nix A Lot,fritchie,false,MarShawn Lloyd,GB,RB,26,132,-55,470.p.40971
2026,Rose Bowl XIX,78,7,0,CallinginSickMonday,Jaimie Harcos,false,Harold Fannin Jr.,CLE,TE,50.3,59,19,470.p.41877
2026,Rose Bowl XIX,79,7,0,L.V. Rosekillers,Patrick,false,Kyle Pitts Sr.,ATL,TE,3,182,-103,470.p.33392
2026,Rose Bowl XIX,80,7,0,Jukin Junies,Amanda,false,Rico Dowdle,PIT,RB,10.5,169,-89,470.p.33100
2026,Rose Bowl XIX,81,7,0,OUTLAWS,sour,false,Dalton Kincaid,BUF,TE,46,72,9,470.p.40048
2026,Rose Bowl XIX,82,7,0,Waiting for Basketball,Chuck,false,Marvin Harrison Jr.,ARI,WR,20.5,150,-68,470.p.40893
2026,Rose Bowl XIX,83,7,0,Panda XL,Alejandro C,false,J.K. Dobbins,DEN,RB,20.7,149,-66,470.p.32725
2026,Rose Bowl XIX,84,7,0,Chubbtown Brownies,JLou,false,DK Metcalf,PIT,WR,43.3,82,2,470.p.31896
2026,Rose Bowl XIX,85,8,0,Chubbtown Brownies,JLou,false,Trevor Lawrence,JAX,QB,81.12,19,66,470.p.33389
2026,Rose Bowl XIX,86,8,0,Panda XL,Alejandro C,false,Chris Godwin Jr.,TB,WR,31.7,112,-26,470.p.30197
2026,Rose Bowl XIX,87,8,0,Waiting for Basketball,Chuck,false,Brock Purdy,SF,QB,122.48,2,85,470.p.34218
2026,Rose Bowl XIX,88,8,0,OUTLAWS,sour,false,Marcus Jones,NE,"DB,CB",22.36,145,-57,470.p.34041
2026,Rose Bowl XIX,89,8,0,Jukin Junies,Amanda,false,Jonathon Brooks,CAR,RB,9.3,170,-81,470.p.40926
2026,Rose Bowl XIX,90,8,0,L.V. Rosekillers,Patrick,false,Michael Wilson,ARI,WR,56.8,44,46,470.p.40121
2026,Rose Bowl XIX,91,8,0,CallinginSickMonday,Jaimie Harcos,false,Brian Thomas Jr.,JAX,WR,25.5,133,-42,470.p.40883
2026,Rose Bowl XIX,92,8,0,Sir Nix A Lot,fritchie,false,Stefon Diggs,WAS,WR,53,49,43,470.p.28534
2026,Rose Bowl XIX,93,8,0,Bear Force One,Amzie,false,De'Zhaun Stribling,SF,WR,,,,470.p.42655
2026,Rose Bowl XIX,94,8,0,Fat Lazy Americans,Andy,true,RJ Harvey,DEN,RB,45.1,73,21,470.p.41845
2026,Rose Bowl XIX,95,8,0,Concussion Protocol,Matt,false,Jacory Croskey-Merritt,WAS,RB,30.7,116,-21,470.p.42010
2026,Rose Bowl XIX,96,8,0,Nabers of the Lost Ark,Elijah,false,Jeffery Simmons,TEN,"DT,DE",,,,470.p.31851
2026,Rose Bowl XIX,97,9,0,Nabers of the Lost Ark,Elijah,false,Deonte Banks,NYG,CB,,,,470.p.40053
2026,Rose Bowl XIX,98,9,0,Concussion Protocol,Matt,false,Courtland Sutton,DEN,WR,18.6,155,-57,470.p.31010
2026,Rose Bowl XIX,99,9,0,Fat Lazy Americans,Andy,true,Kenny Gainwell,TB,RB,28.72,122,-23,470.p.33538
2026,Rose Bowl XIX,100,9,0,Bear Force One,Amzie,false,Jordan Mason,MIN,RB,11.9,168,-68,470.p.34320
2026,Rose Bowl XIX,101,9,0,Sir Nix A Lot,fritchie,false,KC Concepcion Jr.,CLE,WR,31.14,114,-13,470.p.42646
2026,Rose Bowl XIX,102,9,0,CallinginSickMonday,Jaimie Harcos,false,Dak Prescott,DAL,QB,97.2,10,92,470.p.29369
2026,Rose Bowl XIX,103,9,0,L.V. Rosekillers,Patrick,false,Chuba Hubbard,CAR,RB,79,21,82,470.p.33514
2026,Rose Bowl XIX,104,9,0,Jukin Junies,Amanda,false,Travis Kelce,KC,TE,52.6,53,51,470.p.26686
2026,Rose Bowl XIX,105,9,0,OUTLAWS,sour,false,Juanyeh Thomas,DAL,S,0,188,-83,470.p.34595
2026,Rose Bowl XIX,106,9,0,Waiting for Basketball,Chuck,false,Alec Pierce,IND,WR,12.2,167,-61,470.p.34008
2026,Rose Bowl XIX,107,9,0,Panda XL,Alejandro C,false,Jake Ferguson,DAL,TE,16,159,-52,470.p.34085
2026,Rose Bowl XIX,108,9,0,Chubbtown Brownies,JLou,false,Jayden Reed,GB,WR,6.4,173,-65,470.p.40063
2026,Rose Bowl XIX,109,10,0,Chubbtown Brownies,JLou,false,Dallas Goedert,PHI,TE,25.1,134,-25,470.p.31019
2026,Rose Bowl XIX,110,10,0,Panda XL,Alejandro C,false,Matthew Stafford,LAR,QB,73.66,27,83,470.p.9265
2026,Rose Bowl XIX,111,10,0,Waiting for Basketball,Chuck,false,Mike Washington Jr.,LV,RB,18.9,154,-43,470.p.42744
2026,Rose Bowl XIX,112,10,0,OUTLAWS,sour,false,Josh Blackwell,CHI,"DB,CB",4.4,178,-66,470.p.34375
2026,Rose Bowl XIX,113,10,0,Jukin Junies,Amanda,false,Michael Pittman Jr.,PIT,WR,16.9,158,-45,470.p.32704
2026,Rose Bowl XIX,114,10,0,L.V. Rosekillers,Patrick,false,Brandon Aubrey,DAL,K,47,68,46,470.p.40819
2026,Rose Bowl XIX,115,10,0,CallinginSickMonday,Jaimie Harcos,false,Josh Jacobs,GB,RB,0,189,-74,470.p.31856
2026,Rose Bowl XIX,116,10,0,Sir Nix A Lot,fritchie,false,Bo Nix,DEN,QB,67.26,30,86,470.p.40875
2026,Rose Bowl XIX,117,10,0,Bear Force One,Amzie,false,Jack Campbell,DET,LB,27,127,-10,470.p.40036
2026,Rose Bowl XIX,118,10,0,Fat Lazy Americans,Andy,true,Kyle Monangai,CHI,RB,59.3,40,78,470.p.42025
2026,Rose Bowl XIX,119,10,0,Concussion Protocol,Matt,false,Quentin Johnston,LAC,WR,18.1,156,-37,470.p.40051
2026,Rose Bowl XIX,120,10,0,Nabers of the Lost Ark,Elijah,false,Divine Deablo,ATL,LB,8.5,172,-52,470.p.33468
2026,Rose Bowl XIX,121,11,0,Nabers of the Lost Ark,Elijah,false,Josh Downs,IND,WR,38.2,97,24,470.p.40126
2026,Rose Bowl XIX,122,11,0,Concussion Protocol,Matt,false,Jordan Addison,MIN,WR,13.2,165,-43,470.p.40042
2026,Rose Bowl XIX,123,11,0,Fat Lazy Americans,Andy,true,Matthew Golden,GB,WR,58,42,81,470.p.41808
2026,Rose Bowl XIX,124,11,0,Bear Force One,Amzie,false,Ja'Kobi Lane,BAL,WR,2.1,184,-60,470.p.42702
2026,Rose Bowl XIX,125,11,0,Sir Nix A Lot,fritchie,false,Rachaad White,WAS,RB,33.98,109,16,470.p.34047
2026,Rose Bowl XIX,126,11,0,CallinginSickMonday,Jaimie Harcos,false,Jordyn Brooks,MIA,LB,26.5,129,-3,470.p.32697
2026,Rose Bowl XIX,127,11,0,L.V. Rosekillers,Patrick,false,Mark Andrews,BAL,TE,38.9,93,34,470.p.31056
2026,Rose Bowl XIX,128,11,0,Jukin Junies,Amanda,false,Isaiah Likely,NYG,TE,53,50,78,470.p.34095
2026,Rose Bowl XIX,129,11,0,OUTLAWS,sour,false,Makai Lemon,PHI,WR,18,157,-28,470.p.42642
2026,Rose Bowl XIX,130,11,0,Waiting for Basketball,Chuck,false,Chris Rodriguez Jr.,JAX,RB,3.6,180,-50,470.p.40231
2026,Rose Bowl XIX,131,11,0,Panda XL,Alejandro C,false,Tyler Allgeier,ARI,RB,30.7,117,14,470.p.34107
2026,Rose Bowl XIX,132,11,0,Chubbtown Brownies,JLou,false,Woody Marks,HOU,RB,37.6,101,31,470.p.41902
2026,Rose Bowl XIX,133,12,0,Chubbtown Brownies,JLou,false,Emmett Johnson,KC,RB,24.06,138,-5,470.p.42796
2026,Rose Bowl XIX,134,12,0,Panda XL,Alejandro C,false,Aaron Donald,LAR,"DT,DE",2,185,-51,470.p.27541
2026,Rose Bowl XIX,135,12,0,Waiting for Basketball,Chuck,false,Fred Warner,SF,LB,36.5,104,31,470.p.31040
2026,Rose Bowl XIX,136,12,0,OUTLAWS,sour,false,Jaxson Dart,NYG,QB,33.4,110,26,470.p.41810
2026,Rose Bowl XIX,137,12,0,Jukin Junies,Amanda,false,Blake Cashman,MIN,LB,35.5,107,30,470.p.31989
2026,Rose Bowl XIX,138,12,0,L.V. Rosekillers,Patrick,false,Romeo Doubs,NE,WR,20.5,151,-13,470.p.34088
2026,Rose Bowl XIX,139,12,0,CallinginSickMonday,Jaimie Harcos,false,Carson Schwesinger,CLE,LB,23.5,139,0,470.p.41818
2026,Rose Bowl XIX,140,12,0,Sir Nix A Lot,fritchie,false,Juwan Johnson,NO,TE,63.2,36,104,470.p.33113
2026,Rose Bowl XIX,141,12,0,Bear Force One,Amzie,false,Foyesade Oluokun,JAX,LB,13.5,163,-22,470.p.31170
2026,Rose Bowl XIX,142,12,0,Fat Lazy Americans,Andy,true,Cedric Gray,TEN,LB,12.5,166,-24,470.p.40988
2026,Rose Bowl XIX,143,12,0,Concussion Protocol,Matt,false,Jared Goff,DET,QB,104.06,8,135,470.p.29235
2026,Rose Bowl XIX,144,12,0,Nabers of the Lost Ark,Elijah,false,Wan'Dale Robinson,TEN,WR,40.4,88,56,470.p.33998
2026,Rose Bowl XIX,145,13,0,Nabers of the Lost Ark,Elijah,false,Kyler Murray,MIN,QB,,,,470.p.31833
2026,Rose Bowl XIX,146,13,0,Concussion Protocol,Matt,false,Barrett Carter,CIN,LB,27.5,125,21,470.p.41906
2026,Rose Bowl XIX,147,13,0,Fat Lazy Americans,Andy,true,Jalen Coker,CAR,WR,54.16,48,99,470.p.41293
2026,Rose Bowl XIX,148,13,0,Bear Force One,Amzie,false,Nakobe Dean,LV,LB,40,89,59,470.p.34039
2026,Rose Bowl XIX,149,13,0,Sir Nix A Lot,fritchie,false,Isaac TeSlaa,DET,WR,27.7,124,25,470.p.41865
2026,Rose Bowl XIX,150,13,0,CallinginSickMonday,Jaimie Harcos,false,Roquan Smith,BAL,LB,32.5,111,39,470.p.30978
2026,Rose Bowl XIX,151,13,0,L.V. Rosekillers,Patrick,false,Aaron Jones Sr.,MIN,RB,51.5,57,94,470.p.30295
2026,Rose Bowl XIX,152,13,0,Jukin Junies,Amanda,false,Zack Baun,PHI,LB,22.5,143,9,470.p.32744
2026,Rose Bowl XIX,153,13,0,OUTLAWS,sour,false,Jakobi Meyers,JAX,WR,42.2,85,68,470.p.32231
2026,Rose Bowl XIX,154,13,0,Waiting for Basketball,Chuck,false,Jason Myers,SEA,K,29,121,33,470.p.28378
2026,Rose Bowl XIX,155,13,0,Panda XL,Alejandro C,false,Rashid Shaheed,SEA,WR,38.08,98,57,470.p.34659
2026,Rose Bowl XIX,156,13,0,Chubbtown Brownies,JLou,false,Jordyn Tyson,NO,WR,0,190,-34,470.p.42630
2026,Rose Bowl XIX,157,14,0,Chubbtown Brownies,JLou,false,Jonah Coleman,DEN,RB,1.08,187,-30,470.p.42730
2026,Rose Bowl XIX,158,14,0,Panda XL,Alejandro C,false,Greg Dulcich,MIA,TE,,,,470.p.34036
2026,Rose Bowl XIX,159,14,0,Waiting for Basketball,Chuck,false,Myles Garrett,LAR,"LB,DE",0,191,-32,470.p.30114
2026,Rose Bowl XIX,160,14,0,OUTLAWS,sour,false,Keaton Mitchell,LAC,RB,37.76,100,60,470.p.40641
2026,Rose Bowl XIX,161,14,0,Jukin Junies,Amanda,false,Tyjae Spears,TEN,RB,13.9,162,-1,470.p.40119
2026,Rose Bowl XIX,162,14,0,L.V. Rosekillers,Patrick,false,Tank Bigsby,PHI,RB,1.8,186,-24,470.p.40095
2026,Rose Bowl XIX,163,14,0,CallinginSickMonday,Jaimie Harcos,false,Patrick Mahomes,KC,QB,101.58,9,154,470.p.30123
2026,Rose Bowl XIX,164,14,0,Sir Nix A Lot,fritchie,false,Kyle Hamilton,BAL,S,31.5,113,51,470.p.33969
2026,Rose Bowl XIX,165,14,0,Bear Force One,Amzie,false,Alvin Kamara,NO,RB,22.8,142,23,470.p.30180
2026,Rose Bowl XIX,166,14,0,Fat Lazy Americans,Andy,true,Dylan Sampson,CLE,RB,,,,470.p.41907
2026,Rose Bowl XIX,167,14,0,Concussion Protocol,Matt,false,Harrison Mevis,LAR,K,28.5,123,44,470.p.41312
2026,Rose Bowl XIX,168,14,0,Nabers of the Lost Ark,Elijah,false,Zach Charbonnet,SEA,RB,0,192,-24,470.p.40075
2026,Rose Bowl XIX,169,15,0,Nabers of the Lost Ark,Elijah,false,Dalton Schultz,HOU,TE,42.4,84,85,470.p.31107
2026,Rose Bowl XIX,170,15,0,Concussion Protocol,Matt,false,Nick Bolton,KC,LB,30.5,118,52,470.p.33446
2026,Rose Bowl XIX,171,15,0,Fat Lazy Americans,Andy,true,Jamien Sherwood,NYJ,LB,26.5,130,41,470.p.33534
2026,Rose Bowl XIX,172,15,0,Bear Force One,Amzie,false,Jordan Love,GB,QB,46.96,69,103,470.p.32696
2026,Rose Bowl XIX,173,15,0,Sir Nix A Lot,fritchie,false,Nate Landman,LAR,LB,21.5,148,25,470.p.34291
2026,Rose Bowl XIX,174,15,0,CallinginSickMonday,Jaimie Harcos,false,Xavier Worthy,KC,WR,23.3,140,34,470.p.40877
2026,Rose Bowl XIX,175,15,0,L.V. Rosekillers,Patrick,false,Ashtyn Davis,SF,S,,,,470.p.32738
2026,Rose Bowl XIX,176,15,0,Jukin Junies,Amanda,false,Braelon Allen,NYJ,RB,26.9,128,48,470.p.40981
2026,Rose Bowl XIX,177,15,0,OUTLAWS,sour,false,Chig Okonkwo,WAS,TE,6.1,174,3,470.p.34099
2026,Rose Bowl XIX,178,15,0,Waiting for Basketball,Chuck,false,Deebo Samuel Sr.,SF,WR,67.14,32,146,470.p.31868
2026,Rose Bowl XIX,179,15,0,Panda XL,Alejandro C,false,Edgerrin Cooper,GB,LB,27.5,126,53,470.p.40938
2026,Rose Bowl XIX,180,15,0,Chubbtown Brownies,JLou,false,Brian Robinson,ATL,RB,5.66,175,5,470.p.34054
2026,Rose Bowl XIX,181,16,0,Chubbtown Brownies,JLou,false,Ka'imi Fairbairn,HOU,K,22.5,144,37,470.p.29792
2026,Rose Bowl XIX,182,16,0,Panda XL,Alejandro C,false,Alex Singleton,DEN,LB,35.5,108,74,470.p.28716
2026,Rose Bowl XIX,183,16,0,Waiting for Basketball,Chuck,false,Jauan Jennings,MIN,WR,2.9,183,0,470.p.32887
2026,Rose Bowl XIX,184,16,0,OUTLAWS,sour,false,Malachi Moore,NYJ,S,3.5,181,3,470.p.41895
2026,Rose Bowl XIX,185,16,0,Jukin Junies,Amanda,false,Quay Walker,LV,LB,26.5,131,54,470.p.33977
2026,Rose Bowl XIX,186,16,0,L.V. Rosekillers,Patrick,false,Rodney Thomas II,SEA,S,,,,470.p.34195
2026,Rose Bowl XIX,187,16,0,CallinginSickMonday,Jaimie Harcos,false,Eddy Pineiro,SF,K,30,120,67,470.p.31482
2026,Rose Bowl XIX,188,16,0,Sir Nix A Lot,fritchie,false,Cooper DeJean,PHI,"DB,CB",15,160,28,470.p.40934
2026,Rose Bowl XIX,189,16,0,Bear Force One,Amzie,false,Kaelon Black,SF,RB,13.5,164,25,470.p.42712
2026,Rose Bowl XIX,190,16,0,Fat Lazy Americans,Andy,true,Ernest Jones IV,SEA,LB,39,90,100,470.p.33491
2026,Rose Bowl XIX,191,16,0,Concussion Protocol,Matt,false,Devin Lloyd,CAR,LB,44,79,112,470.p.33982
2026,Rose Bowl XIX,192,16,0,Nabers of the Lost Ark,Elijah,false,Dane Belton,NYJ,S,,,,470.p.34070
2026,Rose Bowl XIX,193,17,0,Nabers of the Lost Ark,Elijah,false,Cameron Dicker,LAC,K,4,179,14,470.p.34344
2026,Rose Bowl XIX,194,17,0,Concussion Protocol,Matt,false,Robert Spillane,NE,LB,25,135,59,470.p.31708
2026,Rose Bowl XIX,195,17,0,Fat Lazy Americans,Andy,true,Khalil Shakir,BUF,WR,9,171,24,470.p.34104
2026,Rose Bowl XIX,196,17,0,Bear Force One,Amzie,false,Cam Little,JAX,K,25,136,60,470.p.41062
2026,Rose Bowl XIX,197,17,0,Sir Nix A Lot,fritchie,false,Jake Bates,DET,K,39,91,106,470.p.40835
2026,Rose Bowl XIX,198,17,0,CallinginSickMonday,Jaimie Harcos,false,Keenan Allen,IND,WR,0,193,5,470.p.26699
2026,Rose Bowl XIX,199,17,0,L.V. Rosekillers,Patrick,false,Isaiah Pola-Mao,LV,S,,,,470.p.34556
2026,Rose Bowl XIX,200,17,0,Jukin Junies,Amanda,false,Tyler Loop,BAL,K,48,66,134,470.p.41988
2026,Rose Bowl XIX,201,17,0,OUTLAWS,sour,false,Will Reichard,MIN,K,53,51,150,470.p.41093
2026,Rose Bowl XIX,202,17,0,Waiting for Basketball,Chuck,false,Devin Bush,CHI,LB,20.5,152,50,470.p.31842
2026,Rose Bowl XIX,203,17,0,Panda XL,Alejandro C,false,Cairo Santos,CHI,K,5,177,26,470.p.28227
2026,Rose Bowl XIX,204,17,0,Chubbtown Brownies,JLou,false,Denzel Boston,CLE,WR,56.4,46,158,470.p.42661
2026,CC Bowl XV CHAMPIONS LEAGUE,1,1,0,The Omen,Damien Robertson,false,Jahmyr Gibbs,DET,RB,121,5,-4,470.p.40059
2026,CC Bowl XV CHAMPIONS LEAGUE,2,1,0,Fat Lazy Americans,Andy,true,Bijan Robinson,ATL,RB,112.4,7,-5,470.p.40055
2026,CC Bowl XV CHAMPIONS LEAGUE,3,1,0,Ava's Mafia,Amanda,false,Ja'Marr Chase,CIN,WR,60.2,35,-32,470.p.33393
2026,CC Bowl XV CHAMPIONS LEAGUE,4,1,0,Prestige Worldwide,Matt Hamlin,false,Puka Nacua,LAR,WR,42.1,69,-65,470.p.40168
2026,CC Bowl XV CHAMPIONS LEAGUE,5,1,0,Ninja Goblins,Alejandro C,false,Jonathan Taylor,IND,RB,86.2,16,-11,470.p.32711
2026,CC Bowl XV CHAMPIONS LEAGUE,6,1,0,Isotopes,sour,false,Christian McCaffrey,SF,RB,74,25,-19,470.p.30121
2026,CC Bowl XV CHAMPIONS LEAGUE,7,1,0,CallingInSickMonday,Jaimie Harcos,false,Amon-Ra St. Brown,DET,WR,92.3,14,-7,470.p.33500
2026,CC Bowl XV CHAMPIONS LEAGUE,8,1,0,KC Masterpiece,Barry,false,Jaxon Smith-Njigba,SEA,WR,121.66,4,4,470.p.40041
2026,CC Bowl XV CHAMPIONS LEAGUE,9,2,0,KC Masterpiece,Barry,false,James Cook III,BUF,RB,73.5,26,-17,470.p.34019
2026,CC Bowl XV CHAMPIONS LEAGUE,10,2,0,CallingInSickMonday,Jaimie Harcos,false,Saquon Barkley,PHI,RB,23,100,-90,470.p.30972
2026,CC Bowl XV CHAMPIONS LEAGUE,11,2,0,Isotopes,sour,false,Kenneth Walker III,KC,RB,122.1,3,8,470.p.33996
2026,CC Bowl XV CHAMPIONS LEAGUE,12,2,0,Ninja Goblins,Alejandro C,false,CeeDee Lamb,DAL,WR,119.2,6,6,470.p.32687
2026,CC Bowl XV CHAMPIONS LEAGUE,13,2,0,Prestige Worldwide,Matt Hamlin,false,Justin Jefferson,MIN,WR,44.9,61,-48,470.p.32692
2026,CC Bowl XV CHAMPIONS LEAGUE,14,2,0,Ava's Mafia,Amanda,false,Chase Brown,CIN,RB,59,36,-22,470.p.40196
2026,CC Bowl XV CHAMPIONS LEAGUE,15,2,0,Fat Lazy Americans,Andy,true,Drake London,ATL,WR,62.9,33,-18,470.p.33963
2026,CC Bowl XV CHAMPIONS LEAGUE,16,2,0,The Omen,Damien Robertson,false,Derrick Henry,BAL,RB,92.8,13,3,470.p.29279
2026,CC Bowl XV CHAMPIONS LEAGUE,17,3,0,The Omen,Damien Robertson,false,Omarion Hampton,LAC,RB,44.7,63,-46,470.p.41807
2026,CC Bowl XV CHAMPIONS LEAGUE,18,3,0,Fat Lazy Americans,Andy,true,Brock Bowers,LV,TE,49.2,50,-32,470.p.40878
2026,CC Bowl XV CHAMPIONS LEAGUE,19,3,0,Ava's Mafia,Amanda,false,De'Von Achane,MIA,RB,24.6,96,-77,470.p.40118
2026,CC Bowl XV CHAMPIONS LEAGUE,20,3,0,Prestige Worldwide,Matt Hamlin,false,Nico Collins,HOU,WR,53,41,-21,470.p.33477
2026,CC Bowl XV CHAMPIONS LEAGUE,21,3,0,Ninja Goblins,Alejandro C,false,Ashton Jeanty,LV,RB,76.9,23,-2,470.p.41791
2026,CC Bowl XV CHAMPIONS LEAGUE,22,3,0,Isotopes,sour,false,George Pickens,DAL,WR,40.5,73,-51,470.p.34007
2026,CC Bowl XV CHAMPIONS LEAGUE,23,3,0,CallingInSickMonday,Jaimie Harcos,false,A.J. Brown,NE,WR,5.6,114,-91,470.p.31883
2026,CC Bowl XV CHAMPIONS LEAGUE,24,3,0,KC Masterpiece,Barry,false,Chris Olave,NO,WR,95.1,11,13,470.p.33966
2026,CC Bowl XV CHAMPIONS LEAGUE,25,4,0,KC Masterpiece,Barry,false,Malik Nabers,NYG,WR,45.8,60,-35,470.p.40899
2026,CC Bowl XV CHAMPIONS LEAGUE,26,4,0,CallingInSickMonday,Jaimie Harcos,false,DeVonta Smith,PHI,WR,50.5,47,-21,470.p.33398
2026,CC Bowl XV CHAMPIONS LEAGUE,27,4,0,Isotopes,sour,false,Kyren Williams,LAR,RB,90.7,15,12,470.p.34120
2026,CC Bowl XV CHAMPIONS LEAGUE,28,4,0,Ninja Goblins,Alejandro C,false,Jeremiyah Love,ARI,RB,48.9,53,-25,470.p.42625
2026,CC Bowl XV CHAMPIONS LEAGUE,29,4,0,Prestige Worldwide,Matt Hamlin,false,Javonte Williams,DAL,RB,81.8,17,12,470.p.33423
2026,CC Bowl XV CHAMPIONS LEAGUE,30,4,0,Ava's Mafia,Amanda,false,Breece Hall,NYJ,RB,44.5,64,-34,470.p.33991
2026,CC Bowl XV CHAMPIONS LEAGUE,31,4,0,Fat Lazy Americans,Andy,true,Trey McBride,ARI,TE,69.2,29,2,470.p.34010
2026,CC Bowl XV CHAMPIONS LEAGUE,32,4,0,The Omen,Damien Robertson,false,Tee Higgins,CIN,WR,74.1,24,8,470.p.32703
2026,CC Bowl XV CHAMPIONS LEAGUE,33,5,0,The Omen,Damien Robertson,false,Zay Flowers,BAL,WR,71.2,28,5,470.p.40039
2026,CC Bowl XV CHAMPIONS LEAGUE,34,5,0,Fat Lazy Americans,Andy,true,Josh Allen,BUF,QB,126.46,1,33,470.p.30977
2026,CC Bowl XV CHAMPIONS LEAGUE,35,5,0,Ava's Mafia,Amanda,false,Jaylen Waddle,DEN,WR,44.9,62,-27,470.p.33394
2026,CC Bowl XV CHAMPIONS LEAGUE,36,5,0,Prestige Worldwide,Matt Hamlin,false,Colston Loveland,CHI,TE,20.1,105,-69,470.p.41795
2026,CC Bowl XV CHAMPIONS LEAGUE,37,5,0,Ninja Goblins,Alejandro C,false,Garrett Wilson,NYJ,WR,64,32,5,470.p.33965
2026,CC Bowl XV CHAMPIONS LEAGUE,38,5,0,Isotopes,sour,false,Tetairoa McMillan,CAR,WR,78.5,20,18,470.p.41793
2026,CC Bowl XV CHAMPIONS LEAGUE,39,5,0,CallingInSickMonday,Jaimie Harcos,false,Travis Etienne Jr.,NO,RB,30.9,88,-49,470.p.33413
2026,CC Bowl XV CHAMPIONS LEAGUE,40,5,0,KC Masterpiece,Barry,false,D'Andre Swift,CHI,RB,65.5,30,10,470.p.32705
2026,CC Bowl XV CHAMPIONS LEAGUE,41,6,0,KC Masterpiece,Barry,false,Tyler Warren,IND,TE,48.5,54,-13,470.p.41799
2026,CC Bowl XV CHAMPIONS LEAGUE,42,6,0,CallingInSickMonday,Jaimie Harcos,false,Lamar Jackson,BAL,QB,93.08,12,30,470.p.31002
2026,CC Bowl XV CHAMPIONS LEAGUE,43,6,0,Isotopes,sour,false,Drake Maye,NE,QB,56.76,39,4,470.p.40881
2026,CC Bowl XV CHAMPIONS LEAGUE,44,6,0,Ninja Goblins,Alejandro C,false,Jalen Hurts,PHI,QB,81.02,19,25,470.p.32723
2026,CC Bowl XV CHAMPIONS LEAGUE,45,6,0,Prestige Worldwide,Matt Hamlin,false,Cam Skattebo,NYG,RB,44.2,66,-21,470.p.41922
2026,CC Bowl XV CHAMPIONS LEAGUE,46,6,0,Ava's Mafia,Amanda,false,Joe Burrow,CIN,QB,95.64,10,36,470.p.32671
2026,CC Bowl XV CHAMPIONS LEAGUE,47,6,0,Fat Lazy Americans,Andy,true,Rashee Rice,KC,WR,38,80,-33,470.p.40084
2026,CC Bowl XV CHAMPIONS LEAGUE,48,6,0,The Omen,Damien Robertson,false,Tucker Kraft,GB,TE,37.1,82,-34,470.p.40102
2026,CC Bowl XV CHAMPIONS LEAGUE,49,7,0,The Omen,Damien Robertson,false,Jayden Daniels,WAS,QB,38.4,78,-29,470.p.40896
2026,CC Bowl XV CHAMPIONS LEAGUE,50,7,0,Fat Lazy Americans,Andy,true,Bucky Irving,TB,RB,47.2,57,-7,470.p.40993
2026,CC Bowl XV CHAMPIONS LEAGUE,51,7,0,Ava's Mafia,Amanda,false,Sam LaPorta,DET,TE,56.8,38,13,470.p.40064
2026,CC Bowl XV CHAMPIONS LEAGUE,52,7,0,Prestige Worldwide,Matt Hamlin,false,Caleb Williams,CHI,QB,48.98,52,0,470.p.40900
2026,CC Bowl XV CHAMPIONS LEAGUE,53,7,0,Ninja Goblins,Alejandro C,false,Harold Fannin Jr.,CLE,TE,50.3,48,5,470.p.41877
2026,CC Bowl XV CHAMPIONS LEAGUE,54,7,0,Isotopes,sour,false,Kyle Pitts Sr.,ATL,TE,12.2,111,-57,470.p.33392
2026,CC Bowl XV CHAMPIONS LEAGUE,55,7,0,CallingInSickMonday,Jaimie Harcos,false,George Kittle,SF,TE,65.4,31,24,470.p.30259
2026,CC Bowl XV CHAMPIONS LEAGUE,56,7,0,KC Masterpiece,Barry,false,Justin Herbert,LAC,QB,52.94,44,12,470.p.32676
2026,CC Bowl XV CHAMPIONS LEAGUE,57,8,0,KC Masterpiece,Barry,false,Texans,HOU,DEF,44,67,-10,470.p.100034
2026,CC Bowl XV CHAMPIONS LEAGUE,58,8,0,CallingInSickMonday,Jaimie Harcos,false,Brandon Aubrey,DAL,K,41,71,-13,470.p.40819
2026,CC Bowl XV CHAMPIONS LEAGUE,59,8,0,Isotopes,sour,false,Rams,LAR,DEF,48,56,3,470.p.100014
2026,CC Bowl XV CHAMPIONS LEAGUE,60,8,0,Ninja Goblins,Alejandro C,false,Broncos,DEN,DEF,49,51,9,470.p.100007
2026,CC Bowl XV CHAMPIONS LEAGUE,61,8,0,Prestige Worldwide,Matt Hamlin,false,Seahawks,SEA,DEF,62,34,27,470.p.100026
2026,CC Bowl XV CHAMPIONS LEAGUE,62,8,0,Ava's Mafia,Amanda,false,Ka'imi Fairbairn,HOU,K,38.5,77,-15,470.p.29792
2026,CC Bowl XV CHAMPIONS LEAGUE,63,8,0,Fat Lazy Americans,Andy,true,Jordyn Brooks,MIA,LB,26.5,92,-29,470.p.32697
2026,CC Bowl XV CHAMPIONS LEAGUE,64,8,0,The Omen,Damien Robertson,false,Eagles,PHI,DEF,19,106,-42,470.p.100021
2026,CC Bowl XV CHAMPIONS LEAGUE,65,9,0,The Omen,Damien Robertson,false,Cameron Dicker,LAC,K,4,116,-51,470.p.34344
2026,CC Bowl XV CHAMPIONS LEAGUE,66,9,0,Fat Lazy Americans,Andy,true,Jack Campbell,DET,LB,28,91,-25,470.p.40036
2026,CC Bowl XV CHAMPIONS LEAGUE,67,9,0,Ava's Mafia,Amanda,false,Ravens,BAL,DEF,41,72,-5,470.p.100033
2026,CC Bowl XV CHAMPIONS LEAGUE,68,9,0,Prestige Worldwide,Matt Hamlin,false,Jason Myers,SEA,K,29,90,-22,470.p.28378
2026,CC Bowl XV CHAMPIONS LEAGUE,69,9,0,Ninja Goblins,Alejandro C,false,Cam Little,JAX,K,39,75,-6,470.p.41062
2026,CC Bowl XV CHAMPIONS LEAGUE,70,9,0,Isotopes,sour,false,Tyler Loop,BAL,K,42,70,0,470.p.41988
2026,CC Bowl XV CHAMPIONS LEAGUE,71,9,0,CallingInSickMonday,Jaimie Harcos,false,Vikings,MIN,DEF,32,87,-16,470.p.100016
2026,CC Bowl XV CHAMPIONS LEAGUE,72,9,0,KC Masterpiece,Barry,false,Will Reichard,MIN,K,53,42,30,470.p.41093
2026,CC Bowl XV CHAMPIONS LEAGUE,73,10,0,KC Masterpiece,Barry,false,Marcus Jones,NE,"DB,CB",22.36,102,-29,470.p.34041
2026,CC Bowl XV CHAMPIONS LEAGUE,74,10,0,CallingInSickMonday,Jaimie Harcos,false,Jeffery Simmons,TEN,"DT,DE",,,,470.p.31851
2026,CC Bowl XV CHAMPIONS LEAGUE,75,10,0,Isotopes,sour,false,Deonte Banks,NYG,CB,22.98,101,-26,470.p.40053
2026,CC Bowl XV CHAMPIONS LEAGUE,76,10,0,Ninja Goblins,Alejandro C,false,Juanyeh Thomas,DAL,S,,,,470.p.34595
2026,CC Bowl XV CHAMPIONS LEAGUE,77,10,0,Prestige Worldwide,Matt Hamlin,false,Josh Blackwell,CHI,"DB,CB",,,,470.p.34375
2026,CC Bowl XV CHAMPIONS LEAGUE,78,10,0,Ava's Mafia,Amanda,false,Divine Deablo,ATL,LB,15,108,-30,470.p.33468
2026,CC Bowl XV CHAMPIONS LEAGUE,79,10,0,Fat Lazy Americans,Andy,true,Jaguars,JAX,DEF,72,27,52,470.p.100030
2026,CC Bowl XV CHAMPIONS LEAGUE,80,10,0,The Omen,Damien Robertson,false,Ashtyn Davis,SF,S,1,118,-38,470.p.32738
2026,CC Bowl XV CHAMPIONS LEAGUE,81,11,0,The Omen,Damien Robertson,false,Malachi Moore,NYJ,S,,,,470.p.41895
2026,CC Bowl XV CHAMPIONS LEAGUE,82,11,0,Fat Lazy Americans,Andy,true,Cairo Santos,CHI,K,38,81,1,470.p.28227
2026,CC Bowl XV CHAMPIONS LEAGUE,83,11,0,Ava's Mafia,Amanda,false,Rodney Thomas II,SEA,S,4.5,115,-32,470.p.34195
2026,CC Bowl XV CHAMPIONS LEAGUE,84,11,0,Prestige Worldwide,Matt Hamlin,false,Dane Belton,NYJ,S,,,,470.p.34070
2026,CC Bowl XV CHAMPIONS LEAGUE,85,11,0,Ninja Goblins,Alejandro C,false,Isaiah Pola-Mao,LV,S,,,,470.p.34556
2026,CC Bowl XV CHAMPIONS LEAGUE,86,11,0,Isotopes,sour,false,Dell Pettus,NE,S,2,117,-31,470.p.41413
2026,CC Bowl XV CHAMPIONS LEAGUE,87,11,0,CallingInSickMonday,Jaimie Harcos,false,Julian Love,SEA,S,,,,470.p.31940
2026,CC Bowl XV CHAMPIONS LEAGUE,88,11,0,KC Masterpiece,Barry,false,Jalen Reeves-Maybin,CHI,LB,0,119,-31,470.p.30237
2026,CC Bowl XV CHAMPIONS LEAGUE,89,12,0,KC Masterpiece,Barry,false,Ladd McConkey,LAC,WR,36.3,83,6,470.p.40908
2026,CC Bowl XV CHAMPIONS LEAGUE,90,12,0,CallingInSickMonday,Jaimie Harcos,false,Emeka Egbuka,TB,WR,32.8,85,5,470.p.41804
2026,CC Bowl XV CHAMPIONS LEAGUE,91,12,0,Isotopes,sour,false,Luther Burden III,CHI,WR,46.9,59,32,470.p.41824
2026,CC Bowl XV CHAMPIONS LEAGUE,92,12,0,Ninja Goblins,Alejandro C,false,DJ Moore,BUF,WR,38.3,79,13,470.p.30994
2026,CC Bowl XV CHAMPIONS LEAGUE,93,12,0,Prestige Worldwide,Matt Hamlin,false,Terry McLaurin,WAS,WR,30.1,89,4,470.p.31908
2026,CC Bowl XV CHAMPIONS LEAGUE,94,12,0,Ava's Mafia,Amanda,false,Jameson Williams,DET,WR,39.9,74,20,470.p.33967
2026,CC Bowl XV CHAMPIONS LEAGUE,95,12,0,Fat Lazy Americans,Andy,true,Davante Adams,LAR,WR,78,22,73,470.p.27581
2026,CC Bowl XV CHAMPIONS LEAGUE,96,12,0,The Omen,Damien Robertson,false,Rome Odunze,CHI,WR,15.5,107,-11,470.p.40901
2026,CC Bowl XV CHAMPIONS LEAGUE,97,13,0,The Omen,Damien Robertson,false,Christian Watson,GB,WR,78.1,21,76,470.p.33989
2026,CC Bowl XV CHAMPIONS LEAGUE,98,13,0,Fat Lazy Americans,Andy,true,Quinshon Judkins,CLE,RB,48.3,55,43,470.p.41821
2026,CC Bowl XV CHAMPIONS LEAGUE,99,13,0,Ava's Mafia,Amanda,false,Parker Washington,JAX,WR,52.5,45,54,470.p.40234
2026,CC Bowl XV CHAMPIONS LEAGUE,100,13,0,Prestige Worldwide,Matt Hamlin,false,David Montgomery,HOU,RB,44.4,65,35,470.p.31905
2026,CC Bowl XV CHAMPIONS LEAGUE,101,13,0,Ninja Goblins,Alejandro C,false,Bhayshul Tuten,JAX,RB,52.1,46,55,470.p.41900
2026,CC Bowl XV CHAMPIONS LEAGUE,102,13,0,Isotopes,sour,false,Jadarian Price,SEA,RB,14,109,-7,470.p.42654
2026,CC Bowl XV CHAMPIONS LEAGUE,103,13,0,CallingInSickMonday,Jaimie Harcos,false,Mike Evans,SF,WR,50.3,49,54,470.p.27535
2026,CC Bowl XV CHAMPIONS LEAGUE,104,13,0,KC Masterpiece,Barry,false,Rhamondre Stevenson,NE,RB,43.3,68,36,470.p.33508
2026,CC Bowl XV CHAMPIONS LEAGUE,105,14,0,KC Masterpiece,Barry,false,TreVeyon Henderson,NE,RB,21.7,103,2,470.p.41823
2026,CC Bowl XV CHAMPIONS LEAGUE,106,14,0,CallingInSickMonday,Jaimie Harcos,false,Jaylen Warren,PIT,RB,58.2,37,69,470.p.34447
2026,CC Bowl XV CHAMPIONS LEAGUE,107,14,0,Isotopes,sour,false,Marvin Harrison Jr.,ARI,WR,20.5,104,3,470.p.40893
2026,CC Bowl XV CHAMPIONS LEAGUE,108,14,0,Ninja Goblins,Alejandro C,false,MarShawn Lloyd,GB,RB,26,93,15,470.p.40971
2026,CC Bowl XV CHAMPIONS LEAGUE,109,14,0,Prestige Worldwide,Matt Hamlin,false,Brian Thomas Jr.,JAX,WR,14,110,-1,470.p.40883
2026,CC Bowl XV CHAMPIONS LEAGUE,110,14,0,Ava's Mafia,Amanda,false,Jonathon Brooks,CAR,RB,9.3,113,-3,470.p.40926
2026,CC Bowl XV CHAMPIONS LEAGUE,111,14,0,Fat Lazy Americans,Andy,true,Carnell Tate,TEN,WR,,,,470.p.42626
2026,CC Bowl XV CHAMPIONS LEAGUE,112,14,0,The Omen,Damien Robertson,false,Trevor Lawrence,JAX,QB,81.12,18,94,470.p.33389
2026,CC Bowl XV CHAMPIONS LEAGUE,113,15,0,The Omen,Damien Robertson,false,Tony Pollard,TEN,RB,25.5,94,19,470.p.31960
2026,CC Bowl XV CHAMPIONS LEAGUE,114,15,0,Fat Lazy Americans,Andy,true,Dak Prescott,DAL,QB,99.2,9,105,470.p.29369
2026,CC Bowl XV CHAMPIONS LEAGUE,115,15,0,Ava's Mafia,Amanda,false,Brock Purdy,SF,QB,122.48,2,113,470.p.34218
2026,CC Bowl XV CHAMPIONS LEAGUE,116,15,0,Prestige Worldwide,Matt Hamlin,false,Bo Nix,DEN,QB,23.56,97,19,470.p.40875
2026,CC Bowl XV CHAMPIONS LEAGUE,117,15,0,Ninja Goblins,Alejandro C,false,Dalton Kincaid,BUF,TE,47,58,59,470.p.40048
2026,CC Bowl XV CHAMPIONS LEAGUE,118,15,0,Isotopes,sour,false,Jaxson Dart,NYG,QB,33.4,84,34,470.p.41810
2026,CC Bowl XV CHAMPIONS LEAGUE,119,15,0,CallingInSickMonday,Jaimie Harcos,false,Matthew Stafford,LAR,QB,,,,470.p.9265
2026,CC Bowl XV CHAMPIONS LEAGUE,120,15,0,KC Masterpiece,Barry,false,Dallas Goedert,PHI,TE,25.1,95,25,470.p.31019
2026,CC Bowl XV CHAMPIONS LEAGUE,121,16,0,KC Masterpiece,Barry,false,Jared Goff,DET,QB,111.06,8,113,470.p.29235
2026,CC Bowl XV CHAMPIONS LEAGUE,122,16,0,CallingInSickMonday,Jaimie Harcos,false,Travis Kelce,KC,TE,53.6,40,82,470.p.26686
2026,CC Bowl XV CHAMPIONS LEAGUE,123,16,0,Isotopes,sour,false,Isaiah Likely,NYG,TE,53,43,80,470.p.34095
2026,CC Bowl XV CHAMPIONS LEAGUE,124,16,0,Ninja Goblins,Alejandro C,false,Kyler Murray,MIN,QB,23.52,98,26,470.p.31833
2026,CC Bowl XV CHAMPIONS LEAGUE,125,16,0,Prestige Worldwide,Matt Hamlin,false,Juwan Johnson,NO,TE,11.9,112,13,470.p.33113
2026,CC Bowl XV CHAMPIONS LEAGUE,126,16,0,Ava's Mafia,Amanda,false,Mark Andrews,BAL,TE,38.9,76,50,470.p.31056
2026,CC Bowl XV CHAMPIONS LEAGUE,127,16,0,Fat Lazy Americans,Andy,true,Carson Schwesinger,CLE,LB,23.5,99,28,470.p.41818
2026,CC Bowl XV CHAMPIONS LEAGUE,128,16,0,The Omen,Damien Robertson,false,Jake Ferguson,DAL,TE,32.2,86,42,470.p.34085
2026,RFI XIX,1,1,0,Sheriff Of Paddy's,David,false,Jahmyr Gibbs,DET,RB,104,5,-4,470.p.40059
2026,RFI XIX,2,1,0,Snookies Squad,Braden,false,Bijan Robinson,ATL,RB,97.9,7,-5,470.p.40055
2026,RFI XIX,3,1,0,Shanimals,Shannon,false,Ja'Marr Chase,CIN,WR,44.7,53,-50,470.p.33393
2026,RFI XIX,4,1,0,Tremendous Slouch,Doug,false,Christian McCaffrey,SF,RB,61.5,28,-24,470.p.30121
2026,RFI XIX,5,1,0,Fat Lazy AmAndicans,Andy,true,Jonathan Taylor,IND,RB,77.7,17,-12,470.p.32711
2026,RFI XIX,6,1,0,CousinCamp,Matthew,false,Amon-Ra St. Brown,DET,WR,68.8,22,-16,470.p.33500
2026,RFI XIX,7,1,0,Doug Exeter,James,false,Jaxon Smith-Njigba,SEA,WR,97.16,9,-2,470.p.40041
2026,RFI XIX,8,1,0,2026 Champ!,J,false,Saquon Barkley,PHI,RB,19.5,131,-123,470.p.30972
2026,RFI XIX,9,1,0,Golden Domers 4 J&J,sean,false,James Cook III,BUF,RB,66.5,26,-17,470.p.34019
2026,RFI XIX,10,1,0,Shrimp Gang,Taylor,false,Derrick Henry,BAL,RB,84.8,13,-3,470.p.29279
2026,RFI XIX,11,1,0,NotSoNewlyWedz,Corey,false,De'Von Achane,MIA,RB,18.6,137,-126,470.p.40118
2026,RFI XIX,12,1,0,Tough Nuts,Michele,false,Chase Brown,CIN,RB,38.5,70,-58,470.p.40196
2026,RFI XIX,13,2,0,Tough Nuts,Michele,false,Kenneth Walker III,KC,RB,110.6,3,10,470.p.33996
2026,RFI XIX,14,2,0,NotSoNewlyWedz,Corey,false,CeeDee Lamb,DAL,WR,89.2,12,2,470.p.32687
2026,RFI XIX,15,2,0,Shrimp Gang,Taylor,false,Justin Jefferson,MIN,WR,35.9,80,-65,470.p.32692
2026,RFI XIX,16,2,0,Golden Domers 4 J&J,sean,false,Javonte Williams,DAL,RB,68.8,23,-7,470.p.33423
2026,RFI XIX,17,2,0,2026 Champ!,J,false,Omarion Hampton,LAC,RB,41.2,59,-42,470.p.41807
2026,RFI XIX,18,2,0,Doug Exeter,James,false,Jeremiyah Love,ARI,RB,38.9,69,-51,470.p.42625
2026,RFI XIX,19,2,0,CousinCamp,Matthew,false,Ashton Jeanty,LV,RB,58.4,29,-10,470.p.41791
2026,RFI XIX,20,2,0,Fat Lazy AmAndicans,Andy,true,A.J. Brown,NE,WR,3.6,167,-147,470.p.31883
2026,RFI XIX,21,2,0,Tremendous Slouch,Doug,false,Josh Allen,BUF,QB,123.46,1,20,470.p.30977
2026,RFI XIX,22,2,0,Shanimals,Shannon,false,Brock Bowers,LV,TE,38.2,73,-51,470.p.40878
2026,RFI XIX,23,2,0,Snookies Squad,Braden,false,George Pickens,DAL,WR,28.5,102,-79,470.p.34007
2026,RFI XIX,24,2,0,Sheriff Of Paddy's,David,false,Chris Olave,NO,WR,67.6,24,0,470.p.33966
2026,RFI XIX,25,3,0,Sheriff Of Paddy's,David,false,Breece Hall,NYJ,RB,34,85,-60,470.p.33991
2026,RFI XIX,26,3,0,Snookies Squad,Braden,false,Malik Nabers,NYG,WR,31.3,92,-66,470.p.40899
2026,RFI XIX,27,3,0,Shanimals,Shannon,false,Travis Etienne Jr.,NO,RB,21.4,125,-98,470.p.33413
2026,RFI XIX,28,3,0,Tremendous Slouch,Doug,false,DeVonta Smith,PHI,WR,34.5,84,-56,470.p.33398
2026,RFI XIX,29,3,0,Fat Lazy AmAndicans,Andy,true,D'Andre Swift,CHI,RB,56,34,-5,470.p.32705
2026,RFI XIX,30,3,0,CousinCamp,Matthew,false,Zay Flowers,BAL,WR,56.2,32,-2,470.p.40039
2026,RFI XIX,31,3,0,Doug Exeter,James,false,Emeka Egbuka,TB,WR,24.6,117,-86,470.p.41804
2026,RFI XIX,32,3,0,2026 Champ!,J,false,Trey McBride,ARI,TE,42.2,56,-24,470.p.34010
2026,RFI XIX,33,3,0,Golden Domers 4 J&J,sean,false,Jadarian Price,SEA,RB,10.5,159,-126,470.p.42654
2026,RFI XIX,34,3,0,Shrimp Gang,Taylor,false,Cam Skattebo,NYG,RB,37.7,75,-41,470.p.41922
2026,RFI XIX,35,3,0,NotSoNewlyWedz,Corey,false,Bucky Irving,TB,RB,35.7,82,-47,470.p.40993
2026,RFI XIX,36,3,0,Tough Nuts,Michele,false,Garrett Wilson,NYJ,WR,46,49,-13,470.p.33965
2026,RFI XIX,37,4,0,Tough Nuts,Michele,false,Ladd McConkey,LAC,WR,29.3,98,-61,470.p.40908
2026,RFI XIX,38,4,0,NotSoNewlyWedz,Corey,false,Tee Higgins,CIN,WR,56.1,33,5,470.p.32703
2026,RFI XIX,39,4,0,Shrimp Gang,Taylor,false,Tetairoa McMillan,CAR,WR,57,31,8,470.p.41793
2026,RFI XIX,40,4,0,Golden Domers 4 J&J,sean,false,Rashee Rice,KC,WR,28,104,-64,470.p.40084
2026,RFI XIX,41,4,0,2026 Champ!,J,false,Jaylen Waddle,DEN,WR,31.9,90,-49,470.p.33394
2026,RFI XIX,42,4,0,Doug Exeter,James,false,Lamar Jackson,BAL,QB,91.08,11,31,470.p.31002
2026,RFI XIX,43,4,0,CousinCamp,Matthew,false,DJ Moore,BUF,WR,28.8,101,-58,470.p.30994
2026,RFI XIX,44,4,0,Fat Lazy AmAndicans,Andy,true,David Montgomery,HOU,RB,38.4,71,-27,470.p.31905
2026,RFI XIX,45,4,0,Tremendous Slouch,Doug,false,Bhayshul Tuten,JAX,RB,46.1,48,-3,470.p.41900
2026,RFI XIX,46,4,0,Shanimals,Shannon,false,Rhamondre Stevenson,NE,RB,31.8,91,-45,470.p.33508
2026,RFI XIX,47,4,0,Snookies Squad,Braden,false,Luther Burden III,CHI,WR,32.4,89,-42,470.p.41824
2026,RFI XIX,48,4,0,Sheriff Of Paddy's,David,false,Terry McLaurin,WAS,WR,24.1,120,-72,470.p.31908
2026,RFI XIX,49,5,0,Sheriff Of Paddy's,David,false,Davante Adams,LAR,WR,58,30,19,470.p.27581
2026,RFI XIX,50,5,0,Snookies Squad,Braden,false,Tyler Warren,IND,TE,28.5,103,-53,470.p.41799
2026,RFI XIX,51,5,0,Shanimals,Shannon,false,Jameson Williams,DET,WR,28.9,100,-49,470.p.33967
2026,RFI XIX,52,5,0,Tremendous Slouch,Doug,false,TreVeyon Henderson,NE,RB,20.7,128,-76,470.p.41823
2026,RFI XIX,53,5,0,Fat Lazy AmAndicans,Andy,true,Tucker Kraft,GB,TE,24.6,118,-65,470.p.40102
2026,RFI XIX,54,5,0,CousinCamp,Matthew,false,MarShawn Lloyd,GB,RB,12.6,153,-99,470.p.40971
2026,RFI XIX,55,5,0,Doug Exeter,James,false,Rome Odunze,CHI,WR,27.8,106,-51,470.p.40901
2026,RFI XIX,56,5,0,2026 Champ!,J,false,Marvin Harrison Jr.,ARI,WR,17,142,-86,470.p.40893
2026,RFI XIX,57,5,0,Golden Domers 4 J&J,sean,false,DK Metcalf,PIT,WR,32.8,88,-31,470.p.31896
2026,RFI XIX,58,5,0,Shrimp Gang,Taylor,false,Mike Evans,SF,WR,41.3,58,0,470.p.27535
2026,RFI XIX,59,5,0,NotSoNewlyWedz,Corey,false,Jaylen Warren,PIT,RB,45.7,50,9,470.p.34447
2026,RFI XIX,60,5,0,Tough Nuts,Michele,false,Jalen Hurts,PHI,QB,81.02,15,45,470.p.32723
2026,RFI XIX,61,6,0,Tough Nuts,Michele,false,Kyle Pitts Sr.,ATL,TE,2.5,170,-109,470.p.33392
2026,RFI XIX,62,6,0,NotSoNewlyWedz,Corey,false,Sam LaPorta,DET,TE,40.8,61,1,470.p.40064
2026,RFI XIX,63,6,0,Shrimp Gang,Taylor,false,Jayden Daniels,WAS,QB,38.4,72,-9,470.p.40896
2026,RFI XIX,64,6,0,Golden Domers 4 J&J,sean,false,Courtland Sutton,DEN,WR,11.1,157,-93,470.p.31010
2026,RFI XIX,65,6,0,2026 Champ!,J,false,Carnell Tate,TEN,WR,30.3,96,-31,470.p.42626
2026,RFI XIX,66,6,0,Doug Exeter,James,false,Jonathon Brooks,CAR,RB,7.8,162,-96,470.p.40926
2026,RFI XIX,67,6,0,CousinCamp,Matthew,false,Nico Collins,HOU,WR,42,57,10,470.p.33477
2026,RFI XIX,68,6,0,Fat Lazy AmAndicans,Andy,true,Parker Washington,JAX,WR,40,64,4,470.p.40234
2026,RFI XIX,69,6,0,Tremendous Slouch,Doug,false,Christian Watson,GB,WR,64.1,27,42,470.p.33989
2026,RFI XIX,70,6,0,Shanimals,Shannon,false,Drake Maye,NE,QB,55.76,35,35,470.p.40881
2026,RFI XIX,71,6,0,Snookies Squad,Braden,false,Justin Herbert,LAC,QB,51.44,41,30,470.p.32676
2026,RFI XIX,72,6,0,Sheriff Of Paddy's,David,false,Trevor Lawrence,JAX,QB,81.12,14,58,470.p.33389
2026,RFI XIX,73,7,0,Sheriff Of Paddy's,David,false,George Kittle,SF,TE,53.4,38,35,470.p.30259
2026,RFI XIX,74,7,0,Snookies Squad,Braden,false,Tony Pollard,TEN,RB,31,94,-20,470.p.31960
2026,RFI XIX,75,7,0,Shanimals,Shannon,false,Rico Dowdle,PIT,RB,7.5,163,-88,470.p.33100
2026,RFI XIX,76,7,0,Tremendous Slouch,Doug,false,J.K. Dobbins,DEN,RB,18.2,138,-62,470.p.32725
2026,RFI XIX,77,7,0,Fat Lazy AmAndicans,Andy,true,Quentin Johnston,LAC,WR,13.1,151,-74,470.p.40051
2026,RFI XIX,78,7,0,CousinCamp,Matthew,false,Harold Fannin Jr.,CLE,TE,37.8,74,4,470.p.41877
2026,RFI XIX,79,7,0,Doug Exeter,James,false,Jacory Croskey-Merritt,WAS,RB,26.2,110,-31,470.p.42010
2026,RFI XIX,80,7,0,2026 Champ!,J,false,Chuba Hubbard,CAR,RB,71.5,21,59,470.p.33514
2026,RFI XIX,81,7,0,Golden Domers 4 J&J,sean,false,Rams,LAR,DEF,22,123,-42,470.p.100014
2026,RFI XIX,82,7,0,Shrimp Gang,Taylor,false,Blake Corum,LAR,RB,18.7,136,-54,470.p.40962
2026,RFI XIX,83,7,0,NotSoNewlyWedz,Corey,false,Brian Thomas Jr.,JAX,WR,20,129,-46,470.p.40883
2026,RFI XIX,84,7,0,Tough Nuts,Michele,false,Drake London,ATL,WR,44.9,52,32,470.p.33963
2026,RFI XIX,85,8,0,Tough Nuts,Michele,false,Jordan Addison,MIN,WR,25.7,115,-30,470.p.40042
2026,RFI XIX,86,8,0,NotSoNewlyWedz,Corey,false,Dak Prescott,DAL,QB,97.2,8,78,470.p.29369
2026,RFI XIX,87,8,0,Shrimp Gang,Taylor,false,Chris Godwin Jr.,TB,WR,19.2,132,-45,470.p.30197
2026,RFI XIX,88,8,0,Golden Domers 4 J&J,sean,false,Mark Andrews,BAL,TE,25.4,116,-28,470.p.31056
2026,RFI XIX,89,8,0,2026 Champ!,J,false,De'Zhaun Stribling,SF,WR,0,174,-85,470.p.42655
2026,RFI XIX,90,8,0,Doug Exeter,James,false,Matthew Golden,GB,WR,46.5,47,43,470.p.41808
2026,RFI XIX,91,8,0,CousinCamp,Matthew,false,Brock Purdy,SF,QB,122.48,2,89,470.p.34218
2026,RFI XIX,92,8,0,Fat Lazy AmAndicans,Andy,true,Jordan Mason,MIN,RB,11.9,156,-64,470.p.34320
2026,RFI XIX,93,8,0,Tremendous Slouch,Doug,false,Alec Pierce,IND,WR,9.7,161,-68,470.p.34008
2026,RFI XIX,94,8,0,Shanimals,Shannon,false,Jayden Reed,GB,WR,2.9,169,-75,470.p.40063
2026,RFI XIX,95,8,0,Snookies Squad,Braden,false,Josh Downs,IND,WR,26.2,111,-16,470.p.40126
2026,RFI XIX,96,8,0,Sheriff Of Paddy's,David,false,Quinshon Judkins,CLE,RB,35.8,81,15,470.p.41821
2026,RFI XIX,97,9,0,Sheriff Of Paddy's,David,false,Michael Wilson,ARI,WR,40.3,63,34,470.p.40121
2026,RFI XIX,98,9,0,Snookies Squad,Braden,false,Stefon Diggs,WAS,WR,40.5,62,36,470.p.28534
2026,RFI XIX,99,9,0,Shanimals,Shannon,false,Makai Lemon,PHI,WR,-0.5,178,-79,470.p.42642
2026,RFI XIX,100,9,0,Tremendous Slouch,Doug,false,RJ Harvey,DEN,RB,26.6,109,-9,470.p.41845
2026,RFI XIX,101,9,0,Fat Lazy AmAndicans,Andy,true,Dalton Kincaid,BUF,TE,36,79,22,470.p.40048
2026,RFI XIX,102,9,0,CousinCamp,Matthew,false,KC Concepcion Jr.,CLE,WR,17.14,141,-39,470.p.42646
2026,RFI XIX,103,9,0,Doug Exeter,James,false,Kyren Williams,LAR,RB,73.2,20,83,470.p.34120
2026,RFI XIX,104,9,0,2026 Champ!,J,false,Puka Nacua,LAR,WR,29.6,97,7,470.p.40168
2026,RFI XIX,105,9,0,Golden Domers 4 J&J,sean,false,Jakobi Meyers,JAX,WR,33.7,86,19,470.p.32231
2026,RFI XIX,106,9,0,Shrimp Gang,Taylor,false,Travis Kelce,KC,TE,42.6,55,51,470.p.26686
2026,RFI XIX,107,9,0,NotSoNewlyWedz,Corey,false,Michael Pittman Jr.,PIT,WR,10.4,160,-53,470.p.32704
2026,RFI XIX,108,9,0,Tough Nuts,Michele,false,Tyler Allgeier,ARI,RB,21.2,126,-18,470.p.34107
2026,RFI XIX,109,10,0,Tough Nuts,Michele,false,Brandon Aubrey,DAL,K,40,65,44,470.p.40819
2026,RFI XIX,110,10,0,NotSoNewlyWedz,Corey,false,Chris Rodriguez Jr.,JAX,RB,22.8,122,-12,470.p.40231
2026,RFI XIX,111,10,0,Shrimp Gang,Taylor,false,Kenny Gainwell,TB,RB,16.5,144,-33,470.p.33538
2026,RFI XIX,112,10,0,Golden Domers 4 J&J,sean,false,Josh Jacobs,GB,RB,0,175,-63,470.p.31856
2026,RFI XIX,113,10,0,2026 Champ!,J,false,Matthew Stafford,LAR,QB,73.66,19,94,470.p.9265
2026,RFI XIX,114,10,0,Doug Exeter,James,false,Dallas Goedert,PHI,TE,21.6,124,-10,470.p.31019
2026,RFI XIX,115,10,0,CousinCamp,Matthew,false,Bo Nix,DEN,QB,67.26,25,90,470.p.40875
2026,RFI XIX,116,10,0,Fat Lazy AmAndicans,Andy,true,Xavier Worthy,KC,WR,14.3,148,-32,470.p.40877
2026,RFI XIX,117,10,0,Tremendous Slouch,Doug,false,Rashid Shaheed,SEA,WR,3.96,166,-49,470.p.34659
2026,RFI XIX,118,10,0,Shanimals,Shannon,false,Kyle Monangai,CHI,RB,54.8,37,81,470.p.42025
2026,RFI XIX,119,10,0,Snookies Squad,Braden,false,Jaxson Dart,NYG,QB,33.4,87,32,470.p.41810
2026,RFI XIX,120,10,0,Sheriff Of Paddy's,David,false,Isaiah Likely,NYG,TE,37.5,76,44,470.p.34095
2026,RFI XIX,121,11,0,Sheriff Of Paddy's,David,false,Mike Washington Jr.,LV,RB,17.9,140,-19,470.p.42744
2026,RFI XIX,122,11,0,Snookies Squad,Braden,false,Rachaad White,WAS,RB,25.98,113,9,470.p.34047
2026,RFI XIX,123,11,0,Shanimals,Shannon,false,Wan'Dale Robinson,TEN,WR,6.7,164,-41,470.p.33998
2026,RFI XIX,124,11,0,Tremendous Slouch,Doug,false,Jordyn Tyson,NO,WR,0,176,-52,470.p.42630
2026,RFI XIX,125,11,0,Fat Lazy AmAndicans,Andy,true,Texans,HOU,DEF,19,134,-9,470.p.100034
2026,RFI XIX,126,11,0,CousinCamp,Matthew,false,Aaron Jones Sr.,MIN,RB,44,54,72,470.p.30295
2026,RFI XIX,127,11,0,Doug Exeter,James,false,Jared Goff,DET,QB,109.06,4,123,470.p.29235
2026,RFI XIX,128,11,0,2026 Champ!,J,false,Patrick Mahomes,KC,QB,101.58,6,122,470.p.30123
2026,RFI XIX,129,11,0,Golden Domers 4 J&J,sean,false,Jake Ferguson,DAL,TE,26.8,108,21,470.p.34085
2026,RFI XIX,130,11,0,Shrimp Gang,Taylor,false,Romeo Doubs,NE,WR,36.8,78,52,470.p.34088
2026,RFI XIX,131,11,0,NotSoNewlyWedz,Corey,false,Khalil Shakir,BUF,WR,19.54,130,1,470.p.34104
2026,RFI XIX,132,11,0,Tough Nuts,Michele,false,Woody Marks,HOU,RB,31.1,93,39,470.p.41902
2026,RFI XIX,133,12,0,Tough Nuts,Michele,false,Jalen Coker,CAR,WR,41.16,60,73,470.p.41293
2026,RFI XIX,134,12,0,NotSoNewlyWedz,Corey,false,Seahawks,SEA,DEF,35,83,51,470.p.100026
2026,RFI XIX,135,12,0,Shrimp Gang,Taylor,false,Hunter Henry,NE,TE,16.3,145,-10,470.p.29269
2026,RFI XIX,136,12,0,Golden Domers 4 J&J,sean,false,Caleb Williams,CHI,QB,48.98,44,92,470.p.40900
2026,RFI XIX,137,12,0,2026 Champ!,J,false,Tank Bigsby,PHI,RB,16.1,146,-9,470.p.40095
2026,RFI XIX,138,12,0,Doug Exeter,James,false,Broncos,DEN,DEF,27,107,31,470.p.100007
2026,RFI XIX,139,12,0,CousinCamp,Matthew,false,Juwan Johnson,NO,TE,45.7,51,88,470.p.33113
2026,RFI XIX,140,12,0,Fat Lazy AmAndicans,Andy,true,Deebo Samuel Sr.,SF,WR,55.64,36,104,470.p.31868
2026,RFI XIX,141,12,0,Tremendous Slouch,Doug,false,Kaelon Black,SF,RB,12.5,155,-14,470.p.42712
2026,RFI XIX,142,12,0,Shanimals,Shannon,false,Zach Charbonnet,SEA,RB,0,177,-35,470.p.40075
2026,RFI XIX,143,12,0,Snookies Squad,Braden,false,Dalton Schultz,HOU,TE,25.9,114,29,470.p.31107
2026,RFI XIX,144,12,0,Sheriff Of Paddy's,David,false,Baker Mayfield,TB,QB,39.1,67,77,470.p.30971
2026,RFI XIX,145,13,0,Sheriff Of Paddy's,David,false,Jason Myers,SEA,K,28,105,40,470.p.28378
2026,RFI XIX,146,13,0,Snookies Squad,Braden,false,Kyler Murray,MIN,QB,23.9,121,25,470.p.31833
2026,RFI XIX,147,13,0,Shanimals,Shannon,false,Malik Willis,MIA,QB,,,,470.p.34042
2026,RFI XIX,148,13,0,Tremendous Slouch,Doug,false,Colston Loveland,CHI,TE,12.6,154,-6,470.p.41795
2026,RFI XIX,149,13,0,Fat Lazy AmAndicans,Andy,true,Joe Burrow,CIN,QB,95.64,10,139,470.p.32671
2026,RFI XIX,150,13,0,CousinCamp,Matthew,false,Keaton Mitchell,LAC,RB,16.98,143,7,470.p.40641
2026,RFI XIX,151,13,0,Doug Exeter,James,false,Denzel Boston,CLE,WR,47.4,45,106,470.p.42661
2026,RFI XIX,152,13,0,2026 Champ!,J,false,Ka'imi Fairbairn,HOU,K,37,77,75,470.p.29792
2026,RFI XIX,153,13,0,Golden Domers 4 J&J,sean,false,Jerry Jeudy,CLE,WR,3.1,168,-15,470.p.32685
2026,RFI XIX,154,13,0,Shrimp Gang,Taylor,false,Brian Robinson,ATL,RB,50.72,43,111,470.p.34054
2026,RFI XIX,155,13,0,NotSoNewlyWedz,Corey,false,Jordan Love,GB,QB,80.84,16,139,470.p.32696
2026,RFI XIX,156,13,0,Tough Nuts,Michele,false,Vikings,MIN,DEF,51,42,114,470.p.100016
2026,RFI XIX,157,14,0,Tough Nuts,Michele,false,Emmett Johnson,KC,RB,19.06,133,24,470.p.42796
2026,RFI XIX,158,14,0,NotSoNewlyWedz,Corey,false,Alvin Kamara,NO,RB,24.6,119,39,470.p.30180
2026,RFI XIX,159,14,0,Shrimp Gang,Taylor,false,Cameron Dicker,LAC,K,26,112,47,470.p.34344
2026,RFI XIX,160,14,0,Golden Domers 4 J&J,sean,false,Will Reichard,MIN,K,52,40,120,470.p.41093
2026,RFI XIX,161,14,0,2026 Champ!,J,false,Eagles,PHI,DEF,11,158,3,470.p.100021
2026,RFI XIX,162,14,0,Doug Exeter,James,false,AJ Barner,SEA,TE,1.8,171,-9,470.p.41001
2026,RFI XIX,163,14,0,CousinCamp,Matthew,false,Ravens,BAL,DEF,15,147,16,470.p.100033
2026,RFI XIX,164,14,0,Fat Lazy AmAndicans,Andy,true,Jonah Coleman,DEN,RB,1.08,172,-8,470.p.42730
2026,RFI XIX,165,14,0,Tremendous Slouch,Doug,false,Spencer Shrader,IND,K,53,39,126,470.p.41499
2026,RFI XIX,166,14,0,Shanimals,Shannon,false,Evan McPherson,CIN,K,47,46,120,470.p.33537
2026,RFI XIX,167,14,0,Snookies Squad,Braden,false,Cam Little,JAX,K,39,68,99,470.p.41062
2026,RFI XIX,168,14,0,Sheriff Of Paddy's,David,false,Lions,DET,DEF,19,135,33,470.p.100008
2026,RFI XIX,169,15,0,Sheriff Of Paddy's,David,false,Caleb Douglas,MIA,WR,13.8,149,20,470.p.42697
2026,RFI XIX,170,15,0,Snookies Squad,Braden,false,Jaguars,JAX,DEF,13,152,18,470.p.100030
2026,RFI XIX,171,15,0,Shanimals,Shannon,false,Patriots,NE,DEF,21,127,44,470.p.100017
2026,RFI XIX,172,15,0,Tremendous Slouch,Doug,false,Chargers,LAC,DEF,5,165,7,470.p.100024
2026,RFI XIX,173,15,0,Fat Lazy AmAndicans,Andy,true,Dontayvion Wicks,PHI,WR,30.7,95,78,470.p.40201
2026,RFI XIX,174,15,0,CousinCamp,Matthew,false,Tyler Loop,BAL,K,40,66,108,470.p.41988
2026,RFI XIX,175,15,0,Doug Exeter,James,false,Trey Smack,GB,K,29,99,76,470.p.42838
2026,RFI XIX,176,15,0,2026 Champ!,J,false,Demond Claiborne,MIN,RB,,,,470.p.42820
2026,RFI XIX,177,15,0,Golden Domers 4 J&J,sean,false,Aaron Rodgers,PIT,QB,75.16,18,159,470.p.7200
2026,RFI XIX,178,15,0,Shrimp Gang,Taylor,false,Bills,BUF,DEF,18,139,39,470.p.100002
2026,RFI XIX,179,15,0,NotSoNewlyWedz,Corey,false,Harrison Mevis,LAR,K,1,173,6,470.p.41312
2026,RFI XIX,180,15,0,Tough Nuts,Michele,false,Kayshon Boutte,HOU,WR,13.5,150,30,470.p.40224
2025,2025 -  The League,1,1,0,Kona’s Kickers,Leslie,false,Ja'Marr Chase,CIN,WR,,,,461.p.33393
2025,2025 -  The League,2,1,0,I LIKE BIG TDS,Wesley,false,Saquon Barkley,PHI,RB,,,,461.p.30972
2025,2025 -  The League,3,1,0,Berserker,Peter,false,Bijan Robinson,ATL,RB,,,,461.p.40055
2025,2025 -  The League,4,1,0,Wailin Raylans,Amanda,false,Jahmyr Gibbs,DET,RB,,,,461.p.40059
2025,2025 -  The League,5,1,0,Postino's Banditos,Matt,false,CeeDee Lamb,DAL,WR,,,,461.p.32687
2025,2025 -  The League,6,1,0,Fat Lazy Americans,Andy,true,Christian McCaffrey,SF,RB,,,,461.p.30121
2025,2025 -  The League,7,1,0,MombaMentality,Wendy,false,Justin Jefferson,MIN,WR,,,,461.p.32692
2025,2025 -  The League,8,1,0,Billy Goat Tavern,Amzie,false,Derrick Henry,BAL,RB,,,,461.p.29279
2025,2025 -  The League,9,1,0,Rafi Bomb Returns!,Matthew,false,Amon-Ra St. Brown,DET,WR,,,,461.p.33500
2025,2025 -  The League,10,1,0,No Talent Ass Clowns,mister miles,false,Ashton Jeanty,LV,RB,,,,461.p.41791
2025,2025 -  The League,11,1,0,Oroszlanok,Thomas,false,Malik Nabers,NYG,WR,,,,461.p.40899
2025,2025 -  The League,12,1,0,Dumpster Fire,Eric,false,Jonathan Taylor,IND,RB,,,,461.p.32711
2025,2025 -  The League,13,2,0,Dumpster Fire,Eric,false,Lamar Jackson,BAL,QB,,,,461.p.31002
2025,2025 -  The League,14,2,0,Oroszlanok,Thomas,false,Drake London,ATL,WR,,,,461.p.33963
2025,2025 -  The League,15,2,0,No Talent Ass Clowns,mister miles,false,James Cook III,BUF,RB,,,,461.p.34019
2025,2025 -  The League,16,2,0,Rafi Bomb Returns!,Matthew,false,Josh Jacobs,GB,RB,,,,461.p.31856
2025,2025 -  The League,17,2,0,Billy Goat Tavern,Amzie,false,A.J. Brown,NE,WR,,,,461.p.31883
2025,2025 -  The League,18,2,0,MombaMentality,Wendy,false,Josh Allen,BUF,QB,,,,461.p.30977
2025,2025 -  The League,19,2,0,Fat Lazy Americans,Andy,true,Trey McBride,ARI,TE,,,,461.p.34010
2025,2025 -  The League,20,2,0,Postino's Banditos,Matt,false,Marvin Harrison Jr.,ARI,WR,,,,461.p.40893
2025,2025 -  The League,21,2,0,Wailin Raylans,Amanda,false,Mike Evans,SF,WR,,,,461.p.27535
2025,2025 -  The League,22,2,0,Berserker,Peter,false,Alvin Kamara,NO,RB,,,,461.p.30180
2025,2025 -  The League,23,2,0,I LIKE BIG TDS,Wesley,false,Omarion Hampton,LAC,RB,,,,461.p.41807
2025,2025 -  The League,24,2,0,Kona’s Kickers,Leslie,false,Chuba Hubbard,CAR,RB,,,,461.p.33514
2025,2025 -  The League,25,3,0,Kona’s Kickers,Leslie,false,George Kittle,SF,TE,,,,461.p.30259
2025,2025 -  The League,26,3,0,I LIKE BIG TDS,Wesley,false,Garrett Wilson,NYJ,WR,,,,461.p.33965
2025,2025 -  The League,27,3,0,Berserker,Peter,false,TreVeyon Henderson,NE,RB,,,,461.p.41823
2025,2025 -  The League,28,3,0,Wailin Raylans,Amanda,false,Jalen Hurts,PHI,QB,,,,461.p.32723
2025,2025 -  The League,29,3,0,Postino's Banditos,Matt,false,Kenneth Walker III,KC,RB,,,,461.p.33996
2025,2025 -  The League,30,3,0,Fat Lazy Americans,Andy,true,James Conner,ARI,RB,,,,461.p.30218
2025,2025 -  The League,31,3,0,MombaMentality,Wendy,false,Tyreek Hill,MIA,WR,,,,461.p.29399
2025,2025 -  The League,32,3,0,Billy Goat Tavern,Amzie,false,Joe Burrow,CIN,QB,,,,461.p.32671
2025,2025 -  The League,33,3,0,Rafi Bomb Returns!,Matthew,false,DK Metcalf,PIT,WR,,,,461.p.31896
2025,2025 -  The League,34,3,0,No Talent Ass Clowns,mister miles,false,Travis Kelce,KC,TE,,,,461.p.26686
2025,2025 -  The League,35,3,0,Oroszlanok,Thomas,false,Terry McLaurin,WAS,WR,,,,461.p.31908
2025,2025 -  The League,36,3,0,Dumpster Fire,Eric,false,Davante Adams,LAR,WR,,,,461.p.27581
2025,2025 -  The League,37,4,0,Dumpster Fire,Eric,false,Tee Higgins,CIN,WR,,,,461.p.32703
2025,2025 -  The League,38,4,0,Oroszlanok,Thomas,false,RJ Harvey,DEN,RB,,,,461.p.41845
2025,2025 -  The League,39,4,0,No Talent Ass Clowns,mister miles,false,DJ Moore,BUF,WR,,,,461.p.30994
2025,2025 -  The League,40,4,0,Rafi Bomb Returns!,Matthew,false,Aaron Jones Sr.,MIN,RB,,,,461.p.30295
2025,2025 -  The League,41,4,0,Billy Goat Tavern,Amzie,false,Tony Pollard,TEN,RB,,,,461.p.31960
2025,2025 -  The League,42,4,0,MombaMentality,Wendy,false,Isiah Pacheco,DET,RB,,,,461.p.34207
2025,2025 -  The League,43,4,0,Fat Lazy Americans,Andy,true,Breece Hall,NYJ,RB,,,,461.p.33991
2025,2025 -  The League,44,4,0,Postino's Banditos,Matt,false,D'Andre Swift,CHI,RB,,,,461.p.32705
2025,2025 -  The League,45,4,0,Wailin Raylans,Amanda,false,Xavier Worthy,KC,WR,,,,461.p.40877
2025,2025 -  The League,46,4,0,Berserker,Peter,false,Travis Hunter,JAX,"WR,CB",,,,461.p.99001
2025,2025 -  The League,47,4,0,I LIKE BIG TDS,Wesley,false,Patrick Mahomes,KC,QB,,,,461.p.30123
2025,2025 -  The League,48,4,0,Kona’s Kickers,Leslie,false,Jaylen Warren,PIT,RB,,,,461.p.34447
2025,2025 -  The League,49,5,0,Kona’s Kickers,Leslie,false,Jameson Williams,DET,WR,,,,461.p.33967
2025,2025 -  The League,50,5,0,I LIKE BIG TDS,Wesley,false,T.J. Hockenson,MIN,TE,,,,461.p.31840
2025,2025 -  The League,51,5,0,Berserker,Peter,false,Tetairoa McMillan,CAR,WR,,,,461.p.41793
2025,2025 -  The League,52,5,0,Wailin Raylans,Amanda,false,Courtland Sutton,DEN,WR,,,,461.p.31010
2025,2025 -  The League,53,5,0,Postino's Banditos,Matt,false,DeVonta Smith,PHI,WR,,,,461.p.33398
2025,2025 -  The League,54,5,0,Fat Lazy Americans,Andy,true,George Pickens,DAL,WR,,,,461.p.34007
2025,2025 -  The League,55,5,0,MombaMentality,Wendy,false,David Montgomery,HOU,RB,,,,461.p.31905
2025,2025 -  The League,56,5,0,Billy Goat Tavern,Amzie,false,Emeka Egbuka,TB,WR,,,,461.p.41804
2025,2025 -  The League,57,5,0,Rafi Bomb Returns!,Matthew,false,Jaylen Waddle,DEN,WR,,,,461.p.33394
2025,2025 -  The League,58,5,0,No Talent Ass Clowns,mister miles,false,Ricky Pearsall,SF,WR,,,,461.p.40892
2025,2025 -  The League,59,5,0,Oroszlanok,Thomas,false,Chris Olave,NO,WR,,,,461.p.33966
2025,2025 -  The League,60,5,0,Dumpster Fire,Eric,false,Kaleb Johnson,GB,RB,,,,461.p.41881
2025,2025 -  The League,61,6,0,Dumpster Fire,Eric,false,Mark Andrews,BAL,TE,,,,461.p.31056
2025,2025 -  The League,62,6,0,Oroszlanok,Thomas,false,Rome Odunze,CHI,WR,,,,461.p.40901
2025,2025 -  The League,63,6,0,No Talent Ass Clowns,mister miles,false,Brian Thomas Jr.,JAX,WR,,,,461.p.40883
2025,2025 -  The League,64,6,0,Rafi Bomb Returns!,Matthew,false,Tyrone Tracy Jr.,NYG,RB,,,,461.p.41048
2025,2025 -  The League,65,6,0,Billy Goat Tavern,Amzie,false,Jordan Mason,MIN,RB,,,,461.p.34320
2025,2025 -  The League,66,6,0,MombaMentality,Wendy,false,Chase Brown,CIN,RB,,,,461.p.40196
2025,2025 -  The League,67,6,0,Fat Lazy Americans,Andy,true,Jaxon Smith-Njigba,SEA,WR,,,,461.p.40041
2025,2025 -  The League,68,6,0,Postino's Banditos,Matt,false,Brock Bowers,LV,TE,,,,461.p.40878
2025,2025 -  The League,69,6,0,Wailin Raylans,Amanda,false,Zach Charbonnet,SEA,RB,,,,461.p.40075
2025,2025 -  The League,70,6,0,Berserker,Peter,false,Ladd McConkey,LAC,WR,,,,461.p.40908
2025,2025 -  The League,71,6,0,I LIKE BIG TDS,Wesley,false,Chris Godwin Jr.,TB,WR,,,,461.p.30197
2025,2025 -  The League,72,6,0,Kona’s Kickers,Leslie,false,Zay Flowers,BAL,WR,,,,461.p.40039
2025,2025 -  The League,73,7,0,Kona’s Kickers,Leslie,false,Travis Etienne Jr.,NO,RB,,,,461.p.33413
2025,2025 -  The League,74,7,0,I LIKE BIG TDS,Wesley,false,Cooper Kupp,SEA,WR,,,,461.p.30182
2025,2025 -  The League,75,7,0,Berserker,Peter,false,Evan Engram,DEN,TE,,,,461.p.30136
2025,2025 -  The League,76,7,0,Wailin Raylans,Amanda,false,Tucker Kraft,GB,TE,,,,461.p.40102
2025,2025 -  The League,77,7,0,Postino's Banditos,Matt,false,Calvin Ridley,TEN,WR,,,,461.p.30996
2025,2025 -  The League,78,7,0,Fat Lazy Americans,Andy,true,Nico Collins,HOU,WR,,,,461.p.33477
2025,2025 -  The League,79,7,0,MombaMentality,Wendy,false,Ollie Gordon II,MIA,RB,,,,461.p.41969
2025,2025 -  The League,80,7,0,Billy Goat Tavern,Amzie,false,Matthew Golden,GB,WR,,,,461.p.41808
2025,2025 -  The League,81,7,0,Rafi Bomb Returns!,Matthew,false,David Njoku,LAC,TE,,,,461.p.30142
2025,2025 -  The League,82,7,0,No Talent Ass Clowns,mister miles,false,Khalil Shakir,BUF,WR,,,,461.p.34104
2025,2025 -  The League,83,7,0,Oroszlanok,Thomas,false,Brock Purdy,SF,QB,,,,461.p.34218
2025,2025 -  The League,84,7,0,Dumpster Fire,Eric,false,Deebo Samuel Sr.,SF,WR,,,,461.p.31868
2025,2025 -  The League,85,8,0,Dumpster Fire,Eric,false,De'Von Achane,MIA,RB,,,,461.p.40118
2025,2025 -  The League,86,8,0,Oroszlanok,Thomas,false,Kyren Williams,LAR,RB,,,,461.p.34120
2025,2025 -  The League,87,8,0,No Talent Ass Clowns,mister miles,false,Austin Ekeler,WAS,RB,,,,461.p.30423
2025,2025 -  The League,88,8,0,Rafi Bomb Returns!,Matthew,false,Kyler Murray,MIN,QB,,,,461.p.31833
2025,2025 -  The League,89,8,0,Billy Goat Tavern,Amzie,false,Tyler Warren,IND,TE,,,,461.p.41799
2025,2025 -  The League,90,8,0,MombaMentality,Wendy,false,Brashard Smith,KC,RB,,,,461.p.42012
2025,2025 -  The League,91,8,0,Fat Lazy Americans,Andy,true,Jacory Croskey-Merritt,WAS,RB,,,,461.p.42010
2025,2025 -  The League,92,8,0,Postino's Banditos,Matt,false,Nick Chubb,HOU,RB,,,,461.p.31005
2025,2025 -  The League,93,8,0,Wailin Raylans,Amanda,false,J.K. Dobbins,DEN,RB,,,,461.p.32725
2025,2025 -  The League,94,8,0,Berserker,Peter,false,Michael Pittman Jr.,PIT,WR,,,,461.p.32704
2025,2025 -  The League,95,8,0,I LIKE BIG TDS,Wesley,false,Puka Nacua,LAR,WR,,,,461.p.40168
2025,2025 -  The League,96,8,0,Kona’s Kickers,Leslie,false,Jayden Daniels,WAS,QB,,,,461.p.40896
2025,2025 -  The League,97,9,0,Kona’s Kickers,Leslie,false,Keon Coleman,BUF,WR,,,,461.p.40911
2025,2025 -  The League,98,9,0,I LIKE BIG TDS,Wesley,false,Rhamondre Stevenson,NE,RB,,,,461.p.33508
2025,2025 -  The League,99,9,0,Berserker,Peter,false,Javonte Williams,DAL,RB,,,,461.p.33423
2025,2025 -  The League,100,9,0,Wailin Raylans,Amanda,false,Jauan Jennings,MIN,WR,,,,461.p.32887
2025,2025 -  The League,101,9,0,Postino's Banditos,Matt,false,Jared Goff,DET,QB,,,,461.p.29235
2025,2025 -  The League,102,9,0,Fat Lazy Americans,Andy,true,Dak Prescott,DAL,QB,,,,461.p.29369
2025,2025 -  The League,103,9,0,MombaMentality,Wendy,false,Stefon Diggs,WAS,WR,,,,461.p.28534
2025,2025 -  The League,104,9,0,Billy Goat Tavern,Amzie,false,Braelon Allen,NYJ,RB,,,,461.p.40981
2025,2025 -  The League,105,9,0,Rafi Bomb Returns!,Matthew,false,Rashid Shaheed,SEA,WR,,,,461.p.34659
2025,2025 -  The League,106,9,0,No Talent Ass Clowns,mister miles,false,Keenan Allen,IND,WR,,,,461.p.26699
2025,2025 -  The League,107,9,0,Oroszlanok,Thomas,false,Tank Bigsby,PHI,RB,,,,461.p.40095
2025,2025 -  The League,108,9,0,Dumpster Fire,Eric,false,Jayden Reed,GB,WR,,,,461.p.40063
2025,2025 -  The League,109,10,0,Dumpster Fire,Eric,false,Cam Skattebo,NYG,RB,,,,461.p.41922
2025,2025 -  The League,110,10,0,Oroszlanok,Thomas,false,Dalton Kincaid,BUF,TE,,,,461.p.40048
2025,2025 -  The League,111,10,0,No Talent Ass Clowns,mister miles,false,Brian Robinson,ATL,RB,,,,461.p.34054
2025,2025 -  The League,112,10,0,Rafi Bomb Returns!,Matthew,false,Christian Kirk,SF,WR,,,,461.p.31017
2025,2025 -  The League,113,10,0,Billy Goat Tavern,Amzie,false,Jerry Jeudy,CLE,WR,,,,461.p.32685
2025,2025 -  The League,114,10,0,MombaMentality,Wendy,false,Bhayshul Tuten,JAX,RB,,,,461.p.41900
2025,2025 -  The League,115,10,0,Fat Lazy Americans,Andy,true,Jordan Addison,MIN,WR,,,,461.p.40042
2025,2025 -  The League,116,10,0,Postino's Banditos,Matt,false,Josh Downs,IND,WR,,,,461.p.40126
2025,2025 -  The League,117,10,0,Wailin Raylans,Amanda,false,Bucky Irving,TB,RB,,,,461.p.40993
2025,2025 -  The League,118,10,0,Berserker,Peter,false,Bo Nix,DEN,QB,,,,461.p.40875
2025,2025 -  The League,119,10,0,I LIKE BIG TDS,Wesley,false,Jordan Love,GB,QB,,,,461.p.32696
2025,2025 -  The League,120,10,0,Kona’s Kickers,Leslie,false,Najee Harris,NYG,RB,,,,461.p.33412
2025,2025 -  The League,121,11,0,Kona’s Kickers,Leslie,false,Zack Baun,PHI,LB,,,,461.p.32744
2025,2025 -  The League,122,11,0,I LIKE BIG TDS,Wesley,false,Adam Thielen,PIT,WR,,,,461.p.27277
2025,2025 -  The League,123,11,0,Berserker,Peter,false,Rashee Rice,KC,WR,,,,461.p.40084
2025,2025 -  The League,124,11,0,Wailin Raylans,Amanda,false,Jakobi Meyers,JAX,WR,,,,461.p.32231
2025,2025 -  The League,125,11,0,Postino's Banditos,Matt,false,Dallas Goedert,PHI,TE,,,,461.p.31019
2025,2025 -  The League,126,11,0,Fat Lazy Americans,Andy,true,Jaydon Blue,PHI,RB,,,,461.p.41935
2025,2025 -  The League,127,11,0,MombaMentality,Wendy,false,Colston Loveland,CHI,TE,,,,461.p.41795
2025,2025 -  The League,128,11,0,Billy Goat Tavern,Amzie,false,Dylan Sampson,CLE,RB,,,,461.p.41907
2025,2025 -  The League,129,11,0,Rafi Bomb Returns!,Matthew,false,Ray Davis,BUF,RB,,,,461.p.40980
2025,2025 -  The League,130,11,0,No Talent Ass Clowns,mister miles,false,Marvin Mims Jr.,DEN,WR,,,,461.p.40090
2025,2025 -  The League,131,11,0,Oroszlanok,Thomas,false,Quinshon Judkins,CLE,RB,,,,461.p.41821
2025,2025 -  The League,132,11,0,Dumpster Fire,Eric,false,Zaire Franklin,GB,LB,,,,461.p.31205
2025,2025 -  The League,133,12,0,Dumpster Fire,Eric,false,Joshua Palmer,BUF,WR,,,,461.p.33465
2025,2025 -  The League,134,12,0,Oroszlanok,Thomas,false,Kyle Monangai,CHI,RB,,,,461.p.42025
2025,2025 -  The League,135,12,0,No Talent Ass Clowns,mister miles,false,Roquan Smith,BAL,LB,,,,461.p.30978
2025,2025 -  The League,136,12,0,Rafi Bomb Returns!,Matthew,false,Caleb Williams,CHI,QB,,,,461.p.40900
2025,2025 -  The League,137,12,0,Billy Goat Tavern,Amzie,false,Fred Warner,SF,LB,,,,461.p.31040
2025,2025 -  The League,138,12,0,MombaMentality,Wendy,false,Sam LaPorta,DET,TE,,,,461.p.40064
2025,2025 -  The League,139,12,0,Fat Lazy Americans,Andy,true,Foyesade Oluokun,JAX,LB,,,,461.p.31170
2025,2025 -  The League,140,12,0,Postino's Banditos,Matt,false,Brandon Aiyuk,SF,WR,,,,461.p.32695
2025,2025 -  The League,141,12,0,Wailin Raylans,Amanda,false,Darnell Mooney,NYG,WR,,,,461.p.32843
2025,2025 -  The League,142,12,0,Berserker,Peter,false,Blake Cashman,MIN,LB,,,,461.p.31989
2025,2025 -  The League,143,12,0,I LIKE BIG TDS,Wesley,false,Jake Ferguson,DAL,TE,,,,461.p.34085
2025,2025 -  The League,144,12,0,Kona’s Kickers,Leslie,false,Robert Spillane,NE,LB,,,,461.p.31708
2025,2025 -  The League,145,13,0,Kona’s Kickers,Leslie,false,Kaden Elliss,NO,LB,,,,461.p.32076
2025,2025 -  The League,146,13,0,I LIKE BIG TDS,Wesley,false,Jerome Ford,MIN,RB,,,,461.p.34112
2025,2025 -  The League,147,13,0,Berserker,Peter,false,Rashod Bateman,BAL,WR,,,,461.p.33415
2025,2025 -  The League,148,13,0,Wailin Raylans,Amanda,false,Alex Singleton,DEN,LB,,,,461.p.28716
2025,2025 -  The League,149,13,0,Postino's Banditos,Matt,false,Amari Cooper,BUF,WR,,,,461.p.28392
2025,2025 -  The League,150,13,0,Fat Lazy Americans,Andy,true,T.J. Edwards,CHI,LB,,,,461.p.32403
2025,2025 -  The League,151,13,0,MombaMentality,Wendy,false,Luther Burden III,CHI,WR,,,,461.p.41824
2025,2025 -  The League,152,13,0,Billy Goat Tavern,Amzie,false,Brian Branch,DET,"DB,S",,,,461.p.40067
2025,2025 -  The League,153,13,0,Rafi Bomb Returns!,Matthew,false,Trey Benson,ARI,RB,,,,461.p.40958
2025,2025 -  The League,154,13,0,No Talent Ass Clowns,mister miles,false,Hollywood Brown,PHI,WR,,,,461.p.31857
2025,2025 -  The League,155,13,0,Oroszlanok,Thomas,false,Joe Mixon,SEA,RB,,,,461.p.30161
2025,2025 -  The League,156,13,0,Dumpster Fire,Eric,false,Aidan Hutchinson,DET,"DL,DE",,,,461.p.33957
2025,2025 -  The League,157,14,0,Dumpster Fire,Eric,false,Rico Dowdle,PIT,RB,,,,461.p.33100
2025,2025 -  The League,158,14,0,Oroszlanok,Thomas,false,Justin Fields,KC,QB,,,,461.p.33399
2025,2025 -  The League,159,14,0,No Talent Ass Clowns,mister miles,false,Baker Mayfield,TB,QB,,,,461.p.30971
2025,2025 -  The League,160,14,0,Rafi Bomb Returns!,Matthew,false,Bobby Okereke,CAR,LB,,,,461.p.31921
2025,2025 -  The League,161,14,0,Billy Goat Tavern,Amzie,false,Nick Bolton,KC,LB,,,,461.p.33446
2025,2025 -  The League,162,14,0,MombaMentality,Wendy,false,Tyler Bass,BUF,K,,,,461.p.32858
2025,2025 -  The League,163,14,0,Fat Lazy Americans,Andy,true,Jamien Sherwood,NYJ,LB,,,,461.p.33534
2025,2025 -  The League,164,14,0,Postino's Banditos,Matt,false,Brandon Aubrey,DAL,K,,,,461.p.40819
2025,2025 -  The League,165,14,0,Wailin Raylans,Amanda,false,C.J. Stroud,HOU,QB,,,,461.p.40030
2025,2025 -  The League,166,14,0,Berserker,Peter,false,Elic Ayomanor,TEN,WR,,,,461.p.41904
2025,2025 -  The League,167,14,0,I LIKE BIG TDS,Wesley,false,Micah Parsons,GB,"LB,DE",,,,461.p.33400
2025,2025 -  The League,168,14,0,Kona’s Kickers,Leslie,false,J.J. McCarthy,NYG,QB,,,,461.p.40905
2025,2025 -  The League,169,15,0,Kona’s Kickers,Leslie,false,Pat Bryant,DEN,WR,,,,461.p.41860
2025,2025 -  The League,170,15,0,I LIKE BIG TDS,Wesley,false,Maxx Crosby,LV,DE,,,,461.p.31938
2025,2025 -  The League,171,15,0,Berserker,Peter,false,Drake Maye,NE,QB,,,,461.p.40881
2025,2025 -  The League,172,15,0,Wailin Raylans,Amanda,false,Ernest Jones IV,SEA,LB,,,,461.p.33491
2025,2025 -  The League,173,15,0,Postino's Banditos,Matt,false,Jordyn Brooks,MIA,LB,,,,461.p.32697
2025,2025 -  The League,174,15,0,Fat Lazy Americans,Andy,true,Rachaad White,WAS,RB,,,,461.p.34047
2025,2025 -  The League,175,15,0,MombaMentality,Wendy,false,Tremaine Edmunds,NYG,LB,,,,461.p.30986
2025,2025 -  The League,176,15,0,Billy Goat Tavern,Amzie,false,Hunter Henry,NE,TE,,,,461.p.29269
2025,2025 -  The League,177,15,0,Rafi Bomb Returns!,Matthew,false,Edgerrin Cooper,GB,LB,,,,461.p.40938
2025,2025 -  The League,178,15,0,No Talent Ass Clowns,mister miles,false,Lavonte David,TB,LB,,,,461.p.25768
2025,2025 -  The League,179,15,0,Oroszlanok,Thomas,false,Budda Baker,ARI,S,,,,461.p.30149
2025,2025 -  The League,180,15,0,Dumpster Fire,Eric,false,Andrew Van Ginkel,MIN,"LB,DE",,,,461.p.31983
2025,2025 -  The League,181,16,0,Dumpster Fire,Eric,false,Cameron Dicker,LAC,K,,,,461.p.34344
2025,2025 -  The League,182,16,0,Oroszlanok,Thomas,false,Nick Cross,WAS,S,,,,461.p.34052
2025,2025 -  The League,183,16,0,No Talent Ass Clowns,mister miles,false,Chase McLaughlin,TB,K,,,,461.p.32417
2025,2025 -  The League,184,16,0,Rafi Bomb Returns!,Matthew,false,Jake Bates,DET,K,,,,461.p.40835
2025,2025 -  The League,185,16,0,Billy Goat Tavern,Amzie,false,Chris Boswell,PIT,K,,,,461.p.28188
2025,2025 -  The League,186,16,0,MombaMentality,Wendy,false,T.J. Watt,PIT,"LB,DE",,,,461.p.30143
2025,2025 -  The League,187,16,0,Fat Lazy Americans,Andy,true,Cedric Tillman,NO,WR,,,,461.p.40093
2025,2025 -  The League,188,16,0,Postino's Banditos,Matt,false,E.J. Speed,HOU,LB,,,,461.p.31996
2025,2025 -  The League,189,16,0,Wailin Raylans,Amanda,false,Myles Garrett,LAR,DE,,,,461.p.30114
2025,2025 -  The League,190,16,0,Berserker,Peter,false,Nick Bosa,SF,"DL,DE",,,,461.p.31834
2025,2025 -  The League,191,16,0,I LIKE BIG TDS,Wesley,false,Cam Bynum,IND,S,,,,461.p.33513
2025,2025 -  The League,192,16,0,Kona’s Kickers,Leslie,false,Tyler Lockett,LV,WR,,,,461.p.28457
2025,2025 -  The League,193,17,0,Kona’s Kickers,Leslie,false,Ka'imi Fairbairn,HOU,K,,,,461.p.29792
2025,2025 -  The League,194,17,0,I LIKE BIG TDS,Wesley,false,Matt Gay,LV,K,,,,461.p.31977
2025,2025 -  The League,195,17,0,Berserker,Peter,false,Evan McPherson,CIN,K,,,,461.p.33537
2025,2025 -  The League,196,17,0,Wailin Raylans,Amanda,false,Wil Lutz,DEN,K,,,,461.p.29754
2025,2025 -  The League,197,17,0,Postino's Banditos,Matt,false,Germaine Pratt,IND,LB,,,,461.p.31904
2025,2025 -  The League,198,17,0,Fat Lazy Americans,Andy,true,Jalen Coker,CAR,WR,,,,461.p.41293
2025,2025 -  The League,199,17,0,MombaMentality,Wendy,false,Tyrice Knight,SEA,LB,,,,461.p.41000
2025,2025 -  The League,200,17,0,Billy Goat Tavern,Amzie,false,Isaac TeSlaa,DET,WR,,,,461.p.41865
2025,2025 -  The League,201,17,0,Rafi Bomb Returns!,Matthew,false,Daiyan Henley,LAC,LB,,,,461.p.40113
2025,2025 -  The League,202,17,0,No Talent Ass Clowns,mister miles,false,Matt Milano,BUF,LB,,,,461.p.30276
2025,2025 -  The League,203,17,0,Oroszlanok,Thomas,false,Kevin Byard III,NE,S,,,,461.p.29298
2025,2025 -  The League,204,17,0,Dumpster Fire,Eric,false,Tyler Allgeier,ARI,RB,,,,461.p.34107
2025,The Honey Badgers,1,1,0,JRZ,Matthew,false,Ja'Marr Chase,CIN,WR,,,,461.p.33393
2025,The Honey Badgers,2,1,0,Comfy In Chair,fritchie,false,Saquon Barkley,PHI,RB,,,,461.p.30972
2025,The Honey Badgers,3,1,0,The Curious Case of Cookus,Joseph,false,Bijan Robinson,ATL,RB,,,,461.p.40055
2025,The Honey Badgers,4,1,0,Kryponite,BULL,false,Jahmyr Gibbs,DET,RB,,,,461.p.40059
2025,The Honey Badgers,5,1,0,Fat Lazy Americans,Andy,true,Justin Jefferson,MIN,WR,,,,461.p.32692
2025,The Honey Badgers,6,1,0,CopperTheBigRedDog,Jaimie Harcos,false,CeeDee Lamb,DAL,WR,,,,461.p.32687
2025,The Honey Badgers,7,1,0,Jesus take the wheel,Alejandro C,false,Amon-Ra St. Brown,DET,WR,,,,461.p.33500
2025,The Honey Badgers,8,1,0,My Balls Are Afoot,Chuck,false,Christian McCaffrey,SF,RB,,,,461.p.30121
2025,The Honey Badgers,9,1,0,Unicorn Love,Krista,false,Derrick Henry,BAL,RB,,,,461.p.29279
2025,The Honey Badgers,10,1,0,Dolphin Boobiez,Tali,false,Ashton Jeanty,LV,RB,,,,461.p.41791
2025,The Honey Badgers,11,1,0,Olivators,Amanda,false,Malik Nabers,NYG,WR,,,,461.p.40899
2025,The Honey Badgers,12,1,0,The Trophy Wives,Geri Hill,false,Jonathan Taylor,IND,RB,,,,461.p.32711
2025,The Honey Badgers,13,2,0,The Trophy Wives,Geri Hill,false,Josh Allen,BUF,QB,,,,461.p.30977
2025,The Honey Badgers,14,2,0,Olivators,Amanda,false,Lamar Jackson,BAL,QB,,,,461.p.31002
2025,The Honey Badgers,15,2,0,Dolphin Boobiez,Tali,false,Drake London,ATL,WR,,,,461.p.33963
2025,The Honey Badgers,16,2,0,Unicorn Love,Krista,false,Josh Jacobs,GB,RB,,,,461.p.31856
2025,The Honey Badgers,17,2,0,My Balls Are Afoot,Chuck,false,Ladd McConkey,LAC,WR,,,,461.p.40908
2025,The Honey Badgers,18,2,0,Jesus take the wheel,Alejandro C,false,George Kittle,SF,TE,,,,461.p.30259
2025,The Honey Badgers,19,2,0,CopperTheBigRedDog,Jaimie Harcos,false,James Cook III,BUF,RB,,,,461.p.34019
2025,The Honey Badgers,20,2,0,Fat Lazy Americans,Andy,true,De'Von Achane,MIA,RB,,,,461.p.40118
2025,The Honey Badgers,21,2,0,Kryponite,BULL,false,A.J. Brown,NE,WR,,,,461.p.31883
2025,The Honey Badgers,22,2,0,The Curious Case of Cookus,Joseph,false,Omarion Hampton,LAC,RB,,,,461.p.41807
2025,The Honey Badgers,23,2,0,Comfy In Chair,fritchie,false,Jaxon Smith-Njigba,SEA,WR,,,,461.p.40041
2025,The Honey Badgers,24,2,0,JRZ,Matthew,false,Mike Evans,SF,WR,,,,461.p.27535
2025,The Honey Badgers,25,3,0,JRZ,Matthew,false,Chuba Hubbard,CAR,RB,,,,461.p.33514
2025,The Honey Badgers,26,3,0,Comfy In Chair,fritchie,false,James Conner,ARI,RB,,,,461.p.30218
2025,The Honey Badgers,27,3,0,The Curious Case of Cookus,Joseph,false,Terry McLaurin,WAS,WR,,,,461.p.31908
2025,The Honey Badgers,28,3,0,Kryponite,BULL,false,Jalen Hurts,PHI,QB,,,,461.p.32723
2025,The Honey Badgers,29,3,0,Fat Lazy Americans,Andy,true,Davante Adams,LAR,WR,,,,461.p.27581
2025,The Honey Badgers,30,3,0,CopperTheBigRedDog,Jaimie Harcos,false,Alvin Kamara,NO,RB,,,,461.p.30180
2025,The Honey Badgers,31,3,0,Jesus take the wheel,Alejandro C,false,Jaylen Waddle,DEN,WR,,,,461.p.33394
2025,The Honey Badgers,32,3,0,My Balls Are Afoot,Chuck,false,Marvin Harrison Jr.,ARI,WR,,,,461.p.40893
2025,The Honey Badgers,33,3,0,Unicorn Love,Krista,false,DJ Moore,BUF,WR,,,,461.p.30994
2025,The Honey Badgers,34,3,0,Dolphin Boobiez,Tali,false,TreVeyon Henderson,NE,RB,,,,461.p.41823
2025,The Honey Badgers,35,3,0,Olivators,Amanda,false,Kenneth Walker III,KC,RB,,,,461.p.33996
2025,The Honey Badgers,36,3,0,The Trophy Wives,Geri Hill,false,Tee Higgins,CIN,WR,,,,461.p.32703
2025,The Honey Badgers,37,4,0,The Trophy Wives,Geri Hill,false,Breece Hall,NYJ,RB,,,,461.p.33991
2025,The Honey Badgers,38,4,0,Olivators,Amanda,false,Tyreek Hill,MIA,WR,,,,461.p.29399
2025,The Honey Badgers,39,4,0,Dolphin Boobiez,Tali,false,Garrett Wilson,NYJ,WR,,,,461.p.33965
2025,The Honey Badgers,40,4,0,Unicorn Love,Krista,false,Courtland Sutton,DEN,WR,,,,461.p.31010
2025,The Honey Badgers,41,4,0,My Balls Are Afoot,Chuck,false,Tony Pollard,TEN,RB,,,,461.p.31960
2025,The Honey Badgers,42,4,0,Jesus take the wheel,Alejandro C,false,D'Andre Swift,CHI,RB,,,,461.p.32705
2025,The Honey Badgers,43,4,0,CopperTheBigRedDog,Jaimie Harcos,false,Tetairoa McMillan,CAR,WR,,,,461.p.41793
2025,The Honey Badgers,44,4,0,Fat Lazy Americans,Andy,true,RJ Harvey,DEN,RB,,,,461.p.41845
2025,The Honey Badgers,45,4,0,Kryponite,BULL,false,DeVonta Smith,PHI,WR,,,,461.p.33398
2025,The Honey Badgers,46,4,0,The Curious Case of Cookus,Joseph,false,Travis Hunter,JAX,"WR,CB",,,,461.p.99001
2025,The Honey Badgers,47,4,0,Comfy In Chair,fritchie,false,Jameson Williams,DET,WR,,,,461.p.33967
2025,The Honey Badgers,48,4,0,JRZ,Matthew,false,Xavier Worthy,KC,WR,,,,461.p.40877
2025,The Honey Badgers,49,5,0,JRZ,Matthew,false,Patrick Mahomes,KC,QB,,,,461.p.30123
2025,The Honey Badgers,50,5,0,Comfy In Chair,fritchie,false,Joe Burrow,CIN,QB,,,,461.p.32671
2025,The Honey Badgers,51,5,0,The Curious Case of Cookus,Joseph,false,Jayden Daniels,WAS,QB,,,,461.p.40896
2025,The Honey Badgers,52,5,0,Kryponite,BULL,false,George Pickens,DAL,WR,,,,461.p.34007
2025,The Honey Badgers,53,5,0,Fat Lazy Americans,Andy,true,DK Metcalf,PIT,WR,,,,461.p.31896
2025,The Honey Badgers,54,5,0,CopperTheBigRedDog,Jaimie Harcos,false,Zay Flowers,BAL,WR,,,,461.p.40039
2025,The Honey Badgers,55,5,0,Jesus take the wheel,Alejandro C,false,Isiah Pacheco,DET,RB,,,,461.p.34207
2025,The Honey Badgers,56,5,0,My Balls Are Afoot,Chuck,false,Mark Andrews,BAL,TE,,,,461.p.31056
2025,The Honey Badgers,57,5,0,Unicorn Love,Krista,false,Sam LaPorta,DET,TE,,,,461.p.40064
2025,The Honey Badgers,58,5,0,Dolphin Boobiez,Tali,false,Ricky Pearsall,SF,WR,,,,461.p.40892
2025,The Honey Badgers,59,5,0,Olivators,Amanda,false,Kaleb Johnson,GB,RB,,,,461.p.41881
2025,The Honey Badgers,60,5,0,The Trophy Wives,Geri Hill,false,Calvin Ridley,TEN,WR,,,,461.p.30996
2025,The Honey Badgers,61,6,0,The Trophy Wives,Geri Hill,false,Roquan Smith,BAL,LB,,,,461.p.30978
2025,The Honey Badgers,62,6,0,Olivators,Amanda,false,Travis Kelce,KC,TE,,,,461.p.26686
2025,The Honey Badgers,63,6,0,Dolphin Boobiez,Tali,false,Brock Purdy,SF,QB,,,,461.p.34218
2025,The Honey Badgers,64,6,0,Unicorn Love,Krista,false,Bobby Okereke,CAR,LB,,,,461.p.31921
2025,The Honey Badgers,65,6,0,My Balls Are Afoot,Chuck,false,David Montgomery,HOU,RB,,,,461.p.31905
2025,The Honey Badgers,66,6,0,Jesus take the wheel,Alejandro C,false,Emeka Egbuka,TB,WR,,,,461.p.41804
2025,The Honey Badgers,67,6,0,CopperTheBigRedDog,Jaimie Harcos,false,David Njoku,LAC,TE,,,,461.p.30142
2025,The Honey Badgers,68,6,0,Fat Lazy Americans,Andy,true,Chris Olave,NO,WR,,,,461.p.33966
2025,The Honey Badgers,69,6,0,Kryponite,BULL,false,Tyrone Tracy Jr.,NYG,RB,,,,461.p.41048
2025,The Honey Badgers,70,6,0,The Curious Case of Cookus,Joseph,false,Chase Brown,CIN,RB,,,,461.p.40196
2025,The Honey Badgers,71,6,0,Comfy In Chair,fritchie,false,Rome Odunze,CHI,WR,,,,461.p.40901
2025,The Honey Badgers,72,6,0,JRZ,Matthew,false,Aaron Jones Sr.,MIN,RB,,,,461.p.30295
2025,The Honey Badgers,73,7,0,JRZ,Matthew,false,Evan Engram,DEN,TE,,,,461.p.30136
2025,The Honey Badgers,74,7,0,Comfy In Chair,fritchie,false,Tyler Warren,IND,TE,,,,461.p.41799
2025,The Honey Badgers,75,7,0,The Curious Case of Cookus,Joseph,false,Tucker Kraft,GB,TE,,,,461.p.40102
2025,The Honey Badgers,76,7,0,Kryponite,BULL,false,Jake Ferguson,DAL,TE,,,,461.p.34085
2025,The Honey Badgers,77,7,0,Fat Lazy Americans,Andy,true,Zaire Franklin,GB,LB,,,,461.p.31205
2025,The Honey Badgers,78,7,0,CopperTheBigRedDog,Jaimie Harcos,false,Fred Warner,SF,LB,,,,461.p.31040
2025,The Honey Badgers,79,7,0,Jesus take the wheel,Alejandro C,false,Braelon Allen,NYJ,RB,,,,461.p.40981
2025,The Honey Badgers,80,7,0,My Balls Are Afoot,Chuck,false,Kaden Elliss,NO,LB,,,,461.p.32076
2025,The Honey Badgers,81,7,0,Unicorn Love,Krista,false,T.J. Edwards,CHI,LB,,,,461.p.32403
2025,The Honey Badgers,82,7,0,Dolphin Boobiez,Tali,false,Jordan Mason,MIN,RB,,,,461.p.34320
2025,The Honey Badgers,83,7,0,Olivators,Amanda,false,Zack Baun,PHI,LB,,,,461.p.32744
2025,The Honey Badgers,84,7,0,The Trophy Wives,Geri Hill,false,Jaylen Warren,PIT,RB,,,,461.p.34447
2025,The Honey Badgers,85,8,0,The Trophy Wives,Geri Hill,false,Trey McBride,ARI,TE,,,,461.p.34010
2025,The Honey Badgers,86,8,0,Olivators,Amanda,false,Kyren Williams,LAR,RB,,,,461.p.34120
2025,The Honey Badgers,87,8,0,Dolphin Boobiez,Tali,false,Brian Thomas Jr.,JAX,WR,,,,461.p.40883
2025,The Honey Badgers,88,8,0,Unicorn Love,Krista,false,Deebo Samuel Sr.,SF,WR,,,,461.p.31868
2025,The Honey Badgers,89,8,0,My Balls Are Afoot,Chuck,false,Jerry Jeudy,CLE,WR,,,,461.p.32685
2025,The Honey Badgers,90,8,0,Jesus take the wheel,Alejandro C,false,Rashee Rice,KC,WR,,,,461.p.40084
2025,The Honey Badgers,91,8,0,CopperTheBigRedDog,Jaimie Harcos,false,Puka Nacua,LAR,WR,,,,461.p.40168
2025,The Honey Badgers,92,8,0,Fat Lazy Americans,Andy,true,Zach Charbonnet,SEA,RB,,,,461.p.40075
2025,The Honey Badgers,93,8,0,Kryponite,BULL,false,Juanyeh Thomas,DAL,S,,,,461.p.34595
2025,The Honey Badgers,94,8,0,The Curious Case of Cookus,Joseph,false,Matthew Golden,GB,WR,,,,461.p.41808
2025,The Honey Badgers,95,8,0,Comfy In Chair,fritchie,false,J.K. Dobbins,DEN,RB,,,,461.p.32725
2025,The Honey Badgers,96,8,0,JRZ,Matthew,false,Travis Etienne Jr.,NO,RB,,,,461.p.33413
2025,The Honey Badgers,97,9,0,JRZ,Matthew,false,Jordan Addison,MIN,WR,,,,461.p.40042
2025,The Honey Badgers,98,9,0,Comfy In Chair,fritchie,false,Rhamondre Stevenson,NE,RB,,,,461.p.33508
2025,The Honey Badgers,99,9,0,The Curious Case of Cookus,Joseph,false,Jacory Croskey-Merritt,WAS,RB,,,,461.p.42010
2025,The Honey Badgers,100,9,0,Kryponite,BULL,false,Josh Blackwell,CHI,"DB,CB",,,,461.p.34375
2025,The Honey Badgers,101,9,0,Fat Lazy Americans,Andy,true,Foyesade Oluokun,JAX,LB,,,,461.p.31170
2025,The Honey Badgers,102,9,0,CopperTheBigRedDog,Jaimie Harcos,false,Javonte Williams,DAL,RB,,,,461.p.33423
2025,The Honey Badgers,103,9,0,Jesus take the wheel,Alejandro C,false,Kyler Murray,MIN,QB,,,,461.p.31833
2025,The Honey Badgers,104,9,0,My Balls Are Afoot,Chuck,false,Jared Goff,DET,QB,,,,461.p.29235
2025,The Honey Badgers,105,9,0,Unicorn Love,Krista,false,Jamien Sherwood,NYJ,LB,,,,461.p.33534
2025,The Honey Badgers,106,9,0,Dolphin Boobiez,Tali,false,Jessie Bates III,ATL,S,,,,461.p.31024
2025,The Honey Badgers,107,9,0,Olivators,Amanda,false,Nico Collins,HOU,WR,,,,461.p.33477
2025,The Honey Badgers,108,9,0,The Trophy Wives,Geri Hill,false,Stefon Diggs,WAS,WR,,,,461.p.28534
2025,The Honey Badgers,109,10,0,The Trophy Wives,Geri Hill,false,Jakobi Meyers,JAX,WR,,,,461.p.32231
2025,The Honey Badgers,110,10,0,Olivators,Amanda,false,Tank Bigsby,PHI,RB,,,,461.p.40095
2025,The Honey Badgers,111,10,0,Dolphin Boobiez,Tali,false,Robert Spillane,NE,LB,,,,461.p.31708
2025,The Honey Badgers,112,10,0,Unicorn Love,Krista,false,Drake Maye,NE,QB,,,,461.p.40881
2025,The Honey Badgers,113,10,0,My Balls Are Afoot,Chuck,false,Jauan Jennings,MIN,WR,,,,461.p.32887
2025,The Honey Badgers,114,10,0,Jesus take the wheel,Alejandro C,false,Austin Ekeler,WAS,RB,,,,461.p.30423
2025,The Honey Badgers,115,10,0,CopperTheBigRedDog,Jaimie Harcos,false,Bo Nix,DEN,QB,,,,461.p.40875
2025,The Honey Badgers,116,10,0,Fat Lazy Americans,Andy,true,Bucky Irving,TB,RB,,,,461.p.40993
2025,The Honey Badgers,117,10,0,Kryponite,BULL,false,Sam Hubbard,CIN,"DL,DE",,,,461.p.31047
2025,The Honey Badgers,118,10,0,The Curious Case of Cookus,Joseph,false,Nick Cross,WAS,S,,,,461.p.34052
2025,The Honey Badgers,119,10,0,Comfy In Chair,fritchie,false,Khalil Shakir,BUF,WR,,,,461.p.34104
2025,The Honey Badgers,120,10,0,JRZ,Matthew,false,Brian Robinson,ATL,RB,,,,461.p.34054
2025,The Honey Badgers,121,11,0,JRZ,Matthew,false,Josh Downs,IND,WR,,,,461.p.40126
2025,The Honey Badgers,122,11,0,Comfy In Chair,fritchie,false,Michael Pittman Jr.,PIT,WR,,,,461.p.32704
2025,The Honey Badgers,123,11,0,The Curious Case of Cookus,Joseph,false,Bhayshul Tuten,JAX,RB,,,,461.p.41900
2025,The Honey Badgers,124,11,0,Kryponite,BULL,false,Dak Prescott,DAL,QB,,,,461.p.29369
2025,The Honey Badgers,125,11,0,Fat Lazy Americans,Andy,true,Keon Coleman,BUF,WR,,,,461.p.40911
2025,The Honey Badgers,126,11,0,CopperTheBigRedDog,Jaimie Harcos,false,Nick Chubb,HOU,RB,,,,461.p.31005
2025,The Honey Badgers,127,11,0,Jesus take the wheel,Alejandro C,false,Dallas Goedert,PHI,TE,,,,461.p.31019
2025,The Honey Badgers,128,11,0,My Balls Are Afoot,Chuck,false,Quinshon Judkins,CLE,RB,,,,461.p.41821
2025,The Honey Badgers,129,11,0,Unicorn Love,Krista,false,Baker Mayfield,TB,QB,,,,461.p.30971
2025,The Honey Badgers,130,11,0,Dolphin Boobiez,Tali,false,Rashid Shaheed,SEA,WR,,,,461.p.34659
2025,The Honey Badgers,131,11,0,Olivators,Amanda,false,Jayden Reed,GB,WR,,,,461.p.40063
2025,The Honey Badgers,132,11,0,The Trophy Wives,Geri Hill,false,Cam Skattebo,NYG,RB,,,,461.p.41922
2025,The Honey Badgers,133,12,0,The Trophy Wives,Geri Hill,false,Ernest Jones IV,SEA,LB,,,,461.p.33491
2025,The Honey Badgers,134,12,0,Olivators,Amanda,false,Blake Cashman,MIN,LB,,,,461.p.31989
2025,The Honey Badgers,135,12,0,Dolphin Boobiez,Tali,false,Justin Fields,KC,QB,,,,461.p.33399
2025,The Honey Badgers,136,12,0,Unicorn Love,Krista,false,Cooper Kupp,SEA,WR,,,,461.p.30182
2025,The Honey Badgers,137,12,0,My Balls Are Afoot,Chuck,false,Kyle Hamilton,BAL,S,,,,461.p.33969
2025,The Honey Badgers,138,12,0,Jesus take the wheel,Alejandro C,false,Christian Kirk,SF,WR,,,,461.p.31017
2025,The Honey Badgers,139,12,0,CopperTheBigRedDog,Jaimie Harcos,false,Chris Godwin Jr.,TB,WR,,,,461.p.30197
2025,The Honey Badgers,140,12,0,Fat Lazy Americans,Andy,true,Terrel Bernard,BUF,LB,,,,461.p.34045
2025,The Honey Badgers,141,12,0,Kryponite,BULL,false,Dylan Sampson,CLE,RB,,,,461.p.41907
2025,The Honey Badgers,142,12,0,The Curious Case of Cookus,Joseph,false,Brian Branch,DET,"DB,S",,,,461.p.40067
2025,The Honey Badgers,143,12,0,Comfy In Chair,fritchie,false,Ray Davis,BUF,RB,,,,461.p.40980
2025,The Honey Badgers,144,12,0,JRZ,Matthew,false,Edgerrin Cooper,GB,LB,,,,461.p.40938
2025,The Honey Badgers,145,13,0,JRZ,Matthew,false,Justin Herbert,LAC,QB,,,,461.p.32676
2025,The Honey Badgers,146,13,0,Comfy In Chair,fritchie,false,Tyler Allgeier,ARI,RB,,,,461.p.34107
2025,The Honey Badgers,147,13,0,The Curious Case of Cookus,Joseph,false,Darnell Mooney,NYG,WR,,,,461.p.32843
2025,The Honey Badgers,148,13,0,Kryponite,BULL,false,Dalton Kincaid,BUF,TE,,,,461.p.40048
2025,The Honey Badgers,149,13,0,Fat Lazy Americans,Andy,true,Trey Benson,ARI,RB,,,,461.p.40958
2025,The Honey Badgers,150,13,0,CopperTheBigRedDog,Jaimie Harcos,false,Alex Singleton,DEN,LB,,,,461.p.28716
2025,The Honey Badgers,151,13,0,Jesus take the wheel,Alejandro C,false,Dre Greenlaw,SF,LB,,,,461.p.31980
2025,The Honey Badgers,152,13,0,My Balls Are Afoot,Chuck,false,Logan Wilson,DAL,LB,,,,461.p.32735
2025,The Honey Badgers,153,13,0,Unicorn Love,Krista,false,Jaydon Blue,PHI,RB,,,,461.p.41935
2025,The Honey Badgers,154,13,0,Dolphin Boobiez,Tali,false,Rachaad White,WAS,RB,,,,461.p.34047
2025,The Honey Badgers,155,13,0,Olivators,Amanda,false,Marvin Mims Jr.,DEN,WR,,,,461.p.40090
2025,The Honey Badgers,156,13,0,The Trophy Wives,Geri Hill,false,Brandon Aubrey,DAL,K,,,,461.p.40819
2025,The Honey Badgers,157,14,0,The Trophy Wives,Geri Hill,false,Najee Harris,NYG,RB,,,,461.p.33412
2025,The Honey Badgers,158,14,0,Olivators,Amanda,false,Aidan Hutchinson,DET,"DL,DE",,,,461.p.33957
2025,The Honey Badgers,159,14,0,Dolphin Boobiez,Tali,false,T.J. Hockenson,MIN,TE,,,,461.p.31840
2025,The Honey Badgers,160,14,0,Unicorn Love,Krista,false,Harrison Butker,KC,K,,,,461.p.30346
2025,The Honey Badgers,161,14,0,My Balls Are Afoot,Chuck,false,Wan'Dale Robinson,TEN,WR,,,,461.p.33998
2025,The Honey Badgers,162,14,0,Jesus take the wheel,Alejandro C,false,Payton Wilson,PIT,LB,,,,461.p.40975
2025,The Honey Badgers,163,14,0,CopperTheBigRedDog,Jaimie Harcos,false,Brandon Aiyuk,SF,WR,,,,461.p.32695
2025,The Honey Badgers,164,14,0,Fat Lazy Americans,Andy,true,Brock Bowers,LV,TE,,,,461.p.40878
2025,The Honey Badgers,165,14,0,Kryponite,BULL,false,Jerome Ford,MIN,RB,,,,461.p.34112
2025,The Honey Badgers,166,14,0,The Curious Case of Cookus,Joseph,false,Jordyn Brooks,MIA,LB,,,,461.p.32697
2025,The Honey Badgers,167,14,0,Comfy In Chair,fritchie,false,Maxx Crosby,LV,DE,,,,461.p.31938
2025,The Honey Badgers,168,14,0,JRZ,Matthew,false,Brandon Jones,DEN,S,,,,461.p.32740
2025,The Honey Badgers,169,15,0,JRZ,Matthew,false,Daiyan Henley,LAC,LB,,,,461.p.40113
2025,The Honey Badgers,170,15,0,Comfy In Chair,fritchie,false,T.J. Watt,PIT,"LB,DE",,,,461.p.30143
2025,The Honey Badgers,171,15,0,The Curious Case of Cookus,Joseph,false,Cam Bynum,IND,S,,,,461.p.33513
2025,The Honey Badgers,172,15,0,Kryponite,BULL,false,Rashod Bateman,BAL,WR,,,,461.p.33415
2025,The Honey Badgers,173,15,0,Fat Lazy Americans,Andy,true,Caleb Williams,CHI,QB,,,,461.p.40900
2025,The Honey Badgers,174,15,0,CopperTheBigRedDog,Jaimie Harcos,false,Azeez Al-Shaair,HOU,LB,,,,461.p.32318
2025,The Honey Badgers,175,15,0,Jesus take the wheel,Alejandro C,false,Wil Lutz,DEN,K,,,,461.p.29754
2025,The Honey Badgers,176,15,0,My Balls Are Afoot,Chuck,false,Kareem Hunt,KC,RB,,,,461.p.30199
2025,The Honey Badgers,177,15,0,Unicorn Love,Krista,false,Julian Love,SEA,S,,,,461.p.31940
2025,The Honey Badgers,178,15,0,Dolphin Boobiez,Tali,false,Kyle Pitts Sr.,ATL,TE,,,,461.p.33392
2025,The Honey Badgers,179,15,0,Olivators,Amanda,false,Colston Loveland,CHI,TE,,,,461.p.41795
2025,The Honey Badgers,180,15,0,The Trophy Wives,Geri Hill,false,Bobby Wagner,WAS,LB,,,,461.p.25757
2025,The Honey Badgers,181,16,0,The Trophy Wives,Geri Hill,false,Jordan Love,GB,QB,,,,461.p.32696
2025,The Honey Badgers,182,16,0,Olivators,Amanda,false,Cameron Dicker,LAC,K,,,,461.p.34344
2025,The Honey Badgers,183,16,0,Dolphin Boobiez,Tali,false,Tyler Bass,BUF,K,,,,461.p.32858
2025,The Honey Badgers,184,16,0,Unicorn Love,Krista,false,Jayden Higgins,HOU,WR,,,,461.p.41819
2025,The Honey Badgers,185,16,0,My Balls Are Afoot,Chuck,false,Will Shipley,PHI,RB,,,,461.p.41002
2025,The Honey Badgers,186,16,0,Jesus take the wheel,Alejandro C,false,Keenan Allen,IND,WR,,,,461.p.26699
2025,The Honey Badgers,187,16,0,CopperTheBigRedDog,Jaimie Harcos,false,J.J. McCarthy,NYG,QB,,,,461.p.40905
2025,The Honey Badgers,188,16,0,Fat Lazy Americans,Andy,true,Tyjae Spears,TEN,RB,,,,461.p.40119
2025,The Honey Badgers,189,16,0,Kryponite,BULL,false,Scott Matlock,LAC,"DL,DE",,,,461.p.40225
2025,The Honey Badgers,190,16,0,The Curious Case of Cookus,Joseph,false,Joshua Palmer,BUF,WR,,,,461.p.33465
2025,The Honey Badgers,191,16,0,Comfy In Chair,fritchie,false,Divine Deablo,ATL,LB,,,,461.p.33468
2025,The Honey Badgers,192,16,0,JRZ,Matthew,false,Jake Bates,DET,K,,,,461.p.40835
2025,The Honey Badgers,193,17,0,JRZ,Matthew,false,Rico Dowdle,PIT,RB,,,,461.p.33100
2025,The Honey Badgers,194,17,0,Comfy In Chair,fritchie,false,Chris Boswell,PIT,K,,,,461.p.28188
2025,The Honey Badgers,195,17,0,The Curious Case of Cookus,Joseph,false,Chase McLaughlin,TB,K,,,,461.p.32417
2025,The Honey Badgers,196,17,0,Kryponite,BULL,false,Ka'imi Fairbairn,HOU,K,,,,461.p.29792
2025,The Honey Badgers,197,17,0,Fat Lazy Americans,Andy,true,Luther Burden III,CHI,WR,,,,461.p.41824
2025,The Honey Badgers,198,17,0,CopperTheBigRedDog,Jaimie Harcos,false,Evan McPherson,CIN,K,,,,461.p.33537
2025,The Honey Badgers,199,17,0,Jesus take the wheel,Alejandro C,false,Quay Walker,LV,LB,,,,461.p.33977
2025,The Honey Badgers,200,17,0,My Balls Are Afoot,Chuck,false,Jake Moody,BAL,K,,,,461.p.40129
2025,The Honey Badgers,201,17,0,Unicorn Love,Krista,false,Hunter Henry,NE,TE,,,,461.p.29269
2025,The Honey Badgers,202,17,0,Dolphin Boobiez,Tali,false,Marcus Jones,NE,"DB,CB",,,,461.p.34041
2025,The Honey Badgers,203,17,0,Olivators,Amanda,false,Ollie Gordon II,MIA,RB,,,,461.p.41969
2025,The Honey Badgers,204,17,0,The Trophy Wives,Geri Hill,false,Jonnu Smith,GB,TE,,,,461.p.30213
2025,Rose Bowl XIX,1,1,0,Chubbtown Brownies,JLou,false,Ja'Marr Chase,CIN,WR,,,,461.p.33393
2025,Rose Bowl XIX,2,1,0,OUTLAWS,sour,false,Bijan Robinson,ATL,RB,,,,461.p.40055
2025,Rose Bowl XIX,3,1,0,Sir Nix A Lot,fritchie,false,Jahmyr Gibbs,DET,RB,,,,461.p.40059
2025,Rose Bowl XIX,4,1,0,L.V. Rosekillers,Patrick,false,Saquon Barkley,PHI,RB,,,,461.p.30972
2025,Rose Bowl XIX,5,1,0,Concussion Protocol,Matt,false,Derrick Henry,BAL,RB,,,,461.p.29279
2025,Rose Bowl XIX,6,1,0,Watching Basketball,Chuck,false,Christian McCaffrey,SF,RB,,,,461.p.30121
2025,Rose Bowl XIX,7,1,0,Rome-an Empire,Amzie,false,CeeDee Lamb,DAL,WR,,,,461.p.32687
2025,Rose Bowl XIX,8,1,0,Fat Lazy Americans,Andy,true,Justin Jefferson,MIN,WR,,,,461.p.32692
2025,Rose Bowl XIX,9,1,0,Panda XL,Alejandro C,false,Nico Collins,HOU,WR,,,,461.p.33477
2025,Rose Bowl XIX,10,1,0,Any Given Sun God,Elijah,false,Amon-Ra St. Brown,DET,WR,,,,461.p.33500
2025,Rose Bowl XIX,11,1,0,CallinginSickMonday,Jaimie Harcos,false,Malik Nabers,NYG,WR,,,,461.p.40899
2025,Rose Bowl XIX,12,1,0,Jukin Junies,Amanda,false,Puka Nacua,LAR,WR,,,,461.p.40168
2025,Rose Bowl XIX,13,2,0,Jukin Junies,Amanda,false,Ashton Jeanty,LV,RB,,,,461.p.41791
2025,Rose Bowl XIX,14,2,0,CallinginSickMonday,Jaimie Harcos,false,Jonathan Taylor,IND,RB,,,,461.p.32711
2025,Rose Bowl XIX,15,2,0,Any Given Sun God,Elijah,false,Josh Jacobs,GB,RB,,,,461.p.31856
2025,Rose Bowl XIX,16,2,0,Panda XL,Alejandro C,false,Bucky Irving,TB,RB,,,,461.p.40993
2025,Rose Bowl XIX,17,2,0,Fat Lazy Americans,Andy,true,De'Von Achane,MIA,RB,,,,461.p.40118
2025,Rose Bowl XIX,18,2,0,Rome-an Empire,Amzie,false,Chase Brown,CIN,RB,,,,461.p.40196
2025,Rose Bowl XIX,19,2,0,Watching Basketball,Chuck,false,Brian Thomas Jr.,JAX,WR,,,,461.p.40883
2025,Rose Bowl XIX,20,2,0,Concussion Protocol,Matt,false,Brock Bowers,LV,TE,,,,461.p.40878
2025,Rose Bowl XIX,21,2,0,L.V. Rosekillers,Patrick,false,Drake London,ATL,WR,,,,461.p.33963
2025,Rose Bowl XIX,22,2,0,Sir Nix A Lot,fritchie,false,Ladd McConkey,LAC,WR,,,,461.p.40908
2025,Rose Bowl XIX,23,2,0,OUTLAWS,sour,false,Kyren Williams,LAR,RB,,,,461.p.34120
2025,Rose Bowl XIX,24,2,0,Chubbtown Brownies,JLou,false,Mike Evans,SF,WR,,,,461.p.27535
2025,Rose Bowl XIX,25,3,0,Chubbtown Brownies,JLou,false,George Kittle,SF,TE,,,,461.p.30259
2025,Rose Bowl XIX,26,3,0,OUTLAWS,sour,false,A.J. Brown,NE,WR,,,,461.p.31883
2025,Rose Bowl XIX,27,3,0,Sir Nix A Lot,fritchie,false,Marvin Harrison Jr.,ARI,WR,,,,461.p.40893
2025,Rose Bowl XIX,28,3,0,L.V. Rosekillers,Patrick,false,Josh Allen,BUF,QB,,,,461.p.30977
2025,Rose Bowl XIX,29,3,0,Concussion Protocol,Matt,false,Lamar Jackson,BAL,QB,,,,461.p.31002
2025,Rose Bowl XIX,30,3,0,Watching Basketball,Chuck,false,James Cook III,BUF,RB,,,,461.p.34019
2025,Rose Bowl XIX,31,3,0,Rome-an Empire,Amzie,false,Jayden Daniels,WAS,QB,,,,461.p.40896
2025,Rose Bowl XIX,32,3,0,Fat Lazy Americans,Andy,true,Jaxon Smith-Njigba,SEA,WR,,,,461.p.40041
2025,Rose Bowl XIX,33,3,0,Panda XL,Alejandro C,false,Jalen Hurts,PHI,QB,,,,461.p.32723
2025,Rose Bowl XIX,34,3,0,Any Given Sun God,Elijah,false,Trey McBride,ARI,TE,,,,461.p.34010
2025,Rose Bowl XIX,35,3,0,CallinginSickMonday,Jaimie Harcos,false,Tyreek Hill,MIA,WR,,,,461.p.29399
2025,Rose Bowl XIX,36,3,0,Jukin Junies,Amanda,false,Joe Burrow,CIN,QB,,,,461.p.32671
2025,Rose Bowl XIX,37,4,0,Jukin Junies,Amanda,false,Tee Higgins,CIN,WR,,,,461.p.32703
2025,Rose Bowl XIX,38,4,0,CallinginSickMonday,Jaimie Harcos,false,Omarion Hampton,LAC,RB,,,,461.p.41807
2025,Rose Bowl XIX,39,4,0,Any Given Sun God,Elijah,false,Garrett Wilson,NYJ,WR,,,,461.p.33965
2025,Rose Bowl XIX,40,4,0,Panda XL,Alejandro C,false,Kenneth Walker III,KC,RB,,,,461.p.33996
2025,Rose Bowl XIX,41,4,0,Fat Lazy Americans,Andy,true,Davante Adams,LAR,WR,,,,461.p.27581
2025,Rose Bowl XIX,42,4,0,Rome-an Empire,Amzie,false,Terry McLaurin,WAS,WR,,,,461.p.31908
2025,Rose Bowl XIX,43,4,0,Watching Basketball,Chuck,false,Patrick Mahomes,KC,QB,,,,461.p.30123
2025,Rose Bowl XIX,44,4,0,Concussion Protocol,Matt,false,Alvin Kamara,NO,RB,,,,461.p.30180
2025,Rose Bowl XIX,45,4,0,L.V. Rosekillers,Patrick,false,Breece Hall,NYJ,RB,,,,461.p.33991
2025,Rose Bowl XIX,46,4,0,Sir Nix A Lot,fritchie,false,Isiah Pacheco,DET,RB,,,,461.p.34207
2025,Rose Bowl XIX,47,4,0,OUTLAWS,sour,false,DK Metcalf,PIT,WR,,,,461.p.31896
2025,Rose Bowl XIX,48,4,0,Chubbtown Brownies,JLou,false,James Conner,ARI,RB,,,,461.p.30218
2025,Rose Bowl XIX,49,5,0,Chubbtown Brownies,JLou,false,Chuba Hubbard,CAR,RB,,,,461.p.33514
2025,Rose Bowl XIX,50,5,0,OUTLAWS,sour,false,Baker Mayfield,TB,QB,,,,461.p.30971
2025,Rose Bowl XIX,51,5,0,Sir Nix A Lot,fritchie,false,Sam LaPorta,DET,TE,,,,461.p.40064
2025,Rose Bowl XIX,52,5,0,L.V. Rosekillers,Patrick,false,DeVonta Smith,PHI,WR,,,,461.p.33398
2025,Rose Bowl XIX,53,5,0,Concussion Protocol,Matt,false,DJ Moore,BUF,WR,,,,461.p.30994
2025,Rose Bowl XIX,54,5,0,Watching Basketball,Chuck,false,Courtland Sutton,DEN,WR,,,,461.p.31010
2025,Rose Bowl XIX,55,5,0,Rome-an Empire,Amzie,false,Tony Pollard,TEN,RB,,,,461.p.31960
2025,Rose Bowl XIX,56,5,0,Fat Lazy Americans,Andy,true,TreVeyon Henderson,NE,RB,,,,461.p.41823
2025,Rose Bowl XIX,57,5,0,Panda XL,Alejandro C,false,Jaylen Waddle,DEN,WR,,,,461.p.33394
2025,Rose Bowl XIX,58,5,0,Any Given Sun God,Elijah,false,George Pickens,DAL,WR,,,,461.p.34007
2025,Rose Bowl XIX,59,5,0,CallinginSickMonday,Jaimie Harcos,false,Dak Prescott,DAL,QB,,,,461.p.29369
2025,Rose Bowl XIX,60,5,0,Jukin Junies,Amanda,false,Tetairoa McMillan,CAR,WR,,,,461.p.41793
2025,Rose Bowl XIX,61,6,0,Jukin Junies,Amanda,false,T.J. Hockenson,MIN,TE,,,,461.p.31840
2025,Rose Bowl XIX,62,6,0,CallinginSickMonday,Jaimie Harcos,false,Ricky Pearsall,SF,WR,,,,461.p.40892
2025,Rose Bowl XIX,63,6,0,Any Given Sun God,Elijah,false,RJ Harvey,DEN,RB,,,,461.p.41845
2025,Rose Bowl XIX,64,6,0,Panda XL,Alejandro C,false,D'Andre Swift,CHI,RB,,,,461.p.32705
2025,Rose Bowl XIX,65,6,0,Fat Lazy Americans,Andy,true,Xavier Worthy,KC,WR,,,,461.p.40877
2025,Rose Bowl XIX,66,6,0,Rome-an Empire,Amzie,false,David Montgomery,HOU,RB,,,,461.p.31905
2025,Rose Bowl XIX,67,6,0,Watching Basketball,Chuck,false,Mark Andrews,BAL,TE,,,,461.p.31056
2025,Rose Bowl XIX,68,6,0,Concussion Protocol,Matt,false,Jameson Williams,DET,WR,,,,461.p.33967
2025,Rose Bowl XIX,69,6,0,L.V. Rosekillers,Patrick,false,Calvin Ridley,TEN,WR,,,,461.p.30996
2025,Rose Bowl XIX,70,6,0,Sir Nix A Lot,fritchie,false,Rome Odunze,CHI,WR,,,,461.p.40901
2025,Rose Bowl XIX,71,6,0,OUTLAWS,sour,false,Travis Kelce,KC,TE,,,,461.p.26686
2025,Rose Bowl XIX,72,6,0,Chubbtown Brownies,JLou,false,Aaron Jones Sr.,MIN,RB,,,,461.p.30295
2025,Rose Bowl XIX,73,7,0,Chubbtown Brownies,JLou,false,Chris Olave,NO,WR,,,,461.p.33966
2025,Rose Bowl XIX,74,7,0,OUTLAWS,sour,false,Kaleb Johnson,GB,RB,,,,461.p.41881
2025,Rose Bowl XIX,75,7,0,Sir Nix A Lot,fritchie,false,Bo Nix,DEN,QB,,,,461.p.40875
2025,Rose Bowl XIX,76,7,0,L.V. Rosekillers,Patrick,false,Tyrone Tracy Jr.,NYG,RB,,,,461.p.41048
2025,Rose Bowl XIX,77,7,0,Concussion Protocol,Matt,false,Jaylen Warren,PIT,RB,,,,461.p.34447
2025,Rose Bowl XIX,78,7,0,Watching Basketball,Chuck,false,Zay Flowers,BAL,WR,,,,461.p.40039
2025,Rose Bowl XIX,79,7,0,Rome-an Empire,Amzie,false,Emeka Egbuka,TB,WR,,,,461.p.41804
2025,Rose Bowl XIX,80,7,0,Fat Lazy Americans,Andy,true,Jacory Croskey-Merritt,WAS,RB,,,,461.p.42010
2025,Rose Bowl XIX,81,7,0,Panda XL,Alejandro C,false,Jakobi Meyers,JAX,WR,,,,461.p.32231
2025,Rose Bowl XIX,82,7,0,Any Given Sun God,Elijah,false,Brock Purdy,SF,QB,,,,461.p.34218
2025,Rose Bowl XIX,83,7,0,CallinginSickMonday,Jaimie Harcos,false,Evan Engram,DEN,TE,,,,461.p.30136
2025,Rose Bowl XIX,84,7,0,Jukin Junies,Amanda,false,Jordan Mason,MIN,RB,,,,461.p.34320
2025,Rose Bowl XIX,85,8,0,Jukin Junies,Amanda,false,Jerry Jeudy,CLE,WR,,,,461.p.32685
2025,Rose Bowl XIX,86,8,0,CallinginSickMonday,Jaimie Harcos,false,Rashee Rice,KC,WR,,,,461.p.40084
2025,Rose Bowl XIX,87,8,0,Any Given Sun God,Elijah,false,Juanyeh Thomas,DAL,S,,,,461.p.34595
2025,Rose Bowl XIX,88,8,0,Panda XL,Alejandro C,false,David Njoku,LAC,TE,,,,461.p.30142
2025,Rose Bowl XIX,89,8,0,Fat Lazy Americans,Andy,true,Kyler Murray,MIN,QB,,,,461.p.31833
2025,Rose Bowl XIX,90,8,0,Rome-an Empire,Amzie,false,Matthew Golden,GB,WR,,,,461.p.41808
2025,Rose Bowl XIX,91,8,0,Watching Basketball,Chuck,false,Deebo Samuel Sr.,SF,WR,,,,461.p.31868
2025,Rose Bowl XIX,92,8,0,Concussion Protocol,Matt,false,Brian Robinson,ATL,RB,,,,461.p.34054
2025,Rose Bowl XIX,93,8,0,L.V. Rosekillers,Patrick,false,Travis Hunter,JAX,"WR,CB",,,,461.p.99001
2025,Rose Bowl XIX,94,8,0,Sir Nix A Lot,fritchie,false,Jauan Jennings,MIN,WR,,,,461.p.32887
2025,Rose Bowl XIX,95,8,0,OUTLAWS,sour,false,Josh Blackwell,CHI,"DB,CB",,,,461.p.34375
2025,Rose Bowl XIX,96,8,0,Chubbtown Brownies,JLou,false,Jared Goff,DET,QB,,,,461.p.29235
2025,Rose Bowl XIX,97,9,0,Chubbtown Brownies,JLou,false,Nick Chubb,HOU,RB,,,,461.p.31005
2025,Rose Bowl XIX,98,9,0,OUTLAWS,sour,false,Sam Hubbard,CIN,"DL,DE",,,,461.p.31047
2025,Rose Bowl XIX,99,9,0,Sir Nix A Lot,fritchie,false,Rhamondre Stevenson,NE,RB,,,,461.p.33508
2025,Rose Bowl XIX,100,9,0,L.V. Rosekillers,Patrick,false,Tucker Kraft,GB,TE,,,,461.p.40102
2025,Rose Bowl XIX,101,9,0,Concussion Protocol,Matt,false,Stefon Diggs,WAS,WR,,,,461.p.28534
2025,Rose Bowl XIX,102,9,0,Watching Basketball,Chuck,false,Rashid Shaheed,SEA,WR,,,,461.p.34659
2025,Rose Bowl XIX,103,9,0,Rome-an Empire,Amzie,false,Zach Charbonnet,SEA,RB,,,,461.p.40075
2025,Rose Bowl XIX,104,9,0,Fat Lazy Americans,Andy,true,Braelon Allen,NYJ,RB,,,,461.p.40981
2025,Rose Bowl XIX,105,9,0,Panda XL,Alejandro C,false,Jordan Addison,MIN,WR,,,,461.p.40042
2025,Rose Bowl XIX,106,9,0,Any Given Sun God,Elijah,false,Scott Matlock,LAC,"DL,DE",,,,461.p.40225
2025,Rose Bowl XIX,107,9,0,CallinginSickMonday,Jaimie Harcos,false,Travis Etienne Jr.,NO,RB,,,,461.p.33413
2025,Rose Bowl XIX,108,9,0,Jukin Junies,Amanda,false,J.K. Dobbins,DEN,RB,,,,461.p.32725
2025,Rose Bowl XIX,109,10,0,Jukin Junies,Amanda,false,Josh Downs,IND,WR,,,,461.p.40126
2025,Rose Bowl XIX,110,10,0,CallinginSickMonday,Jaimie Harcos,false,Fred Warner,SF,LB,,,,461.p.31040
2025,Rose Bowl XIX,111,10,0,Any Given Sun God,Elijah,false,Divine Deablo,ATL,LB,,,,461.p.33468
2025,Rose Bowl XIX,112,10,0,Panda XL,Alejandro C,false,Bhayshul Tuten,JAX,RB,,,,461.p.41900
2025,Rose Bowl XIX,113,10,0,Fat Lazy Americans,Andy,true,Tyler Warren,IND,TE,,,,461.p.41799
2025,Rose Bowl XIX,114,10,0,Rome-an Empire,Amzie,false,Colston Loveland,CHI,TE,,,,461.p.41795
2025,Rose Bowl XIX,115,10,0,Watching Basketball,Chuck,false,Michael Pittman Jr.,PIT,WR,,,,461.p.32704
2025,Rose Bowl XIX,116,10,0,Concussion Protocol,Matt,false,Jayden Reed,GB,WR,,,,461.p.40063
2025,Rose Bowl XIX,117,10,0,L.V. Rosekillers,Patrick,false,Javonte Williams,DAL,RB,,,,461.p.33423
2025,Rose Bowl XIX,118,10,0,Sir Nix A Lot,fritchie,false,Khalil Shakir,BUF,WR,,,,461.p.34104
2025,Rose Bowl XIX,119,10,0,OUTLAWS,sour,false,Marcus Jones,NE,"DB,CB",,,,461.p.34041
2025,Rose Bowl XIX,120,10,0,Chubbtown Brownies,JLou,false,Cooper Kupp,SEA,WR,,,,461.p.30182
2025,Rose Bowl XIX,121,11,0,Chubbtown Brownies,JLou,false,Joe Mixon,SEA,RB,,,,461.p.30161
2025,Rose Bowl XIX,122,11,0,OUTLAWS,sour,false,Tank Bigsby,PHI,RB,,,,461.p.40095
2025,Rose Bowl XIX,123,11,0,Sir Nix A Lot,fritchie,false,Rachaad White,WAS,RB,,,,461.p.34047
2025,Rose Bowl XIX,124,11,0,L.V. Rosekillers,Patrick,false,Cameron Dicker,LAC,K,,,,461.p.34344
2025,Rose Bowl XIX,125,11,0,Concussion Protocol,Matt,false,Chris Godwin Jr.,TB,WR,,,,461.p.30197
2025,Rose Bowl XIX,126,11,0,Watching Basketball,Chuck,false,Zaire Franklin,GB,LB,,,,461.p.31205
2025,Rose Bowl XIX,127,11,0,Rome-an Empire,Amzie,false,Roquan Smith,BAL,LB,,,,461.p.30978
2025,Rose Bowl XIX,128,11,0,Fat Lazy Americans,Andy,true,Keon Coleman,BUF,WR,,,,461.p.40911
2025,Rose Bowl XIX,129,11,0,Panda XL,Alejandro C,false,Alex Singleton,DEN,LB,,,,461.p.28716
2025,Rose Bowl XIX,130,11,0,Any Given Sun God,Elijah,false,Drake Maye,NE,QB,,,,461.p.40881
2025,Rose Bowl XIX,131,11,0,CallinginSickMonday,Jaimie Harcos,false,Cam Skattebo,NYG,RB,,,,461.p.41922
2025,Rose Bowl XIX,132,11,0,Jukin Junies,Amanda,false,Zack Baun,PHI,LB,,,,461.p.32744
2025,Rose Bowl XIX,133,12,0,Jukin Junies,Amanda,false,Darnell Mooney,NYG,WR,,,,461.p.32843
2025,Rose Bowl XIX,134,12,0,CallinginSickMonday,Jaimie Harcos,false,Foyesade Oluokun,JAX,LB,,,,461.p.31170
2025,Rose Bowl XIX,135,12,0,Any Given Sun God,Elijah,false,Jake Ferguson,DAL,TE,,,,461.p.34085
2025,Rose Bowl XIX,136,12,0,Panda XL,Alejandro C,false,Chamarri Conner,KC,"DB,S",,,,461.p.40160
2025,Rose Bowl XIX,137,12,0,Fat Lazy Americans,Andy,true,Ray Davis,BUF,RB,,,,461.p.40980
2025,Rose Bowl XIX,138,12,0,Rome-an Empire,Amzie,false,Brian Branch,DET,"DB,S",,,,461.p.40067
2025,Rose Bowl XIX,139,12,0,Watching Basketball,Chuck,false,Austin Ekeler,WAS,RB,,,,461.p.30423
2025,Rose Bowl XIX,140,12,0,Concussion Protocol,Matt,false,Justin Herbert,LAC,QB,,,,461.p.32676
2025,Rose Bowl XIX,141,12,0,L.V. Rosekillers,Patrick,false,Rashod Bateman,BAL,WR,,,,461.p.33415
2025,Rose Bowl XIX,142,12,0,Sir Nix A Lot,fritchie,false,Logan Wilson,DAL,LB,,,,461.p.32735
2025,Rose Bowl XIX,143,12,0,OUTLAWS,sour,false,Justin Fields,KC,QB,,,,461.p.33399
2025,Rose Bowl XIX,144,12,0,Chubbtown Brownies,JLou,false,Harrison Butker,KC,K,,,,461.p.30346
2025,Rose Bowl XIX,145,13,0,Chubbtown Brownies,JLou,false,Zach Ertz,PHI,TE,,,,461.p.26658
2025,Rose Bowl XIX,146,13,0,OUTLAWS,sour,false,Dallas Goedert,PHI,TE,,,,461.p.31019
2025,Rose Bowl XIX,147,13,0,Sir Nix A Lot,fritchie,false,Christian Kirk,SF,WR,,,,461.p.31017
2025,Rose Bowl XIX,148,13,0,L.V. Rosekillers,Patrick,false,Jayden Higgins,HOU,WR,,,,461.p.41819
2025,Rose Bowl XIX,149,13,0,Concussion Protocol,Matt,false,Maxx Crosby,LV,DE,,,,461.p.31938
2025,Rose Bowl XIX,150,13,0,Watching Basketball,Chuck,false,Tyler Allgeier,ARI,RB,,,,461.p.34107
2025,Rose Bowl XIX,151,13,0,Rome-an Empire,Amzie,false,Nick Bolton,KC,LB,,,,461.p.33446
2025,Rose Bowl XIX,152,13,0,Fat Lazy Americans,Andy,true,Jamien Sherwood,NYJ,LB,,,,461.p.33534
2025,Rose Bowl XIX,153,13,0,Panda XL,Alejandro C,false,Keenan Allen,IND,WR,,,,461.p.26699
2025,Rose Bowl XIX,154,13,0,Any Given Sun God,Elijah,false,Dylan Sampson,CLE,RB,,,,461.p.41907
2025,Rose Bowl XIX,155,13,0,CallinginSickMonday,Jaimie Harcos,false,Brandon Aiyuk,SF,WR,,,,461.p.32695
2025,Rose Bowl XIX,156,13,0,Jukin Junies,Amanda,false,Quinshon Judkins,CLE,RB,,,,461.p.41821
2025,Rose Bowl XIX,157,14,0,Jukin Junies,Amanda,false,T.J. Edwards,CHI,LB,,,,461.p.32403
2025,Rose Bowl XIX,158,14,0,CallinginSickMonday,Jaimie Harcos,false,Ernest Jones IV,SEA,LB,,,,461.p.33491
2025,Rose Bowl XIX,159,14,0,Any Given Sun God,Elijah,false,Jerome Ford,MIN,RB,,,,461.p.34112
2025,Rose Bowl XIX,160,14,0,Panda XL,Alejandro C,false,Payton Wilson,PIT,LB,,,,461.p.40975
2025,Rose Bowl XIX,161,14,0,Fat Lazy Americans,Andy,true,Terrel Bernard,BUF,LB,,,,461.p.34045
2025,Rose Bowl XIX,162,14,0,Rome-an Empire,Amzie,false,Ollie Gordon II,MIA,RB,,,,461.p.41969
2025,Rose Bowl XIX,163,14,0,Watching Basketball,Chuck,false,Ashtyn Davis,SF,S,,,,461.p.32738
2025,Rose Bowl XIX,164,14,0,Concussion Protocol,Matt,false,Dalton Kincaid,BUF,TE,,,,461.p.40048
2025,Rose Bowl XIX,165,14,0,L.V. Rosekillers,Patrick,false,Jeffery Simmons,TEN,"DT,DE",,,,461.p.31851
2025,Rose Bowl XIX,166,14,0,Sir Nix A Lot,fritchie,false,Isaac Guerendo,SF,RB,,,,461.p.40998
2025,Rose Bowl XIX,167,14,0,OUTLAWS,sour,false,Tyjae Spears,TEN,RB,,,,461.p.40119
2025,Rose Bowl XIX,168,14,0,Chubbtown Brownies,JLou,false,Jessie Bates III,ATL,S,,,,461.p.31024
2025,Rose Bowl XIX,169,15,0,Chubbtown Brownies,JLou,false,Tre' Harris,LAC,WR,,,,461.p.41840
2025,Rose Bowl XIX,170,15,0,OUTLAWS,sour,false,Cedric Tillman,NO,WR,,,,461.p.40093
2025,Rose Bowl XIX,171,15,0,Sir Nix A Lot,fritchie,false,Dru Phillips,NYG,"DB,CB",,,,461.p.40969
2025,Rose Bowl XIX,172,15,0,L.V. Rosekillers,Patrick,false,Khalil Dorsey,DET,CB,,,,461.p.33012
2025,Rose Bowl XIX,173,15,0,Concussion Protocol,Matt,false,Aidan Hutchinson,DET,"DL,DE",,,,461.p.33957
2025,Rose Bowl XIX,174,15,0,Watching Basketball,Chuck,false,Brandin Echols,PIT,CB,,,,461.p.33588
2025,Rose Bowl XIX,175,15,0,Rome-an Empire,Amzie,false,Hunter Henry,NE,TE,,,,461.p.29269
2025,Rose Bowl XIX,176,15,0,Fat Lazy Americans,Andy,true,Jaydon Blue,PHI,RB,,,,461.p.41935
2025,Rose Bowl XIX,177,15,0,Panda XL,Alejandro C,false,Brandon Aubrey,DAL,K,,,,461.p.40819
2025,Rose Bowl XIX,178,15,0,Any Given Sun God,Elijah,false,Marvin Mims Jr.,DEN,WR,,,,461.p.40090
2025,Rose Bowl XIX,179,15,0,CallinginSickMonday,Jaimie Harcos,false,Trey Benson,ARI,RB,,,,461.p.40958
2025,Rose Bowl XIX,180,15,0,Jukin Junies,Amanda,false,Joey Bosa,BUF,"LB,DE",,,,461.p.29237
2025,Rose Bowl XIX,181,16,0,Jukin Junies,Amanda,false,Najee Harris,NYG,RB,,,,461.p.33412
2025,Rose Bowl XIX,182,16,0,CallinginSickMonday,Jaimie Harcos,false,Ka'imi Fairbairn,HOU,K,,,,461.p.29792
2025,Rose Bowl XIX,183,16,0,Any Given Sun God,Elijah,false,Dane Belton,NYJ,S,,,,461.p.34070
2025,Rose Bowl XIX,184,16,0,Panda XL,Alejandro C,false,DeMario Douglas,NE,WR,,,,461.p.40222
2025,Rose Bowl XIX,185,16,0,Fat Lazy Americans,Andy,true,Micah Parsons,GB,"LB,DE",,,,461.p.33400
2025,Rose Bowl XIX,186,16,0,Rome-an Empire,Amzie,false,T.J. Watt,PIT,"LB,DE",,,,461.p.30143
2025,Rose Bowl XIX,187,16,0,Watching Basketball,Chuck,false,Caleb Williams,CHI,QB,,,,461.p.40900
2025,Rose Bowl XIX,188,16,0,Concussion Protocol,Matt,false,Jake Bates,DET,K,,,,461.p.40835
2025,Rose Bowl XIX,189,16,0,L.V. Rosekillers,Patrick,false,Jalen Reeves-Maybin,CHI,LB,,,,461.p.30237
2025,Rose Bowl XIX,190,16,0,Sir Nix A Lot,fritchie,false,Julian Love,SEA,S,,,,461.p.31940
2025,Rose Bowl XIX,191,16,0,OUTLAWS,sour,false,Chauncey Golston,NYG,"DT,DE",,,,461.p.33472
2025,Rose Bowl XIX,192,16,0,Chubbtown Brownies,JLou,false,Jordyn Brooks,MIA,LB,,,,461.p.32697
2025,Rose Bowl XIX,193,17,0,Chubbtown Brownies,JLou,false,Adam Thielen,PIT,WR,,,,461.p.27277
2025,Rose Bowl XIX,194,17,0,OUTLAWS,sour,false,Chris Boswell,PIT,K,,,,461.p.28188
2025,Rose Bowl XIX,195,17,0,Sir Nix A Lot,fritchie,false,Tyler Bass,BUF,K,,,,461.p.32858
2025,Rose Bowl XIX,196,17,0,L.V. Rosekillers,Patrick,false,Jordan Love,GB,QB,,,,461.p.32696
2025,Rose Bowl XIX,197,17,0,Concussion Protocol,Matt,false,Bobby Okereke,CAR,LB,,,,461.p.31921
2025,Rose Bowl XIX,198,17,0,Watching Basketball,Chuck,false,Wil Lutz,DEN,K,,,,461.p.29754
2025,Rose Bowl XIX,199,17,0,Rome-an Empire,Amzie,false,Chase McLaughlin,TB,K,,,,461.p.32417
2025,Rose Bowl XIX,200,17,0,Fat Lazy Americans,Andy,true,J.J. McCarthy,NYG,QB,,,,461.p.40905
2025,Rose Bowl XIX,201,17,0,Panda XL,Alejandro C,false,Michael Penix Jr.,ATL,QB,,,,461.p.40889
2025,Rose Bowl XIX,202,17,0,Any Given Sun God,Elijah,false,Evan McPherson,CIN,K,,,,461.p.33537
2025,Rose Bowl XIX,203,17,0,CallinginSickMonday,Jaimie Harcos,false,C.J. Stroud,HOU,QB,,,,461.p.40030
2025,Rose Bowl XIX,204,17,0,Jukin Junies,Amanda,false,Kyle Williams,NE,WR,,,,461.p.41864
2025,CC Bowl XV CHAMPIONS LEAGUE,1,1,0,Ninja Goblins,Alejandro C,false,Ja'Marr Chase,CIN,WR,,,,461.p.33393
2025,CC Bowl XV CHAMPIONS LEAGUE,2,1,0,The Omen,Damien Robertson,false,Bijan Robinson,ATL,RB,,,,461.p.40055
2025,CC Bowl XV CHAMPIONS LEAGUE,3,1,0,Fat Lazy Americans,Andy,true,Saquon Barkley,PHI,RB,,,,461.p.30972
2025,CC Bowl XV CHAMPIONS LEAGUE,4,1,0,Isotopes,sour,false,Jahmyr Gibbs,DET,RB,,,,461.p.40059
2025,CC Bowl XV CHAMPIONS LEAGUE,5,1,0,CallingInSickMonday,Jaimie Harcos,false,CeeDee Lamb,DAL,WR,,,,461.p.32687
2025,CC Bowl XV CHAMPIONS LEAGUE,6,1,0,Ava's Mafia,Amanda,false,Justin Jefferson,MIN,WR,,,,461.p.32692
2025,CC Bowl XV CHAMPIONS LEAGUE,7,1,0,KC Masterpiece,Barry,false,Nico Collins,HOU,WR,,,,461.p.33477
2025,CC Bowl XV CHAMPIONS LEAGUE,8,1,0,Prestige Worldwide,Matt Hamlin,false,Amon-Ra St. Brown,DET,WR,,,,461.p.33500
2025,CC Bowl XV CHAMPIONS LEAGUE,9,2,0,Prestige Worldwide,Matt Hamlin,false,Christian McCaffrey,SF,RB,,,,461.p.30121
2025,CC Bowl XV CHAMPIONS LEAGUE,10,2,0,KC Masterpiece,Barry,false,Malik Nabers,NYG,WR,,,,461.p.40899
2025,CC Bowl XV CHAMPIONS LEAGUE,11,2,0,Ava's Mafia,Amanda,false,Derrick Henry,BAL,RB,,,,461.p.29279
2025,CC Bowl XV CHAMPIONS LEAGUE,12,2,0,CallingInSickMonday,Jaimie Harcos,false,Drake London,ATL,WR,,,,461.p.33963
2025,CC Bowl XV CHAMPIONS LEAGUE,13,2,0,Isotopes,sour,false,Brian Thomas Jr.,JAX,WR,,,,461.p.40883
2025,CC Bowl XV CHAMPIONS LEAGUE,14,2,0,Fat Lazy Americans,Andy,true,Ashton Jeanty,LV,RB,,,,461.p.41791
2025,CC Bowl XV CHAMPIONS LEAGUE,15,2,0,The Omen,Damien Robertson,false,Josh Jacobs,GB,RB,,,,461.p.31856
2025,CC Bowl XV CHAMPIONS LEAGUE,16,2,0,Ninja Goblins,Alejandro C,false,Puka Nacua,LAR,WR,,,,461.p.40168
2025,CC Bowl XV CHAMPIONS LEAGUE,17,3,0,Ninja Goblins,Alejandro C,false,Bucky Irving,TB,RB,,,,461.p.40993
2025,CC Bowl XV CHAMPIONS LEAGUE,18,3,0,The Omen,Damien Robertson,false,A.J. Brown,NE,WR,,,,461.p.31883
2025,CC Bowl XV CHAMPIONS LEAGUE,19,3,0,Fat Lazy Americans,Andy,true,De'Von Achane,MIA,RB,,,,461.p.40118
2025,CC Bowl XV CHAMPIONS LEAGUE,20,3,0,Isotopes,sour,false,Jonathan Taylor,IND,RB,,,,461.p.32711
2025,CC Bowl XV CHAMPIONS LEAGUE,21,3,0,CallingInSickMonday,Jaimie Harcos,false,Chase Brown,CIN,RB,,,,461.p.40196
2025,CC Bowl XV CHAMPIONS LEAGUE,22,3,0,Ava's Mafia,Amanda,false,Ladd McConkey,LAC,WR,,,,461.p.40908
2025,CC Bowl XV CHAMPIONS LEAGUE,23,3,0,KC Masterpiece,Barry,false,Brock Bowers,LV,TE,,,,461.p.40878
2025,CC Bowl XV CHAMPIONS LEAGUE,24,3,0,Prestige Worldwide,Matt Hamlin,false,Trey McBride,ARI,TE,,,,461.p.34010
2025,CC Bowl XV CHAMPIONS LEAGUE,25,4,0,Prestige Worldwide,Matt Hamlin,false,George Kittle,SF,TE,,,,461.p.30259
2025,CC Bowl XV CHAMPIONS LEAGUE,26,4,0,KC Masterpiece,Barry,false,Lamar Jackson,BAL,QB,,,,461.p.31002
2025,CC Bowl XV CHAMPIONS LEAGUE,27,4,0,Ava's Mafia,Amanda,false,Josh Allen,BUF,QB,,,,461.p.30977
2025,CC Bowl XV CHAMPIONS LEAGUE,28,4,0,CallingInSickMonday,Jaimie Harcos,false,Tee Higgins,CIN,WR,,,,461.p.32703
2025,CC Bowl XV CHAMPIONS LEAGUE,29,4,0,Isotopes,sour,false,Kyren Williams,LAR,RB,,,,461.p.34120
2025,CC Bowl XV CHAMPIONS LEAGUE,30,4,0,Fat Lazy Americans,Andy,true,Jayden Daniels,WAS,QB,,,,461.p.40896
2025,CC Bowl XV CHAMPIONS LEAGUE,31,4,0,The Omen,Damien Robertson,false,Omarion Hampton,LAC,RB,,,,461.p.41807
2025,CC Bowl XV CHAMPIONS LEAGUE,32,4,0,Ninja Goblins,Alejandro C,false,Mike Evans,SF,WR,,,,461.p.27535
2025,CC Bowl XV CHAMPIONS LEAGUE,33,5,0,Ninja Goblins,Alejandro C,false,James Cook III,BUF,RB,,,,461.p.34019
2025,CC Bowl XV CHAMPIONS LEAGUE,34,5,0,The Omen,Damien Robertson,false,Jaxon Smith-Njigba,SEA,WR,,,,461.p.40041
2025,CC Bowl XV CHAMPIONS LEAGUE,35,5,0,Fat Lazy Americans,Andy,true,Tyreek Hill,MIA,WR,,,,461.p.29399
2025,CC Bowl XV CHAMPIONS LEAGUE,36,5,0,Isotopes,sour,false,Jalen Hurts,PHI,QB,,,,461.p.32723
2025,CC Bowl XV CHAMPIONS LEAGUE,37,5,0,CallingInSickMonday,Jaimie Harcos,false,Kenneth Walker III,KC,RB,,,,461.p.33996
2025,CC Bowl XV CHAMPIONS LEAGUE,38,5,0,Ava's Mafia,Amanda,false,Terry McLaurin,WAS,WR,,,,461.p.31908
2025,CC Bowl XV CHAMPIONS LEAGUE,39,5,0,KC Masterpiece,Barry,false,Marvin Harrison Jr.,ARI,WR,,,,461.p.40893
2025,CC Bowl XV CHAMPIONS LEAGUE,40,5,0,Prestige Worldwide,Matt Hamlin,false,Garrett Wilson,NYJ,WR,,,,461.p.33965
2025,CC Bowl XV CHAMPIONS LEAGUE,41,6,0,Prestige Worldwide,Matt Hamlin,false,Chuba Hubbard,CAR,RB,,,,461.p.33514
2025,CC Bowl XV CHAMPIONS LEAGUE,42,6,0,KC Masterpiece,Barry,false,Alvin Kamara,NO,RB,,,,461.p.30180
2025,CC Bowl XV CHAMPIONS LEAGUE,43,6,0,Ava's Mafia,Amanda,false,James Conner,ARI,RB,,,,461.p.30218
2025,CC Bowl XV CHAMPIONS LEAGUE,44,6,0,CallingInSickMonday,Jaimie Harcos,false,Joe Burrow,CIN,QB,,,,461.p.32671
2025,CC Bowl XV CHAMPIONS LEAGUE,45,6,0,Isotopes,sour,false,Davante Adams,LAR,WR,,,,461.p.27581
2025,CC Bowl XV CHAMPIONS LEAGUE,46,6,0,Fat Lazy Americans,Andy,true,DK Metcalf,PIT,WR,,,,461.p.31896
2025,CC Bowl XV CHAMPIONS LEAGUE,47,6,0,The Omen,Damien Robertson,false,Sam LaPorta,DET,TE,,,,461.p.40064
2025,CC Bowl XV CHAMPIONS LEAGUE,48,6,0,Ninja Goblins,Alejandro C,false,T.J. Hockenson,MIN,TE,,,,461.p.31840
2025,CC Bowl XV CHAMPIONS LEAGUE,49,7,0,Ninja Goblins,Alejandro C,false,Patrick Mahomes,KC,QB,,,,461.p.30123
2025,CC Bowl XV CHAMPIONS LEAGUE,50,7,0,The Omen,Damien Robertson,false,Bo Nix,DEN,QB,,,,461.p.40875
2025,CC Bowl XV CHAMPIONS LEAGUE,51,7,0,Fat Lazy Americans,Andy,true,Travis Kelce,KC,TE,,,,461.p.26686
2025,CC Bowl XV CHAMPIONS LEAGUE,52,7,0,Isotopes,sour,false,Mark Andrews,BAL,TE,,,,461.p.31056
2025,CC Bowl XV CHAMPIONS LEAGUE,53,7,0,CallingInSickMonday,Jaimie Harcos,false,Tucker Kraft,GB,TE,,,,461.p.40102
2025,CC Bowl XV CHAMPIONS LEAGUE,54,7,0,Ava's Mafia,Amanda,false,Evan Engram,DEN,TE,,,,461.p.30136
2025,CC Bowl XV CHAMPIONS LEAGUE,55,7,0,KC Masterpiece,Barry,false,TreVeyon Henderson,NE,RB,,,,461.p.41823
2025,CC Bowl XV CHAMPIONS LEAGUE,56,7,0,Prestige Worldwide,Matt Hamlin,false,Brock Purdy,SF,QB,,,,461.p.34218
2025,CC Bowl XV CHAMPIONS LEAGUE,57,8,0,Prestige Worldwide,Matt Hamlin,false,Broncos,DEN,DEF,,,,461.p.100007
2025,CC Bowl XV CHAMPIONS LEAGUE,58,8,0,KC Masterpiece,Barry,false,Eagles,PHI,DEF,,,,461.p.100021
2025,CC Bowl XV CHAMPIONS LEAGUE,59,8,0,Ava's Mafia,Amanda,false,Steelers,PIT,DEF,,,,461.p.100023
2025,CC Bowl XV CHAMPIONS LEAGUE,60,8,0,CallingInSickMonday,Jaimie Harcos,false,Ravens,BAL,DEF,,,,461.p.100033
2025,CC Bowl XV CHAMPIONS LEAGUE,61,8,0,Isotopes,sour,false,Vikings,MIN,DEF,,,,461.p.100016
2025,CC Bowl XV CHAMPIONS LEAGUE,62,8,0,Fat Lazy Americans,Andy,true,Zaire Franklin,GB,LB,,,,461.p.31205
2025,CC Bowl XV CHAMPIONS LEAGUE,63,8,0,The Omen,Damien Robertson,false,Chiefs,KC,DEF,,,,461.p.100012
2025,CC Bowl XV CHAMPIONS LEAGUE,64,8,0,Ninja Goblins,Alejandro C,false,Brandon Aubrey,DAL,K,,,,461.p.40819
2025,CC Bowl XV CHAMPIONS LEAGUE,65,9,0,Ninja Goblins,Alejandro C,false,Lions,DET,DEF,,,,461.p.100008
2025,CC Bowl XV CHAMPIONS LEAGUE,66,9,0,The Omen,Damien Robertson,false,Cameron Dicker,LAC,K,,,,461.p.34344
2025,CC Bowl XV CHAMPIONS LEAGUE,67,9,0,Fat Lazy Americans,Andy,true,Zack Baun,PHI,LB,,,,461.p.32744
2025,CC Bowl XV CHAMPIONS LEAGUE,68,9,0,Isotopes,sour,false,Jake Bates,DET,K,,,,461.p.40835
2025,CC Bowl XV CHAMPIONS LEAGUE,69,9,0,CallingInSickMonday,Jaimie Harcos,false,Ka'imi Fairbairn,HOU,K,,,,461.p.29792
2025,CC Bowl XV CHAMPIONS LEAGUE,70,9,0,Ava's Mafia,Amanda,false,Chris Boswell,PIT,K,,,,461.p.28188
2025,CC Bowl XV CHAMPIONS LEAGUE,71,9,0,KC Masterpiece,Barry,false,Wil Lutz,DEN,K,,,,461.p.29754
2025,CC Bowl XV CHAMPIONS LEAGUE,72,9,0,Prestige Worldwide,Matt Hamlin,false,Evan McPherson,CIN,K,,,,461.p.33537
2025,CC Bowl XV CHAMPIONS LEAGUE,73,10,0,Prestige Worldwide,Matt Hamlin,false,Juanyeh Thomas,DAL,S,,,,461.p.34595
2025,CC Bowl XV CHAMPIONS LEAGUE,74,10,0,KC Masterpiece,Barry,false,Josh Blackwell,CHI,"DB,CB",,,,461.p.34375
2025,CC Bowl XV CHAMPIONS LEAGUE,75,10,0,Ava's Mafia,Amanda,false,Sam Hubbard,CIN,"DL,DE",,,,461.p.31047
2025,CC Bowl XV CHAMPIONS LEAGUE,76,10,0,CallingInSickMonday,Jaimie Harcos,false,Scott Matlock,LAC,"DL,DE",,,,461.p.40225
2025,CC Bowl XV CHAMPIONS LEAGUE,77,10,0,Isotopes,sour,false,Divine Deablo,ATL,LB,,,,461.p.33468
2025,CC Bowl XV CHAMPIONS LEAGUE,78,10,0,Fat Lazy Americans,Andy,true,Chargers,LAC,DEF,,,,461.p.100024
2025,CC Bowl XV CHAMPIONS LEAGUE,79,10,0,The Omen,Damien Robertson,false,Marcus Jones,NE,"DB,CB",,,,461.p.34041
2025,CC Bowl XV CHAMPIONS LEAGUE,80,10,0,Ninja Goblins,Alejandro C,false,Ashtyn Davis,SF,S,,,,461.p.32738
2025,CC Bowl XV CHAMPIONS LEAGUE,81,11,0,Ninja Goblins,Alejandro C,false,Jeffery Simmons,TEN,"DT,DE",,,,461.p.31851
2025,CC Bowl XV CHAMPIONS LEAGUE,82,11,0,The Omen,Damien Robertson,false,Khalil Dorsey,DET,CB,,,,461.p.33012
2025,CC Bowl XV CHAMPIONS LEAGUE,83,11,0,Fat Lazy Americans,Andy,true,Chase McLaughlin,TB,K,,,,461.p.32417
2025,CC Bowl XV CHAMPIONS LEAGUE,84,11,0,Isotopes,sour,false,Dane Belton,NYJ,S,,,,461.p.34070
2025,CC Bowl XV CHAMPIONS LEAGUE,85,11,0,CallingInSickMonday,Jaimie Harcos,false,Brandin Echols,PIT,CB,,,,461.p.33588
2025,CC Bowl XV CHAMPIONS LEAGUE,86,11,0,Ava's Mafia,Amanda,false,Jalen Reeves-Maybin,CHI,LB,,,,461.p.30237
2025,CC Bowl XV CHAMPIONS LEAGUE,87,11,0,KC Masterpiece,Barry,false,Chauncey Golston,NYG,"DT,DE",,,,461.p.33472
2025,CC Bowl XV CHAMPIONS LEAGUE,88,11,0,Prestige Worldwide,Matt Hamlin,false,Malcolm Rodriguez,DET,LB,,,,461.p.34144
2025,CC Bowl XV CHAMPIONS LEAGUE,89,12,0,Prestige Worldwide,Matt Hamlin,false,DeVonta Smith,PHI,WR,,,,461.p.33398
2025,CC Bowl XV CHAMPIONS LEAGUE,90,12,0,KC Masterpiece,Barry,false,George Pickens,DAL,WR,,,,461.p.34007
2025,CC Bowl XV CHAMPIONS LEAGUE,91,12,0,Ava's Mafia,Amanda,false,Breece Hall,NYJ,RB,,,,461.p.33991
2025,CC Bowl XV CHAMPIONS LEAGUE,92,12,0,CallingInSickMonday,Jaimie Harcos,false,Jaylen Waddle,DEN,WR,,,,461.p.33394
2025,CC Bowl XV CHAMPIONS LEAGUE,93,12,0,Isotopes,sour,false,Xavier Worthy,KC,WR,,,,461.p.40877
2025,CC Bowl XV CHAMPIONS LEAGUE,94,12,0,Fat Lazy Americans,Andy,true,DJ Moore,BUF,WR,,,,461.p.30994
2025,CC Bowl XV CHAMPIONS LEAGUE,95,12,0,The Omen,Damien Robertson,false,Zay Flowers,BAL,WR,,,,461.p.40039
2025,CC Bowl XV CHAMPIONS LEAGUE,96,12,0,Ninja Goblins,Alejandro C,false,Tony Pollard,TEN,RB,,,,461.p.31960
2025,CC Bowl XV CHAMPIONS LEAGUE,97,13,0,Ninja Goblins,Alejandro C,false,Jameson Williams,DET,WR,,,,461.p.33967
2025,CC Bowl XV CHAMPIONS LEAGUE,98,13,0,The Omen,Damien Robertson,false,Tetairoa McMillan,CAR,WR,,,,461.p.41793
2025,CC Bowl XV CHAMPIONS LEAGUE,99,13,0,Fat Lazy Americans,Andy,true,Courtland Sutton,DEN,WR,,,,461.p.31010
2025,CC Bowl XV CHAMPIONS LEAGUE,100,13,0,Isotopes,sour,false,RJ Harvey,DEN,RB,,,,461.p.41845
2025,CC Bowl XV CHAMPIONS LEAGUE,101,13,0,CallingInSickMonday,Jaimie Harcos,false,Calvin Ridley,TEN,WR,,,,461.p.30996
2025,CC Bowl XV CHAMPIONS LEAGUE,102,13,0,Ava's Mafia,Amanda,false,Rome Odunze,CHI,WR,,,,461.p.40901
2025,CC Bowl XV CHAMPIONS LEAGUE,103,13,0,KC Masterpiece,Barry,false,David Montgomery,HOU,RB,,,,461.p.31905
2025,CC Bowl XV CHAMPIONS LEAGUE,104,13,0,Prestige Worldwide,Matt Hamlin,false,D'Andre Swift,CHI,RB,,,,461.p.32705
2025,CC Bowl XV CHAMPIONS LEAGUE,105,14,0,Prestige Worldwide,Matt Hamlin,false,Isiah Pacheco,DET,RB,,,,461.p.34207
2025,CC Bowl XV CHAMPIONS LEAGUE,106,14,0,KC Masterpiece,Barry,false,Travis Hunter,JAX,"WR,CB",,,,461.p.99001
2025,CC Bowl XV CHAMPIONS LEAGUE,107,14,0,Ava's Mafia,Amanda,false,Tyrone Tracy Jr.,NYG,RB,,,,461.p.41048
2025,CC Bowl XV CHAMPIONS LEAGUE,108,14,0,CallingInSickMonday,Jaimie Harcos,false,Aaron Jones Sr.,MIN,RB,,,,461.p.30295
2025,CC Bowl XV CHAMPIONS LEAGUE,109,14,0,Isotopes,sour,false,Emeka Egbuka,TB,WR,,,,461.p.41804
2025,CC Bowl XV CHAMPIONS LEAGUE,110,14,0,Fat Lazy Americans,Andy,true,Kaleb Johnson,GB,RB,,,,461.p.41881
2025,CC Bowl XV CHAMPIONS LEAGUE,111,14,0,The Omen,Damien Robertson,false,Jordan Mason,MIN,RB,,,,461.p.34320
2025,CC Bowl XV CHAMPIONS LEAGUE,112,14,0,Ninja Goblins,Alejandro C,false,Chris Olave,NO,WR,,,,461.p.33966
2025,CC Bowl XV CHAMPIONS LEAGUE,113,15,0,Ninja Goblins,Alejandro C,false,Dak Prescott,DAL,QB,,,,461.p.29369
2025,CC Bowl XV CHAMPIONS LEAGUE,114,15,0,The Omen,Damien Robertson,false,Baker Mayfield,TB,QB,,,,461.p.30971
2025,CC Bowl XV CHAMPIONS LEAGUE,115,15,0,Fat Lazy Americans,Andy,true,David Njoku,LAC,TE,,,,461.p.30142
2025,CC Bowl XV CHAMPIONS LEAGUE,116,15,0,Isotopes,sour,false,Kyler Murray,MIN,QB,,,,461.p.31833
2025,CC Bowl XV CHAMPIONS LEAGUE,117,15,0,CallingInSickMonday,Jaimie Harcos,false,Drake Maye,NE,QB,,,,461.p.40881
2025,CC Bowl XV CHAMPIONS LEAGUE,118,15,0,Ava's Mafia,Amanda,false,Justin Fields,KC,QB,,,,461.p.33399
2025,CC Bowl XV CHAMPIONS LEAGUE,119,15,0,KC Masterpiece,Barry,false,Caleb Williams,CHI,QB,,,,461.p.40900
2025,CC Bowl XV CHAMPIONS LEAGUE,120,15,0,Prestige Worldwide,Matt Hamlin,false,Justin Herbert,LAC,QB,,,,461.p.32676
2025,CC Bowl XV CHAMPIONS LEAGUE,121,16,0,Prestige Worldwide,Matt Hamlin,false,Jake Ferguson,DAL,TE,,,,461.p.34085
2025,CC Bowl XV CHAMPIONS LEAGUE,122,16,0,KC Masterpiece,Barry,false,Tyler Warren,IND,TE,,,,461.p.41799
2025,CC Bowl XV CHAMPIONS LEAGUE,123,16,0,Ava's Mafia,Amanda,false,Dallas Goedert,PHI,TE,,,,461.p.31019
2025,CC Bowl XV CHAMPIONS LEAGUE,124,16,0,CallingInSickMonday,Jaimie Harcos,false,Dalton Kincaid,BUF,TE,,,,461.p.40048
2025,CC Bowl XV CHAMPIONS LEAGUE,125,16,0,Isotopes,sour,false,Colston Loveland,CHI,TE,,,,461.p.41795
2025,CC Bowl XV CHAMPIONS LEAGUE,126,16,0,Fat Lazy Americans,Andy,true,Jared Goff,DET,QB,,,,461.p.29235
2025,CC Bowl XV CHAMPIONS LEAGUE,127,16,0,The Omen,Damien Robertson,false,Hunter Henry,NE,TE,,,,461.p.29269
2025,CC Bowl XV CHAMPIONS LEAGUE,128,16,0,Ninja Goblins,Alejandro C,false,Chig Okonkwo,WAS,TE,,,,461.p.34099
2025,RFI XVIII,1,1,0,Shrimp Gang,Taylor,false,Ja'Marr Chase,CIN,WR,,,,461.p.33393
2025,RFI XVIII,2,1,0,Shanimals,Shannon,false,Bijan Robinson,ATL,RB,,,,461.p.40055
2025,RFI XVIII,3,1,0,Tremendous Slouch,Doug,false,Saquon Barkley,PHI,RB,,,,461.p.30972
2025,RFI XVIII,4,1,0,YoungHoe Puka,J,false,Christian McCaffrey,SF,RB,,,,461.p.30121
2025,RFI XVIII,5,1,0,Snookies Squad,Braden,false,Derrick Henry,BAL,RB,,,,461.p.29279
2025,RFI XVIII,6,1,0,Sheriff Of Paddy's,David,false,Jahmyr Gibbs,DET,RB,,,,461.p.40059
2025,RFI XVIII,7,1,0,CousinCamp,Matthew,false,Justin Jefferson,MIN,WR,,,,461.p.32692
2025,RFI XVIII,8,1,0,Doug Exeter,James,false,CeeDee Lamb,DAL,WR,,,,461.p.32687
2025,RFI XVIII,9,1,0,Fat Lazy Americans,Andy,true,Amon-Ra St. Brown,DET,WR,,,,461.p.33500
2025,RFI XVIII,10,1,0,Golden Domers 4 J&J,sean,false,Lamar Jackson,BAL,QB,,,,461.p.31002
2025,RFI XVIII,11,1,0,NotSoNewlyWedz,Corey,false,Josh Jacobs,GB,RB,,,,461.p.31856
2025,RFI XVIII,12,1,0,Tough Nuts,Michele,false,Ashton Jeanty,LV,RB,,,,461.p.41791
2025,RFI XVIII,13,2,0,Tough Nuts,Michele,false,Chase Brown,CIN,RB,,,,461.p.40196
2025,RFI XVIII,14,2,0,NotSoNewlyWedz,Corey,false,Malik Nabers,NYG,WR,,,,461.p.40899
2025,RFI XVIII,15,2,0,Golden Domers 4 J&J,sean,false,A.J. Brown,NE,WR,,,,461.p.31883
2025,RFI XVIII,16,2,0,Fat Lazy Americans,Andy,true,Bucky Irving,TB,RB,,,,461.p.40993
2025,RFI XVIII,17,2,0,Doug Exeter,James,false,Ladd McConkey,LAC,WR,,,,461.p.40908
2025,RFI XVIII,18,2,0,CousinCamp,Matthew,false,Josh Allen,BUF,QB,,,,461.p.30977
2025,RFI XVIII,19,2,0,Sheriff Of Paddy's,David,false,Omarion Hampton,LAC,RB,,,,461.p.41807
2025,RFI XVIII,20,2,0,Snookies Squad,Braden,false,Mike Evans,SF,WR,,,,461.p.27535
2025,RFI XVIII,21,2,0,YoungHoe Puka,J,false,James Cook III,BUF,RB,,,,461.p.34019
2025,RFI XVIII,22,2,0,Tremendous Slouch,Doug,false,Jaxon Smith-Njigba,SEA,WR,,,,461.p.40041
2025,RFI XVIII,23,2,0,Shanimals,Shannon,false,George Kittle,SF,TE,,,,461.p.30259
2025,RFI XVIII,24,2,0,Shrimp Gang,Taylor,false,Chuba Hubbard,CAR,RB,,,,461.p.33514
2025,RFI XVIII,25,3,0,Shrimp Gang,Taylor,false,Kenneth Walker III,KC,RB,,,,461.p.33996
2025,RFI XVIII,26,3,0,Shanimals,Shannon,false,Jayden Daniels,WAS,QB,,,,461.p.40896
2025,RFI XVIII,27,3,0,Tremendous Slouch,Doug,false,Tee Higgins,CIN,WR,,,,461.p.32703
2025,RFI XVIII,28,3,0,YoungHoe Puka,J,false,Trey McBride,ARI,TE,,,,461.p.34010
2025,RFI XVIII,29,3,0,Snookies Squad,Braden,false,Alvin Kamara,NO,RB,,,,461.p.30180
2025,RFI XVIII,30,3,0,Sheriff Of Paddy's,David,false,Jalen Hurts,PHI,QB,,,,461.p.32723
2025,RFI XVIII,31,3,0,CousinCamp,Matthew,false,James Conner,ARI,RB,,,,461.p.30218
2025,RFI XVIII,32,3,0,Doug Exeter,James,false,Joe Burrow,CIN,QB,,,,461.p.32671
2025,RFI XVIII,33,3,0,Fat Lazy Americans,Andy,true,TreVeyon Henderson,NE,RB,,,,461.p.41823
2025,RFI XVIII,34,3,0,Golden Domers 4 J&J,sean,false,Jonathan Taylor,IND,RB,,,,461.p.32711
2025,RFI XVIII,35,3,0,NotSoNewlyWedz,Corey,false,Patrick Mahomes,KC,QB,,,,461.p.30123
2025,RFI XVIII,36,3,0,Tough Nuts,Michele,false,George Pickens,DAL,WR,,,,461.p.34007
2025,RFI XVIII,37,4,0,Tough Nuts,Michele,false,Tyreek Hill,MIA,WR,,,,461.p.29399
2025,RFI XVIII,38,4,0,NotSoNewlyWedz,Corey,false,Garrett Wilson,NYJ,WR,,,,461.p.33965
2025,RFI XVIII,39,4,0,Golden Domers 4 J&J,sean,false,Breece Hall,NYJ,RB,,,,461.p.33991
2025,RFI XVIII,40,4,0,Fat Lazy Americans,Andy,true,Davante Adams,LAR,WR,,,,461.p.27581
2025,RFI XVIII,41,4,0,Doug Exeter,James,false,Terry McLaurin,WAS,WR,,,,461.p.31908
2025,RFI XVIII,42,4,0,CousinCamp,Matthew,false,Marvin Harrison Jr.,ARI,WR,,,,461.p.40893
2025,RFI XVIII,43,4,0,Sheriff Of Paddy's,David,false,DK Metcalf,PIT,WR,,,,461.p.31896
2025,RFI XVIII,44,4,0,Snookies Squad,Braden,false,Brock Purdy,SF,QB,,,,461.p.34218
2025,RFI XVIII,45,4,0,YoungHoe Puka,J,false,RJ Harvey,DEN,RB,,,,461.p.41845
2025,RFI XVIII,46,4,0,Tremendous Slouch,Doug,false,Calvin Ridley,TEN,WR,,,,461.p.30996
2025,RFI XVIII,47,4,0,Shanimals,Shannon,false,Jameson Williams,DET,WR,,,,461.p.33967
2025,RFI XVIII,48,4,0,Shrimp Gang,Taylor,false,Tony Pollard,TEN,RB,,,,461.p.31960
2025,RFI XVIII,49,5,0,Shrimp Gang,Taylor,false,Sam LaPorta,DET,TE,,,,461.p.40064
2025,RFI XVIII,50,5,0,Shanimals,Shannon,false,D'Andre Swift,CHI,RB,,,,461.p.32705
2025,RFI XVIII,51,5,0,Tremendous Slouch,Doug,false,Isiah Pacheco,DET,RB,,,,461.p.34207
2025,RFI XVIII,52,5,0,YoungHoe Puka,J,false,DeVonta Smith,PHI,WR,,,,461.p.33398
2025,RFI XVIII,53,5,0,Snookies Squad,Braden,false,Xavier Worthy,KC,WR,,,,461.p.40877
2025,RFI XVIII,54,5,0,Sheriff Of Paddy's,David,false,Tetairoa McMillan,CAR,WR,,,,461.p.41793
2025,RFI XVIII,55,5,0,CousinCamp,Matthew,false,Tyrone Tracy Jr.,NYG,RB,,,,461.p.41048
2025,RFI XVIII,56,5,0,Doug Exeter,James,false,David Montgomery,HOU,RB,,,,461.p.31905
2025,RFI XVIII,57,5,0,Fat Lazy Americans,Andy,true,De'Von Achane,MIA,RB,,,,461.p.40118
2025,RFI XVIII,58,5,0,Golden Domers 4 J&J,sean,false,DJ Moore,BUF,WR,,,,461.p.30994
2025,RFI XVIII,59,5,0,NotSoNewlyWedz,Corey,false,Aaron Jones Sr.,MIN,RB,,,,461.p.30295
2025,RFI XVIII,60,5,0,Tough Nuts,Michele,false,Keon Coleman,BUF,WR,,,,461.p.40911
2025,RFI XVIII,61,6,0,Tough Nuts,Michele,false,Jordan Mason,MIN,RB,,,,461.p.34320
2025,RFI XVIII,62,6,0,NotSoNewlyWedz,Corey,false,Brock Bowers,LV,TE,,,,461.p.40878
2025,RFI XVIII,63,6,0,Golden Domers 4 J&J,sean,false,Mark Andrews,BAL,TE,,,,461.p.31056
2025,RFI XVIII,64,6,0,Fat Lazy Americans,Andy,true,Chris Olave,NO,WR,,,,461.p.33966
2025,RFI XVIII,65,6,0,Doug Exeter,James,false,Rashee Rice,KC,WR,,,,461.p.40084
2025,RFI XVIII,66,6,0,CousinCamp,Matthew,false,Jaylen Warren,PIT,RB,,,,461.p.34447
2025,RFI XVIII,67,6,0,Sheriff Of Paddy's,David,false,Zay Flowers,BAL,WR,,,,461.p.40039
2025,RFI XVIII,68,6,0,Snookies Squad,Braden,false,Travis Kelce,KC,TE,,,,461.p.26686
2025,RFI XVIII,69,6,0,YoungHoe Puka,J,false,Cooper Kupp,SEA,WR,,,,461.p.30182
2025,RFI XVIII,70,6,0,Tremendous Slouch,Doug,false,Emeka Egbuka,TB,WR,,,,461.p.41804
2025,RFI XVIII,71,6,0,Shanimals,Shannon,false,Travis Hunter,JAX,WR,,,,461.p.99001
2025,RFI XVIII,72,6,0,Shrimp Gang,Taylor,false,Jaylen Waddle,DEN,WR,,,,461.p.33394
2025,RFI XVIII,73,7,0,Shrimp Gang,Taylor,false,Rome Odunze,CHI,WR,,,,461.p.40901
2025,RFI XVIII,74,7,0,Shanimals,Shannon,false,Zach Charbonnet,SEA,RB,,,,461.p.40075
2025,RFI XVIII,75,7,0,Tremendous Slouch,Doug,false,Kaleb Johnson,GB,RB,,,,461.p.41881
2025,RFI XVIII,76,7,0,YoungHoe Puka,J,false,Dak Prescott,DAL,QB,,,,461.p.29369
2025,RFI XVIII,77,7,0,Snookies Squad,Braden,false,Brian Thomas Jr.,JAX,WR,,,,461.p.40883
2025,RFI XVIII,78,7,0,Sheriff Of Paddy's,David,false,Deebo Samuel Sr.,SF,WR,,,,461.p.31868
2025,RFI XVIII,79,7,0,CousinCamp,Matthew,false,J.K. Dobbins,DEN,RB,,,,461.p.32725
2025,RFI XVIII,80,7,0,Doug Exeter,James,false,Jerry Jeudy,CLE,WR,,,,461.p.32685
2025,RFI XVIII,81,7,0,Fat Lazy Americans,Andy,true,Kyler Murray,MIN,QB,,,,461.p.31833
2025,RFI XVIII,82,7,0,Golden Domers 4 J&J,sean,false,Jakobi Meyers,JAX,WR,,,,461.p.32231
2025,RFI XVIII,83,7,0,NotSoNewlyWedz,Corey,false,Stefon Diggs,WAS,WR,,,,461.p.28534
2025,RFI XVIII,84,7,0,Tough Nuts,Michele,false,Kyle Pitts Sr.,ATL,TE,,,,461.p.33392
2025,RFI XVIII,85,8,0,Tough Nuts,Michele,false,Michael Penix Jr.,ATL,QB,,,,461.p.40889
2025,RFI XVIII,86,8,0,NotSoNewlyWedz,Corey,false,Ricky Pearsall,SF,WR,,,,461.p.40892
2025,RFI XVIII,87,8,0,Golden Domers 4 J&J,sean,false,Travis Etienne Jr.,NO,RB,,,,461.p.33413
2025,RFI XVIII,88,8,0,Fat Lazy Americans,Andy,true,Jacory Croskey-Merritt,WAS,RB,,,,461.p.42010
2025,RFI XVIII,89,8,0,Doug Exeter,James,false,Braelon Allen,NYJ,RB,,,,461.p.40981
2025,RFI XVIII,90,8,0,CousinCamp,Matthew,false,Nico Collins,HOU,WR,,,,461.p.33477
2025,RFI XVIII,91,8,0,Sheriff Of Paddy's,David,false,Matthew Golden,GB,WR,,,,461.p.41808
2025,RFI XVIII,92,8,0,Snookies Squad,Braden,false,T.J. Hockenson,MIN,TE,,,,461.p.31840
2025,RFI XVIII,93,8,0,YoungHoe Puka,J,false,Ravens,BAL,DEF,,,,461.p.100033
2025,RFI XVIII,94,8,0,Tremendous Slouch,Doug,false,Tucker Kraft,GB,TE,,,,461.p.40102
2025,RFI XVIII,95,8,0,Shanimals,Shannon,false,Drake Maye,NE,QB,,,,461.p.40881
2025,RFI XVIII,96,8,0,Shrimp Gang,Taylor,false,Tank Bigsby,PHI,RB,,,,461.p.40095
2025,RFI XVIII,97,9,0,Shrimp Gang,Taylor,false,Jauan Jennings,MIN,WR,,,,461.p.32887
2025,RFI XVIII,98,9,0,Shanimals,Shannon,false,David Njoku,LAC,TE,,,,461.p.30142
2025,RFI XVIII,99,9,0,Tremendous Slouch,Doug,false,Jordan Love,GB,QB,,,,461.p.32696
2025,RFI XVIII,100,9,0,YoungHoe Puka,J,false,Bhayshul Tuten,JAX,RB,,,,461.p.41900
2025,RFI XVIII,101,9,0,Snookies Squad,Braden,false,Javonte Williams,DAL,RB,,,,461.p.33423
2025,RFI XVIII,102,9,0,Sheriff Of Paddy's,David,false,Evan Engram,DEN,TE,,,,461.p.30136
2025,RFI XVIII,103,9,0,CousinCamp,Matthew,false,Jordan Addison,MIN,WR,,,,461.p.40042
2025,RFI XVIII,104,9,0,Doug Exeter,James,false,Broncos,DEN,DEF,,,,461.p.100007
2025,RFI XVIII,105,9,0,Fat Lazy Americans,Andy,true,Ray Davis,BUF,RB,,,,461.p.40980
2025,RFI XVIII,106,9,0,Golden Domers 4 J&J,sean,false,Tyler Warren,IND,TE,,,,461.p.41799
2025,RFI XVIII,107,9,0,NotSoNewlyWedz,Corey,false,Austin Ekeler,WAS,RB,,,,461.p.30423
2025,RFI XVIII,108,9,0,Tough Nuts,Michele,false,Drake London,ATL,WR,,,,461.p.33963
2025,RFI XVIII,109,10,0,Tough Nuts,Michele,false,Brandon Aubrey,DAL,K,,,,461.p.40819
2025,RFI XVIII,110,10,0,NotSoNewlyWedz,Corey,false,Nick Chubb,HOU,RB,,,,461.p.31005
2025,RFI XVIII,111,10,0,Golden Domers 4 J&J,sean,false,Michael Pittman Jr.,PIT,WR,,,,461.p.32704
2025,RFI XVIII,112,10,0,Fat Lazy Americans,Andy,true,Colston Loveland,CHI,TE,,,,461.p.41795
2025,RFI XVIII,113,10,0,Doug Exeter,James,false,Dalton Kincaid,BUF,TE,,,,461.p.40048
2025,RFI XVIII,114,10,0,CousinCamp,Matthew,false,Khalil Shakir,BUF,WR,,,,461.p.34104
2025,RFI XVIII,115,10,0,Sheriff Of Paddy's,David,false,Quinshon Judkins,CLE,RB,,,,461.p.41821
2025,RFI XVIII,116,10,0,Snookies Squad,Braden,false,Rashid Shaheed,SEA,WR,,,,461.p.34659
2025,RFI XVIII,117,10,0,YoungHoe Puka,J,false,Jayden Reed,GB,WR,,,,461.p.40063
2025,RFI XVIII,118,10,0,Tremendous Slouch,Doug,false,Rhamondre Stevenson,NE,RB,,,,461.p.33508
2025,RFI XVIII,119,10,0,Shanimals,Shannon,false,Darnell Mooney,NYG,WR,,,,461.p.32843
2025,RFI XVIII,120,10,0,Shrimp Gang,Taylor,false,Chris Godwin Jr.,TB,WR,,,,461.p.30197
2025,RFI XVIII,121,11,0,Shrimp Gang,Taylor,false,Brian Robinson,ATL,RB,,,,461.p.34054
2025,RFI XVIII,122,11,0,Shanimals,Shannon,false,Najee Harris,NYG,RB,,,,461.p.33412
2025,RFI XVIII,123,11,0,Tremendous Slouch,Doug,false,Cam Skattebo,NYG,RB,,,,461.p.41922
2025,RFI XVIII,124,11,0,YoungHoe Puka,J,false,Puka Nacua,LAR,WR,,,,461.p.40168
2025,RFI XVIII,125,11,0,Snookies Squad,Braden,false,Jared Goff,DET,QB,,,,461.p.29235
2025,RFI XVIII,126,11,0,Sheriff Of Paddy's,David,false,Trey Benson,ARI,RB,,,,461.p.40958
2025,RFI XVIII,127,11,0,CousinCamp,Matthew,false,Jerome Ford,MIN,RB,,,,461.p.34112
2025,RFI XVIII,128,11,0,Doug Exeter,James,false,Kyren Williams,LAR,RB,,,,461.p.34120
2025,RFI XVIII,129,11,0,Fat Lazy Americans,Andy,true,Josh Downs,IND,WR,,,,461.p.40126
2025,RFI XVIII,130,11,0,Golden Domers 4 J&J,sean,false,Bills,BUF,DEF,,,,461.p.100002
2025,RFI XVIII,131,11,0,NotSoNewlyWedz,Corey,false,Keenan Allen,IND,WR,,,,461.p.26699
2025,RFI XVIII,132,11,0,Tough Nuts,Michele,false,Eagles,PHI,DEF,,,,461.p.100021
2025,RFI XVIII,133,12,0,Tough Nuts,Michele,false,Marvin Mims Jr.,DEN,WR,,,,461.p.40090
2025,RFI XVIII,134,12,0,NotSoNewlyWedz,Corey,false,Texans,HOU,DEF,,,,461.p.100034
2025,RFI XVIII,135,12,0,Golden Domers 4 J&J,sean,false,Joe Mixon,SEA,RB,,,,461.p.30161
2025,RFI XVIII,136,12,0,Fat Lazy Americans,Andy,true,Steelers,PIT,DEF,,,,461.p.100023
2025,RFI XVIII,137,12,0,Doug Exeter,James,false,Ollie Gordon II,MIA,RB,,,,461.p.41969
2025,RFI XVIII,138,12,0,CousinCamp,Matthew,false,Jake Ferguson,DAL,TE,,,,461.p.34085
2025,RFI XVIII,139,12,0,Sheriff Of Paddy's,David,false,Dallas Goedert,PHI,TE,,,,461.p.31019
2025,RFI XVIII,140,12,0,Snookies Squad,Braden,false,Vikings,MIN,DEF,,,,461.p.100016
2025,RFI XVIII,141,12,0,YoungHoe Puka,J,false,Younghoe Koo,NYG,K,,,,461.p.30426
2025,RFI XVIII,142,12,0,Tremendous Slouch,Doug,false,Luther Burden III,CHI,WR,,,,461.p.41824
2025,RFI XVIII,143,12,0,Shanimals,Shannon,false,Tyler Allgeier,ARI,RB,,,,461.p.34107
2025,RFI XVIII,144,12,0,Shrimp Gang,Taylor,false,Tyjae Spears,TEN,RB,,,,461.p.40119
2025,RFI XVIII,145,13,0,Shrimp Gang,Taylor,false,Baker Mayfield,TB,QB,,,,461.p.30971
2025,RFI XVIII,146,13,0,Shanimals,Shannon,false,Courtland Sutton,DEN,WR,,,,461.p.31010
2025,RFI XVIII,147,13,0,Tremendous Slouch,Doug,false,Bo Nix,DEN,QB,,,,461.p.40875
2025,RFI XVIII,148,13,0,YoungHoe Puka,J,false,Justin Fields,KC,QB,,,,461.p.33399
2025,RFI XVIII,149,13,0,Snookies Squad,Braden,false,Rashod Bateman,BAL,WR,,,,461.p.33415
2025,RFI XVIII,150,13,0,Sheriff Of Paddy's,David,false,Jake Bates,DET,K,,,,461.p.40835
2025,RFI XVIII,151,13,0,CousinCamp,Matthew,false,Chiefs,KC,DEF,,,,461.p.100012
2025,RFI XVIII,152,13,0,Doug Exeter,James,false,Jaydon Blue,PHI,RB,,,,461.p.41935
2025,RFI XVIII,153,13,0,Fat Lazy Americans,Andy,true,Dylan Sampson,CLE,RB,,,,461.p.41907
2025,RFI XVIII,154,13,0,Golden Domers 4 J&J,sean,false,DeAndre Hopkins,BAL,WR,,,,461.p.26650
2025,RFI XVIII,155,13,0,NotSoNewlyWedz,Corey,false,Cameron Dicker,LAC,K,,,,461.p.34344
2025,RFI XVIII,156,13,0,Tough Nuts,Michele,false,Rico Dowdle,PIT,RB,,,,461.p.33100
2025,RFI XVIII,157,14,0,Tough Nuts,Michele,false,Christian Kirk,SF,WR,,,,461.p.31017
2025,RFI XVIII,158,14,0,NotSoNewlyWedz,Corey,false,Justin Herbert,LAC,QB,,,,461.p.32676
2025,RFI XVIII,159,14,0,Golden Domers 4 J&J,sean,false,Caleb Williams,CHI,QB,,,,461.p.40900
2025,RFI XVIII,160,14,0,Fat Lazy Americans,Andy,true,C.J. Stroud,HOU,QB,,,,461.p.40030
2025,RFI XVIII,161,14,0,Doug Exeter,James,false,Jayden Higgins,HOU,WR,,,,461.p.41819
2025,RFI XVIII,162,14,0,CousinCamp,Matthew,false,Rachaad White,WAS,RB,,,,461.p.34047
2025,RFI XVIII,163,14,0,Sheriff Of Paddy's,David,false,Lions,DET,DEF,,,,461.p.100008
2025,RFI XVIII,164,14,0,Snookies Squad,Braden,false,Evan McPherson,CIN,K,,,,461.p.33537
2025,RFI XVIII,165,14,0,YoungHoe Puka,J,false,Hunter Henry,NE,TE,,,,461.p.29269
2025,RFI XVIII,166,14,0,Tremendous Slouch,Doug,false,Packers,GB,DEF,,,,461.p.100009
2025,RFI XVIII,167,14,0,Shanimals,Shannon,false,Harrison Butker,KC,K,,,,461.p.30346
2025,RFI XVIII,168,14,0,Shrimp Gang,Taylor,false,Chargers,LAC,DEF,,,,461.p.100024
2025,RFI XVIII,169,15,0,Shrimp Gang,Taylor,false,Ka'imi Fairbairn,HOU,K,,,,461.p.29792
2025,RFI XVIII,170,15,0,Shanimals,Shannon,false,Rams,LAR,DEF,,,,461.p.100014
2025,RFI XVIII,171,15,0,Tremendous Slouch,Doug,false,Jake Elliott,PHI,K,,,,461.p.30266
2025,RFI XVIII,172,15,0,YoungHoe Puka,J,false,J.J. McCarthy,NYG,QB,,,,461.p.40905
2025,RFI XVIII,173,15,0,Snookies Squad,Braden,false,Joshua Palmer,BUF,WR,,,,461.p.33465
2025,RFI XVIII,174,15,0,Sheriff Of Paddy's,David,false,Tua Tagovailoa,ATL,QB,,,,461.p.32675
2025,RFI XVIII,175,15,0,CousinCamp,Matthew,false,Wil Lutz,DEN,K,,,,461.p.29754
2025,RFI XVIII,176,15,0,Doug Exeter,James,false,Joshua Karty,ARI,K,,,,461.p.41081
2025,RFI XVIII,177,15,0,Fat Lazy Americans,Andy,true,Chase McLaughlin,TB,K,,,,461.p.32417
2025,RFI XVIII,178,15,0,Golden Domers 4 J&J,sean,false,Kareem Hunt,KC,RB,,,,461.p.30199
2025,RFI XVIII,179,15,0,NotSoNewlyWedz,Corey,false,Zach Ertz,PHI,TE,,,,461.p.26658
2025,RFI XVIII,180,15,0,Tough Nuts,Michele,false,Xavier Legette,CAR,WR,,,,461.p.40890
2024,2024 - The League,1,1,0,MombaMentality,Wendy,false,Christian McCaffrey,SF,RB,,,,449.p.30121
2024,2024 - The League,2,1,0,Rafi Bomb Returns!,Matthew,false,CeeDee Lamb,DAL,WR,,,,449.p.32687
2024,2024 - The League,3,1,0,Postino's Banditos,Matt,false,Tyreek Hill,MIA,WR,,,,449.p.29399
2024,2024 - The League,4,1,0,No Talent Ass Clowns,mister miles,false,Breece Hall,NYJ,RB,,,,449.p.33991
2024,2024 - The League,5,1,0,Wailin Raylans,Amanda,false,Bijan Robinson,ATL,RB,,,,449.p.40055
2024,2024 - The League,6,1,0,Dumpster Fire,Eric,false,Amon-Ra St. Brown,DET,WR,,,,449.p.33500
2024,2024 - The League,7,1,0,Kona’s Kickers,Leslie,false,Saquon Barkley,PHI,RB,,,,449.p.30972
2024,2024 - The League,8,1,0,Billy Goat Tavern,Amzie,false,Jahmyr Gibbs,DET,RB,,,,449.p.40059
2024,2024 - The League,9,1,0,Berserker,Peter,false,Isiah Pacheco,DET,RB,,,,449.p.34207
2024,2024 - The League,10,1,0,Fat Lazy Americans,Andy,true,Ja'Marr Chase,CIN,WR,,,,449.p.33393
2024,2024 - The League,11,1,0,I LIKE BIG TDS,Wesley,false,A.J. Brown,NE,WR,,,,449.p.31883
2024,2024 - The League,12,1,0,Oroszlanok,Thomas,false,Justin Jefferson,MIN,WR,,,,449.p.32692
2024,2024 - The League,13,2,0,Oroszlanok,Thomas,false,Derrick Henry,BAL,RB,,,,449.p.29279
2024,2024 - The League,14,2,0,I LIKE BIG TDS,Wesley,false,Travis Kelce,KC,TE,,,,449.p.26686
2024,2024 - The League,15,2,0,Fat Lazy Americans,Andy,true,Travis Etienne Jr.,NO,RB,,,,449.p.33413
2024,2024 - The League,16,2,0,Berserker,Peter,false,Marvin Harrison Jr.,ARI,WR,,,,449.p.40893
2024,2024 - The League,17,2,0,Billy Goat Tavern,Amzie,false,Josh Jacobs,GB,RB,,,,449.p.31856
2024,2024 - The League,18,2,0,Kona’s Kickers,Leslie,false,Josh Allen,BUF,QB,,,,449.p.30977
2024,2024 - The League,19,2,0,Dumpster Fire,Eric,false,James Cook III,BUF,RB,,,,449.p.34019
2024,2024 - The League,20,2,0,Wailin Raylans,Amanda,false,Deebo Samuel Sr.,SF,WR,,,,449.p.31868
2024,2024 - The League,21,2,0,No Talent Ass Clowns,mister miles,false,Drake London,ATL,WR,,,,449.p.33963
2024,2024 - The League,22,2,0,Postino's Banditos,Matt,false,Davante Adams,LAR,WR,,,,449.p.27581
2024,2024 - The League,23,2,0,Rafi Bomb Returns!,Matthew,false,Cooper Kupp,SEA,WR,,,,449.p.30182
2024,2024 - The League,24,2,0,MombaMentality,Wendy,false,Jaylen Waddle,DEN,WR,,,,449.p.33394
2024,2024 - The League,25,3,0,MombaMentality,Wendy,false,Patrick Mahomes,KC,QB,,,,449.p.30123
2024,2024 - The League,26,3,0,Rafi Bomb Returns!,Matthew,false,Brandon Aiyuk,SF,WR,,,,449.p.32695
2024,2024 - The League,27,3,0,Postino's Banditos,Matt,false,Jalen Hurts,PHI,QB,,,,449.p.32723
2024,2024 - The League,28,3,0,No Talent Ass Clowns,mister miles,false,Kenneth Walker III,KC,RB,,,,449.p.33996
2024,2024 - The League,29,3,0,Wailin Raylans,Amanda,false,Joe Mixon,SEA,RB,,,,449.p.30161
2024,2024 - The League,30,3,0,Dumpster Fire,Eric,false,DK Metcalf,PIT,WR,,,,449.p.31896
2024,2024 - The League,31,3,0,Kona’s Kickers,Leslie,false,James Conner,ARI,RB,,,,449.p.30218
2024,2024 - The League,32,3,0,Billy Goat Tavern,Amzie,false,Jonathan Taylor,IND,RB,,,,449.p.32711
2024,2024 - The League,33,3,0,Berserker,Peter,false,Alvin Kamara,NO,RB,,,,449.p.30180
2024,2024 - The League,34,3,0,Fat Lazy Americans,Andy,true,David Montgomery,HOU,RB,,,,449.p.31905
2024,2024 - The League,35,3,0,I LIKE BIG TDS,Wesley,false,D'Andre Swift,CHI,RB,,,,449.p.32705
2024,2024 - The League,36,3,0,Oroszlanok,Thomas,false,Lamar Jackson,BAL,QB,,,,449.p.31002
2024,2024 - The League,37,4,0,Oroszlanok,Thomas,false,Trey McBride,ARI,TE,,,,449.p.34010
2024,2024 - The League,38,4,0,I LIKE BIG TDS,Wesley,false,Tony Pollard,TEN,RB,,,,449.p.31960
2024,2024 - The League,39,4,0,Fat Lazy Americans,Andy,true,Malik Nabers,NYG,WR,,,,449.p.40899
2024,2024 - The League,40,4,0,Berserker,Peter,false,Anthony Richardson Sr.,IND,QB,,,,449.p.40040
2024,2024 - The League,41,4,0,Billy Goat Tavern,Amzie,false,Mark Andrews,BAL,TE,,,,449.p.31056
2024,2024 - The League,42,4,0,Kona’s Kickers,Leslie,false,Stefon Diggs,WAS,WR,,,,449.p.28534
2024,2024 - The League,43,4,0,Dumpster Fire,Eric,false,Aaron Jones Sr.,MIN,RB,,,,449.p.30295
2024,2024 - The League,44,4,0,Wailin Raylans,Amanda,false,C.J. Stroud,HOU,QB,,,,449.p.40030
2024,2024 - The League,45,4,0,No Talent Ass Clowns,mister miles,false,DeVonta Smith,PHI,WR,,,,449.p.33398
2024,2024 - The League,46,4,0,Postino's Banditos,Matt,false,Amari Cooper,BUF,WR,,,,449.p.28392
2024,2024 - The League,47,4,0,Rafi Bomb Returns!,Matthew,false,George Kittle,SF,TE,,,,449.p.30259
2024,2024 - The League,48,4,0,MombaMentality,Wendy,false,Zay Flowers,BAL,WR,,,,449.p.40039
2024,2024 - The League,49,5,0,MombaMentality,Wendy,false,Najee Harris,NYG,RB,,,,449.p.33412
2024,2024 - The League,50,5,0,Rafi Bomb Returns!,Matthew,false,Joe Burrow,CIN,QB,,,,449.p.32671
2024,2024 - The League,51,5,0,Postino's Banditos,Matt,false,Rhamondre Stevenson,NE,RB,,,,449.p.33508
2024,2024 - The League,52,5,0,No Talent Ass Clowns,mister miles,false,Mike Evans,SF,WR,,,,449.p.27535
2024,2024 - The League,53,5,0,Wailin Raylans,Amanda,false,Michael Pittman Jr.,PIT,WR,,,,449.p.32704
2024,2024 - The League,54,5,0,Dumpster Fire,Eric,false,Dalton Kincaid,BUF,TE,,,,449.p.40048
2024,2024 - The League,55,5,0,Kona’s Kickers,Leslie,false,Calvin Ridley,TEN,WR,,,,449.p.30996
2024,2024 - The League,56,5,0,Billy Goat Tavern,Amzie,false,Rashee Rice,KC,WR,,,,449.p.40084
2024,2024 - The League,57,5,0,Berserker,Peter,false,Chris Olave,NO,WR,,,,449.p.33966
2024,2024 - The League,58,5,0,Fat Lazy Americans,Andy,true,Javonte Williams,DAL,RB,,,,449.p.33423
2024,2024 - The League,59,5,0,I LIKE BIG TDS,Wesley,false,Tank Dell,HOU,WR,,,,449.p.40097
2024,2024 - The League,60,5,0,Oroszlanok,Thomas,false,Terry McLaurin,WAS,WR,,,,449.p.31908
2024,2024 - The League,61,6,0,Oroszlanok,Thomas,false,George Pickens,DAL,WR,,,,449.p.34007
2024,2024 - The League,62,6,0,I LIKE BIG TDS,Wesley,false,Dak Prescott,DAL,QB,,,,449.p.29369
2024,2024 - The League,63,6,0,Fat Lazy Americans,Andy,true,Kyle Pitts Sr.,ATL,TE,,,,449.p.33392
2024,2024 - The League,64,6,0,Berserker,Peter,false,Evan Engram,DEN,TE,,,,449.p.30136
2024,2024 - The League,65,6,0,Billy Goat Tavern,Amzie,false,Chris Godwin Jr.,TB,WR,,,,449.p.30197
2024,2024 - The League,66,6,0,Kona’s Kickers,Leslie,false,David Njoku,LAC,TE,,,,449.p.30142
2024,2024 - The League,67,6,0,Dumpster Fire,Eric,false,Tee Higgins,CIN,WR,,,,449.p.32703
2024,2024 - The League,68,6,0,Wailin Raylans,Amanda,false,Jake Ferguson,DAL,TE,,,,449.p.34085
2024,2024 - The League,69,6,0,No Talent Ass Clowns,mister miles,false,Zamir White,NO,RB,,,,449.p.34078
2024,2024 - The League,70,6,0,Postino's Banditos,Matt,false,Christian Kirk,SF,WR,,,,449.p.31017
2024,2024 - The League,71,6,0,Rafi Bomb Returns!,Matthew,false,Zack Moss,CIN,RB,,,,449.p.32756
2024,2024 - The League,72,6,0,MombaMentality,Wendy,false,Tyjae Spears,TEN,RB,,,,449.p.40119
2024,2024 - The League,73,7,0,MombaMentality,Wendy,false,Rome Odunze,CHI,WR,,,,449.p.40901
2024,2024 - The League,74,7,0,Rafi Bomb Returns!,Matthew,false,Brian Robinson,ATL,RB,,,,449.p.34054
2024,2024 - The League,75,7,0,Postino's Banditos,Matt,false,Diontae Johnson,CLE,WR,,,,449.p.31898
2024,2024 - The League,76,7,0,No Talent Ass Clowns,mister miles,false,Xavier Worthy,KC,WR,,,,449.p.40877
2024,2024 - The League,77,7,0,Wailin Raylans,Amanda,false,Keon Coleman,BUF,WR,,,,449.p.40911
2024,2024 - The League,78,7,0,Dumpster Fire,Eric,false,Keenan Allen,IND,WR,,,,449.p.26699
2024,2024 - The League,79,7,0,Kona’s Kickers,Leslie,false,Raheem Mostert,LV,RB,,,,449.p.28654
2024,2024 - The League,80,7,0,Billy Goat Tavern,Amzie,false,DJ Moore,BUF,WR,,,,449.p.30994
2024,2024 - The League,81,7,0,Berserker,Peter,false,Courtland Sutton,DEN,WR,,,,449.p.31010
2024,2024 - The League,82,7,0,Fat Lazy Americans,Andy,true,Jayden Reed,GB,WR,,,,449.p.40063
2024,2024 - The League,83,7,0,I LIKE BIG TDS,Wesley,false,Tua Tagovailoa,ATL,QB,,,,449.p.32675
2024,2024 - The League,84,7,0,Oroszlanok,Thomas,false,Jaylen Warren,PIT,RB,,,,449.p.34447
2024,2024 - The League,85,8,0,Oroszlanok,Thomas,false,Rachaad White,WAS,RB,,,,449.p.34047
2024,2024 - The League,86,8,0,I LIKE BIG TDS,Wesley,false,Austin Ekeler,WAS,RB,,,,449.p.30423
2024,2024 - The League,87,8,0,Fat Lazy Americans,Andy,true,Jaxon Smith-Njigba,SEA,WR,,,,449.p.40041
2024,2024 - The League,88,8,0,Berserker,Peter,false,Ladd McConkey,LAC,WR,,,,449.p.40908
2024,2024 - The League,89,8,0,Billy Goat Tavern,Amzie,false,Caleb Williams,CHI,QB,,,,449.p.40900
2024,2024 - The League,90,8,0,Kona’s Kickers,Leslie,false,Christian Watson,GB,WR,,,,449.p.33989
2024,2024 - The League,91,8,0,Dumpster Fire,Eric,false,Jonathon Brooks,CAR,RB,,,,449.p.40926
2024,2024 - The League,92,8,0,Wailin Raylans,Amanda,false,Jerome Ford,MIN,RB,,,,449.p.34112
2024,2024 - The League,93,8,0,No Talent Ass Clowns,mister miles,false,Brian Thomas Jr.,JAX,WR,,,,449.p.40883
2024,2024 - The League,94,8,0,Postino's Banditos,Matt,false,Brock Bowers,LV,TE,,,,449.p.40878
2024,2024 - The League,95,8,0,Rafi Bomb Returns!,Matthew,false,Chuba Hubbard,CAR,RB,,,,449.p.33514
2024,2024 - The League,96,8,0,MombaMentality,Wendy,false,Chase Brown,CIN,RB,,,,449.p.40196
2024,2024 - The League,97,9,0,MombaMentality,Wendy,false,Jameson Williams,DET,WR,,,,449.p.33967
2024,2024 - The League,98,9,0,Rafi Bomb Returns!,Matthew,false,Gus Edwards,LAC,RB,,,,449.p.31424
2024,2024 - The League,99,9,0,Postino's Banditos,Matt,false,Nick Chubb,HOU,RB,,,,449.p.31005
2024,2024 - The League,100,9,0,No Talent Ass Clowns,mister miles,false,Pat Freiermuth,PIT,TE,,,,449.p.33443
2024,2024 - The League,101,9,0,Wailin Raylans,Amanda,false,Blake Corum,LAR,RB,,,,449.p.40962
2024,2024 - The League,102,9,0,Dumpster Fire,Eric,false,Trey Benson,ARI,RB,,,,449.p.40958
2024,2024 - The League,103,9,0,Kona’s Kickers,Leslie,false,Justin Tucker,BAL,K,,,,449.p.26534
2024,2024 - The League,104,9,0,Billy Goat Tavern,Amzie,false,Khalil Shakir,BUF,WR,,,,449.p.34104
2024,2024 - The League,105,9,0,Berserker,Peter,false,Ezekiel Elliott,DAL,RB,,,,449.p.29238
2024,2024 - The League,106,9,0,Fat Lazy Americans,Andy,true,Nico Collins,HOU,WR,,,,449.p.33477
2024,2024 - The League,107,9,0,I LIKE BIG TDS,Wesley,false,Jordan Addison,MIN,WR,,,,449.p.40042
2024,2024 - The League,108,9,0,Oroszlanok,Thomas,false,Hollywood Brown,PHI,WR,,,,449.p.31857
2024,2024 - The League,109,10,0,Oroszlanok,Thomas,false,Kyren Williams,LAR,RB,,,,449.p.34120
2024,2024 - The League,110,10,0,I LIKE BIG TDS,Wesley,false,Puka Nacua,LAR,WR,,,,449.p.40168
2024,2024 - The League,111,10,0,Fat Lazy Americans,Andy,true,Rico Dowdle,PIT,RB,,,,449.p.33100
2024,2024 - The League,112,10,0,Berserker,Peter,false,Tyler Lockett,LV,WR,,,,449.p.28457
2024,2024 - The League,113,10,0,Billy Goat Tavern,Amzie,false,DeAndre Hopkins,BAL,WR,,,,449.p.26650
2024,2024 - The League,114,10,0,Kona’s Kickers,Leslie,false,Jayden Daniels,WAS,QB,,,,449.p.40896
2024,2024 - The League,115,10,0,Dumpster Fire,Eric,false,De'Von Achane,MIA,RB,,,,449.p.40118
2024,2024 - The League,116,10,0,Wailin Raylans,Amanda,false,Romeo Doubs,NE,WR,,,,449.p.34088
2024,2024 - The League,117,10,0,No Talent Ass Clowns,mister miles,false,Brock Purdy,SF,QB,,,,449.p.34218
2024,2024 - The League,118,10,0,Postino's Banditos,Matt,false,Devin Singletary,NYG,RB,,,,449.p.31906
2024,2024 - The League,119,10,0,Rafi Bomb Returns!,Matthew,false,Justin Herbert,LAC,QB,,,,449.p.32676
2024,2024 - The League,120,10,0,MombaMentality,Wendy,false,Kyler Murray,MIN,QB,,,,449.p.31833
2024,2024 - The League,121,11,0,MombaMentality,Wendy,false,Jordan Mason,MIN,RB,,,,449.p.34320
2024,2024 - The League,122,11,0,Rafi Bomb Returns!,Matthew,false,Rashid Shaheed,SEA,WR,,,,449.p.34659
2024,2024 - The League,123,11,0,Postino's Banditos,Matt,false,Dalton Schultz,HOU,TE,,,,449.p.31107
2024,2024 - The League,124,11,0,No Talent Ass Clowns,mister miles,false,Zach Charbonnet,SEA,RB,,,,449.p.40075
2024,2024 - The League,125,11,0,Wailin Raylans,Amanda,false,Foyesade Oluokun,JAX,LB,,,,449.p.31170
2024,2024 - The League,126,11,0,Dumpster Fire,Eric,false,Jared Goff,DET,QB,,,,449.p.29235
2024,2024 - The League,127,11,0,Kona’s Kickers,Leslie,false,DeMario Douglas,NE,WR,,,,449.p.40222
2024,2024 - The League,128,11,0,Billy Goat Tavern,Amzie,false,Trevor Lawrence,JAX,QB,,,,449.p.33389
2024,2024 - The League,129,11,0,Berserker,Peter,false,Zaire Franklin,GB,LB,,,,449.p.31205
2024,2024 - The League,130,11,0,Fat Lazy Americans,Andy,true,Roquan Smith,BAL,LB,,,,449.p.30978
2024,2024 - The League,131,11,0,I LIKE BIG TDS,Wesley,false,T.J. Watt,PIT,LB,,,,449.p.30143
2024,2024 - The League,132,11,0,Oroszlanok,Thomas,false,Jaleel McLaughlin,CLE,RB,,,,449.p.40696
2024,2024 - The League,133,12,0,Oroszlanok,Thomas,false,Brandin Cooks,SF,WR,,,,449.p.27548
2024,2024 - The League,134,12,0,I LIKE BIG TDS,Wesley,false,Luke Musgrave,GB,TE,,,,449.p.40074
2024,2024 - The League,135,12,0,Fat Lazy Americans,Andy,true,Ray Davis,BUF,RB,,,,449.p.40980
2024,2024 - The League,136,12,0,Berserker,Peter,false,Garrett Wilson,NYJ,WR,,,,449.p.33965
2024,2024 - The League,137,12,0,Billy Goat Tavern,Amzie,false,Fred Warner,SF,LB,,,,449.p.31040
2024,2024 - The League,138,12,0,Kona’s Kickers,Leslie,false,Bobby Wagner,WAS,LB,,,,449.p.25757
2024,2024 - The League,139,12,0,Dumpster Fire,Eric,false,Joshua Palmer,BUF,WR,,,,449.p.33465
2024,2024 - The League,140,12,0,Wailin Raylans,Amanda,false,Bucky Irving,TB,RB,,,,449.p.40993
2024,2024 - The League,141,12,0,No Talent Ass Clowns,mister miles,false,Terrel Bernard,BUF,LB,,,,449.p.34045
2024,2024 - The League,142,12,0,Postino's Banditos,Matt,false,C.J. Mosley,NYJ,LB,,,,449.p.27545
2024,2024 - The League,143,12,0,Rafi Bomb Returns!,Matthew,false,Alex Singleton,DEN,LB,,,,449.p.28716
2024,2024 - The League,144,12,0,MombaMentality,Wendy,false,Jaylen Wright,MIA,RB,,,,449.p.41010
2024,2024 - The League,145,13,0,MombaMentality,Wendy,false,T.J. Edwards,CHI,LB,,,,449.p.32403
2024,2024 - The League,146,13,0,Rafi Bomb Returns!,Matthew,false,Mike Williams,PIT,WR,,,,449.p.30120
2024,2024 - The League,147,13,0,Postino's Banditos,Matt,false,J.K. Dobbins,DEN,RB,,,,449.p.32725
2024,2024 - The League,148,13,0,No Talent Ass Clowns,mister miles,false,Curtis Samuel,BUF,WR,,,,449.p.30153
2024,2024 - The League,149,13,0,Wailin Raylans,Amanda,false,Jakobi Meyers,JAX,WR,,,,449.p.32231
2024,2024 - The League,150,13,0,Dumpster Fire,Eric,false,Antoine Winfield Jr.,TB,S,,,,449.p.32715
2024,2024 - The League,151,13,0,Kona’s Kickers,Leslie,false,Bobby Okereke,CAR,LB,,,,449.p.31921
2024,2024 - The League,152,13,0,Billy Goat Tavern,Amzie,false,Quincy Williams,CLE,LB,,,,449.p.31930
2024,2024 - The League,153,13,0,Berserker,Peter,false,Tyrel Dodson,CAR,LB,,,,449.p.32411
2024,2024 - The League,154,13,0,Fat Lazy Americans,Andy,true,Kimani Vidal,LAC,RB,,,,449.p.41052
2024,2024 - The League,155,13,0,I LIKE BIG TDS,Wesley,false,Micah Parsons,GB,"LB,DE",,,,449.p.33400
2024,2024 - The League,156,13,0,Oroszlanok,Thomas,false,Jerry Jeudy,CLE,WR,,,,449.p.32685
2024,2024 - The League,157,14,0,Oroszlanok,Thomas,false,Tyler Allgeier,ARI,RB,,,,449.p.34107
2024,2024 - The League,158,14,0,I LIKE BIG TDS,Wesley,false,Khalil Herbert,ATL,RB,,,,449.p.33605
2024,2024 - The League,159,14,0,Fat Lazy Americans,Andy,true,Jordan Love,GB,QB,,,,449.p.32696
2024,2024 - The League,160,14,0,Berserker,Peter,false,T.J. Hockenson,MIN,TE,,,,449.p.31840
2024,2024 - The League,161,14,0,Billy Goat Tavern,Amzie,false,Ty Chandler,NO,RB,,,,449.p.34125
2024,2024 - The League,162,14,0,Kona’s Kickers,Leslie,false,Robert Spillane,NE,LB,,,,449.p.31708
2024,2024 - The League,163,14,0,Dumpster Fire,Eric,false,Jessie Bates III,ATL,S,,,,449.p.31024
2024,2024 - The League,164,14,0,Wailin Raylans,Amanda,false,Ernest Jones IV,SEA,LB,,,,449.p.33491
2024,2024 - The League,165,14,0,No Talent Ass Clowns,mister miles,false,Lavonte David,TB,LB,,,,449.p.25768
2024,2024 - The League,166,14,0,Postino's Banditos,Matt,false,Patrick Queen,PIT,LB,,,,449.p.32698
2024,2024 - The League,167,14,0,Rafi Bomb Returns!,Matthew,false,Gabe Davis,BUF,WR,,,,449.p.32798
2024,2024 - The League,168,14,0,MombaMentality,Wendy,false,Sam LaPorta,DET,TE,,,,449.p.40064
2024,2024 - The League,169,15,0,MombaMentality,Wendy,false,Nick Bosa,SF,"DL,DE",,,,449.p.31834
2024,2024 - The League,170,15,0,Rafi Bomb Returns!,Matthew,false,Ivan Pace Jr.,MIN,LB,,,,449.p.40301
2024,2024 - The League,171,15,0,Postino's Banditos,Matt,false,Maxx Crosby,LV,DE,,,,449.p.31938
2024,2024 - The League,172,15,0,No Talent Ass Clowns,mister miles,false,Baker Mayfield,TB,QB,,,,449.p.30971
2024,2024 - The League,173,15,0,Wailin Raylans,Amanda,false,Nick Bolton,KC,LB,,,,449.p.33446
2024,2024 - The League,174,15,0,Dumpster Fire,Eric,false,Cam Bynum,IND,S,,,,449.p.33513
2024,2024 - The League,175,15,0,Kona’s Kickers,Leslie,false,Khalil Mack,LAC,LB,,,,449.p.27533
2024,2024 - The League,176,15,0,Billy Goat Tavern,Amzie,false,Brandon Aubrey,DAL,K,,,,449.p.40819
2024,2024 - The League,177,15,0,Berserker,Peter,false,Aaron Rodgers,PIT,QB,,,,449.p.7200
2024,2024 - The League,178,15,0,Fat Lazy Americans,Andy,true,Azeez Al-Shaair,HOU,LB,,,,449.p.32318
2024,2024 - The League,179,15,0,I LIKE BIG TDS,Wesley,false,Michael Wilson,ARI,WR,,,,449.p.40121
2024,2024 - The League,180,15,0,Oroszlanok,Thomas,false,Derwin James Jr.,LAC,S,,,,449.p.30987
2024,2024 - The League,181,16,0,Oroszlanok,Thomas,false,Jaquan Brisker,PIT,"DB,S",,,,449.p.34003
2024,2024 - The League,182,16,0,I LIKE BIG TDS,Wesley,false,Myles Garrett,LAR,DE,,,,449.p.30114
2024,2024 - The League,183,16,0,Fat Lazy Americans,Andy,true,Dontayvion Wicks,PHI,WR,,,,449.p.40201
2024,2024 - The League,184,16,0,Berserker,Peter,false,Harrison Butker,KC,K,,,,449.p.30346
2024,2024 - The League,185,16,0,Billy Goat Tavern,Amzie,false,MarShawn Lloyd,GB,RB,,,,449.p.40971
2024,2024 - The League,186,16,0,Kona’s Kickers,Leslie,false,Adam Thielen,PIT,WR,,,,449.p.27277
2024,2024 - The League,187,16,0,Dumpster Fire,Eric,false,Emanuel Wilson,SEA,RB,,,,449.p.40707
2024,2024 - The League,188,16,0,Wailin Raylans,Amanda,false,Jake Moody,BAL,K,,,,449.p.40129
2024,2024 - The League,189,16,0,No Talent Ass Clowns,mister miles,false,Cairo Santos,CHI,K,,,,449.p.28227
2024,2024 - The League,190,16,0,Postino's Banditos,Matt,false,Matthew Stafford,LAR,QB,,,,449.p.9265
2024,2024 - The League,191,16,0,Rafi Bomb Returns!,Matthew,false,Evan McPherson,CIN,K,,,,449.p.33537
2024,2024 - The League,192,16,0,MombaMentality,Wendy,false,Aidan Hutchinson,DET,"DL,DE",,,,449.p.33957
2024,2024 - The League,193,17,0,MombaMentality,Wendy,false,Tyler Bass,BUF,K,,,,449.p.32858
2024,2024 - The League,194,17,0,Rafi Bomb Returns!,Matthew,false,Joshua Metellus,MIN,"S,CB",,,,449.p.32875
2024,2024 - The League,195,17,0,Postino's Banditos,Matt,false,Younghoe Koo,NYG,K,,,,449.p.30426
2024,2024 - The League,196,17,0,No Talent Ass Clowns,mister miles,false,Frankie Luvu,WAS,LB,,,,449.p.31503
2024,2024 - The League,197,17,0,Wailin Raylans,Amanda,false,Dallas Goedert,PHI,TE,,,,449.p.31019
2024,2024 - The League,198,17,0,Dumpster Fire,Eric,false,Cameron Dicker,LAC,K,,,,449.p.34344
2024,2024 - The League,199,17,0,Kona’s Kickers,Leslie,false,Jonnu Smith,GB,TE,,,,449.p.30213
2024,2024 - The League,200,17,0,Billy Goat Tavern,Amzie,false,Julian Love,SEA,S,,,,449.p.31940
2024,2024 - The League,201,17,0,Berserker,Peter,false,Alex Anzalone,TB,LB,,,,449.p.30189
2024,2024 - The League,202,17,0,Fat Lazy Americans,Andy,true,Logan Wilson,DAL,LB,,,,449.p.32735
2024,2024 - The League,203,17,0,I LIKE BIG TDS,Wesley,false,Greg Zuerlein,NYJ,K,,,,449.p.25881
2024,2024 - The League,204,17,0,Oroszlanok,Thomas,false,Matt Gay,LV,K,,,,449.p.31977
2024,The Honey Badgers,1,1,0,My Balls Are Afoot,Chuck,false,Christian McCaffrey,SF,RB,,,,449.p.30121
2024,The Honey Badgers,2,1,0,Olivators,Amanda,false,Breece Hall,NYJ,RB,,,,449.p.33991
2024,The Honey Badgers,3,1,0,The Curious Case of Cookus,Joseph,false,CeeDee Lamb,DAL,WR,,,,449.p.32687
2024,The Honey Badgers,4,1,0,Kryponite,BULL,false,Tyreek Hill,MIA,WR,,,,449.p.29399
2024,The Honey Badgers,5,1,0,Dolphin Boobiez,Tali,false,Bijan Robinson,ATL,RB,,,,449.p.40055
2024,The Honey Badgers,6,1,0,McGibblets,fritchie,false,Amon-Ra St. Brown,DET,WR,,,,449.p.33500
2024,The Honey Badgers,7,1,0,Unicorn Love,Krista,false,Ja'Marr Chase,CIN,WR,,,,449.p.33393
2024,The Honey Badgers,8,1,0,JRZ,Matthew,false,Justin Jefferson,MIN,WR,,,,449.p.32692
2024,The Honey Badgers,9,1,0,The Trophy Wives,Geri Hill,false,A.J. Brown,NE,WR,,,,449.p.31883
2024,The Honey Badgers,10,1,0,Fat Lazy Americans,Andy,true,Jonathan Taylor,IND,RB,,,,449.p.32711
2024,The Honey Badgers,11,1,0,Jesus take the wheel,Alejandro C,false,Garrett Wilson,NYJ,WR,,,,449.p.33965
2024,The Honey Badgers,12,1,0,CopperTheBigRedDog,Jaimie Harcos,false,Saquon Barkley,PHI,RB,,,,449.p.30972
2024,The Honey Badgers,13,2,0,CopperTheBigRedDog,Jaimie Harcos,false,Travis Etienne Jr.,NO,RB,,,,449.p.33413
2024,The Honey Badgers,14,2,0,Jesus take the wheel,Alejandro C,false,De'Von Achane,MIA,RB,,,,449.p.40118
2024,The Honey Badgers,15,2,0,Fat Lazy Americans,Andy,true,Jahmyr Gibbs,DET,RB,,,,449.p.40059
2024,The Honey Badgers,16,2,0,The Trophy Wives,Geri Hill,false,Derrick Henry,BAL,RB,,,,449.p.29279
2024,The Honey Badgers,17,2,0,JRZ,Matthew,false,Drake London,ATL,WR,,,,449.p.33963
2024,The Honey Badgers,18,2,0,Unicorn Love,Krista,false,Rachaad White,WAS,RB,,,,449.p.34047
2024,The Honey Badgers,19,2,0,McGibblets,fritchie,false,Marvin Harrison Jr.,ARI,WR,,,,449.p.40893
2024,The Honey Badgers,20,2,0,Dolphin Boobiez,Tali,false,Deebo Samuel Sr.,SF,WR,,,,449.p.31868
2024,The Honey Badgers,21,2,0,Kryponite,BULL,false,Davante Adams,LAR,WR,,,,449.p.27581
2024,The Honey Badgers,22,2,0,The Curious Case of Cookus,Joseph,false,Josh Jacobs,GB,RB,,,,449.p.31856
2024,The Honey Badgers,23,2,0,Olivators,Amanda,false,Cooper Kupp,SEA,WR,,,,449.p.30182
2024,The Honey Badgers,24,2,0,My Balls Are Afoot,Chuck,false,Travis Kelce,KC,TE,,,,449.p.26686
2024,The Honey Badgers,25,3,0,My Balls Are Afoot,Chuck,false,Brandon Aiyuk,SF,WR,,,,449.p.32695
2024,The Honey Badgers,26,3,0,Olivators,Amanda,false,Josh Allen,BUF,QB,,,,449.p.30977
2024,The Honey Badgers,27,3,0,The Curious Case of Cookus,Joseph,false,DJ Moore,BUF,WR,,,,449.p.30994
2024,The Honey Badgers,28,3,0,Kryponite,BULL,false,DK Metcalf,PIT,WR,,,,449.p.31896
2024,The Honey Badgers,29,3,0,Dolphin Boobiez,Tali,false,Jalen Hurts,PHI,QB,,,,449.p.32723
2024,The Honey Badgers,30,3,0,McGibblets,fritchie,false,Joe Mixon,SEA,RB,,,,449.p.30161
2024,The Honey Badgers,31,3,0,Unicorn Love,Krista,false,Amari Cooper,BUF,WR,,,,449.p.28392
2024,The Honey Badgers,32,3,0,JRZ,Matthew,false,James Cook III,BUF,RB,,,,449.p.34019
2024,The Honey Badgers,33,3,0,The Trophy Wives,Geri Hill,false,Patrick Mahomes,KC,QB,,,,449.p.30123
2024,The Honey Badgers,34,3,0,Fat Lazy Americans,Andy,true,Jaylen Waddle,DEN,WR,,,,449.p.33394
2024,The Honey Badgers,35,3,0,Jesus take the wheel,Alejandro C,false,Lamar Jackson,BAL,QB,,,,449.p.31002
2024,The Honey Badgers,36,3,0,CopperTheBigRedDog,Jaimie Harcos,false,Anthony Richardson Sr.,IND,QB,,,,449.p.40040
2024,The Honey Badgers,37,4,0,CopperTheBigRedDog,Jaimie Harcos,false,Mark Andrews,BAL,TE,,,,449.p.31056
2024,The Honey Badgers,38,4,0,Jesus take the wheel,Alejandro C,false,Kenneth Walker III,KC,RB,,,,449.p.33996
2024,The Honey Badgers,39,4,0,Fat Lazy Americans,Andy,true,Michael Pittman Jr.,PIT,WR,,,,449.p.32704
2024,The Honey Badgers,40,4,0,The Trophy Wives,Geri Hill,false,Alvin Kamara,NO,RB,,,,449.p.30180
2024,The Honey Badgers,41,4,0,JRZ,Matthew,false,Kyler Murray,MIN,QB,,,,449.p.31833
2024,The Honey Badgers,42,4,0,Unicorn Love,Krista,false,Dak Prescott,DAL,QB,,,,449.p.29369
2024,The Honey Badgers,43,4,0,McGibblets,fritchie,false,Evan Engram,DEN,TE,,,,449.p.30136
2024,The Honey Badgers,44,4,0,Dolphin Boobiez,Tali,false,George Kittle,SF,TE,,,,449.p.30259
2024,The Honey Badgers,45,4,0,Kryponite,BULL,false,David Montgomery,HOU,RB,,,,449.p.31905
2024,The Honey Badgers,46,4,0,The Curious Case of Cookus,Joseph,false,DeVonta Smith,PHI,WR,,,,449.p.33398
2024,The Honey Badgers,47,4,0,Olivators,Amanda,false,Malik Nabers,NYG,WR,,,,449.p.40899
2024,The Honey Badgers,48,4,0,My Balls Are Afoot,Chuck,false,Stefon Diggs,WAS,WR,,,,449.p.28534
2024,The Honey Badgers,49,5,0,My Balls Are Afoot,Chuck,false,Aaron Jones Sr.,MIN,RB,,,,449.p.30295
2024,The Honey Badgers,50,5,0,Olivators,Amanda,false,Dalton Kincaid,BUF,TE,,,,449.p.40048
2024,The Honey Badgers,51,5,0,The Curious Case of Cookus,Joseph,false,James Conner,ARI,RB,,,,449.p.30218
2024,The Honey Badgers,52,5,0,Kryponite,BULL,false,Rhamondre Stevenson,NE,RB,,,,449.p.33508
2024,The Honey Badgers,53,5,0,Dolphin Boobiez,Tali,false,Zay Flowers,BAL,WR,,,,449.p.40039
2024,The Honey Badgers,54,5,0,McGibblets,fritchie,false,Zamir White,NO,RB,,,,449.p.34078
2024,The Honey Badgers,55,5,0,Unicorn Love,Krista,false,Najee Harris,NYG,RB,,,,449.p.33412
2024,The Honey Badgers,56,5,0,JRZ,Matthew,false,D'Andre Swift,CHI,RB,,,,449.p.32705
2024,The Honey Badgers,57,5,0,The Trophy Wives,Geri Hill,false,Tee Higgins,CIN,WR,,,,449.p.32703
2024,The Honey Badgers,58,5,0,Fat Lazy Americans,Andy,true,Kyle Pitts Sr.,ATL,TE,,,,449.p.33392
2024,The Honey Badgers,59,5,0,Jesus take the wheel,Alejandro C,false,Chris Godwin Jr.,TB,WR,,,,449.p.30197
2024,The Honey Badgers,60,5,0,CopperTheBigRedDog,Jaimie Harcos,false,Terry McLaurin,WAS,WR,,,,449.p.31908
2024,The Honey Badgers,61,6,0,CopperTheBigRedDog,Jaimie Harcos,false,George Pickens,DAL,WR,,,,449.p.34007
2024,The Honey Badgers,62,6,0,Jesus take the wheel,Alejandro C,false,Tony Pollard,TEN,RB,,,,449.p.31960
2024,The Honey Badgers,63,6,0,Fat Lazy Americans,Andy,true,Javonte Williams,DAL,RB,,,,449.p.33423
2024,The Honey Badgers,64,6,0,The Trophy Wives,Geri Hill,false,Brian Robinson,ATL,RB,,,,449.p.34054
2024,The Honey Badgers,65,6,0,JRZ,Matthew,false,Christian Kirk,SF,WR,,,,449.p.31017
2024,The Honey Badgers,66,6,0,Unicorn Love,Krista,false,Foyesade Oluokun,JAX,LB,,,,449.p.31170
2024,The Honey Badgers,67,6,0,McGibblets,fritchie,false,Calvin Ridley,TEN,WR,,,,449.p.30996
2024,The Honey Badgers,68,6,0,Dolphin Boobiez,Tali,false,Devin Singletary,NYG,RB,,,,449.p.31906
2024,The Honey Badgers,69,6,0,Kryponite,BULL,false,Jordan Love,GB,QB,,,,449.p.32696
2024,The Honey Badgers,70,6,0,The Curious Case of Cookus,Joseph,false,Mike Evans,SF,WR,,,,449.p.27535
2024,The Honey Badgers,71,6,0,Olivators,Amanda,false,Jaylen Warren,PIT,RB,,,,449.p.34447
2024,The Honey Badgers,72,6,0,My Balls Are Afoot,Chuck,false,Brock Purdy,SF,QB,,,,449.p.34218
2024,The Honey Badgers,73,7,0,My Balls Are Afoot,Chuck,false,Keenan Allen,IND,WR,,,,449.p.26699
2024,The Honey Badgers,74,7,0,Olivators,Amanda,false,Xavier Worthy,KC,WR,,,,449.p.40877
2024,The Honey Badgers,75,7,0,The Curious Case of Cookus,Joseph,false,Jayden Daniels,WAS,QB,,,,449.p.40896
2024,The Honey Badgers,76,7,0,Kryponite,BULL,false,Jake Ferguson,DAL,TE,,,,449.p.34085
2024,The Honey Badgers,77,7,0,Dolphin Boobiez,Tali,false,Diontae Johnson,CLE,WR,,,,449.p.31898
2024,The Honey Badgers,78,7,0,McGibblets,fritchie,false,Joe Burrow,CIN,QB,,,,449.p.32671
2024,The Honey Badgers,79,7,0,Unicorn Love,Krista,false,Sam LaPorta,DET,TE,,,,449.p.40064
2024,The Honey Badgers,80,7,0,JRZ,Matthew,false,David Njoku,LAC,TE,,,,449.p.30142
2024,The Honey Badgers,81,7,0,The Trophy Wives,Geri Hill,false,Jayden Reed,GB,WR,,,,449.p.40063
2024,The Honey Badgers,82,7,0,Fat Lazy Americans,Andy,true,Christian Watson,GB,WR,,,,449.p.33989
2024,The Honey Badgers,83,7,0,Jesus take the wheel,Alejandro C,false,Cole Kmet,CHI,TE,,,,449.p.32713
2024,The Honey Badgers,84,7,0,CopperTheBigRedDog,Jaimie Harcos,false,Zack Moss,CIN,RB,,,,449.p.32756
2024,The Honey Badgers,85,8,0,CopperTheBigRedDog,Jaimie Harcos,false,Isiah Pacheco,DET,RB,,,,449.p.34207
2024,The Honey Badgers,86,8,0,Jesus take the wheel,Alejandro C,false,Jared Goff,DET,QB,,,,449.p.29235
2024,The Honey Badgers,87,8,0,Fat Lazy Americans,Andy,true,Chris Olave,NO,WR,,,,449.p.33966
2024,The Honey Badgers,88,8,0,The Trophy Wives,Geri Hill,false,Roquan Smith,BAL,LB,,,,449.p.30978
2024,The Honey Badgers,89,8,0,JRZ,Matthew,false,Gus Edwards,LAC,RB,,,,449.p.31424
2024,The Honey Badgers,90,8,0,Unicorn Love,Krista,false,Alex Singleton,DEN,LB,,,,449.p.28716
2024,The Honey Badgers,91,8,0,McGibblets,fritchie,false,Rome Odunze,CHI,WR,,,,449.p.40901
2024,The Honey Badgers,92,8,0,Dolphin Boobiez,Tali,false,Raheem Mostert,LV,RB,,,,449.p.28654
2024,The Honey Badgers,93,8,0,Kryponite,BULL,false,Justin Tucker,BAL,K,,,,449.p.26534
2024,The Honey Badgers,94,8,0,The Curious Case of Cookus,Joseph,false,Chase Brown,CIN,RB,,,,449.p.40196
2024,The Honey Badgers,95,8,0,Olivators,Amanda,false,Ladd McConkey,LAC,WR,,,,449.p.40908
2024,The Honey Badgers,96,8,0,My Balls Are Afoot,Chuck,false,Brandon Aubrey,DAL,K,,,,449.p.40819
2024,The Honey Badgers,97,9,0,My Balls Are Afoot,Chuck,false,Jordan Addison,MIN,WR,,,,449.p.40042
2024,The Honey Badgers,98,9,0,Olivators,Amanda,false,Zaire Franklin,GB,LB,,,,449.p.31205
2024,The Honey Badgers,99,9,0,The Curious Case of Cookus,Joseph,false,Dallas Goedert,PHI,TE,,,,449.p.31019
2024,The Honey Badgers,100,9,0,Kryponite,BULL,false,Jeffery Simmons,TEN,"DT,DE",,,,449.p.31851
2024,The Honey Badgers,101,9,0,Dolphin Boobiez,Tali,false,Tyjae Spears,TEN,RB,,,,449.p.40119
2024,The Honey Badgers,102,9,0,McGibblets,fritchie,false,Nick Chubb,HOU,RB,,,,449.p.31005
2024,The Honey Badgers,103,9,0,Unicorn Love,Krista,false,Courtland Sutton,DEN,WR,,,,449.p.31010
2024,The Honey Badgers,104,9,0,JRZ,Matthew,false,Curtis Samuel,BUF,WR,,,,449.p.30153
2024,The Honey Badgers,105,9,0,The Trophy Wives,Geri Hill,false,Tank Dell,HOU,WR,,,,449.p.40097
2024,The Honey Badgers,106,9,0,Fat Lazy Americans,Andy,true,Jonathon Brooks,CAR,RB,,,,449.p.40926
2024,The Honey Badgers,107,9,0,Jesus take the wheel,Alejandro C,false,Joshua Palmer,BUF,WR,,,,449.p.33465
2024,The Honey Badgers,108,9,0,CopperTheBigRedDog,Jaimie Harcos,false,Fred Warner,SF,LB,,,,449.p.31040
2024,The Honey Badgers,109,10,0,CopperTheBigRedDog,Jaimie Harcos,false,Puka Nacua,LAR,WR,,,,449.p.40168
2024,The Honey Badgers,110,10,0,Jesus take the wheel,Alejandro C,false,Rashee Rice,KC,WR,,,,449.p.40084
2024,The Honey Badgers,111,10,0,Fat Lazy Americans,Andy,true,C.J. Stroud,HOU,QB,,,,449.p.40030
2024,The Honey Badgers,112,10,0,The Trophy Wives,Geri Hill,false,Trey McBride,ARI,TE,,,,449.p.34010
2024,The Honey Badgers,113,10,0,JRZ,Matthew,false,Caleb Williams,CHI,QB,,,,449.p.40900
2024,The Honey Badgers,114,10,0,Unicorn Love,Krista,false,Jaxon Smith-Njigba,SEA,WR,,,,449.p.40041
2024,The Honey Badgers,115,10,0,McGibblets,fritchie,false,Bobby Okereke,CAR,LB,,,,449.p.31921
2024,The Honey Badgers,116,10,0,Dolphin Boobiez,Tali,false,Brian Thomas Jr.,JAX,WR,,,,449.p.40883
2024,The Honey Badgers,117,10,0,Kryponite,BULL,false,Marcus Jones,NE,"DB,CB",,,,449.p.34041
2024,The Honey Badgers,118,10,0,The Curious Case of Cookus,Joseph,false,Jerome Ford,MIN,RB,,,,449.p.34112
2024,The Honey Badgers,119,10,0,Olivators,Amanda,false,Kyren Williams,LAR,RB,,,,449.p.34120
2024,The Honey Badgers,120,10,0,My Balls Are Afoot,Chuck,false,Ezekiel Elliott,DAL,RB,,,,449.p.29238
2024,The Honey Badgers,121,11,0,My Balls Are Afoot,Chuck,false,T.J. Edwards,CHI,LB,,,,449.p.32403
2024,The Honey Badgers,122,11,0,Olivators,Amanda,false,Nico Collins,HOU,WR,,,,449.p.33477
2024,The Honey Badgers,123,11,0,The Curious Case of Cookus,Joseph,false,Jameson Williams,DET,WR,,,,449.p.33967
2024,The Honey Badgers,124,11,0,Kryponite,BULL,false,Khalil Dorsey,DET,CB,,,,449.p.33012
2024,The Honey Badgers,125,11,0,Dolphin Boobiez,Tali,false,Harrison Butker,KC,K,,,,449.p.30346
2024,The Honey Badgers,126,11,0,McGibblets,fritchie,false,Tyrel Dodson,CAR,LB,,,,449.p.32411
2024,The Honey Badgers,127,11,0,Unicorn Love,Krista,false,Blake Corum,LAR,RB,,,,449.p.40962
2024,The Honey Badgers,128,11,0,JRZ,Matthew,false,C.J. Mosley,NYJ,LB,,,,449.p.27545
2024,The Honey Badgers,129,11,0,The Trophy Wives,Geri Hill,false,Nick Bolton,KC,LB,,,,449.p.33446
2024,The Honey Badgers,130,11,0,Fat Lazy Americans,Andy,true,Hollywood Brown,PHI,WR,,,,449.p.31857
2024,The Honey Badgers,131,11,0,Jesus take the wheel,Alejandro C,false,Keon Coleman,BUF,WR,,,,449.p.40911
2024,The Honey Badgers,132,11,0,CopperTheBigRedDog,Jaimie Harcos,false,Ernest Jones IV,SEA,LB,,,,449.p.33491
2024,The Honey Badgers,133,12,0,CopperTheBigRedDog,Jaimie Harcos,false,Azeez Al-Shaair,HOU,LB,,,,449.p.32318
2024,The Honey Badgers,134,12,0,Jesus take the wheel,Alejandro C,false,Malcolm Rodriguez,DET,LB,,,,449.p.34144
2024,The Honey Badgers,135,12,0,Fat Lazy Americans,Andy,true,Terrel Bernard,BUF,LB,,,,449.p.34045
2024,The Honey Badgers,136,12,0,The Trophy Wives,Geri Hill,false,Rico Dowdle,PIT,RB,,,,449.p.33100
2024,The Honey Badgers,137,12,0,JRZ,Matthew,false,Trey Benson,ARI,RB,,,,449.p.40958
2024,The Honey Badgers,138,12,0,Unicorn Love,Krista,false,Patrick Queen,PIT,LB,,,,449.p.32698
2024,The Honey Badgers,139,12,0,McGibblets,fritchie,false,Jaleel McLaughlin,CLE,RB,,,,449.p.40696
2024,The Honey Badgers,140,12,0,Dolphin Boobiez,Tali,false,Ivan Pace Jr.,MIN,LB,,,,449.p.40301
2024,The Honey Badgers,141,12,0,Kryponite,BULL,false,Austin Ekeler,WAS,RB,,,,449.p.30423
2024,The Honey Badgers,142,12,0,The Curious Case of Cookus,Joseph,false,Quincy Williams,CLE,LB,,,,449.p.31930
2024,The Honey Badgers,143,12,0,Olivators,Amanda,false,Bobby Wagner,WAS,LB,,,,449.p.25757
2024,The Honey Badgers,144,12,0,My Balls Are Afoot,Chuck,false,DeAndre Hopkins,BAL,WR,,,,449.p.26650
2024,The Honey Badgers,145,13,0,My Balls Are Afoot,Chuck,false,Chuba Hubbard,CAR,RB,,,,449.p.33514
2024,The Honey Badgers,146,13,0,Olivators,Amanda,false,J.K. Dobbins,DEN,RB,,,,449.p.32725
2024,The Honey Badgers,147,13,0,The Curious Case of Cookus,Joseph,false,Tua Tagovailoa,ATL,QB,,,,449.p.32675
2024,The Honey Badgers,148,13,0,Kryponite,BULL,false,Rashid Shaheed,SEA,WR,,,,449.p.34659
2024,The Honey Badgers,149,13,0,Dolphin Boobiez,Tali,false,Tyler Lockett,LV,WR,,,,449.p.28457
2024,The Honey Badgers,150,13,0,McGibblets,fritchie,false,Jerry Jeudy,CLE,WR,,,,449.p.32685
2024,The Honey Badgers,151,13,0,Unicorn Love,Krista,false,Baker Mayfield,TB,QB,,,,449.p.30971
2024,The Honey Badgers,152,13,0,JRZ,Matthew,false,Khalil Shakir,BUF,WR,,,,449.p.34104
2024,The Honey Badgers,153,13,0,The Trophy Wives,Geri Hill,false,Trevor Lawrence,JAX,QB,,,,449.p.33389
2024,The Honey Badgers,154,13,0,Fat Lazy Americans,Andy,true,Zach Charbonnet,SEA,RB,,,,449.p.40075
2024,The Honey Badgers,155,13,0,Jesus take the wheel,Alejandro C,false,Drue Tranquill,KC,LB,,,,449.p.31962
2024,The Honey Badgers,156,13,0,CopperTheBigRedDog,Jaimie Harcos,false,Dalton Schultz,HOU,TE,,,,449.p.31107
2024,The Honey Badgers,157,14,0,CopperTheBigRedDog,Jaimie Harcos,false,Jakobi Meyers,JAX,WR,,,,449.p.32231
2024,The Honey Badgers,158,14,0,Jesus take the wheel,Alejandro C,false,Lavonte David,TB,LB,,,,449.p.25768
2024,The Honey Badgers,159,14,0,Fat Lazy Americans,Andy,true,Brock Bowers,LV,TE,,,,449.p.40878
2024,The Honey Badgers,160,14,0,The Trophy Wives,Geri Hill,false,Quay Walker,LV,LB,,,,449.p.33977
2024,The Honey Badgers,161,14,0,JRZ,Matthew,false,Devin Lloyd,CAR,LB,,,,449.p.33982
2024,The Honey Badgers,162,14,0,Unicorn Love,Krista,false,Cameron Dicker,LAC,K,,,,449.p.34344
2024,The Honey Badgers,163,14,0,McGibblets,fritchie,false,Frankie Luvu,WAS,LB,,,,449.p.31503
2024,The Honey Badgers,164,14,0,Dolphin Boobiez,Tali,false,T.J. Hockenson,MIN,TE,,,,449.p.31840
2024,The Honey Badgers,165,14,0,Kryponite,BULL,false,Kirk Cousins,LV,QB,,,,449.p.25812
2024,The Honey Badgers,166,14,0,The Curious Case of Cookus,Joseph,false,Jessie Bates III,ATL,S,,,,449.p.31024
2024,The Honey Badgers,167,14,0,Olivators,Amanda,false,Tyler Allgeier,ARI,RB,,,,449.p.34107
2024,The Honey Badgers,168,14,0,My Balls Are Afoot,Chuck,false,Pat Freiermuth,PIT,TE,,,,449.p.33443
2024,The Honey Badgers,169,15,0,My Balls Are Afoot,Chuck,false,Matthew Stafford,LAR,QB,,,,449.p.9265
2024,The Honey Badgers,170,15,0,Olivators,Amanda,false,Romeo Doubs,NE,WR,,,,449.p.34088
2024,The Honey Badgers,171,15,0,The Curious Case of Cookus,Joseph,false,Taysom Hill,NO,"QB,TE",,,,449.p.30614
2024,The Honey Badgers,172,15,0,Kryponite,BULL,false,Luke Musgrave,GB,TE,,,,449.p.40074
2024,The Honey Badgers,173,15,0,Dolphin Boobiez,Tali,false,Justin Herbert,LAC,QB,,,,449.p.32676
2024,The Honey Badgers,174,15,0,McGibblets,fritchie,false,Brandin Cooks,SF,WR,,,,449.p.27548
2024,The Honey Badgers,175,15,0,Unicorn Love,Krista,false,DeMario Douglas,NE,WR,,,,449.p.40222
2024,The Honey Badgers,176,15,0,JRZ,Matthew,false,Jaylen Wright,MIA,RB,,,,449.p.41010
2024,The Honey Badgers,177,15,0,The Trophy Wives,Geri Hill,false,Jason Sanders,NYJ,K,,,,449.p.31199
2024,The Honey Badgers,178,15,0,Fat Lazy Americans,Andy,true,Logan Wilson,DAL,LB,,,,449.p.32735
2024,The Honey Badgers,179,15,0,Jesus take the wheel,Alejandro C,false,Alex Anzalone,TB,LB,,,,449.p.30189
2024,The Honey Badgers,180,15,0,CopperTheBigRedDog,Jaimie Harcos,false,Jake Moody,BAL,K,,,,449.p.40129
2024,The Honey Badgers,181,16,0,CopperTheBigRedDog,Jaimie Harcos,false,Kyzir White,TEN,LB,,,,449.p.31089
2024,The Honey Badgers,182,16,0,Jesus take the wheel,Alejandro C,false,Justice Hill,BAL,RB,,,,449.p.31945
2024,The Honey Badgers,183,16,0,Fat Lazy Americans,Andy,true,Dontayvion Wicks,PHI,WR,,,,449.p.40201
2024,The Honey Badgers,184,16,0,The Trophy Wives,Geri Hill,false,MarShawn Lloyd,GB,RB,,,,449.p.40971
2024,The Honey Badgers,185,16,0,JRZ,Matthew,false,Joshua Metellus,MIN,"S,CB",,,,449.p.32875
2024,The Honey Badgers,186,16,0,Unicorn Love,Krista,false,Julian Love,SEA,S,,,,449.p.31940
2024,The Honey Badgers,187,16,0,McGibblets,fritchie,false,Hayden Hurst,LAC,TE,,,,449.p.30995
2024,The Honey Badgers,188,16,0,Dolphin Boobiez,Tali,false,Kevin Byard III,NE,S,,,,449.p.29298
2024,The Honey Badgers,189,16,0,Kryponite,BULL,false,Khalil Herbert,ATL,RB,,,,449.p.33605
2024,The Honey Badgers,190,16,0,The Curious Case of Cookus,Joseph,false,Derwin James Jr.,LAC,S,,,,449.p.30987
2024,The Honey Badgers,191,16,0,Olivators,Amanda,false,Maxx Crosby,LV,DE,,,,449.p.31938
2024,The Honey Badgers,192,16,0,My Balls Are Afoot,Chuck,false,Antoine Winfield Jr.,TB,S,,,,449.p.32715
2024,The Honey Badgers,193,17,0,My Balls Are Afoot,Chuck,false,Robert Spillane,NE,LB,,,,449.p.31708
2024,The Honey Badgers,194,17,0,Olivators,Amanda,false,Jake Elliott,PHI,K,,,,449.p.30266
2024,The Honey Badgers,195,17,0,The Curious Case of Cookus,Joseph,false,Younghoe Koo,NYG,K,,,,449.p.30426
2024,The Honey Badgers,196,17,0,Kryponite,BULL,false,Ka'imi Fairbairn,HOU,K,,,,449.p.29792
2024,The Honey Badgers,197,17,0,Dolphin Boobiez,Tali,false,Xavier McKinney,GB,S,,,,449.p.32706
2024,The Honey Badgers,198,17,0,McGibblets,fritchie,false,Matt Prater,BUF,K,,,,449.p.8565
2024,The Honey Badgers,199,17,0,Unicorn Love,Krista,false,Adam Thielen,PIT,WR,,,,449.p.27277
2024,The Honey Badgers,200,17,0,JRZ,Matthew,false,Evan McPherson,CIN,K,,,,449.p.33537
2024,The Honey Badgers,201,17,0,The Trophy Wives,Geri Hill,false,Hunter Henry,NE,TE,,,,449.p.29269
2024,The Honey Badgers,202,17,0,Fat Lazy Americans,Andy,true,Jack Campbell,DET,LB,,,,449.p.40036
2024,The Honey Badgers,203,17,0,Jesus take the wheel,Alejandro C,false,Aaron Rodgers,PIT,QB,,,,449.p.7200
2024,The Honey Badgers,204,17,0,CopperTheBigRedDog,Jaimie Harcos,false,Mike Williams,PIT,WR,,,,449.p.30120
2024,Rose Bowl XVIII,1,1,0,SlapMyBass,Stephen Myhal,false,Christian McCaffrey,SF,RB,,,,449.p.30121
2024,Rose Bowl XVIII,2,1,0,Jukin Junies,Amanda,false,CeeDee Lamb,DAL,WR,,,,449.p.32687
2024,Rose Bowl XVIII,3,1,0,Autodraft King,Elijah,false,Tyreek Hill,MIA,WR,,,,449.p.29399
2024,Rose Bowl XVIII,4,1,0,Fat Lazy Americans,Andy,true,Breece Hall,NYJ,RB,,,,449.p.33991
2024,Rose Bowl XVIII,5,1,0,CallinginSickMonday,Jaimie Harcos,false,Bijan Robinson,ATL,RB,,,,449.p.40055
2024,Rose Bowl XVIII,6,1,0,DrRosenRosen,fritchie,false,Ja'Marr Chase,CIN,WR,,,,449.p.33393
2024,Rose Bowl XVIII,7,1,0,L.V. Rosekillers,Patrick,false,Amon-Ra St. Brown,DET,WR,,,,449.p.33500
2024,Rose Bowl XVIII,8,1,0,OUTLAWS,sour,false,Jahmyr Gibbs,DET,RB,,,,449.p.40059
2024,Rose Bowl XVIII,9,1,0,Watching Basketball,Chuck,false,A.J. Brown,NE,WR,,,,449.p.31883
2024,Rose Bowl XVIII,10,1,0,Concussion Protocol,Matt,false,Justin Jefferson,MIN,WR,,,,449.p.32692
2024,Rose Bowl XVIII,11,1,0,Stab Your Back,Damien Robertson,false,Derrick Henry,BAL,RB,,,,449.p.29279
2024,Rose Bowl XVIII,12,1,0,Chubbtown Brownies,JLou,false,Jonathan Taylor,IND,RB,,,,449.p.32711
2024,Rose Bowl XVIII,13,2,0,Chubbtown Brownies,JLou,false,Puka Nacua,LAR,WR,,,,449.p.40168
2024,Rose Bowl XVIII,14,2,0,Stab Your Back,Damien Robertson,false,Marvin Harrison Jr.,ARI,WR,,,,449.p.40893
2024,Rose Bowl XVIII,15,2,0,Concussion Protocol,Matt,false,Kyren Williams,LAR,RB,,,,449.p.34120
2024,Rose Bowl XVIII,16,2,0,Watching Basketball,Chuck,false,Saquon Barkley,PHI,RB,,,,449.p.30972
2024,Rose Bowl XVIII,17,2,0,OUTLAWS,sour,false,Garrett Wilson,NYJ,WR,,,,449.p.33965
2024,Rose Bowl XVIII,18,2,0,L.V. Rosekillers,Patrick,false,Chris Olave,NO,WR,,,,449.p.33966
2024,Rose Bowl XVIII,19,2,0,DrRosenRosen,fritchie,false,Isiah Pacheco,DET,RB,,,,449.p.34207
2024,Rose Bowl XVIII,20,2,0,CallinginSickMonday,Jaimie Harcos,false,Drake London,ATL,WR,,,,449.p.33963
2024,Rose Bowl XVIII,21,2,0,Fat Lazy Americans,Andy,true,Deebo Samuel Sr.,SF,WR,,,,449.p.31868
2024,Rose Bowl XVIII,22,2,0,Autodraft King,Elijah,false,Davante Adams,LAR,WR,,,,449.p.27581
2024,Rose Bowl XVIII,23,2,0,Jukin Junies,Amanda,false,Travis Etienne Jr.,NO,RB,,,,449.p.33413
2024,Rose Bowl XVIII,24,2,0,SlapMyBass,Stephen Myhal,false,Nico Collins,HOU,WR,,,,449.p.33477
2024,Rose Bowl XVIII,25,3,0,SlapMyBass,Stephen Myhal,false,De'Von Achane,MIA,RB,,,,449.p.40118
2024,Rose Bowl XVIII,26,3,0,Jukin Junies,Amanda,false,Josh Allen,BUF,QB,,,,449.p.30977
2024,Rose Bowl XVIII,27,3,0,Autodraft King,Elijah,false,Mike Evans,SF,WR,,,,449.p.27535
2024,Rose Bowl XVIII,28,3,0,Fat Lazy Americans,Andy,true,Cooper Kupp,SEA,WR,,,,449.p.30182
2024,Rose Bowl XVIII,29,3,0,CallinginSickMonday,Jaimie Harcos,false,Travis Kelce,KC,TE,,,,449.p.26686
2024,Rose Bowl XVIII,30,3,0,DrRosenRosen,fritchie,false,Brandon Aiyuk,SF,WR,,,,449.p.32695
2024,Rose Bowl XVIII,31,3,0,L.V. Rosekillers,Patrick,false,Joe Mixon,SEA,RB,,,,449.p.30161
2024,Rose Bowl XVIII,32,3,0,OUTLAWS,sour,false,Josh Jacobs,GB,RB,,,,449.p.31856
2024,Rose Bowl XVIII,33,3,0,Watching Basketball,Chuck,false,Patrick Mahomes,KC,QB,,,,449.p.30123
2024,Rose Bowl XVIII,34,3,0,Concussion Protocol,Matt,false,Sam LaPorta,DET,TE,,,,449.p.40064
2024,Rose Bowl XVIII,35,3,0,Stab Your Back,Damien Robertson,false,Jalen Hurts,PHI,QB,,,,449.p.32723
2024,Rose Bowl XVIII,36,3,0,Chubbtown Brownies,JLou,false,Jaylen Waddle,DEN,WR,,,,449.p.33394
2024,Rose Bowl XVIII,37,4,0,Chubbtown Brownies,JLou,false,DK Metcalf,PIT,WR,,,,449.p.31896
2024,Rose Bowl XVIII,38,4,0,Stab Your Back,Damien Robertson,false,Malik Nabers,NYG,WR,,,,449.p.40899
2024,Rose Bowl XVIII,39,4,0,Concussion Protocol,Matt,false,Rachaad White,WAS,RB,,,,449.p.34047
2024,Rose Bowl XVIII,40,4,0,Watching Basketball,Chuck,false,George Kittle,SF,TE,,,,449.p.30259
2024,Rose Bowl XVIII,41,4,0,OUTLAWS,sour,false,Lamar Jackson,BAL,QB,,,,449.p.31002
2024,Rose Bowl XVIII,42,4,0,L.V. Rosekillers,Patrick,false,James Cook III,BUF,RB,,,,449.p.34019
2024,Rose Bowl XVIII,43,4,0,DrRosenRosen,fritchie,false,David Montgomery,HOU,RB,,,,449.p.31905
2024,Rose Bowl XVIII,44,4,0,CallinginSickMonday,Jaimie Harcos,false,Kenneth Walker III,KC,RB,,,,449.p.33996
2024,Rose Bowl XVIII,45,4,0,Fat Lazy Americans,Andy,true,Alvin Kamara,NO,RB,,,,449.p.30180
2024,Rose Bowl XVIII,46,4,0,Autodraft King,Elijah,false,Trey McBride,ARI,TE,,,,449.p.34010
2024,Rose Bowl XVIII,47,4,0,Jukin Junies,Amanda,false,DJ Moore,BUF,WR,,,,449.p.30994
2024,Rose Bowl XVIII,48,4,0,SlapMyBass,Stephen Myhal,false,DeVonta Smith,PHI,WR,,,,449.p.33398
2024,Rose Bowl XVIII,49,5,0,SlapMyBass,Stephen Myhal,false,Anthony Richardson Sr.,IND,QB,,,,449.p.40040
2024,Rose Bowl XVIII,50,5,0,Jukin Junies,Amanda,false,James Conner,ARI,RB,,,,449.p.30218
2024,Rose Bowl XVIII,51,5,0,Autodraft King,Elijah,false,C.J. Stroud,HOU,QB,,,,449.p.40030
2024,Rose Bowl XVIII,52,5,0,Fat Lazy Americans,Andy,true,Stefon Diggs,WAS,WR,,,,449.p.28534
2024,Rose Bowl XVIII,53,5,0,CallinginSickMonday,Jaimie Harcos,false,Amari Cooper,BUF,WR,,,,449.p.28392
2024,Rose Bowl XVIII,54,5,0,DrRosenRosen,fritchie,false,Evan Engram,DEN,TE,,,,449.p.30136
2024,Rose Bowl XVIII,55,5,0,L.V. Rosekillers,Patrick,false,Michael Pittman Jr.,PIT,WR,,,,449.p.32704
2024,Rose Bowl XVIII,56,5,0,OUTLAWS,sour,false,Mark Andrews,BAL,TE,,,,449.p.31056
2024,Rose Bowl XVIII,57,5,0,Watching Basketball,Chuck,false,Terry McLaurin,WAS,WR,,,,449.p.31908
2024,Rose Bowl XVIII,58,5,0,Concussion Protocol,Matt,false,D'Andre Swift,CHI,RB,,,,449.p.32705
2024,Rose Bowl XVIII,59,5,0,Stab Your Back,Damien Robertson,false,Aaron Jones Sr.,MIN,RB,,,,449.p.30295
2024,Rose Bowl XVIII,60,5,0,Chubbtown Brownies,JLou,false,Raheem Mostert,LV,RB,,,,449.p.28654
2024,Rose Bowl XVIII,61,6,0,Chubbtown Brownies,JLou,false,Jordan Love,GB,QB,,,,449.p.32696
2024,Rose Bowl XVIII,62,6,0,Stab Your Back,Damien Robertson,false,Zamir White,NO,RB,,,,449.p.34078
2024,Rose Bowl XVIII,63,6,0,Concussion Protocol,Matt,false,Joe Burrow,CIN,QB,,,,449.p.32671
2024,Rose Bowl XVIII,64,6,0,Watching Basketball,Chuck,false,Rhamondre Stevenson,NE,RB,,,,449.p.33508
2024,Rose Bowl XVIII,65,6,0,OUTLAWS,sour,false,Najee Harris,NYG,RB,,,,449.p.33412
2024,Rose Bowl XVIII,66,6,0,L.V. Rosekillers,Patrick,false,Kyler Murray,MIN,QB,,,,449.p.31833
2024,Rose Bowl XVIII,67,6,0,DrRosenRosen,fritchie,false,Tank Dell,HOU,WR,,,,449.p.40097
2024,Rose Bowl XVIII,68,6,0,CallinginSickMonday,Jaimie Harcos,false,Diontae Johnson,CLE,WR,,,,449.p.31898
2024,Rose Bowl XVIII,69,6,0,Fat Lazy Americans,Andy,true,Dalton Kincaid,BUF,TE,,,,449.p.40048
2024,Rose Bowl XVIII,70,6,0,Autodraft King,Elijah,false,Javonte Williams,DAL,RB,,,,449.p.33423
2024,Rose Bowl XVIII,71,6,0,Jukin Junies,Amanda,false,Kyle Pitts Sr.,ATL,TE,,,,449.p.33392
2024,Rose Bowl XVIII,72,6,0,SlapMyBass,Stephen Myhal,false,Tee Higgins,CIN,WR,,,,449.p.32703
2024,Rose Bowl XVIII,73,7,0,SlapMyBass,Stephen Myhal,false,Zay Flowers,BAL,WR,,,,449.p.40039
2024,Rose Bowl XVIII,74,7,0,Jukin Junies,Amanda,false,Rashee Rice,KC,WR,,,,449.p.40084
2024,Rose Bowl XVIII,75,7,0,Autodraft King,Elijah,false,Tony Pollard,TEN,RB,,,,449.p.31960
2024,Rose Bowl XVIII,76,7,0,Fat Lazy Americans,Andy,true,Dak Prescott,DAL,QB,,,,449.p.29369
2024,Rose Bowl XVIII,77,7,0,CallinginSickMonday,Jaimie Harcos,false,Tyjae Spears,TEN,RB,,,,449.p.40119
2024,Rose Bowl XVIII,78,7,0,DrRosenRosen,fritchie,false,Brock Purdy,SF,QB,,,,449.p.34218
2024,Rose Bowl XVIII,79,7,0,L.V. Rosekillers,Patrick,false,Jake Ferguson,DAL,TE,,,,449.p.34085
2024,Rose Bowl XVIII,80,7,0,OUTLAWS,sour,false,George Pickens,DAL,WR,,,,449.p.34007
2024,Rose Bowl XVIII,81,7,0,Watching Basketball,Chuck,false,Keenan Allen,IND,WR,,,,449.p.26699
2024,Rose Bowl XVIII,82,7,0,Concussion Protocol,Matt,false,Calvin Ridley,TEN,WR,,,,449.p.30996
2024,Rose Bowl XVIII,83,7,0,Stab Your Back,Damien Robertson,false,Brock Bowers,LV,TE,,,,449.p.40878
2024,Rose Bowl XVIII,84,7,0,Chubbtown Brownies,JLou,false,Jayden Reed,GB,WR,,,,449.p.40063
2024,Rose Bowl XVIII,85,8,0,Chubbtown Brownies,JLou,false,Brian Robinson,ATL,RB,,,,449.p.34054
2024,Rose Bowl XVIII,86,8,0,Stab Your Back,Damien Robertson,false,Caleb Williams,CHI,QB,,,,449.p.40900
2024,Rose Bowl XVIII,87,8,0,Concussion Protocol,Matt,false,Devin Singletary,NYG,RB,,,,449.p.31906
2024,Rose Bowl XVIII,88,8,0,Watching Basketball,Chuck,false,Zack Moss,CIN,RB,,,,449.p.32756
2024,Rose Bowl XVIII,89,8,0,OUTLAWS,sour,false,Rome Odunze,CHI,WR,,,,449.p.40901
2024,Rose Bowl XVIII,90,8,0,L.V. Rosekillers,Patrick,false,Jaylen Warren,PIT,RB,,,,449.p.34447
2024,Rose Bowl XVIII,91,8,0,DrRosenRosen,fritchie,false,Christian Kirk,SF,WR,,,,449.p.31017
2024,Rose Bowl XVIII,92,8,0,CallinginSickMonday,Jaimie Harcos,false,Jared Goff,DET,QB,,,,449.p.29235
2024,Rose Bowl XVIII,93,8,0,Fat Lazy Americans,Andy,true,Chase Brown,CIN,RB,,,,449.p.40196
2024,Rose Bowl XVIII,94,8,0,Autodraft King,Elijah,false,Justin Tucker,BAL,K,,,,449.p.26534
2024,Rose Bowl XVIII,95,8,0,Jukin Junies,Amanda,false,Austin Ekeler,WAS,RB,,,,449.p.30423
2024,Rose Bowl XVIII,96,8,0,SlapMyBass,Stephen Myhal,false,David Njoku,LAC,TE,,,,449.p.30142
2024,Rose Bowl XVIII,97,9,0,SlapMyBass,Stephen Myhal,false,Chris Godwin Jr.,TB,WR,,,,449.p.30197
2024,Rose Bowl XVIII,98,9,0,Jukin Junies,Amanda,false,Jaxon Smith-Njigba,SEA,WR,,,,449.p.40041
2024,Rose Bowl XVIII,99,9,0,Autodraft King,Elijah,false,Jeffery Simmons,TEN,"DT,DE",,,,449.p.31851
2024,Rose Bowl XVIII,100,9,0,Fat Lazy Americans,Andy,true,Jerome Ford,MIN,RB,,,,449.p.34112
2024,Rose Bowl XVIII,101,9,0,CallinginSickMonday,Jaimie Harcos,false,Jonathon Brooks,CAR,RB,,,,449.p.40926
2024,Rose Bowl XVIII,102,9,0,DrRosenRosen,fritchie,false,Ezekiel Elliott,DAL,RB,,,,449.p.29238
2024,Rose Bowl XVIII,103,9,0,L.V. Rosekillers,Patrick,false,Christian Watson,GB,WR,,,,449.p.33989
2024,Rose Bowl XVIII,104,9,0,OUTLAWS,sour,false,Nick Chubb,HOU,RB,,,,449.p.31005
2024,Rose Bowl XVIII,105,9,0,Watching Basketball,Chuck,false,Jordan Addison,MIN,WR,,,,449.p.40042
2024,Rose Bowl XVIII,106,9,0,Concussion Protocol,Matt,false,Ladd McConkey,LAC,WR,,,,449.p.40908
2024,Rose Bowl XVIII,107,9,0,Stab Your Back,Damien Robertson,false,Xavier Worthy,KC,WR,,,,449.p.40877
2024,Rose Bowl XVIII,108,9,0,Chubbtown Brownies,JLou,false,Dallas Goedert,PHI,TE,,,,449.p.31019
2024,Rose Bowl XVIII,109,10,0,Chubbtown Brownies,JLou,false,Luke Musgrave,GB,TE,,,,449.p.40074
2024,Rose Bowl XVIII,110,10,0,Stab Your Back,Damien Robertson,false,Gus Edwards,LAC,RB,,,,449.p.31424
2024,Rose Bowl XVIII,111,10,0,Concussion Protocol,Matt,false,Pat Freiermuth,PIT,TE,,,,449.p.33443
2024,Rose Bowl XVIII,112,10,0,Watching Basketball,Chuck,false,Zaire Franklin,GB,LB,,,,449.p.31205
2024,Rose Bowl XVIII,113,10,0,OUTLAWS,sour,false,Hollywood Brown,PHI,WR,,,,449.p.31857
2024,Rose Bowl XVIII,114,10,0,L.V. Rosekillers,Patrick,false,Courtland Sutton,DEN,WR,,,,449.p.31010
2024,Rose Bowl XVIII,115,10,0,DrRosenRosen,fritchie,false,Jameson Williams,DET,WR,,,,449.p.33967
2024,Rose Bowl XVIII,116,10,0,CallinginSickMonday,Jaimie Harcos,false,DeAndre Hopkins,BAL,WR,,,,449.p.26650
2024,Rose Bowl XVIII,117,10,0,Fat Lazy Americans,Andy,true,Brian Thomas Jr.,JAX,WR,,,,449.p.40883
2024,Rose Bowl XVIII,118,10,0,Autodraft King,Elijah,false,Marcus Jones,NE,"DB,CB",,,,449.p.34041
2024,Rose Bowl XVIII,119,10,0,Jukin Junies,Amanda,false,Keon Coleman,BUF,WR,,,,449.p.40911
2024,Rose Bowl XVIII,120,10,0,SlapMyBass,Stephen Myhal,false,Rico Dowdle,PIT,RB,,,,449.p.33100
2024,Rose Bowl XVIII,121,11,0,SlapMyBass,Stephen Myhal,false,Tua Tagovailoa,ATL,QB,,,,449.p.32675
2024,Rose Bowl XVIII,122,11,0,Jukin Junies,Amanda,false,Blake Corum,LAR,RB,,,,449.p.40962
2024,Rose Bowl XVIII,123,11,0,Autodraft King,Elijah,false,Khalil Dorsey,DET,CB,,,,449.p.33012
2024,Rose Bowl XVIII,124,11,0,Fat Lazy Americans,Andy,true,Foyesade Oluokun,JAX,LB,,,,449.p.31170
2024,Rose Bowl XVIII,125,11,0,CallinginSickMonday,Jaimie Harcos,false,Roquan Smith,BAL,LB,,,,449.p.30978
2024,Rose Bowl XVIII,126,11,0,DrRosenRosen,fritchie,false,Trey Benson,ARI,RB,,,,449.p.40958
2024,Rose Bowl XVIII,127,11,0,L.V. Rosekillers,Patrick,false,Tyler Lockett,LV,WR,,,,449.p.28457
2024,Rose Bowl XVIII,128,11,0,OUTLAWS,sour,false,Alex Singleton,DEN,LB,,,,449.p.28716
2024,Rose Bowl XVIII,129,11,0,Watching Basketball,Chuck,false,Jerry Jeudy,CLE,WR,,,,449.p.32685
2024,Rose Bowl XVIII,130,11,0,Concussion Protocol,Matt,false,Jakobi Meyers,JAX,WR,,,,449.p.32231
2024,Rose Bowl XVIII,131,11,0,Stab Your Back,Damien Robertson,false,T.J. Hockenson,MIN,TE,,,,449.p.31840
2024,Rose Bowl XVIII,132,11,0,Chubbtown Brownies,JLou,false,T.J. Edwards,CHI,LB,,,,449.p.32403
2024,Rose Bowl XVIII,133,12,0,Chubbtown Brownies,JLou,false,Joshua Palmer,BUF,WR,,,,449.p.33465
2024,Rose Bowl XVIII,134,12,0,Stab Your Back,Damien Robertson,false,Brandon Aubrey,DAL,K,,,,449.p.40819
2024,Rose Bowl XVIII,135,12,0,Concussion Protocol,Matt,false,Zach Charbonnet,SEA,RB,,,,449.p.40075
2024,Rose Bowl XVIII,136,12,0,Watching Basketball,Chuck,false,Fred Warner,SF,LB,,,,449.p.31040
2024,Rose Bowl XVIII,137,12,0,OUTLAWS,sour,false,Chuba Hubbard,CAR,RB,,,,449.p.33514
2024,Rose Bowl XVIII,138,12,0,L.V. Rosekillers,Patrick,false,Jayden Daniels,WAS,QB,,,,449.p.40896
2024,Rose Bowl XVIII,139,12,0,DrRosenRosen,fritchie,false,Hunter Henry,NE,TE,,,,449.p.29269
2024,Rose Bowl XVIII,140,12,0,CallinginSickMonday,Jaimie Harcos,false,Bobby Okereke,CAR,LB,,,,449.p.31921
2024,Rose Bowl XVIII,141,12,0,Fat Lazy Americans,Andy,true,Romeo Doubs,NE,WR,,,,449.p.34088
2024,Rose Bowl XVIII,142,12,0,Autodraft King,Elijah,false,Rashid Shaheed,SEA,WR,,,,449.p.34659
2024,Rose Bowl XVIII,143,12,0,Jukin Junies,Amanda,false,Khalil Shakir,BUF,WR,,,,449.p.34104
2024,Rose Bowl XVIII,144,12,0,SlapMyBass,Stephen Myhal,false,C.J. Mosley,NYJ,LB,,,,449.p.27545
2024,Rose Bowl XVIII,145,13,0,SlapMyBass,Stephen Myhal,false,Ivan Pace Jr.,MIN,LB,,,,449.p.40301
2024,Rose Bowl XVIII,146,13,0,Jukin Junies,Amanda,false,Bobby Wagner,WAS,LB,,,,449.p.25757
2024,Rose Bowl XVIII,147,13,0,Autodraft King,Elijah,false,Trevor Lawrence,JAX,QB,,,,449.p.33389
2024,Rose Bowl XVIII,148,13,0,Fat Lazy Americans,Andy,true,Ernest Jones IV,SEA,LB,,,,449.p.33491
2024,Rose Bowl XVIII,149,13,0,CallinginSickMonday,Jaimie Harcos,false,Matthew Stafford,LAR,QB,,,,449.p.9265
2024,Rose Bowl XVIII,150,13,0,DrRosenRosen,fritchie,false,Amani Hooker,TEN,"DB,S",,,,449.p.31948
2024,Rose Bowl XVIII,151,13,0,L.V. Rosekillers,Patrick,false,Mike Williams,PIT,WR,,,,449.p.30120
2024,Rose Bowl XVIII,152,13,0,OUTLAWS,sour,false,Jake Moody,BAL,K,,,,449.p.40129
2024,Rose Bowl XVIII,153,13,0,Watching Basketball,Chuck,false,Quincy Williams,CLE,LB,,,,449.p.31930
2024,Rose Bowl XVIII,154,13,0,Concussion Protocol,Matt,false,Justin Herbert,LAC,QB,,,,449.p.32676
2024,Rose Bowl XVIII,155,13,0,Stab Your Back,Damien Robertson,false,Robert Spillane,NE,LB,,,,449.p.31708
2024,Rose Bowl XVIII,156,13,0,Chubbtown Brownies,JLou,false,Jessie Bates III,ATL,S,,,,449.p.31024
2024,Rose Bowl XVIII,157,14,0,Chubbtown Brownies,JLou,false,Harrison Butker,KC,K,,,,449.p.30346
2024,Rose Bowl XVIII,158,14,0,Stab Your Back,Damien Robertson,false,J.K. Dobbins,DEN,RB,,,,449.p.32725
2024,Rose Bowl XVIII,159,14,0,Concussion Protocol,Matt,false,Patrick Queen,PIT,LB,,,,449.p.32698
2024,Rose Bowl XVIII,160,14,0,Watching Basketball,Chuck,false,Jordan Mason,MIN,RB,,,,449.p.34320
2024,Rose Bowl XVIII,161,14,0,OUTLAWS,sour,false,Aidan Hutchinson,DET,"DL,DE",,,,449.p.33957
2024,Rose Bowl XVIII,162,14,0,L.V. Rosekillers,Patrick,false,Ka'imi Fairbairn,HOU,K,,,,449.p.29792
2024,Rose Bowl XVIII,163,14,0,DrRosenRosen,fritchie,false,Chauncey Golston,NYG,"DT,DE",,,,449.p.33472
2024,Rose Bowl XVIII,164,14,0,CallinginSickMonday,Jaimie Harcos,false,Nick Bolton,KC,LB,,,,449.p.33446
2024,Rose Bowl XVIII,165,14,0,Fat Lazy Americans,Andy,true,Jaleel McLaughlin,CLE,RB,,,,449.p.40696
2024,Rose Bowl XVIII,166,14,0,Autodraft King,Elijah,false,Curtis Samuel,BUF,WR,,,,449.p.30153
2024,Rose Bowl XVIII,167,14,0,Jukin Junies,Amanda,false,Ty Chandler,NO,RB,,,,449.p.34125
2024,Rose Bowl XVIII,168,14,0,SlapMyBass,Stephen Myhal,false,Evan McPherson,CIN,K,,,,449.p.33537
2024,Rose Bowl XVIII,169,15,0,SlapMyBass,Stephen Myhal,false,Gabe Davis,BUF,WR,,,,449.p.32798
2024,Rose Bowl XVIII,170,15,0,Jukin Junies,Amanda,false,Azeez Al-Shaair,HOU,LB,,,,449.p.32318
2024,Rose Bowl XVIII,171,15,0,Autodraft King,Elijah,false,Dalton Schultz,HOU,TE,,,,449.p.31107
2024,Rose Bowl XVIII,172,15,0,Fat Lazy Americans,Andy,true,Kimani Vidal,LAC,RB,,,,449.p.41052
2024,Rose Bowl XVIII,173,15,0,CallinginSickMonday,Jaimie Harcos,false,Cole Kmet,CHI,TE,,,,449.p.32713
2024,Rose Bowl XVIII,174,15,0,DrRosenRosen,fritchie,false,Logan Wilson,DAL,LB,,,,449.p.32735
2024,Rose Bowl XVIII,175,15,0,L.V. Rosekillers,Patrick,false,Brandin Cooks,SF,WR,,,,449.p.27548
2024,Rose Bowl XVIII,176,15,0,OUTLAWS,sour,false,Brandin Echols,PIT,CB,,,,449.p.33588
2024,Rose Bowl XVIII,177,15,0,Watching Basketball,Chuck,false,Younghoe Koo,NYG,K,,,,449.p.30426
2024,Rose Bowl XVIII,178,15,0,Concussion Protocol,Matt,false,T.J. Watt,PIT,LB,,,,449.p.30143
2024,Rose Bowl XVIII,179,15,0,Stab Your Back,Damien Robertson,false,Terrel Bernard,BUF,LB,,,,449.p.34045
2024,Rose Bowl XVIII,180,15,0,Chubbtown Brownies,JLou,false,Adonai Mitchell,NYJ,WR,,,,449.p.40915
2024,Rose Bowl XVIII,181,16,0,Chubbtown Brownies,JLou,false,Kendre Miller,NO,RB,,,,449.p.40108
2024,Rose Bowl XVIII,182,16,0,Stab Your Back,Damien Robertson,false,Antoine Winfield Jr.,TB,S,,,,449.p.32715
2024,Rose Bowl XVIII,183,16,0,Concussion Protocol,Matt,false,Maxx Crosby,LV,DE,,,,449.p.31938
2024,Rose Bowl XVIII,184,16,0,Watching Basketball,Chuck,false,Baker Mayfield,TB,QB,,,,449.p.30971
2024,Rose Bowl XVIII,185,16,0,OUTLAWS,sour,false,Kirk Cousins,LV,QB,,,,449.p.25812
2024,Rose Bowl XVIII,186,16,0,L.V. Rosekillers,Patrick,false,Khalil Herbert,ATL,RB,,,,449.p.33605
2024,Rose Bowl XVIII,187,16,0,DrRosenRosen,fritchie,false,DeMario Douglas,NE,WR,,,,449.p.40222
2024,Rose Bowl XVIII,188,16,0,CallinginSickMonday,Jaimie Harcos,false,Quay Walker,LV,LB,,,,449.p.33977
2024,Rose Bowl XVIII,189,16,0,Fat Lazy Americans,Andy,true,Dontayvion Wicks,PHI,WR,,,,449.p.40201
2024,Rose Bowl XVIII,190,16,0,Autodraft King,Elijah,false,Bucky Irving,TB,RB,,,,449.p.40993
2024,Rose Bowl XVIII,191,16,0,Jukin Junies,Amanda,false,Lavonte David,TB,LB,,,,449.p.25768
2024,Rose Bowl XVIII,192,16,0,SlapMyBass,Stephen Myhal,false,Micah Parsons,GB,"LB,DE",,,,449.p.33400
2024,Rose Bowl XVIII,193,17,0,SlapMyBass,Stephen Myhal,false,Devin Lloyd,CAR,LB,,,,449.p.33982
2024,Rose Bowl XVIII,194,17,0,Jukin Junies,Amanda,false,Jason Sanders,NYJ,K,,,,449.p.31199
2024,Rose Bowl XVIII,195,17,0,Autodraft King,Elijah,false,Jake Elliott,PHI,K,,,,449.p.30266
2024,Rose Bowl XVIII,196,17,0,Fat Lazy Americans,Andy,true,E.J. Speed,HOU,LB,,,,449.p.31996
2024,Rose Bowl XVIII,197,17,0,CallinginSickMonday,Jaimie Harcos,false,Matt Gay,LV,K,,,,449.p.31977
2024,Rose Bowl XVIII,198,17,0,DrRosenRosen,fritchie,false,Tyler Bass,BUF,K,,,,449.p.32858
2024,Rose Bowl XVIII,199,17,0,L.V. Rosekillers,Patrick,false,Taysom Hill,NO,"QB,TE",,,,449.p.30614
2024,Rose Bowl XVIII,200,17,0,OUTLAWS,sour,false,Noah Fant,NO,TE,,,,449.p.31852
2024,Rose Bowl XVIII,201,17,0,Watching Basketball,Chuck,false,Tyler Conklin,DET,TE,,,,449.p.31127
2024,Rose Bowl XVIII,202,17,0,Concussion Protocol,Matt,false,Daniel Carlson,NO,K,,,,449.p.31137
2024,Rose Bowl XVIII,203,17,0,Stab Your Back,Damien Robertson,false,Marvin Mims Jr.,DEN,WR,,,,449.p.40090
2024,Rose Bowl XVIII,204,17,0,Chubbtown Brownies,JLou,false,Devon Witherspoon,SEA,CB,,,,449.p.40056
2024,CC Bowl XV CHAMPIONS LEAGUE,1,1,0,Ninja Goblins,Alejandro C,false,Christian McCaffrey,SF,RB,,,,449.p.30121
2024,CC Bowl XV CHAMPIONS LEAGUE,2,1,0,CallingInSickMonday,Jaimie Harcos,false,CeeDee Lamb,DAL,WR,,,,449.p.32687
2024,CC Bowl XV CHAMPIONS LEAGUE,3,1,0,Manager-less Team,--hidden--,false,Tyreek Hill,MIA,WR,,,,449.p.29399
2024,CC Bowl XV CHAMPIONS LEAGUE,4,1,0,Prestige Worldwide,Matt Hamlin,false,Bijan Robinson,ATL,RB,,,,449.p.40055
2024,CC Bowl XV CHAMPIONS LEAGUE,5,1,0,Fat Lazy Americans,Andy,true,Breece Hall,NYJ,RB,,,,449.p.33991
2024,CC Bowl XV CHAMPIONS LEAGUE,6,1,0,The Omen,Damien Robertson,false,Amon-Ra St. Brown,DET,WR,,,,449.p.33500
2024,CC Bowl XV CHAMPIONS LEAGUE,7,1,0,KC Masterpiece,Barry,false,Ja'Marr Chase,CIN,WR,,,,449.p.33393
2024,CC Bowl XV CHAMPIONS LEAGUE,8,1,0,Isotopes,sour,false,Jahmyr Gibbs,DET,RB,,,,449.p.40059
2024,CC Bowl XV CHAMPIONS LEAGUE,9,2,0,Isotopes,sour,false,Jonathan Taylor,IND,RB,,,,449.p.32711
2024,CC Bowl XV CHAMPIONS LEAGUE,10,2,0,KC Masterpiece,Barry,false,Justin Jefferson,MIN,WR,,,,449.p.32692
2024,CC Bowl XV CHAMPIONS LEAGUE,11,2,0,The Omen,Damien Robertson,false,A.J. Brown,NE,WR,,,,449.p.31883
2024,CC Bowl XV CHAMPIONS LEAGUE,12,2,0,Fat Lazy Americans,Andy,true,Saquon Barkley,PHI,RB,,,,449.p.30972
2024,CC Bowl XV CHAMPIONS LEAGUE,13,2,0,Prestige Worldwide,Matt Hamlin,false,Kyren Williams,LAR,RB,,,,449.p.34120
2024,CC Bowl XV CHAMPIONS LEAGUE,14,2,0,Manager-less Team,--hidden--,false,Garrett Wilson,NYJ,WR,,,,449.p.33965
2024,CC Bowl XV CHAMPIONS LEAGUE,15,2,0,CallingInSickMonday,Jaimie Harcos,false,Puka Nacua,LAR,WR,,,,449.p.40168
2024,CC Bowl XV CHAMPIONS LEAGUE,16,2,0,Ninja Goblins,Alejandro C,false,Derrick Henry,BAL,RB,,,,449.p.29279
2024,CC Bowl XV CHAMPIONS LEAGUE,17,3,0,Ninja Goblins,Alejandro C,false,Marvin Harrison Jr.,ARI,WR,,,,449.p.40893
2024,CC Bowl XV CHAMPIONS LEAGUE,18,3,0,CallingInSickMonday,Jaimie Harcos,false,Isiah Pacheco,DET,RB,,,,449.p.34207
2024,CC Bowl XV CHAMPIONS LEAGUE,19,3,0,Manager-less Team,--hidden--,false,Drake London,ATL,WR,,,,449.p.33963
2024,CC Bowl XV CHAMPIONS LEAGUE,20,3,0,Prestige Worldwide,Matt Hamlin,false,Davante Adams,LAR,WR,,,,449.p.27581
2024,CC Bowl XV CHAMPIONS LEAGUE,21,3,0,Fat Lazy Americans,Andy,true,Travis Etienne Jr.,NO,RB,,,,449.p.33413
2024,CC Bowl XV CHAMPIONS LEAGUE,22,3,0,The Omen,Damien Robertson,false,Sam LaPorta,DET,TE,,,,449.p.40064
2024,CC Bowl XV CHAMPIONS LEAGUE,23,3,0,KC Masterpiece,Barry,false,Mike Evans,SF,WR,,,,449.p.27535
2024,CC Bowl XV CHAMPIONS LEAGUE,24,3,0,Isotopes,sour,false,Chris Olave,NO,WR,,,,449.p.33966
2024,CC Bowl XV CHAMPIONS LEAGUE,25,4,0,Isotopes,sour,false,De'Von Achane,MIA,RB,,,,449.p.40118
2024,CC Bowl XV CHAMPIONS LEAGUE,26,4,0,KC Masterpiece,Barry,false,Josh Allen,BUF,QB,,,,449.p.30977
2024,CC Bowl XV CHAMPIONS LEAGUE,27,4,0,The Omen,Damien Robertson,false,Josh Jacobs,GB,RB,,,,449.p.31856
2024,CC Bowl XV CHAMPIONS LEAGUE,28,4,0,Fat Lazy Americans,Andy,true,Deebo Samuel Sr.,SF,WR,,,,449.p.31868
2024,CC Bowl XV CHAMPIONS LEAGUE,29,4,0,Prestige Worldwide,Matt Hamlin,false,Travis Kelce,KC,TE,,,,449.p.26686
2024,CC Bowl XV CHAMPIONS LEAGUE,30,4,0,Manager-less Team,--hidden--,false,Jalen Hurts,PHI,QB,,,,449.p.32723
2024,CC Bowl XV CHAMPIONS LEAGUE,31,4,0,CallingInSickMonday,Jaimie Harcos,false,Brandon Aiyuk,SF,WR,,,,449.p.32695
2024,CC Bowl XV CHAMPIONS LEAGUE,32,4,0,Ninja Goblins,Alejandro C,false,Cooper Kupp,SEA,WR,,,,449.p.30182
2024,CC Bowl XV CHAMPIONS LEAGUE,33,5,0,Ninja Goblins,Alejandro C,false,Patrick Mahomes,KC,QB,,,,449.p.30123
2024,CC Bowl XV CHAMPIONS LEAGUE,34,5,0,CallingInSickMonday,Jaimie Harcos,false,Joe Mixon,SEA,RB,,,,449.p.30161
2024,CC Bowl XV CHAMPIONS LEAGUE,35,5,0,Manager-less Team,--hidden--,false,James Cook III,BUF,RB,,,,449.p.34019
2024,CC Bowl XV CHAMPIONS LEAGUE,36,5,0,Prestige Worldwide,Matt Hamlin,false,Stefon Diggs,WAS,WR,,,,449.p.28534
2024,CC Bowl XV CHAMPIONS LEAGUE,37,5,0,Fat Lazy Americans,Andy,true,Lamar Jackson,BAL,QB,,,,449.p.31002
2024,CC Bowl XV CHAMPIONS LEAGUE,38,5,0,The Omen,Damien Robertson,false,Rachaad White,WAS,RB,,,,449.p.34047
2024,CC Bowl XV CHAMPIONS LEAGUE,39,5,0,KC Masterpiece,Barry,false,Kenneth Walker III,KC,RB,,,,449.p.33996
2024,CC Bowl XV CHAMPIONS LEAGUE,40,5,0,Isotopes,sour,false,Nico Collins,HOU,WR,,,,449.p.33477
2024,CC Bowl XV CHAMPIONS LEAGUE,41,6,0,Isotopes,sour,false,DK Metcalf,PIT,WR,,,,449.p.31896
2024,CC Bowl XV CHAMPIONS LEAGUE,42,6,0,KC Masterpiece,Barry,false,Trey McBride,ARI,TE,,,,449.p.34010
2024,CC Bowl XV CHAMPIONS LEAGUE,43,6,0,The Omen,Damien Robertson,false,C.J. Stroud,HOU,QB,,,,449.p.40030
2024,CC Bowl XV CHAMPIONS LEAGUE,44,6,0,Fat Lazy Americans,Andy,true,Jaylen Waddle,DEN,WR,,,,449.p.33394
2024,CC Bowl XV CHAMPIONS LEAGUE,45,6,0,Prestige Worldwide,Matt Hamlin,false,DeVonta Smith,PHI,WR,,,,449.p.33398
2024,CC Bowl XV CHAMPIONS LEAGUE,46,6,0,Manager-less Team,--hidden--,false,Mark Andrews,BAL,TE,,,,449.p.31056
2024,CC Bowl XV CHAMPIONS LEAGUE,47,6,0,CallingInSickMonday,Jaimie Harcos,false,James Conner,ARI,RB,,,,449.p.30218
2024,CC Bowl XV CHAMPIONS LEAGUE,48,6,0,Ninja Goblins,Alejandro C,false,David Montgomery,HOU,RB,,,,449.p.31905
2024,CC Bowl XV CHAMPIONS LEAGUE,49,7,0,Ninja Goblins,Alejandro C,false,Dalton Kincaid,BUF,TE,,,,449.p.40048
2024,CC Bowl XV CHAMPIONS LEAGUE,50,7,0,CallingInSickMonday,Jaimie Harcos,false,Kyler Murray,MIN,QB,,,,449.p.31833
2024,CC Bowl XV CHAMPIONS LEAGUE,51,7,0,Manager-less Team,--hidden--,false,Alvin Kamara,NO,RB,,,,449.p.30180
2024,CC Bowl XV CHAMPIONS LEAGUE,52,7,0,Prestige Worldwide,Matt Hamlin,false,Joe Burrow,CIN,QB,,,,449.p.32671
2024,CC Bowl XV CHAMPIONS LEAGUE,53,7,0,Fat Lazy Americans,Andy,true,DJ Moore,BUF,WR,,,,449.p.30994
2024,CC Bowl XV CHAMPIONS LEAGUE,54,7,0,The Omen,Damien Robertson,false,Michael Pittman Jr.,PIT,WR,,,,449.p.32704
2024,CC Bowl XV CHAMPIONS LEAGUE,55,7,0,KC Masterpiece,Barry,false,Aaron Jones Sr.,MIN,RB,,,,449.p.30295
2024,CC Bowl XV CHAMPIONS LEAGUE,56,7,0,Isotopes,sour,false,Anthony Richardson Sr.,IND,QB,,,,449.p.40040
2024,CC Bowl XV CHAMPIONS LEAGUE,57,8,0,Isotopes,sour,false,Malik Nabers,NYG,WR,,,,449.p.40899
2024,CC Bowl XV CHAMPIONS LEAGUE,58,8,0,KC Masterpiece,Barry,false,49ers,SF,DEF,,,,449.p.100025
2024,CC Bowl XV CHAMPIONS LEAGUE,59,8,0,The Omen,Damien Robertson,false,Zamir White,NO,RB,,,,449.p.34078
2024,CC Bowl XV CHAMPIONS LEAGUE,60,8,0,Fat Lazy Americans,Andy,true,George Kittle,SF,TE,,,,449.p.30259
2024,CC Bowl XV CHAMPIONS LEAGUE,61,8,0,Prestige Worldwide,Matt Hamlin,false,Rhamondre Stevenson,NE,RB,,,,449.p.33508
2024,CC Bowl XV CHAMPIONS LEAGUE,62,8,0,Manager-less Team,--hidden--,false,Ravens,BAL,DEF,,,,449.p.100033
2024,CC Bowl XV CHAMPIONS LEAGUE,63,8,0,CallingInSickMonday,Jaimie Harcos,false,Jets,NYJ,DEF,,,,449.p.100020
2024,CC Bowl XV CHAMPIONS LEAGUE,64,8,0,Ninja Goblins,Alejandro C,false,Browns,CLE,DEF,,,,449.p.100005
2024,CC Bowl XV CHAMPIONS LEAGUE,65,9,0,Ninja Goblins,Alejandro C,false,Justin Tucker,BAL,K,,,,449.p.26534
2024,CC Bowl XV CHAMPIONS LEAGUE,66,9,0,CallingInSickMonday,Jaimie Harcos,false,Evan Engram,DEN,TE,,,,449.p.30136
2024,CC Bowl XV CHAMPIONS LEAGUE,67,9,0,Manager-less Team,--hidden--,false,Brandon Aubrey,DAL,K,,,,449.p.40819
2024,CC Bowl XV CHAMPIONS LEAGUE,68,9,0,Prestige Worldwide,Matt Hamlin,false,Cowboys,DAL,DEF,,,,449.p.100006
2024,CC Bowl XV CHAMPIONS LEAGUE,69,9,0,Fat Lazy Americans,Andy,true,Foyesade Oluokun,JAX,LB,,,,449.p.31170
2024,CC Bowl XV CHAMPIONS LEAGUE,70,9,0,The Omen,Damien Robertson,false,Tank Dell,HOU,WR,,,,449.p.40097
2024,CC Bowl XV CHAMPIONS LEAGUE,71,9,0,KC Masterpiece,Barry,false,Harrison Butker,KC,K,,,,449.p.30346
2024,CC Bowl XV CHAMPIONS LEAGUE,72,9,0,Isotopes,sour,false,Kyle Pitts Sr.,ATL,TE,,,,449.p.33392
2024,CC Bowl XV CHAMPIONS LEAGUE,73,10,0,Isotopes,sour,false,Chiefs,KC,DEF,,,,449.p.100012
2024,CC Bowl XV CHAMPIONS LEAGUE,74,10,0,KC Masterpiece,Barry,false,Jeffery Simmons,TEN,"DT,DE",,,,449.p.31851
2024,CC Bowl XV CHAMPIONS LEAGUE,75,10,0,The Omen,Damien Robertson,false,Dak Prescott,DAL,QB,,,,449.p.29369
2024,CC Bowl XV CHAMPIONS LEAGUE,76,10,0,Fat Lazy Americans,Andy,true,Roquan Smith,BAL,LB,,,,449.p.30978
2024,CC Bowl XV CHAMPIONS LEAGUE,77,10,0,Prestige Worldwide,Matt Hamlin,false,Jake Elliott,PHI,K,,,,449.p.30266
2024,CC Bowl XV CHAMPIONS LEAGUE,78,10,0,Manager-less Team,--hidden--,false,Marcus Jones,NE,"DB,CB",,,,449.p.34041
2024,CC Bowl XV CHAMPIONS LEAGUE,79,10,0,CallingInSickMonday,Jaimie Harcos,false,D'Andre Swift,CHI,RB,,,,449.p.32705
2024,CC Bowl XV CHAMPIONS LEAGUE,80,10,0,Ninja Goblins,Alejandro C,false,Khalil Dorsey,DET,CB,,,,449.p.33012
2024,CC Bowl XV CHAMPIONS LEAGUE,81,11,0,Ninja Goblins,Alejandro C,false,Brandin Echols,PIT,CB,,,,449.p.33588
2024,CC Bowl XV CHAMPIONS LEAGUE,82,11,0,CallingInSickMonday,Jaimie Harcos,false,Javonte Williams,DAL,RB,,,,449.p.33423
2024,CC Bowl XV CHAMPIONS LEAGUE,83,11,0,Manager-less Team,--hidden--,false,Chauncey Golston,NYG,"DT,DE",,,,449.p.33472
2024,CC Bowl XV CHAMPIONS LEAGUE,84,11,0,Prestige Worldwide,Matt Hamlin,false,Jalen Reeves-Maybin,CHI,LB,,,,449.p.30237
2024,CC Bowl XV CHAMPIONS LEAGUE,85,11,0,Fat Lazy Americans,Andy,true,Steelers,PIT,DEF,,,,449.p.100023
2024,CC Bowl XV CHAMPIONS LEAGUE,86,11,0,The Omen,Damien Robertson,false,Raheem Mostert,LV,RB,,,,449.p.28654
2024,CC Bowl XV CHAMPIONS LEAGUE,87,11,0,KC Masterpiece,Barry,false,C.J. Moore,DET,S,,,,449.p.32454
2024,CC Bowl XV CHAMPIONS LEAGUE,88,11,0,Isotopes,sour,false,Jason Sanders,NYJ,K,,,,449.p.31199
2024,CC Bowl XV CHAMPIONS LEAGUE,89,12,0,Isotopes,sour,false,Jaylinn Hawkins,BAL,S,,,,449.p.32804
2024,CC Bowl XV CHAMPIONS LEAGUE,90,12,0,KC Masterpiece,Barry,false,Amari Cooper,BUF,WR,,,,449.p.28392
2024,CC Bowl XV CHAMPIONS LEAGUE,91,12,0,The Omen,Damien Robertson,false,Zack Moss,CIN,RB,,,,449.p.32756
2024,CC Bowl XV CHAMPIONS LEAGUE,92,12,0,Fat Lazy Americans,Andy,true,Greg Joseph,LV,K,,,,449.p.31538
2024,CC Bowl XV CHAMPIONS LEAGUE,93,12,0,Prestige Worldwide,Matt Hamlin,false,Malcolm Rodriguez,DET,LB,,,,449.p.34144
2024,CC Bowl XV CHAMPIONS LEAGUE,94,12,0,Manager-less Team,--hidden--,false,Rashee Rice,KC,WR,,,,449.p.40084
2024,CC Bowl XV CHAMPIONS LEAGUE,95,12,0,CallingInSickMonday,Jaimie Harcos,false,Zay Flowers,BAL,WR,,,,449.p.40039
2024,CC Bowl XV CHAMPIONS LEAGUE,96,12,0,Ninja Goblins,Alejandro C,false,Terry McLaurin,WAS,WR,,,,449.p.31908
2024,CC Bowl XV CHAMPIONS LEAGUE,97,13,0,Ninja Goblins,Alejandro C,false,George Pickens,DAL,WR,,,,449.p.34007
2024,CC Bowl XV CHAMPIONS LEAGUE,98,13,0,CallingInSickMonday,Jaimie Harcos,false,Zaire Franklin,GB,LB,,,,449.p.31205
2024,CC Bowl XV CHAMPIONS LEAGUE,99,13,0,Manager-less Team,--hidden--,false,Tee Higgins,CIN,WR,,,,449.p.32703
2024,CC Bowl XV CHAMPIONS LEAGUE,100,13,0,Prestige Worldwide,Matt Hamlin,false,Diontae Johnson,CLE,WR,,,,449.p.31898
2024,CC Bowl XV CHAMPIONS LEAGUE,101,13,0,Fat Lazy Americans,Andy,true,Najee Harris,NYG,RB,,,,449.p.33412
2024,CC Bowl XV CHAMPIONS LEAGUE,102,13,0,The Omen,Damien Robertson,false,Antoine Winfield Jr.,TB,S,,,,449.p.32715
2024,CC Bowl XV CHAMPIONS LEAGUE,103,13,0,KC Masterpiece,Barry,false,Jordan Love,GB,QB,,,,449.p.32696
2024,CC Bowl XV CHAMPIONS LEAGUE,104,13,0,Isotopes,sour,false,Keisean Nixon,GB,CB,,,,449.p.32348
2024,CC Bowl XV CHAMPIONS LEAGUE,105,14,0,Isotopes,sour,false,Jayden Daniels,WAS,QB,,,,449.p.40896
2024,CC Bowl XV CHAMPIONS LEAGUE,106,14,0,KC Masterpiece,Barry,false,Calvin Ridley,TEN,WR,,,,449.p.30996
2024,CC Bowl XV CHAMPIONS LEAGUE,107,14,0,The Omen,Damien Robertson,false,Bills,BUF,DEF,,,,449.p.100002
2024,CC Bowl XV CHAMPIONS LEAGUE,108,14,0,Fat Lazy Americans,Andy,true,Jake Ferguson,DAL,TE,,,,449.p.34085
2024,CC Bowl XV CHAMPIONS LEAGUE,109,14,0,Prestige Worldwide,Matt Hamlin,false,Tony Pollard,TEN,RB,,,,449.p.31960
2024,CC Bowl XV CHAMPIONS LEAGUE,110,14,0,Manager-less Team,--hidden--,false,Brian Robinson,ATL,RB,,,,449.p.34054
2024,CC Bowl XV CHAMPIONS LEAGUE,111,14,0,CallingInSickMonday,Jaimie Harcos,false,Chris Godwin Jr.,TB,WR,,,,449.p.30197
2024,CC Bowl XV CHAMPIONS LEAGUE,112,14,0,Ninja Goblins,Alejandro C,false,Jaylen Warren,PIT,RB,,,,449.p.34447
2024,CC Bowl XV CHAMPIONS LEAGUE,113,15,0,Ninja Goblins,Alejandro C,false,Brock Purdy,SF,QB,,,,449.p.34218
2024,CC Bowl XV CHAMPIONS LEAGUE,114,15,0,CallingInSickMonday,Jaimie Harcos,false,Bobby Okereke,CAR,LB,,,,449.p.31921
2024,CC Bowl XV CHAMPIONS LEAGUE,115,15,0,Manager-less Team,--hidden--,false,Caleb Williams,CHI,QB,,,,449.p.40900
2024,CC Bowl XV CHAMPIONS LEAGUE,116,15,0,Prestige Worldwide,Matt Hamlin,false,David Njoku,LAC,TE,,,,449.p.30142
2024,CC Bowl XV CHAMPIONS LEAGUE,117,15,0,Fat Lazy Americans,Andy,true,Christian Kirk,SF,WR,,,,449.p.31017
2024,CC Bowl XV CHAMPIONS LEAGUE,118,15,0,The Omen,Damien Robertson,false,Alex Singleton,DEN,LB,,,,449.p.28716
2024,CC Bowl XV CHAMPIONS LEAGUE,119,15,0,KC Masterpiece,Barry,false,Devin Singletary,NYG,RB,,,,449.p.31906
2024,CC Bowl XV CHAMPIONS LEAGUE,120,15,0,Isotopes,sour,false,Chase Brown,CIN,RB,,,,449.p.40196
2024,CC Bowl XV CHAMPIONS LEAGUE,121,16,0,Isotopes,sour,false,Dallas Goedert,PHI,TE,,,,449.p.31019
2024,CC Bowl XV CHAMPIONS LEAGUE,122,16,0,KC Masterpiece,Barry,false,Brock Bowers,LV,TE,,,,449.p.40878
2024,CC Bowl XV CHAMPIONS LEAGUE,123,16,0,The Omen,Damien Robertson,false,Matt Gay,LV,K,,,,449.p.31977
2024,CC Bowl XV CHAMPIONS LEAGUE,124,16,0,Fat Lazy Americans,Andy,true,Ernest Jones IV,SEA,LB,,,,449.p.33491
2024,CC Bowl XV CHAMPIONS LEAGUE,125,16,0,Prestige Worldwide,Matt Hamlin,false,Jared Goff,DET,QB,,,,449.p.29235
2024,CC Bowl XV CHAMPIONS LEAGUE,126,16,0,Manager-less Team,--hidden--,false,Dalton Schultz,HOU,TE,,,,449.p.31107
2024,CC Bowl XV CHAMPIONS LEAGUE,127,16,0,CallingInSickMonday,Jaimie Harcos,false,Ka'imi Fairbairn,HOU,K,,,,449.p.29792
2024,CC Bowl XV CHAMPIONS LEAGUE,128,16,0,Ninja Goblins,Alejandro C,false,Pat Freiermuth,PIT,TE,,,,449.p.33443
2024,RFI XVII,1,1,0,CousinCamp,Matthew,false,Christian McCaffrey,SF,RB,,,,449.p.30121
2024,RFI XVII,2,1,0,Tremendous Slouch,Doug,false,Breece Hall,NYJ,RB,,,,449.p.33991
2024,RFI XVII,3,1,0,Snookies Super Squad,Braden,false,Tyreek Hill,MIA,WR,,,,449.p.29399
2024,RFI XVII,4,1,0,Sheriff Of Paddy's,David,false,Bijan Robinson,ATL,RB,,,,449.p.40055
2024,RFI XVII,5,1,0,Doug Exeter,James,false,CeeDee Lamb,DAL,WR,,,,449.p.32687
2024,RFI XVII,6,1,0,Tough Nuts,Michele,false,Saquon Barkley,PHI,RB,,,,449.p.30972
2024,RFI XVII,7,1,0,Fat Lazy Americans,Andy,true,Jahmyr Gibbs,DET,RB,,,,449.p.40059
2024,RFI XVII,8,1,0,YoungHoe Puka,J,false,Justin Jefferson,MIN,WR,,,,449.p.32692
2024,RFI XVII,9,1,0,Shrimp Gang,Taylor,false,Ja'Marr Chase,CIN,WR,,,,449.p.33393
2024,RFI XVII,10,1,0,NotSoNewlyWedz,Corey,false,Amon-Ra St. Brown,DET,WR,,,,449.p.33500
2024,RFI XVII,11,1,0,Shanimals,Shannon,false,A.J. Brown,NE,WR,,,,449.p.31883
2024,RFI XVII,12,1,0,Golden Domers 4 J&J,sean,false,Derrick Henry,BAL,RB,,,,449.p.29279
2024,RFI XVII,13,2,0,Golden Domers 4 J&J,sean,false,DJ Moore,BUF,WR,,,,449.p.30994
2024,RFI XVII,14,2,0,Shanimals,Shannon,false,Isiah Pacheco,DET,RB,,,,449.p.34207
2024,RFI XVII,15,2,0,NotSoNewlyWedz,Corey,false,Travis Etienne Jr.,NO,RB,,,,449.p.33413
2024,RFI XVII,16,2,0,Shrimp Gang,Taylor,false,Mike Evans,SF,WR,,,,449.p.27535
2024,RFI XVII,17,2,0,YoungHoe Puka,J,false,Travis Kelce,KC,TE,,,,449.p.26686
2024,RFI XVII,18,2,0,Fat Lazy Americans,Andy,true,Deebo Samuel Sr.,SF,WR,,,,449.p.31868
2024,RFI XVII,19,2,0,Tough Nuts,Michele,false,Josh Allen,BUF,QB,,,,449.p.30977
2024,RFI XVII,20,2,0,Doug Exeter,James,false,Brandon Aiyuk,SF,WR,,,,449.p.32695
2024,RFI XVII,21,2,0,Sheriff Of Paddy's,David,false,Marvin Harrison Jr.,ARI,WR,,,,449.p.40893
2024,RFI XVII,22,2,0,Snookies Super Squad,Braden,false,Josh Jacobs,GB,RB,,,,449.p.31856
2024,RFI XVII,23,2,0,Tremendous Slouch,Doug,false,Cooper Kupp,SEA,WR,,,,449.p.30182
2024,RFI XVII,24,2,0,CousinCamp,Matthew,false,Patrick Mahomes,KC,QB,,,,449.p.30123
2024,RFI XVII,25,3,0,CousinCamp,Matthew,false,Chris Olave,NO,WR,,,,449.p.33966
2024,RFI XVII,26,3,0,Tremendous Slouch,Doug,false,DK Metcalf,PIT,WR,,,,449.p.31896
2024,RFI XVII,27,3,0,Snookies Super Squad,Braden,false,Davante Adams,LAR,WR,,,,449.p.27581
2024,RFI XVII,28,3,0,Sheriff Of Paddy's,David,false,Jaylen Waddle,DEN,WR,,,,449.p.33394
2024,RFI XVII,29,3,0,Doug Exeter,James,false,James Cook III,BUF,RB,,,,449.p.34019
2024,RFI XVII,30,3,0,Tough Nuts,Michele,false,DeVonta Smith,PHI,WR,,,,449.p.33398
2024,RFI XVII,31,3,0,Fat Lazy Americans,Andy,true,Jalen Hurts,PHI,QB,,,,449.p.32723
2024,RFI XVII,32,3,0,YoungHoe Puka,J,false,Kenneth Walker III,KC,RB,,,,449.p.33996
2024,RFI XVII,33,3,0,Shrimp Gang,Taylor,false,Alvin Kamara,NO,RB,,,,449.p.30180
2024,RFI XVII,34,3,0,NotSoNewlyWedz,Corey,false,Lamar Jackson,BAL,QB,,,,449.p.31002
2024,RFI XVII,35,3,0,Shanimals,Shannon,false,Trey McBride,ARI,TE,,,,449.p.34010
2024,RFI XVII,36,3,0,Golden Domers 4 J&J,sean,false,Amari Cooper,BUF,WR,,,,449.p.28392
2024,RFI XVII,37,4,0,Golden Domers 4 J&J,sean,false,Mark Andrews,BAL,TE,,,,449.p.31056
2024,RFI XVII,38,4,0,Shanimals,Shannon,false,Joe Mixon,SEA,RB,,,,449.p.30161
2024,RFI XVII,39,4,0,NotSoNewlyWedz,Corey,false,Stefon Diggs,WAS,WR,,,,449.p.28534
2024,RFI XVII,40,4,0,Shrimp Gang,Taylor,false,Aaron Jones Sr.,MIN,RB,,,,449.p.30295
2024,RFI XVII,41,4,0,YoungHoe Puka,J,false,Michael Pittman Jr.,PIT,WR,,,,449.p.32704
2024,RFI XVII,42,4,0,Fat Lazy Americans,Andy,true,Malik Nabers,NYG,WR,,,,449.p.40899
2024,RFI XVII,43,4,0,Tough Nuts,Michele,false,James Conner,ARI,RB,,,,449.p.30218
2024,RFI XVII,44,4,0,Doug Exeter,James,false,C.J. Stroud,HOU,QB,,,,449.p.40030
2024,RFI XVII,45,4,0,Sheriff Of Paddy's,David,false,Rachaad White,WAS,RB,,,,449.p.34047
2024,RFI XVII,46,4,0,Snookies Super Squad,Braden,false,David Montgomery,HOU,RB,,,,449.p.31905
2024,RFI XVII,47,4,0,Tremendous Slouch,Doug,false,Zay Flowers,BAL,WR,,,,449.p.40039
2024,RFI XVII,48,4,0,CousinCamp,Matthew,false,George Kittle,SF,TE,,,,449.p.30259
2024,RFI XVII,49,5,0,CousinCamp,Matthew,false,Tank Dell,HOU,WR,,,,449.p.40097
2024,RFI XVII,50,5,0,Tremendous Slouch,Doug,false,Rhamondre Stevenson,NE,RB,,,,449.p.33508
2024,RFI XVII,51,5,0,Snookies Super Squad,Braden,false,Joe Burrow,CIN,QB,,,,449.p.32671
2024,RFI XVII,52,5,0,Sheriff Of Paddy's,David,false,Dalton Kincaid,BUF,TE,,,,449.p.40048
2024,RFI XVII,53,5,0,Doug Exeter,James,false,Terry McLaurin,WAS,WR,,,,449.p.31908
2024,RFI XVII,54,5,0,Tough Nuts,Michele,false,Jordan Addison,MIN,WR,,,,449.p.40042
2024,RFI XVII,55,5,0,Fat Lazy Americans,Andy,true,George Pickens,DAL,WR,,,,449.p.34007
2024,RFI XVII,56,5,0,YoungHoe Puka,J,false,Najee Harris,NYG,RB,,,,449.p.33412
2024,RFI XVII,57,5,0,Shrimp Gang,Taylor,false,Kyle Pitts Sr.,ATL,TE,,,,449.p.33392
2024,RFI XVII,58,5,0,NotSoNewlyWedz,Corey,false,Raheem Mostert,LV,RB,,,,449.p.28654
2024,RFI XVII,59,5,0,Shanimals,Shannon,false,Calvin Ridley,TEN,WR,,,,449.p.30996
2024,RFI XVII,60,5,0,Golden Domers 4 J&J,sean,false,Jonathan Taylor,IND,RB,,,,449.p.32711
2024,RFI XVII,61,6,0,Golden Domers 4 J&J,sean,false,Evan Engram,DEN,TE,,,,449.p.30136
2024,RFI XVII,62,6,0,Shanimals,Shannon,false,Zamir White,NO,RB,,,,449.p.34078
2024,RFI XVII,63,6,0,NotSoNewlyWedz,Corey,false,Tee Higgins,CIN,WR,,,,449.p.32703
2024,RFI XVII,64,6,0,Shrimp Gang,Taylor,false,Rashee Rice,KC,WR,,,,449.p.40084
2024,RFI XVII,65,6,0,YoungHoe Puka,J,false,Jordan Love,GB,QB,,,,449.p.32696
2024,RFI XVII,66,6,0,Fat Lazy Americans,Andy,true,D'Andre Swift,CHI,RB,,,,449.p.32705
2024,RFI XVII,67,6,0,Tough Nuts,Michele,false,Jake Ferguson,DAL,TE,,,,449.p.34085
2024,RFI XVII,68,6,0,Doug Exeter,James,false,Gus Edwards,LAC,RB,,,,449.p.31424
2024,RFI XVII,69,6,0,Sheriff Of Paddy's,David,false,Jayden Reed,GB,WR,,,,449.p.40063
2024,RFI XVII,70,6,0,Snookies Super Squad,Braden,false,David Njoku,LAC,TE,,,,449.p.30142
2024,RFI XVII,71,6,0,Tremendous Slouch,Doug,false,Jaxon Smith-Njigba,SEA,WR,,,,449.p.40041
2024,RFI XVII,72,6,0,CousinCamp,Matthew,false,Javonte Williams,DAL,RB,,,,449.p.33423
2024,RFI XVII,73,7,0,CousinCamp,Matthew,false,Rome Odunze,CHI,WR,,,,449.p.40901
2024,RFI XVII,74,7,0,Tremendous Slouch,Doug,false,Anthony Richardson Sr.,IND,QB,,,,449.p.40040
2024,RFI XVII,75,7,0,Snookies Super Squad,Braden,false,Keenan Allen,IND,WR,,,,449.p.26699
2024,RFI XVII,76,7,0,Sheriff Of Paddy's,David,false,Tony Pollard,TEN,RB,,,,449.p.31960
2024,RFI XVII,77,7,0,Doug Exeter,James,false,Christian Watson,GB,WR,,,,449.p.33989
2024,RFI XVII,78,7,0,Tough Nuts,Michele,false,Ladd McConkey,LAC,WR,,,,449.p.40908
2024,RFI XVII,79,7,0,Fat Lazy Americans,Andy,true,De'Von Achane,MIA,RB,,,,449.p.40118
2024,RFI XVII,80,7,0,YoungHoe Puka,J,false,Brock Purdy,SF,QB,,,,449.p.34218
2024,RFI XVII,81,7,0,Shrimp Gang,Taylor,false,Austin Ekeler,WAS,RB,,,,449.p.30423
2024,RFI XVII,82,7,0,NotSoNewlyWedz,Corey,false,Brian Robinson,ATL,RB,,,,449.p.34054
2024,RFI XVII,83,7,0,Shanimals,Shannon,false,Diontae Johnson,CLE,WR,,,,449.p.31898
2024,RFI XVII,84,7,0,Golden Domers 4 J&J,sean,false,Dak Prescott,DAL,QB,,,,449.p.29369
2024,RFI XVII,85,8,0,Golden Domers 4 J&J,sean,false,Chris Godwin Jr.,TB,WR,,,,449.p.30197
2024,RFI XVII,86,8,0,Shanimals,Shannon,false,Devin Singletary,NYG,RB,,,,449.p.31906
2024,RFI XVII,87,8,0,NotSoNewlyWedz,Corey,false,Brock Bowers,LV,TE,,,,449.p.40878
2024,RFI XVII,88,8,0,Shrimp Gang,Taylor,false,Jayden Daniels,WAS,QB,,,,449.p.40896
2024,RFI XVII,89,8,0,YoungHoe Puka,J,false,DeAndre Hopkins,BAL,WR,,,,449.p.26650
2024,RFI XVII,90,8,0,Fat Lazy Americans,Andy,true,Jonathon Brooks,CAR,RB,,,,449.p.40926
2024,RFI XVII,91,8,0,Tough Nuts,Michele,false,49ers,SF,DEF,,,,449.p.100025
2024,RFI XVII,92,8,0,Doug Exeter,James,false,Blake Corum,LAR,RB,,,,449.p.40962
2024,RFI XVII,93,8,0,Sheriff Of Paddy's,David,false,Tua Tagovailoa,ATL,QB,,,,449.p.32675
2024,RFI XVII,94,8,0,Snookies Super Squad,Braden,false,Chase Brown,CIN,RB,,,,449.p.40196
2024,RFI XVII,95,8,0,Tremendous Slouch,Doug,false,Zack Moss,CIN,RB,,,,449.p.32756
2024,RFI XVII,96,8,0,CousinCamp,Matthew,false,Xavier Worthy,KC,WR,,,,449.p.40877
2024,RFI XVII,97,9,0,CousinCamp,Matthew,false,Nick Chubb,HOU,RB,,,,449.p.31005
2024,RFI XVII,98,9,0,Tremendous Slouch,Doug,false,Khalil Shakir,BUF,WR,,,,449.p.34104
2024,RFI XVII,99,9,0,Snookies Super Squad,Braden,false,Brian Thomas Jr.,JAX,WR,,,,449.p.40883
2024,RFI XVII,100,9,0,Sheriff Of Paddy's,David,false,Garrett Wilson,NYJ,WR,,,,449.p.33965
2024,RFI XVII,101,9,0,Doug Exeter,James,false,Pat Freiermuth,PIT,TE,,,,449.p.33443
2024,RFI XVII,102,9,0,Tough Nuts,Michele,false,Dallas Goedert,PHI,TE,,,,449.p.31019
2024,RFI XVII,103,9,0,Fat Lazy Americans,Andy,true,Christian Kirk,SF,WR,,,,449.p.31017
2024,RFI XVII,104,9,0,YoungHoe Puka,J,false,Trey Benson,ARI,RB,,,,449.p.40958
2024,RFI XVII,105,9,0,Shrimp Gang,Taylor,false,Caleb Williams,CHI,QB,,,,449.p.40900
2024,RFI XVII,106,9,0,NotSoNewlyWedz,Corey,false,Courtland Sutton,DEN,WR,,,,449.p.31010
2024,RFI XVII,107,9,0,Shanimals,Shannon,false,Tyjae Spears,TEN,RB,,,,449.p.40119
2024,RFI XVII,108,9,0,Golden Domers 4 J&J,sean,false,Jerome Ford,MIN,RB,,,,449.p.34112
2024,RFI XVII,109,10,0,Golden Domers 4 J&J,sean,false,Cowboys,DAL,DEF,,,,449.p.100006
2024,RFI XVII,110,10,0,Shanimals,Shannon,false,Joshua Palmer,BUF,WR,,,,449.p.33465
2024,RFI XVII,111,10,0,NotSoNewlyWedz,Corey,false,Ravens,BAL,DEF,,,,449.p.100033
2024,RFI XVII,112,10,0,Shrimp Gang,Taylor,false,Jameson Williams,DET,WR,,,,449.p.33967
2024,RFI XVII,113,10,0,YoungHoe Puka,J,false,Jets,NYJ,DEF,,,,449.p.100020
2024,RFI XVII,114,10,0,Fat Lazy Americans,Andy,true,T.J. Hockenson,MIN,TE,,,,449.p.31840
2024,RFI XVII,115,10,0,Tough Nuts,Michele,false,Jaylen Warren,PIT,RB,,,,449.p.34447
2024,RFI XVII,116,10,0,Doug Exeter,James,false,Browns,CLE,DEF,,,,449.p.100005
2024,RFI XVII,117,10,0,Sheriff Of Paddy's,David,false,Tyler Lockett,LV,WR,,,,449.p.28457
2024,RFI XVII,118,10,0,Snookies Super Squad,Braden,false,Ezekiel Elliott,DAL,RB,,,,449.p.29238
2024,RFI XVII,119,10,0,Tremendous Slouch,Doug,false,Romeo Doubs,NE,WR,,,,449.p.34088
2024,RFI XVII,120,10,0,CousinCamp,Matthew,false,Nico Collins,HOU,WR,,,,449.p.33477
2024,RFI XVII,121,11,0,CousinCamp,Matthew,false,Rico Dowdle,PIT,RB,,,,449.p.33100
2024,RFI XVII,122,11,0,Tremendous Slouch,Doug,false,Sam LaPorta,DET,TE,,,,449.p.40064
2024,RFI XVII,123,11,0,Snookies Super Squad,Braden,false,Jakobi Meyers,JAX,WR,,,,449.p.32231
2024,RFI XVII,124,11,0,Sheriff Of Paddy's,David,false,Chiefs,KC,DEF,,,,449.p.100012
2024,RFI XVII,125,11,0,Doug Exeter,James,false,Hollywood Brown,PHI,WR,,,,449.p.31857
2024,RFI XVII,126,11,0,Tough Nuts,Michele,false,Drake London,ATL,WR,,,,449.p.33963
2024,RFI XVII,127,11,0,Fat Lazy Americans,Andy,true,Keon Coleman,BUF,WR,,,,449.p.40911
2024,RFI XVII,128,11,0,YoungHoe Puka,J,false,Younghoe Koo,NYG,K,,,,449.p.30426
2024,RFI XVII,129,11,0,Shrimp Gang,Taylor,false,Curtis Samuel,BUF,WR,,,,449.p.30153
2024,RFI XVII,130,11,0,NotSoNewlyWedz,Corey,false,DeMario Douglas,NE,WR,,,,449.p.40222
2024,RFI XVII,131,11,0,Shanimals,Shannon,false,Dalton Schultz,HOU,TE,,,,449.p.31107
2024,RFI XVII,132,11,0,Golden Domers 4 J&J,sean,false,Rashid Shaheed,SEA,WR,,,,449.p.34659
2024,RFI XVII,133,12,0,Golden Domers 4 J&J,sean,false,J.K. Dobbins,DEN,RB,,,,449.p.32725
2024,RFI XVII,134,12,0,Shanimals,Shannon,false,Mike Williams,PIT,WR,,,,449.p.30120
2024,RFI XVII,135,12,0,NotSoNewlyWedz,Corey,false,Jerry Jeudy,CLE,WR,,,,449.p.32685
2024,RFI XVII,136,12,0,Shrimp Gang,Taylor,false,Kirk Cousins,LV,QB,,,,449.p.25812
2024,RFI XVII,137,12,0,YoungHoe Puka,J,false,Jordan Mason,MIN,RB,,,,449.p.34320
2024,RFI XVII,138,12,0,Fat Lazy Americans,Andy,true,Bills,BUF,DEF,,,,449.p.100002
2024,RFI XVII,139,12,0,Tough Nuts,Michele,false,Tyler Allgeier,ARI,RB,,,,449.p.34107
2024,RFI XVII,140,12,0,Doug Exeter,James,false,Trevor Lawrence,JAX,QB,,,,449.p.33389
2024,RFI XVII,141,12,0,Sheriff Of Paddy's,David,false,Justin Tucker,BAL,K,,,,449.p.26534
2024,RFI XVII,142,12,0,Snookies Super Squad,Braden,false,Josh Downs,IND,WR,,,,449.p.40126
2024,RFI XVII,143,12,0,Tremendous Slouch,Doug,false,Jaleel McLaughlin,CLE,RB,,,,449.p.40696
2024,RFI XVII,144,12,0,CousinCamp,Matthew,false,Zach Charbonnet,SEA,RB,,,,449.p.40075
2024,RFI XVII,145,13,0,CousinCamp,Matthew,false,Chuba Hubbard,CAR,RB,,,,449.p.33514
2024,RFI XVII,146,13,0,Tremendous Slouch,Doug,false,Adonai Mitchell,NYJ,WR,,,,449.p.40915
2024,RFI XVII,147,13,0,Snookies Super Squad,Braden,false,Dolphins,MIA,DEF,,,,449.p.100015
2024,RFI XVII,148,13,0,Sheriff Of Paddy's,David,false,Jaylen Wright,MIA,RB,,,,449.p.41010
2024,RFI XVII,149,13,0,Doug Exeter,James,false,Kyren Williams,LAR,RB,,,,449.p.34120
2024,RFI XVII,150,13,0,Tough Nuts,Michele,false,Taysom Hill,NO,"QB,TE",,,,449.p.30614
2024,RFI XVII,151,13,0,Fat Lazy Americans,Andy,true,Dontayvion Wicks,PHI,WR,,,,449.p.40201
2024,RFI XVII,152,13,0,YoungHoe Puka,J,false,Puka Nacua,LAR,WR,,,,449.p.40168
2024,RFI XVII,153,13,0,Shrimp Gang,Taylor,false,Gabe Davis,BUF,WR,,,,449.p.32798
2024,RFI XVII,154,13,0,NotSoNewlyWedz,Corey,false,Khalil Herbert,ATL,RB,,,,449.p.33605
2024,RFI XVII,155,13,0,Shanimals,Shannon,false,Kyler Murray,MIN,QB,,,,449.p.31833
2024,RFI XVII,156,13,0,Golden Domers 4 J&J,sean,false,Brandon Aubrey,DAL,K,,,,449.p.40819
2024,RFI XVII,157,14,0,Golden Domers 4 J&J,sean,false,Deshaun Watson,CLE,QB,,,,449.p.30125
2024,RFI XVII,158,14,0,Shanimals,Shannon,false,Jared Goff,DET,QB,,,,449.p.29235
2024,RFI XVII,159,14,0,NotSoNewlyWedz,Corey,false,Justin Herbert,LAC,QB,,,,449.p.32676
2024,RFI XVII,160,14,0,Shrimp Gang,Taylor,false,Darnell Mooney,NYG,WR,,,,449.p.32843
2024,RFI XVII,161,14,0,YoungHoe Puka,J,false,Luke Musgrave,GB,TE,,,,449.p.40074
2024,RFI XVII,162,14,0,Fat Lazy Americans,Andy,true,Ray Davis,BUF,RB,,,,449.p.40980
2024,RFI XVII,163,14,0,Tough Nuts,Michele,false,Harrison Butker,KC,K,,,,449.p.30346
2024,RFI XVII,164,14,0,Doug Exeter,James,false,Jake Moody,BAL,K,,,,449.p.40129
2024,RFI XVII,165,14,0,Sheriff Of Paddy's,David,false,Ja'Lynn Polk,NO,WR,,,,449.p.40914
2024,RFI XVII,166,14,0,Snookies Super Squad,Braden,false,Geno Smith,NYJ,QB,,,,449.p.26662
2024,RFI XVII,167,14,0,Tremendous Slouch,Doug,false,Steelers,PIT,DEF,,,,449.p.100023
2024,RFI XVII,168,14,0,CousinCamp,Matthew,false,Saints,NO,DEF,,,,449.p.100018
2024,RFI XVII,169,15,0,CousinCamp,Matthew,false,Ka'imi Fairbairn,HOU,K,,,,449.p.29792
2024,RFI XVII,170,15,0,Tremendous Slouch,Doug,false,Kimani Vidal,LAC,RB,,,,449.p.41052
2024,RFI XVII,171,15,0,Snookies Super Squad,Braden,false,Jake Elliott,PHI,K,,,,449.p.30266
2024,RFI XVII,172,15,0,Sheriff Of Paddy's,David,false,Jonnu Smith,GB,TE,,,,449.p.30213
2024,RFI XVII,173,15,0,Doug Exeter,James,false,Audric Estime,MIN,RB,,,,449.p.41019
2024,RFI XVII,174,15,0,Tough Nuts,Michele,false,Keaton Mitchell,LAC,RB,,,,449.p.40641
2024,RFI XVII,175,15,0,Fat Lazy Americans,Andy,true,Cole Kmet,CHI,TE,,,,449.p.32713
2024,RFI XVII,176,15,0,YoungHoe Puka,J,false,Brandin Cooks,SF,WR,,,,449.p.27548
2024,RFI XVII,177,15,0,Shrimp Gang,Taylor,false,Aaron Rodgers,PIT,QB,,,,449.p.7200
2024,RFI XVII,178,15,0,NotSoNewlyWedz,Corey,false,Evan McPherson,CIN,K,,,,449.p.33537
2024,RFI XVII,179,15,0,Shanimals,Shannon,false,Jason Sanders,NYJ,K,,,,449.p.31199
2024,RFI XVII,180,15,0,Golden Domers 4 J&J,sean,false,Raiders,LV,DEF,,,,449.p.100013
2023,2023 - The League,1,1,0,Oroszlanok,Thomas,false,Christian McCaffrey,SF,RB,,,,423.p.30121
2023,2023 - The League,2,1,0,MombaMentality,Wendy,false,Ja'Marr Chase,CIN,WR,,,,423.p.33393
2023,2023 - The League,3,1,0,Berserker,Peter,false,Travis Kelce,KC,TE,,,,423.p.26686
2023,2023 - The League,4,1,0,Dumpster Fire,Eric,false,Austin Ekeler,WAS,RB,,,,423.p.30423
2023,2023 - The League,5,1,0,Wailin Raylans,Amanda,false,Tyreek Hill,MIA,WR,,,,423.p.29399
2023,2023 - The League,6,1,0,No Talent Ass Clowns,mister miles,false,Bijan Robinson,ATL,RB,,,,423.p.40055
2023,2023 - The League,7,1,0,Leoninos,Leslie,false,Stefon Diggs,WAS,WR,,,,423.p.28534
2023,2023 - The League,8,1,0,Rafi Bomb Returns!,Matthew,false,Nick Chubb,HOU,RB,,,,423.p.31005
2023,2023 - The League,9,1,0,I LIKE BIG TDS,Wesley,false,CeeDee Lamb,DAL,WR,,,,423.p.32687
2023,2023 - The League,10,1,0,Billy Goat Tavern,Amzie,false,A.J. Brown,NE,WR,,,,423.p.31883
2023,2023 - The League,11,1,0,Postino's Banditos,Matt,false,Davante Adams,LAR,WR,,,,423.p.27581
2023,2023 - The League,12,1,0,Fat Lazy Americans,Andy,true,Amon-Ra St. Brown,DET,WR,,,,423.p.33500
2023,2023 - The League,13,2,0,Fat Lazy Americans,Andy,true,Derrick Henry,BAL,RB,,,,423.p.29279
2023,2023 - The League,14,2,0,Postino's Banditos,Matt,false,Josh Allen,BUF,QB,,,,423.p.30977
2023,2023 - The League,15,2,0,Billy Goat Tavern,Amzie,false,Cooper Kupp,SEA,WR,,,,423.p.30182
2023,2023 - The League,16,2,0,I LIKE BIG TDS,Wesley,false,Josh Jacobs,GB,RB,,,,423.p.31856
2023,2023 - The League,17,2,0,Rafi Bomb Returns!,Matthew,false,Patrick Mahomes,KC,QB,,,,423.p.30123
2023,2023 - The League,18,2,0,Leoninos,Leslie,false,Jalen Hurts,PHI,QB,,,,423.p.32723
2023,2023 - The League,19,2,0,No Talent Ass Clowns,mister miles,false,Joe Burrow,CIN,QB,,,,423.p.32671
2023,2023 - The League,20,2,0,Wailin Raylans,Amanda,false,Joe Mixon,SEA,RB,,,,423.p.30161
2023,2023 - The League,21,2,0,Dumpster Fire,Eric,false,Najee Harris,NYG,RB,,,,423.p.33412
2023,2023 - The League,22,2,0,Berserker,Peter,false,Jahmyr Gibbs,DET,RB,,,,423.p.40059
2023,2023 - The League,23,2,0,MombaMentality,Wendy,false,Lamar Jackson,BAL,QB,,,,423.p.31002
2023,2023 - The League,24,2,0,Oroszlanok,Thomas,false,Mark Andrews,BAL,TE,,,,423.p.31056
2023,2023 - The League,25,3,0,Oroszlanok,Thomas,false,Jaylen Waddle,DEN,WR,,,,423.p.33394
2023,2023 - The League,26,3,0,MombaMentality,Wendy,false,Calvin Ridley,TEN,WR,,,,423.p.30996
2023,2023 - The League,27,3,0,Berserker,Peter,false,Travis Etienne Jr.,NO,RB,,,,423.p.33413
2023,2023 - The League,28,3,0,Dumpster Fire,Eric,false,Deebo Samuel Sr.,SF,WR,,,,423.p.31868
2023,2023 - The League,29,3,0,Wailin Raylans,Amanda,false,Aaron Jones Sr.,MIN,RB,,,,423.p.30295
2023,2023 - The League,30,3,0,No Talent Ass Clowns,mister miles,false,DK Metcalf,PIT,WR,,,,423.p.31896
2023,2023 - The League,31,3,0,Leoninos,Leslie,false,Breece Hall,NYJ,RB,,,,423.p.33991
2023,2023 - The League,32,3,0,Rafi Bomb Returns!,Matthew,false,Amari Cooper,BUF,WR,,,,423.p.28392
2023,2023 - The League,33,3,0,I LIKE BIG TDS,Wesley,false,Keenan Allen,IND,WR,,,,423.p.26699
2023,2023 - The League,34,3,0,Billy Goat Tavern,Amzie,false,J.K. Dobbins,DEN,RB,,,,423.p.32725
2023,2023 - The League,35,3,0,Postino's Banditos,Matt,false,Kenneth Walker III,KC,RB,,,,423.p.33996
2023,2023 - The League,36,3,0,Fat Lazy Americans,Andy,true,T.J. Hockenson,MIN,TE,,,,423.p.31840
2023,2023 - The League,37,4,0,Fat Lazy Americans,Andy,true,Dameon Pierce,PHI,RB,,,,423.p.34063
2023,2023 - The League,38,4,0,Postino's Banditos,Matt,false,Miles Sanders,DAL,RB,,,,423.p.31885
2023,2023 - The League,39,4,0,Billy Goat Tavern,Amzie,false,Cam Akers,SEA,RB,,,,423.p.32722
2023,2023 - The League,40,4,0,I LIKE BIG TDS,Wesley,false,Tyler Lockett,LV,WR,,,,423.p.28457
2023,2023 - The League,41,4,0,Rafi Bomb Returns!,Matthew,false,Saquon Barkley,PHI,RB,,,,423.p.30972
2023,2023 - The League,42,4,0,Leoninos,Leslie,false,Darren Waller,CAR,TE,,,,423.p.28592
2023,2023 - The League,43,4,0,No Talent Ass Clowns,mister miles,false,Isiah Pacheco,DET,RB,,,,423.p.34207
2023,2023 - The League,44,4,0,Wailin Raylans,Amanda,false,DeAndre Hopkins,BAL,WR,,,,423.p.26650
2023,2023 - The League,45,4,0,Dumpster Fire,Eric,false,Drake London,ATL,WR,,,,423.p.33963
2023,2023 - The League,46,4,0,Berserker,Peter,false,Chris Godwin Jr.,TB,WR,,,,423.p.30197
2023,2023 - The League,47,4,0,MombaMentality,Wendy,false,James Cook III,BUF,RB,,,,423.p.34019
2023,2023 - The League,48,4,0,Oroszlanok,Thomas,false,Alexander Mattison,MIA,RB,,,,423.p.31934
2023,2023 - The League,49,5,0,Oroszlanok,Thomas,false,Mike Williams,PIT,WR,,,,423.p.30120
2023,2023 - The League,50,5,0,MombaMentality,Wendy,false,James Conner,ARI,RB,,,,423.p.30218
2023,2023 - The League,51,5,0,Berserker,Peter,false,Alvin Kamara,NO,RB,,,,423.p.30180
2023,2023 - The League,52,5,0,Dumpster Fire,Eric,false,George Kittle,SF,TE,,,,423.p.30259
2023,2023 - The League,53,5,0,Wailin Raylans,Amanda,false,Trevor Lawrence,JAX,QB,,,,423.p.33389
2023,2023 - The League,54,5,0,No Talent Ass Clowns,mister miles,false,Christian Kirk,SF,WR,,,,423.p.31017
2023,2023 - The League,55,5,0,Leoninos,Leslie,false,Brian Robinson,ATL,RB,,,,423.p.34054
2023,2023 - The League,56,5,0,Rafi Bomb Returns!,Matthew,false,Brandon Aiyuk,SF,WR,,,,423.p.32695
2023,2023 - The League,57,5,0,I LIKE BIG TDS,Wesley,false,Dallas Goedert,PHI,TE,,,,423.p.31019
2023,2023 - The League,58,5,0,Billy Goat Tavern,Amzie,false,Jonathan Taylor,IND,RB,,,,423.p.32711
2023,2023 - The League,59,5,0,Postino's Banditos,Matt,false,Michael Thomas,NO,WR,,,,423.p.29281
2023,2023 - The League,60,5,0,Fat Lazy Americans,Andy,true,Justin Jefferson,MIN,WR,,,,423.p.32692
2023,2023 - The League,61,6,0,Fat Lazy Americans,Andy,true,DeVonta Smith,PHI,WR,,,,423.p.33398
2023,2023 - The League,62,6,0,Postino's Banditos,Matt,false,Tony Pollard,TEN,RB,,,,423.p.31960
2023,2023 - The League,63,6,0,Billy Goat Tavern,Amzie,false,Javonte Williams,DAL,RB,,,,423.p.33423
2023,2023 - The League,64,6,0,I LIKE BIG TDS,Wesley,false,David Montgomery,HOU,RB,,,,423.p.31905
2023,2023 - The League,65,6,0,Rafi Bomb Returns!,Matthew,false,Kyle Pitts Sr.,ATL,TE,,,,423.p.33392
2023,2023 - The League,66,6,0,Leoninos,Leslie,false,Diontae Johnson,CLE,WR,,,,423.p.31898
2023,2023 - The League,67,6,0,No Talent Ass Clowns,mister miles,false,George Pickens,DAL,WR,,,,423.p.34007
2023,2023 - The League,68,6,0,Wailin Raylans,Amanda,false,Evan Engram,DEN,TE,,,,423.p.30136
2023,2023 - The League,69,6,0,Dumpster Fire,Eric,false,Justin Herbert,LAC,QB,,,,423.p.32676
2023,2023 - The League,70,6,0,Berserker,Peter,false,Deshaun Watson,CLE,QB,,,,423.p.30125
2023,2023 - The League,71,6,0,MombaMentality,Wendy,false,Pat Freiermuth,PIT,TE,,,,423.p.33443
2023,2023 - The League,72,6,0,Oroszlanok,Thomas,false,Tee Higgins,CIN,WR,,,,423.p.32703
2023,2023 - The League,73,7,0,Oroszlanok,Thomas,false,Terry McLaurin,WAS,WR,,,,423.p.31908
2023,2023 - The League,74,7,0,MombaMentality,Wendy,false,Zay Flowers,BAL,WR,,,,423.p.40039
2023,2023 - The League,75,7,0,Berserker,Peter,false,Chris Olave,NO,WR,,,,423.p.33966
2023,2023 - The League,76,7,0,Dumpster Fire,Eric,false,Dalvin Cook,DAL,RB,,,,423.p.30154
2023,2023 - The League,77,7,0,Wailin Raylans,Amanda,false,Michael Pittman Jr.,PIT,WR,,,,423.p.32704
2023,2023 - The League,78,7,0,No Talent Ass Clowns,mister miles,false,Gabe Davis,BUF,WR,,,,423.p.32798
2023,2023 - The League,79,7,0,Leoninos,Leslie,false,Jamaal Williams,NO,RB,,,,423.p.30247
2023,2023 - The League,80,7,0,Rafi Bomb Returns!,Matthew,false,Jordan Addison,MIN,WR,,,,423.p.40042
2023,2023 - The League,81,7,0,I LIKE BIG TDS,Wesley,false,D'Andre Swift,CHI,RB,,,,423.p.32705
2023,2023 - The League,82,7,0,Billy Goat Tavern,Amzie,false,Mike Evans,SF,WR,,,,423.p.27535
2023,2023 - The League,83,7,0,Postino's Banditos,Matt,false,Jerry Jeudy,CLE,WR,,,,423.p.32685
2023,2023 - The League,84,7,0,Fat Lazy Americans,Andy,true,AJ Dillon,CAR,RB,,,,423.p.32732
2023,2023 - The League,85,8,0,Fat Lazy Americans,Andy,true,Khalil Herbert,ATL,RB,,,,423.p.33605
2023,2023 - The League,86,8,0,Postino's Banditos,Matt,false,David Njoku,LAC,TE,,,,423.p.30142
2023,2023 - The League,87,8,0,Billy Goat Tavern,Amzie,false,Samaje Perine,CIN,RB,,,,423.p.30227
2023,2023 - The League,88,8,0,I LIKE BIG TDS,Wesley,false,Dak Prescott,DAL,QB,,,,423.p.29369
2023,2023 - The League,89,8,0,Rafi Bomb Returns!,Matthew,false,Hollywood Brown,PHI,WR,,,,423.p.31857
2023,2023 - The League,90,8,0,Leoninos,Leslie,false,Brandin Cooks,SF,WR,,,,423.p.27548
2023,2023 - The League,91,8,0,No Talent Ass Clowns,mister miles,false,Rhamondre Stevenson,NE,RB,,,,423.p.33508
2023,2023 - The League,92,8,0,Wailin Raylans,Amanda,false,Jaxon Smith-Njigba,SEA,WR,,,,423.p.40041
2023,2023 - The League,93,8,0,Dumpster Fire,Eric,false,Antonio Gibson,NE,RB,,,,423.p.32736
2023,2023 - The League,94,8,0,Berserker,Peter,false,Skyy Moore,GB,WR,,,,423.p.34009
2023,2023 - The League,95,8,0,MombaMentality,Wendy,false,Jaylen Warren,PIT,RB,,,,423.p.34447
2023,2023 - The League,96,8,0,Oroszlanok,Thomas,false,Daniel Jones,IND,QB,,,,423.p.31838
2023,2023 - The League,97,9,0,Oroszlanok,Thomas,false,Zach Charbonnet,SEA,RB,,,,423.p.40075
2023,2023 - The League,98,9,0,MombaMentality,Wendy,false,Tank Bigsby,PHI,RB,,,,423.p.40095
2023,2023 - The League,99,9,0,Berserker,Peter,false,Courtland Sutton,DEN,WR,,,,423.p.31010
2023,2023 - The League,100,9,0,Dumpster Fire,Eric,false,Kadarius Toney,CLE,WR,,,,423.p.33408
2023,2023 - The League,101,9,0,Wailin Raylans,Amanda,false,Rashaad Penny,PHI,RB,,,,423.p.30997
2023,2023 - The League,102,9,0,No Talent Ass Clowns,mister miles,false,Damien Harris,BUF,RB,,,,423.p.31919
2023,2023 - The League,103,9,0,Leoninos,Leslie,false,Raheem Mostert,LV,RB,,,,423.p.28654
2023,2023 - The League,104,9,0,Rafi Bomb Returns!,Matthew,false,Elijah Mitchell,KC,RB,,,,423.p.33582
2023,2023 - The League,105,9,0,I LIKE BIG TDS,Wesley,false,Rashod Bateman,BAL,WR,,,,423.p.33415
2023,2023 - The League,106,9,0,Billy Goat Tavern,Amzie,false,DJ Moore,BUF,WR,,,,423.p.30994
2023,2023 - The League,107,9,0,Postino's Banditos,Matt,false,Odell Beckham Jr.,NYG,WR,,,,423.p.27540
2023,2023 - The League,108,9,0,Fat Lazy Americans,Andy,true,Tua Tagovailoa,ATL,QB,,,,423.p.32675
2023,2023 - The League,109,10,0,Fat Lazy Americans,Andy,true,De'Von Achane,MIA,RB,,,,423.p.40118
2023,2023 - The League,110,10,0,Postino's Banditos,Matt,false,Aaron Rodgers,PIT,QB,,,,423.p.7200
2023,2023 - The League,111,10,0,Billy Goat Tavern,Amzie,false,Justin Fields,KC,QB,,,,423.p.33399
2023,2023 - The League,112,10,0,I LIKE BIG TDS,Wesley,false,JuJu Smith-Schuster,NYG,WR,,,,423.p.30175
2023,2023 - The League,113,10,0,Rafi Bomb Returns!,Matthew,false,Anthony Richardson Sr.,IND,QB,,,,423.p.40040
2023,2023 - The League,114,10,0,Leoninos,Leslie,false,Christian Watson,GB,WR,,,,423.p.33989
2023,2023 - The League,115,10,0,No Talent Ass Clowns,mister miles,false,Foyesade Oluokun,JAX,LB,,,,423.p.31170
2023,2023 - The League,116,10,0,Wailin Raylans,Amanda,false,Quentin Johnston,LAC,WR,,,,423.p.40051
2023,2023 - The League,117,10,0,Dumpster Fire,Eric,false,Rondale Moore,MIN,WR,,,,423.p.33437
2023,2023 - The League,118,10,0,Berserker,Peter,false,Roquan Smith,BAL,LB,,,,423.p.30978
2023,2023 - The League,119,10,0,MombaMentality,Wendy,false,Kenny Pickett,CAR,QB,,,,423.p.33975
2023,2023 - The League,120,10,0,Oroszlanok,Thomas,false,Rachaad White,WAS,RB,,,,423.p.34047
2023,2023 - The League,121,11,0,Oroszlanok,Thomas,false,Romeo Doubs,NE,WR,,,,423.p.34088
2023,2023 - The League,122,11,0,MombaMentality,Wendy,false,Jakobi Meyers,JAX,WR,,,,423.p.32231
2023,2023 - The League,123,11,0,Berserker,Peter,false,Nick Bolton,KC,LB,,,,423.p.33446
2023,2023 - The League,124,11,0,Dumpster Fire,Eric,false,Allen Lazard,NYJ,WR,,,,423.p.31268
2023,2023 - The League,125,11,0,Wailin Raylans,Amanda,false,Elijah Moore,PHI,WR,,,,423.p.33422
2023,2023 - The League,126,11,0,No Talent Ass Clowns,mister miles,false,Dalton Schultz,HOU,TE,,,,423.p.31107
2023,2023 - The League,127,11,0,Leoninos,Leslie,false,Zaire Franklin,GB,LB,,,,423.p.31205
2023,2023 - The League,128,11,0,Rafi Bomb Returns!,Matthew,false,Rashee Rice,KC,WR,,,,423.p.40084
2023,2023 - The League,129,11,0,I LIKE BIG TDS,Wesley,false,C.J. Mosley,NYJ,LB,,,,423.p.27545
2023,2023 - The League,130,11,0,Billy Goat Tavern,Amzie,false,Micah Parsons,GB,"LB,DE",,,,423.p.33400
2023,2023 - The League,131,11,0,Postino's Banditos,Matt,false,Dawson Knox,BUF,TE,,,,423.p.31928
2023,2023 - The League,132,11,0,Fat Lazy Americans,Andy,true,Nico Collins,HOU,WR,,,,423.p.33477
2023,2023 - The League,133,12,0,Fat Lazy Americans,Andy,true,Treylon Burks,WAS,WR,,,,423.p.33973
2023,2023 - The League,134,12,0,Postino's Banditos,Matt,false,DJ Chark,ATL,WR,,,,423.p.31031
2023,2023 - The League,135,12,0,Billy Goat Tavern,Amzie,false,Dalton Kincaid,BUF,TE,,,,423.p.40048
2023,2023 - The League,136,12,0,I LIKE BIG TDS,Wesley,false,Kirk Cousins,LV,QB,,,,423.p.25812
2023,2023 - The League,137,12,0,Rafi Bomb Returns!,Matthew,false,Tyler Allgeier,ARI,RB,,,,423.p.34107
2023,2023 - The League,138,12,0,Leoninos,Leslie,false,Drue Tranquill,KC,LB,,,,423.p.31962
2023,2023 - The League,139,12,0,No Talent Ass Clowns,mister miles,false,Brock Purdy,SF,QB,,,,423.p.34218
2023,2023 - The League,140,12,0,Wailin Raylans,Amanda,false,Bobby Wagner,WAS,LB,,,,423.p.25757
2023,2023 - The League,141,12,0,Dumpster Fire,Eric,false,Ezekiel Elliott,DAL,RB,,,,423.p.29238
2023,2023 - The League,142,12,0,Berserker,Peter,false,Geno Smith,NYJ,QB,,,,423.p.26662
2023,2023 - The League,143,12,0,MombaMentality,Wendy,false,Marvin Mims Jr.,DEN,WR,,,,423.p.40090
2023,2023 - The League,144,12,0,Oroszlanok,Thomas,false,Kenny Gainwell,TB,RB,,,,423.p.33538
2023,2023 - The League,145,13,0,Oroszlanok,Thomas,false,Zay Jones,HOU,WR,,,,423.p.30150
2023,2023 - The League,146,13,0,MombaMentality,Wendy,false,T.J. Edwards,CHI,LB,,,,423.p.32403
2023,2023 - The League,147,13,0,Berserker,Peter,false,Darnell Mooney,NYG,WR,,,,423.p.32843
2023,2023 - The League,148,13,0,Dumpster Fire,Eric,false,Jared Goff,DET,QB,,,,423.p.29235
2023,2023 - The League,149,13,0,Wailin Raylans,Amanda,false,Jerick McKinnon,KC,RB,,,,423.p.27624
2023,2023 - The League,150,13,0,No Talent Ass Clowns,mister miles,false,Alex Singleton,DEN,LB,,,,423.p.28716
2023,2023 - The League,151,13,0,Leoninos,Leslie,false,Jalen Pitre,HOU,"DB,S",,,,423.p.33992
2023,2023 - The League,152,13,0,Rafi Bomb Returns!,Matthew,false,Bobby Okereke,CAR,LB,,,,423.p.31921
2023,2023 - The League,153,13,0,I LIKE BIG TDS,Wesley,false,Tyler Boyd,TEN,WR,,,,423.p.29288
2023,2023 - The League,154,13,0,Billy Goat Tavern,Amzie,false,Jordyn Brooks,MIA,LB,,,,423.p.32697
2023,2023 - The League,155,13,0,Postino's Banditos,Matt,false,Shaquille Leonard,IND,LB,,,,423.p.31006
2023,2023 - The League,156,13,0,Fat Lazy Americans,Andy,true,Logan Wilson,DAL,LB,,,,423.p.32735
2023,2023 - The League,157,14,0,Fat Lazy Americans,Andy,true,Roschon Johnson,CHI,RB,,,,423.p.40162
2023,2023 - The League,158,14,0,Postino's Banditos,Matt,false,Dre Greenlaw,SF,LB,,,,423.p.31980
2023,2023 - The League,159,14,0,Billy Goat Tavern,Amzie,false,Justin Tucker,BAL,K,,,,423.p.26534
2023,2023 - The League,160,14,0,I LIKE BIG TDS,Wesley,false,Cole Kmet,CHI,TE,,,,423.p.32713
2023,2023 - The League,161,14,0,Rafi Bomb Returns!,Matthew,false,Josey Jewell,CAR,LB,,,,423.p.31076
2023,2023 - The League,162,14,0,Leoninos,Leslie,false,Frankie Luvu,WAS,LB,,,,423.p.31503
2023,2023 - The League,163,14,0,No Talent Ass Clowns,mister miles,false,Jahan Dotson,ATL,WR,,,,423.p.33971
2023,2023 - The League,164,14,0,Wailin Raylans,Amanda,false,Fred Warner,SF,LB,,,,423.p.31040
2023,2023 - The League,165,14,0,Dumpster Fire,Eric,false,Maxx Crosby,LV,DE,,,,423.p.31938
2023,2023 - The League,166,14,0,Berserker,Peter,false,Garrett Wilson,NYJ,WR,,,,423.p.33965
2023,2023 - The League,167,14,0,MombaMentality,Wendy,false,T.J. Watt,PIT,LB,,,,423.p.30143
2023,2023 - The League,168,14,0,Oroszlanok,Thomas,false,Harrison Butker,KC,K,,,,423.p.30346
2023,2023 - The League,169,15,0,Oroszlanok,Thomas,false,Derwin James Jr.,LAC,S,,,,423.p.30987
2023,2023 - The League,170,15,0,MombaMentality,Wendy,false,Sam LaPorta,DET,TE,,,,423.p.40064
2023,2023 - The League,171,15,0,Berserker,Peter,false,Evan McPherson,CIN,K,,,,423.p.33537
2023,2023 - The League,172,15,0,Dumpster Fire,Eric,false,Jordan Hicks,CLE,LB,,,,423.p.28472
2023,2023 - The League,173,15,0,Wailin Raylans,Amanda,false,Tyler Higbee,LAR,TE,,,,423.p.29344
2023,2023 - The League,174,15,0,No Talent Ass Clowns,mister miles,false,Tyler Bass,BUF,K,,,,423.p.32858
2023,2023 - The League,175,15,0,Leoninos,Leslie,false,Devin Singletary,NYG,RB,,,,423.p.31906
2023,2023 - The League,176,15,0,Rafi Bomb Returns!,Matthew,false,Divine Deablo,ATL,LB,,,,423.p.33468
2023,2023 - The League,177,15,0,I LIKE BIG TDS,Wesley,false,De'Vondre Campbell Sr.,SF,LB,,,,423.p.29349
2023,2023 - The League,178,15,0,Billy Goat Tavern,Amzie,false,Chig Okonkwo,WAS,TE,,,,423.p.34099
2023,2023 - The League,179,15,0,Postino's Banditos,Matt,false,Younghoe Koo,NYG,K,,,,423.p.30426
2023,2023 - The League,180,15,0,Fat Lazy Americans,Andy,true,Pete Werner,NO,LB,,,,423.p.33448
2023,2023 - The League,181,16,0,Fat Lazy Americans,Andy,true,Cole Holcomb,PIT,LB,,,,423.p.32005
2023,2023 - The League,182,16,0,Postino's Banditos,Matt,false,Patrick Queen,PIT,LB,,,,423.p.32698
2023,2023 - The League,183,16,0,Billy Goat Tavern,Amzie,false,Russell Wilson,NYG,QB,,,,423.p.25785
2023,2023 - The League,184,16,0,I LIKE BIG TDS,Wesley,false,Nick Bosa,SF,"DL,DE",,,,423.p.31834
2023,2023 - The League,185,16,0,Rafi Bomb Returns!,Matthew,false,Daniel Carlson,NO,K,,,,423.p.31137
2023,2023 - The League,186,16,0,Leoninos,Leslie,false,Jason Myers,SEA,K,,,,423.p.28378
2023,2023 - The League,187,16,0,No Talent Ass Clowns,mister miles,false,Michael Gallup,WAS,WR,,,,423.p.31051
2023,2023 - The League,188,16,0,Wailin Raylans,Amanda,false,Budda Baker,ARI,S,,,,423.p.30149
2023,2023 - The League,189,16,0,Dumpster Fire,Eric,false,Eric Kendricks,SF,LB,,,,423.p.28433
2023,2023 - The League,190,16,0,Berserker,Peter,false,Adam Thielen,PIT,WR,,,,423.p.27277
2023,2023 - The League,191,16,0,MombaMentality,Wendy,false,Riley Patterson,MIA,K,,,,423.p.33781
2023,2023 - The League,192,16,0,Oroszlanok,Thomas,false,Curtis Bolton III,NYG,LB,,,,423.p.32266
2023,2023 - The League,193,17,0,Oroszlanok,Thomas,false,Ernest Jones IV,SEA,LB,,,,423.p.33491
2023,2023 - The League,194,17,0,MombaMentality,Wendy,false,Joey Porter Jr.,DAL,CB,,,,423.p.40089
2023,2023 - The League,195,17,0,Berserker,Peter,false,Tremaine Edmunds,NYG,LB,,,,423.p.30986
2023,2023 - The League,196,17,0,Dumpster Fire,Eric,false,Jake Elliott,PHI,K,,,,423.p.30266
2023,2023 - The League,197,17,0,Wailin Raylans,Amanda,false,Jason Sanders,NYJ,K,,,,423.p.31199
2023,2023 - The League,198,17,0,No Talent Ass Clowns,mister miles,false,Matt Milano,BUF,LB,,,,423.p.30276
2023,2023 - The League,199,17,0,Leoninos,Leslie,false,Cordarrelle Patterson,PIT,RB,,,,423.p.26652
2023,2023 - The League,200,17,0,Rafi Bomb Returns!,Matthew,false,Alec Pierce,IND,WR,,,,423.p.34008
2023,2023 - The League,201,17,0,I LIKE BIG TDS,Wesley,false,Brandon McManus,GB,K,,,,423.p.27120
2023,2023 - The League,202,17,0,Billy Goat Tavern,Amzie,false,Haason Reddick,TB,LB,,,,423.p.30126
2023,2023 - The League,203,17,0,Postino's Banditos,Matt,false,Myles Garrett,LAR,DE,,,,423.p.30114
2023,2023 - The League,204,17,0,Fat Lazy Americans,Andy,true,Jordan Love,GB,QB,,,,423.p.32696
2023,The Honey Badgers,1,1,0,McGibblets,fritchie,false,Justin Jefferson,MIN,WR,,,,423.p.32692
2023,The Honey Badgers,2,1,0,Unicorn Love,Krista,false,Tyreek Hill,MIA,WR,,,,423.p.29399
2023,The Honey Badgers,3,1,0,Jesus take the wheel,Alejandro C,false,Christian McCaffrey,SF,RB,,,,423.p.30121
2023,The Honey Badgers,4,1,0,Kryponite,BULL,false,Austin Ekeler,WAS,RB,,,,423.p.30423
2023,The Honey Badgers,5,1,0,Kelce You in the Toilet Bowl,Matthew,false,Travis Kelce,KC,TE,,,,423.p.26686
2023,The Honey Badgers,6,1,0,My Balls Are Afoot,Chuck,false,Nick Chubb,HOU,RB,,,,423.p.31005
2023,The Honey Badgers,7,1,0,The Trophy Wives,Geri Hill,false,Bijan Robinson,ATL,RB,,,,423.p.40055
2023,The Honey Badgers,8,1,0,BeaverFever,Jaimie Harcos,false,Stefon Diggs,WAS,WR,,,,423.p.28534
2023,The Honey Badgers,9,1,0,The Curious Case of Cookus,Joseph,false,Garrett Wilson,NYJ,WR,,,,423.p.33965
2023,The Honey Badgers,10,1,0,Dolphin Boobiez,Tali,false,A.J. Brown,NE,WR,,,,423.p.31883
2023,The Honey Badgers,11,1,0,Fat Lazy Americans,Andy,true,CeeDee Lamb,DAL,WR,,,,423.p.32687
2023,The Honey Badgers,12,1,0,Olivators,Amanda,false,Patrick Mahomes,KC,QB,,,,423.p.30123
2023,The Honey Badgers,13,2,0,Olivators,Amanda,false,Derrick Henry,BAL,RB,,,,423.p.29279
2023,The Honey Badgers,14,2,0,Fat Lazy Americans,Andy,true,Joe Mixon,SEA,RB,,,,423.p.30161
2023,The Honey Badgers,15,2,0,Dolphin Boobiez,Tali,false,Jalen Hurts,PHI,QB,,,,423.p.32723
2023,The Honey Badgers,16,2,0,The Curious Case of Cookus,Joseph,false,Rhamondre Stevenson,NE,RB,,,,423.p.33508
2023,The Honey Badgers,17,2,0,BeaverFever,Jaimie Harcos,false,Amon-Ra St. Brown,DET,WR,,,,423.p.33500
2023,The Honey Badgers,18,2,0,The Trophy Wives,Geri Hill,false,Josh Allen,BUF,QB,,,,423.p.30977
2023,The Honey Badgers,19,2,0,My Balls Are Afoot,Chuck,false,Justin Herbert,LAC,QB,,,,423.p.32676
2023,The Honey Badgers,20,2,0,Kelce You in the Toilet Bowl,Matthew,false,Davante Adams,LAR,WR,,,,423.p.27581
2023,The Honey Badgers,21,2,0,Kryponite,BULL,false,Najee Harris,NYG,RB,,,,423.p.33412
2023,The Honey Badgers,22,2,0,Jesus take the wheel,Alejandro C,false,Travis Etienne Jr.,NO,RB,,,,423.p.33413
2023,The Honey Badgers,23,2,0,Unicorn Love,Krista,false,Mark Andrews,BAL,TE,,,,423.p.31056
2023,The Honey Badgers,24,2,0,McGibblets,fritchie,false,Cooper Kupp,SEA,WR,,,,423.p.30182
2023,The Honey Badgers,25,3,0,McGibblets,fritchie,false,Jahmyr Gibbs,DET,RB,,,,423.p.40059
2023,The Honey Badgers,26,3,0,Unicorn Love,Krista,false,Javonte Williams,DAL,RB,,,,423.p.33423
2023,The Honey Badgers,27,3,0,Jesus take the wheel,Alejandro C,false,Tee Higgins,CIN,WR,,,,423.p.32703
2023,The Honey Badgers,28,3,0,Kryponite,BULL,false,Deebo Samuel Sr.,SF,WR,,,,423.p.31868
2023,The Honey Badgers,29,3,0,Kelce You in the Toilet Bowl,Matthew,false,Aaron Jones Sr.,MIN,RB,,,,423.p.30295
2023,The Honey Badgers,30,3,0,My Balls Are Afoot,Chuck,false,Josh Jacobs,GB,RB,,,,423.p.31856
2023,The Honey Badgers,31,3,0,The Trophy Wives,Geri Hill,false,Ja'Marr Chase,CIN,WR,,,,423.p.33393
2023,The Honey Badgers,32,3,0,BeaverFever,Jaimie Harcos,false,Dameon Pierce,PHI,RB,,,,423.p.34063
2023,The Honey Badgers,33,3,0,The Curious Case of Cookus,Joseph,false,Jaylen Waddle,DEN,WR,,,,423.p.33394
2023,The Honey Badgers,34,3,0,Dolphin Boobiez,Tali,false,J.K. Dobbins,DEN,RB,,,,423.p.32725
2023,The Honey Badgers,35,3,0,Fat Lazy Americans,Andy,true,T.J. Hockenson,MIN,TE,,,,423.p.31840
2023,The Honey Badgers,36,3,0,Olivators,Amanda,false,Keenan Allen,IND,WR,,,,423.p.26699
2023,The Honey Badgers,37,4,0,Olivators,Amanda,false,Darren Waller,CAR,TE,,,,423.p.28592
2023,The Honey Badgers,38,4,0,Fat Lazy Americans,Andy,true,Breece Hall,NYJ,RB,,,,423.p.33991
2023,The Honey Badgers,39,4,0,Dolphin Boobiez,Tali,false,Calvin Ridley,TEN,WR,,,,423.p.30996
2023,The Honey Badgers,40,4,0,The Curious Case of Cookus,Joseph,false,Lamar Jackson,BAL,QB,,,,423.p.31002
2023,The Honey Badgers,41,4,0,BeaverFever,Jaimie Harcos,false,Justin Fields,KC,QB,,,,423.p.33399
2023,The Honey Badgers,42,4,0,The Trophy Wives,Geri Hill,false,Dallas Goedert,PHI,TE,,,,423.p.31019
2023,The Honey Badgers,43,4,0,My Balls Are Afoot,Chuck,false,George Kittle,SF,TE,,,,423.p.30259
2023,The Honey Badgers,44,4,0,Kelce You in the Toilet Bowl,Matthew,false,Alexander Mattison,MIA,RB,,,,423.p.31934
2023,The Honey Badgers,45,4,0,Kryponite,BULL,false,Joe Burrow,CIN,QB,,,,423.p.32671
2023,The Honey Badgers,46,4,0,Jesus take the wheel,Alejandro C,false,Amari Cooper,BUF,WR,,,,423.p.28392
2023,The Honey Badgers,47,4,0,Unicorn Love,Krista,false,Tua Tagovailoa,ATL,QB,,,,423.p.32675
2023,The Honey Badgers,48,4,0,McGibblets,fritchie,false,Anthony Richardson Sr.,IND,QB,,,,423.p.40040
2023,The Honey Badgers,49,5,0,McGibblets,fritchie,false,James Cook III,BUF,RB,,,,423.p.34019
2023,The Honey Badgers,50,5,0,Unicorn Love,Krista,false,DJ Moore,BUF,WR,,,,423.p.30994
2023,The Honey Badgers,51,5,0,Jesus take the wheel,Alejandro C,false,James Conner,ARI,RB,,,,423.p.30218
2023,The Honey Badgers,52,5,0,Kryponite,BULL,false,Tyler Lockett,LV,WR,,,,423.p.28457
2023,The Honey Badgers,53,5,0,Kelce You in the Toilet Bowl,Matthew,false,DK Metcalf,PIT,WR,,,,423.p.31896
2023,The Honey Badgers,54,5,0,My Balls Are Afoot,Chuck,false,Brandon Aiyuk,SF,WR,,,,423.p.32695
2023,The Honey Badgers,55,5,0,The Trophy Wives,Geri Hill,false,Tony Pollard,TEN,RB,,,,423.p.31960
2023,The Honey Badgers,56,5,0,BeaverFever,Jaimie Harcos,false,Jonathan Taylor,IND,RB,,,,423.p.32711
2023,The Honey Badgers,57,5,0,The Curious Case of Cookus,Joseph,false,Kyle Pitts Sr.,ATL,TE,,,,423.p.33392
2023,The Honey Badgers,58,5,0,Dolphin Boobiez,Tali,false,Cam Akers,SEA,RB,,,,423.p.32722
2023,The Honey Badgers,59,5,0,Fat Lazy Americans,Andy,true,Christian Watson,GB,WR,,,,423.p.33989
2023,The Honey Badgers,60,5,0,Olivators,Amanda,false,Chris Godwin Jr.,TB,WR,,,,423.p.30197
2023,The Honey Badgers,61,6,0,Olivators,Amanda,false,Drake London,ATL,WR,,,,423.p.33963
2023,The Honey Badgers,62,6,0,Fat Lazy Americans,Andy,true,Deshaun Watson,CLE,QB,,,,423.p.30125
2023,The Honey Badgers,63,6,0,Dolphin Boobiez,Tali,false,Miles Sanders,DAL,RB,,,,423.p.31885
2023,The Honey Badgers,64,6,0,The Curious Case of Cookus,Joseph,false,David Montgomery,HOU,RB,,,,423.p.31905
2023,The Honey Badgers,65,6,0,BeaverFever,Jaimie Harcos,false,Michael Pittman Jr.,PIT,WR,,,,423.p.32704
2023,The Honey Badgers,66,6,0,The Trophy Wives,Geri Hill,false,Diontae Johnson,CLE,WR,,,,423.p.31898
2023,The Honey Badgers,67,6,0,My Balls Are Afoot,Chuck,false,Christian Kirk,SF,WR,,,,423.p.31017
2023,The Honey Badgers,68,6,0,Kelce You in the Toilet Bowl,Matthew,false,DeVonta Smith,PHI,WR,,,,423.p.33398
2023,The Honey Badgers,69,6,0,Kryponite,BULL,false,Dalvin Cook,DAL,RB,,,,423.p.30154
2023,The Honey Badgers,70,6,0,Jesus take the wheel,Alejandro C,false,George Pickens,DAL,WR,,,,423.p.34007
2023,The Honey Badgers,71,6,0,Unicorn Love,Krista,false,D'Andre Swift,CHI,RB,,,,423.p.32705
2023,The Honey Badgers,72,6,0,McGibblets,fritchie,false,Mike Williams,PIT,WR,,,,423.p.30120
2023,The Honey Badgers,73,7,0,McGibblets,fritchie,false,Pat Freiermuth,PIT,TE,,,,423.p.33443
2023,The Honey Badgers,74,7,0,Unicorn Love,Krista,false,C.J. Mosley,NYJ,LB,,,,423.p.27545
2023,The Honey Badgers,75,7,0,Jesus take the wheel,Alejandro C,false,Kirk Cousins,LV,QB,,,,423.p.25812
2023,The Honey Badgers,76,7,0,Kryponite,BULL,false,David Njoku,LAC,TE,,,,423.p.30142
2023,The Honey Badgers,77,7,0,Kelce You in the Toilet Bowl,Matthew,false,Daniel Jones,IND,QB,,,,423.p.31838
2023,The Honey Badgers,78,7,0,My Balls Are Afoot,Chuck,false,Khalil Herbert,ATL,RB,,,,423.p.33605
2023,The Honey Badgers,79,7,0,The Trophy Wives,Geri Hill,false,Alvin Kamara,NO,RB,,,,423.p.30180
2023,The Honey Badgers,80,7,0,BeaverFever,Jaimie Harcos,false,Evan Engram,DEN,TE,,,,423.p.30136
2023,The Honey Badgers,81,7,0,The Curious Case of Cookus,Joseph,false,Jahan Dotson,ATL,WR,,,,423.p.33971
2023,The Honey Badgers,82,7,0,Dolphin Boobiez,Tali,false,Terry McLaurin,WAS,WR,,,,423.p.31908
2023,The Honey Badgers,83,7,0,Fat Lazy Americans,Andy,true,Foyesade Oluokun,JAX,LB,,,,423.p.31170
2023,The Honey Badgers,84,7,0,Olivators,Amanda,false,Gabe Davis,BUF,WR,,,,423.p.32798
2023,The Honey Badgers,85,8,0,Olivators,Amanda,false,Saquon Barkley,PHI,RB,,,,423.p.30972
2023,The Honey Badgers,86,8,0,Fat Lazy Americans,Andy,true,AJ Dillon,CAR,RB,,,,423.p.32732
2023,The Honey Badgers,87,8,0,Dolphin Boobiez,Tali,false,Hollywood Brown,PHI,WR,,,,423.p.31857
2023,The Honey Badgers,88,8,0,The Curious Case of Cookus,Joseph,false,Mike Evans,SF,WR,,,,423.p.27535
2023,The Honey Badgers,89,8,0,BeaverFever,Jaimie Harcos,false,Justin Tucker,BAL,K,,,,423.p.26534
2023,The Honey Badgers,90,8,0,The Trophy Wives,Geri Hill,false,Jordan Addison,MIN,WR,,,,423.p.40042
2023,The Honey Badgers,91,8,0,My Balls Are Afoot,Chuck,false,Elijah Moore,PHI,WR,,,,423.p.33422
2023,The Honey Badgers,92,8,0,Kelce You in the Toilet Bowl,Matthew,false,DeAndre Hopkins,BAL,WR,,,,423.p.26650
2023,The Honey Badgers,93,8,0,Kryponite,BULL,false,Eric Kendricks,SF,LB,,,,423.p.28433
2023,The Honey Badgers,94,8,0,Jesus take the wheel,Alejandro C,false,Jerick McKinnon,KC,RB,,,,423.p.27624
2023,The Honey Badgers,95,8,0,Unicorn Love,Krista,false,Brandin Cooks,SF,WR,,,,423.p.27548
2023,The Honey Badgers,96,8,0,McGibblets,fritchie,false,Rashaad Penny,PHI,RB,,,,423.p.30997
2023,The Honey Badgers,97,9,0,McGibblets,fritchie,false,Jerry Jeudy,CLE,WR,,,,423.p.32685
2023,The Honey Badgers,98,9,0,Unicorn Love,Krista,false,Sam LaPorta,DET,TE,,,,423.p.40064
2023,The Honey Badgers,99,9,0,Jesus take the wheel,Alejandro C,false,Gerald Everett,CHI,TE,,,,423.p.30157
2023,The Honey Badgers,100,9,0,Kryponite,BULL,false,Brock Purdy,SF,QB,,,,423.p.34218
2023,The Honey Badgers,101,9,0,Kelce You in the Toilet Bowl,Matthew,false,Brian Robinson,ATL,RB,,,,423.p.34054
2023,The Honey Badgers,102,9,0,My Balls Are Afoot,Chuck,false,Antonio Gibson,NE,RB,,,,423.p.32736
2023,The Honey Badgers,103,9,0,The Trophy Wives,Geri Hill,false,Roquan Smith,BAL,LB,,,,423.p.30978
2023,The Honey Badgers,104,9,0,BeaverFever,Jaimie Harcos,false,Rachaad White,WAS,RB,,,,423.p.34047
2023,The Honey Badgers,105,9,0,The Curious Case of Cookus,Joseph,false,Jamaal Williams,NO,RB,,,,423.p.30247
2023,The Honey Badgers,106,9,0,Dolphin Boobiez,Tali,false,Nick Bolton,KC,LB,,,,423.p.33446
2023,The Honey Badgers,107,9,0,Fat Lazy Americans,Andy,true,Kenneth Walker III,KC,RB,,,,423.p.33996
2023,The Honey Badgers,108,9,0,Olivators,Amanda,false,Zach Charbonnet,SEA,RB,,,,423.p.40075
2023,The Honey Badgers,109,10,0,Olivators,Amanda,false,Bobby Wagner,WAS,LB,,,,423.p.25757
2023,The Honey Badgers,110,10,0,Fat Lazy Americans,Andy,true,Chris Olave,NO,WR,,,,423.p.33966
2023,The Honey Badgers,111,10,0,Dolphin Boobiez,Tali,false,Raheem Mostert,LV,RB,,,,423.p.28654
2023,The Honey Badgers,112,10,0,The Curious Case of Cookus,Joseph,false,Rashod Bateman,BAL,WR,,,,423.p.33415
2023,The Honey Badgers,113,10,0,BeaverFever,Jaimie Harcos,false,Isiah Pacheco,DET,RB,,,,423.p.34207
2023,The Honey Badgers,114,10,0,The Trophy Wives,Geri Hill,false,Jaxon Smith-Njigba,SEA,WR,,,,423.p.40041
2023,The Honey Badgers,115,10,0,My Balls Are Afoot,Chuck,false,Zaire Franklin,GB,LB,,,,423.p.31205
2023,The Honey Badgers,116,10,0,Kelce You in the Toilet Bowl,Matthew,false,Dak Prescott,DAL,QB,,,,423.p.29369
2023,The Honey Badgers,117,10,0,Kryponite,BULL,false,Courtland Sutton,DEN,WR,,,,423.p.31010
2023,The Honey Badgers,118,10,0,Jesus take the wheel,Alejandro C,false,Aaron Rodgers,PIT,QB,,,,423.p.7200
2023,The Honey Badgers,119,10,0,Unicorn Love,Krista,false,Damien Harris,BUF,RB,,,,423.p.31919
2023,The Honey Badgers,120,10,0,McGibblets,fritchie,false,Jaylen Warren,PIT,RB,,,,423.p.34447
2023,The Honey Badgers,121,11,0,McGibblets,fritchie,false,Treylon Burks,WAS,WR,,,,423.p.33973
2023,The Honey Badgers,122,11,0,Unicorn Love,Krista,false,Jared Goff,DET,QB,,,,423.p.29235
2023,The Honey Badgers,123,11,0,Jesus take the wheel,Alejandro C,false,Cole Kmet,CHI,TE,,,,423.p.32713
2023,The Honey Badgers,124,11,0,Kryponite,BULL,false,JuJu Smith-Schuster,NYG,WR,,,,423.p.30175
2023,The Honey Badgers,125,11,0,Kelce You in the Toilet Bowl,Matthew,false,De'Von Achane,MIA,RB,,,,423.p.40118
2023,The Honey Badgers,126,11,0,My Balls Are Afoot,Chuck,false,Logan Wilson,DAL,LB,,,,423.p.32735
2023,The Honey Badgers,127,11,0,The Trophy Wives,Geri Hill,false,Devin White,DET,LB,,,,423.p.31837
2023,The Honey Badgers,128,11,0,BeaverFever,Jaimie Harcos,false,Fred Warner,SF,LB,,,,423.p.31040
2023,The Honey Badgers,129,11,0,The Curious Case of Cookus,Joseph,false,Tyler Allgeier,ARI,RB,,,,423.p.34107
2023,The Honey Badgers,130,11,0,Dolphin Boobiez,Tali,false,Dalton Kincaid,BUF,TE,,,,423.p.40048
2023,The Honey Badgers,131,11,0,Fat Lazy Americans,Andy,true,Zay Flowers,BAL,WR,,,,423.p.40039
2023,The Honey Badgers,132,11,0,Olivators,Amanda,false,Derwin James Jr.,LAC,S,,,,423.p.30987
2023,The Honey Badgers,133,12,0,Olivators,Amanda,false,Samaje Perine,CIN,RB,,,,423.p.30227
2023,The Honey Badgers,134,12,0,Fat Lazy Americans,Andy,true,Michael Thomas,NO,WR,,,,423.p.29281
2023,The Honey Badgers,135,12,0,Dolphin Boobiez,Tali,false,Trevor Lawrence,JAX,QB,,,,423.p.33389
2023,The Honey Badgers,136,12,0,The Curious Case of Cookus,Joseph,false,Bobby Okereke,CAR,LB,,,,423.p.31921
2023,The Honey Badgers,137,12,0,BeaverFever,Jaimie Harcos,false,Josey Jewell,CAR,LB,,,,423.p.31076
2023,The Honey Badgers,138,12,0,The Trophy Wives,Geri Hill,false,Tank Bigsby,PHI,RB,,,,423.p.40095
2023,The Honey Badgers,139,12,0,My Balls Are Afoot,Chuck,false,Rashee Rice,KC,WR,,,,423.p.40084
2023,The Honey Badgers,140,12,0,Kelce You in the Toilet Bowl,Matthew,false,Frankie Luvu,WAS,LB,,,,423.p.31503
2023,The Honey Badgers,141,12,0,Kryponite,BULL,false,Jakobi Meyers,JAX,WR,,,,423.p.32231
2023,The Honey Badgers,142,12,0,Jesus take the wheel,Alejandro C,false,Patrick Queen,PIT,LB,,,,423.p.32698
2023,The Honey Badgers,143,12,0,Unicorn Love,Krista,false,T.J. Edwards,CHI,LB,,,,423.p.32403
2023,The Honey Badgers,144,12,0,McGibblets,fritchie,false,Daniel Carlson,NO,K,,,,423.p.31137
2023,The Honey Badgers,145,13,0,McGibblets,fritchie,false,Clyde Edwards-Helaire,KC,RB,,,,423.p.32702
2023,The Honey Badgers,146,13,0,Unicorn Love,Krista,false,Quentin Johnston,LAC,WR,,,,423.p.40051
2023,The Honey Badgers,147,13,0,Jesus take the wheel,Alejandro C,false,Kenny Gainwell,TB,RB,,,,423.p.33538
2023,The Honey Badgers,148,13,0,Kryponite,BULL,false,Ezekiel Elliott,DAL,RB,,,,423.p.29238
2023,The Honey Badgers,149,13,0,Kelce You in the Toilet Bowl,Matthew,false,Kadarius Toney,CLE,WR,,,,423.p.33408
2023,The Honey Badgers,150,13,0,My Balls Are Afoot,Chuck,false,Tyler Bass,BUF,K,,,,423.p.32858
2023,The Honey Badgers,151,13,0,The Trophy Wives,Geri Hill,false,Skyy Moore,GB,WR,,,,423.p.34009
2023,The Honey Badgers,152,13,0,BeaverFever,Jaimie Harcos,false,Pete Werner,NO,LB,,,,423.p.33448
2023,The Honey Badgers,153,13,0,The Curious Case of Cookus,Joseph,false,De'Vondre Campbell Sr.,SF,LB,,,,423.p.29349
2023,The Honey Badgers,154,13,0,Dolphin Boobiez,Tali,false,Chig Okonkwo,WAS,TE,,,,423.p.34099
2023,The Honey Badgers,155,13,0,Fat Lazy Americans,Andy,true,Elijah Mitchell,KC,RB,,,,423.p.33582
2023,The Honey Badgers,156,13,0,Olivators,Amanda,false,Nico Collins,HOU,WR,,,,423.p.33477
2023,The Honey Badgers,157,14,0,Olivators,Amanda,false,Roschon Johnson,CHI,RB,,,,423.p.40162
2023,The Honey Badgers,158,14,0,Fat Lazy Americans,Andy,true,Dre Greenlaw,SF,LB,,,,423.p.31980
2023,The Honey Badgers,159,14,0,Dolphin Boobiez,Tali,false,Odell Beckham Jr.,NYG,WR,,,,423.p.27540
2023,The Honey Badgers,160,14,0,The Curious Case of Cookus,Joseph,false,Geno Smith,NYJ,QB,,,,423.p.26662
2023,The Honey Badgers,161,14,0,BeaverFever,Jaimie Harcos,false,Tyler Higbee,LAR,TE,,,,423.p.29344
2023,The Honey Badgers,162,14,0,The Trophy Wives,Geri Hill,false,Harrison Butker,KC,K,,,,423.p.30346
2023,The Honey Badgers,163,14,0,My Balls Are Afoot,Chuck,false,Marcus Jones,NE,"DB,CB",,,,423.p.34041
2023,The Honey Badgers,164,14,0,Kelce You in the Toilet Bowl,Matthew,false,Jalen Pitre,HOU,"DB,S",,,,423.p.33992
2023,The Honey Badgers,165,14,0,Kryponite,BULL,false,Minkah Fitzpatrick,NYJ,S,,,,423.p.30981
2023,The Honey Badgers,166,14,0,Jesus take the wheel,Alejandro C,false,Nick Bosa,SF,"DL,DE",,,,423.p.31834
2023,The Honey Badgers,167,14,0,Unicorn Love,Krista,false,Shaquille Leonard,IND,LB,,,,423.p.31006
2023,The Honey Badgers,168,14,0,McGibblets,fritchie,false,Tremon Smith,HOU,CB,,,,423.p.31166
2023,The Honey Badgers,169,15,0,McGibblets,fritchie,false,Dalton Schultz,HOU,TE,,,,423.p.31107
2023,The Honey Badgers,170,15,0,Unicorn Love,Krista,false,Devin Singletary,NYG,RB,,,,423.p.31906
2023,The Honey Badgers,171,15,0,Jesus take the wheel,Alejandro C,false,Evan McPherson,CIN,K,,,,423.p.33537
2023,The Honey Badgers,172,15,0,Kryponite,BULL,false,Darnell Mooney,NYG,WR,,,,423.p.32843
2023,The Honey Badgers,173,15,0,Kelce You in the Toilet Bowl,Matthew,false,Jake Elliott,PHI,K,,,,423.p.30266
2023,The Honey Badgers,174,15,0,My Balls Are Afoot,Chuck,false,Jake Ferguson,DAL,TE,,,,423.p.34085
2023,The Honey Badgers,175,15,0,The Trophy Wives,Geri Hill,false,Cole Holcomb,PIT,LB,,,,423.p.32005
2023,The Honey Badgers,176,15,0,BeaverFever,Jaimie Harcos,false,Kendre Miller,NO,RB,,,,423.p.40108
2023,The Honey Badgers,177,15,0,The Curious Case of Cookus,Joseph,false,Micah Parsons,GB,"LB,DE",,,,423.p.33400
2023,The Honey Badgers,178,15,0,Dolphin Boobiez,Tali,false,L'Jarius Sneed,KC,CB,,,,423.p.32808
2023,The Honey Badgers,179,15,0,Fat Lazy Americans,Andy,true,Ernest Jones IV,SEA,LB,,,,423.p.33491
2023,The Honey Badgers,180,15,0,Olivators,Amanda,false,Allen Lazard,NYJ,WR,,,,423.p.31268
2023,The Honey Badgers,181,16,0,Olivators,Amanda,false,Tremaine Edmunds,NYG,LB,,,,423.p.30986
2023,The Honey Badgers,182,16,0,Fat Lazy Americans,Andy,true,Romeo Doubs,NE,WR,,,,423.p.34088
2023,The Honey Badgers,183,16,0,Dolphin Boobiez,Tali,false,Jordan Hicks,CLE,LB,,,,423.p.28472
2023,The Honey Badgers,184,16,0,The Curious Case of Cookus,Joseph,false,Azeez Al-Shaair,HOU,LB,,,,423.p.32318
2023,The Honey Badgers,185,16,0,BeaverFever,Jaimie Harcos,false,Russell Wilson,NYG,QB,,,,423.p.25785
2023,The Honey Badgers,186,16,0,The Trophy Wives,Geri Hill,false,Jordan Love,GB,QB,,,,423.p.32696
2023,The Honey Badgers,187,16,0,My Balls Are Afoot,Chuck,false,Kenny Pickett,CAR,QB,,,,423.p.33975
2023,The Honey Badgers,188,16,0,Kelce You in the Toilet Bowl,Matthew,false,Jayden Reed,GB,WR,,,,423.p.40063
2023,The Honey Badgers,189,16,0,Kryponite,BULL,false,Younghoe Koo,NYG,K,,,,423.p.30426
2023,The Honey Badgers,190,16,0,Jesus take the wheel,Alejandro C,false,Michael Gallup,WAS,WR,,,,423.p.31051
2023,The Honey Badgers,191,16,0,Unicorn Love,Krista,false,Alex Singleton,DEN,LB,,,,423.p.28716
2023,The Honey Badgers,192,16,0,McGibblets,fritchie,false,Justin Reid,NO,S,,,,423.p.31038
2023,The Honey Badgers,193,17,0,McGibblets,fritchie,false,Christian Wilkins,LV,DT,,,,423.p.31845
2023,The Honey Badgers,194,17,0,Unicorn Love,Krista,false,Riley Patterson,MIA,K,,,,423.p.33781
2023,The Honey Badgers,195,17,0,Jesus take the wheel,Alejandro C,false,Sauce Gardner,IND,CB,,,,423.p.33959
2023,The Honey Badgers,196,17,0,Kryponite,BULL,false,C.J. Moore,DET,S,,,,423.p.32454
2023,The Honey Badgers,197,17,0,Kelce You in the Toilet Bowl,Matthew,false,Matt Milano,BUF,LB,,,,423.p.30276
2023,The Honey Badgers,198,17,0,My Balls Are Afoot,Chuck,false,Cameron Dicker,LAC,K,,,,423.p.34344
2023,The Honey Badgers,199,17,0,The Trophy Wives,Geri Hill,false,Juwan Johnson,NO,TE,,,,423.p.33113
2023,The Honey Badgers,200,17,0,BeaverFever,Jaimie Harcos,false,Jason Sanders,NYJ,K,,,,423.p.31199
2023,The Honey Badgers,201,17,0,The Curious Case of Cookus,Joseph,false,Jason Myers,SEA,K,,,,423.p.28378
2023,The Honey Badgers,202,17,0,Dolphin Boobiez,Tali,false,Brandon McManus,GB,K,,,,423.p.27120
2023,The Honey Badgers,203,17,0,Fat Lazy Americans,Andy,true,Tyjae Spears,TEN,RB,,,,423.p.40119
2023,The Honey Badgers,204,17,0,Olivators,Amanda,false,Adam Thielen,PIT,WR,,,,423.p.27277
2023,Rose Bowl XVIII,1,1,0,Olivators,Amanda,false,Justin Jefferson,MIN,WR,,,,423.p.32692
2023,Rose Bowl XVIII,2,1,0,Kenneth Walker Texas Ranger,Elijah,false,Christian McCaffrey,SF,RB,,,,423.p.30121
2023,Rose Bowl XVIII,3,1,0,OUTLAWS,sour,false,Tyreek Hill,MIA,WR,,,,423.p.29399
2023,Rose Bowl XVIII,4,1,0,Concussion Protocol,Matt,false,Ja'Marr Chase,CIN,WR,,,,423.p.33393
2023,Rose Bowl XVIII,5,1,0,Chubbtown Brownies,JLou,false,Austin Ekeler,WAS,RB,,,,423.p.30423
2023,Rose Bowl XVIII,6,1,0,L.V. Rosekillers,Patrick,false,Bijan Robinson,ATL,RB,,,,423.p.40055
2023,Rose Bowl XVIII,7,1,0,Watching Basketball,Chuck,false,Travis Kelce,KC,TE,,,,423.p.26686
2023,Rose Bowl XVIII,8,1,0,CallinginSickMonday,Jaimie Harcos,false,Nick Chubb,HOU,RB,,,,423.p.31005
2023,Rose Bowl XVIII,9,1,0,SlapMyBass,Stephen Myhal,false,Stefon Diggs,WAS,WR,,,,423.p.28534
2023,Rose Bowl XVIII,10,1,0,NDrams,sean,false,Saquon Barkley,PHI,RB,,,,423.p.30972
2023,Rose Bowl XVIII,11,1,0,Fat Lazy Americans,Andy,true,Tony Pollard,TEN,RB,,,,423.p.31960
2023,Rose Bowl XVIII,12,1,0,Stab Your Back,Damien Robertson,false,Davante Adams,LAR,WR,,,,423.p.27581
2023,Rose Bowl XVIII,13,2,0,Stab Your Back,Damien Robertson,false,Patrick Mahomes,KC,QB,,,,423.p.30123
2023,Rose Bowl XVIII,14,2,0,Fat Lazy Americans,Andy,true,Amon-Ra St. Brown,DET,WR,,,,423.p.33500
2023,Rose Bowl XVIII,15,2,0,NDrams,sean,false,Josh Jacobs,GB,RB,,,,423.p.31856
2023,Rose Bowl XVIII,16,2,0,SlapMyBass,Stephen Myhal,false,Derrick Henry,BAL,RB,,,,423.p.29279
2023,Rose Bowl XVIII,17,2,0,CallinginSickMonday,Jaimie Harcos,false,Cooper Kupp,SEA,WR,,,,423.p.30182
2023,Rose Bowl XVIII,18,2,0,Watching Basketball,Chuck,false,A.J. Brown,NE,WR,,,,423.p.31883
2023,Rose Bowl XVIII,19,2,0,L.V. Rosekillers,Patrick,false,Travis Etienne Jr.,NO,RB,,,,423.p.33413
2023,Rose Bowl XVIII,20,2,0,Chubbtown Brownies,JLou,false,CeeDee Lamb,DAL,WR,,,,423.p.32687
2023,Rose Bowl XVIII,21,2,0,Concussion Protocol,Matt,false,Garrett Wilson,NYJ,WR,,,,423.p.33965
2023,Rose Bowl XVIII,22,2,0,OUTLAWS,sour,false,Chris Olave,NO,WR,,,,423.p.33966
2023,Rose Bowl XVIII,23,2,0,Kenneth Walker Texas Ranger,Elijah,false,DeVonta Smith,PHI,WR,,,,423.p.33398
2023,Rose Bowl XVIII,24,2,0,Olivators,Amanda,false,Najee Harris,NYG,RB,,,,423.p.33412
2023,Rose Bowl XVIII,25,3,0,Olivators,Amanda,false,Josh Allen,BUF,QB,,,,423.p.30977
2023,Rose Bowl XVIII,26,3,0,Kenneth Walker Texas Ranger,Elijah,false,Jalen Hurts,PHI,QB,,,,423.p.32723
2023,Rose Bowl XVIII,27,3,0,OUTLAWS,sour,false,Lamar Jackson,BAL,QB,,,,423.p.31002
2023,Rose Bowl XVIII,28,3,0,Concussion Protocol,Matt,false,DK Metcalf,PIT,WR,,,,423.p.31896
2023,Rose Bowl XVIII,29,3,0,Chubbtown Brownies,JLou,false,Jaylen Waddle,DEN,WR,,,,423.p.33394
2023,Rose Bowl XVIII,30,3,0,L.V. Rosekillers,Patrick,false,Tee Higgins,CIN,WR,,,,423.p.32703
2023,Rose Bowl XVIII,31,3,0,Watching Basketball,Chuck,false,Joe Mixon,SEA,RB,,,,423.p.30161
2023,Rose Bowl XVIII,32,3,0,CallinginSickMonday,Jaimie Harcos,false,Jahmyr Gibbs,DET,RB,,,,423.p.40059
2023,Rose Bowl XVIII,33,3,0,SlapMyBass,Stephen Myhal,false,Calvin Ridley,TEN,WR,,,,423.p.30996
2023,Rose Bowl XVIII,34,3,0,NDrams,sean,false,Keenan Allen,IND,WR,,,,423.p.26699
2023,Rose Bowl XVIII,35,3,0,Fat Lazy Americans,Andy,true,Rhamondre Stevenson,NE,RB,,,,423.p.33508
2023,Rose Bowl XVIII,36,3,0,Stab Your Back,Damien Robertson,false,Dameon Pierce,PHI,RB,,,,423.p.34063
2023,Rose Bowl XVIII,37,4,0,Stab Your Back,Damien Robertson,false,Mark Andrews,BAL,TE,,,,423.p.31056
2023,Rose Bowl XVIII,38,4,0,Fat Lazy Americans,Andy,true,Aaron Jones Sr.,MIN,RB,,,,423.p.30295
2023,Rose Bowl XVIII,39,4,0,NDrams,sean,false,DeAndre Hopkins,BAL,WR,,,,423.p.26650
2023,Rose Bowl XVIII,40,4,0,SlapMyBass,Stephen Myhal,false,Deebo Samuel Sr.,SF,WR,,,,423.p.31868
2023,Rose Bowl XVIII,41,4,0,CallinginSickMonday,Jaimie Harcos,false,George Kittle,SF,TE,,,,423.p.30259
2023,Rose Bowl XVIII,42,4,0,Watching Basketball,Chuck,false,Justin Fields,KC,QB,,,,423.p.33399
2023,Rose Bowl XVIII,43,4,0,L.V. Rosekillers,Patrick,false,Amari Cooper,BUF,WR,,,,423.p.28392
2023,Rose Bowl XVIII,44,4,0,Chubbtown Brownies,JLou,false,Tyler Lockett,LV,WR,,,,423.p.28457
2023,Rose Bowl XVIII,45,4,0,Concussion Protocol,Matt,false,T.J. Hockenson,MIN,TE,,,,423.p.31840
2023,Rose Bowl XVIII,46,4,0,OUTLAWS,sour,false,J.K. Dobbins,DEN,RB,,,,423.p.32725
2023,Rose Bowl XVIII,47,4,0,Kenneth Walker Texas Ranger,Elijah,false,Kenneth Walker III,KC,RB,,,,423.p.33996
2023,Rose Bowl XVIII,48,4,0,Olivators,Amanda,false,Breece Hall,NYJ,RB,,,,423.p.33991
2023,Rose Bowl XVIII,49,5,0,Olivators,Amanda,false,DJ Moore,BUF,WR,,,,423.p.30994
2023,Rose Bowl XVIII,50,5,0,Kenneth Walker Texas Ranger,Elijah,false,Michael Pittman Jr.,PIT,WR,,,,423.p.32704
2023,Rose Bowl XVIII,51,5,0,OUTLAWS,sour,false,Miles Sanders,DAL,RB,,,,423.p.31885
2023,Rose Bowl XVIII,52,5,0,Concussion Protocol,Matt,false,Dalvin Cook,DAL,RB,,,,423.p.30154
2023,Rose Bowl XVIII,53,5,0,Chubbtown Brownies,JLou,false,Alexander Mattison,MIA,RB,,,,423.p.31934
2023,Rose Bowl XVIII,54,5,0,L.V. Rosekillers,Patrick,false,Joe Burrow,CIN,QB,,,,423.p.32671
2023,Rose Bowl XVIII,55,5,0,Watching Basketball,Chuck,false,James Conner,ARI,RB,,,,423.p.30218
2023,Rose Bowl XVIII,56,5,0,CallinginSickMonday,Jaimie Harcos,false,Jonathan Taylor,IND,RB,,,,423.p.32711
2023,Rose Bowl XVIII,57,5,0,SlapMyBass,Stephen Myhal,false,James Cook III,BUF,RB,,,,423.p.34019
2023,Rose Bowl XVIII,58,5,0,NDrams,sean,false,Mike Evans,SF,WR,,,,423.p.27535
2023,Rose Bowl XVIII,59,5,0,Fat Lazy Americans,Andy,true,Diontae Johnson,CLE,WR,,,,423.p.31898
2023,Rose Bowl XVIII,60,5,0,Stab Your Back,Damien Robertson,false,Terry McLaurin,WAS,WR,,,,423.p.31908
2023,Rose Bowl XVIII,61,6,0,Stab Your Back,Damien Robertson,false,D'Andre Swift,CHI,RB,,,,423.p.32705
2023,Rose Bowl XVIII,62,6,0,Fat Lazy Americans,Andy,true,Darren Waller,CAR,TE,,,,423.p.28592
2023,Rose Bowl XVIII,63,6,0,NDrams,sean,false,Isiah Pacheco,DET,RB,,,,423.p.34207
2023,Rose Bowl XVIII,64,6,0,SlapMyBass,Stephen Myhal,false,Kyle Pitts Sr.,ATL,TE,,,,423.p.33392
2023,Rose Bowl XVIII,65,6,0,CallinginSickMonday,Jaimie Harcos,false,Justin Herbert,LAC,QB,,,,423.p.32676
2023,Rose Bowl XVIII,66,6,0,Watching Basketball,Chuck,false,Brandon Aiyuk,SF,WR,,,,423.p.32695
2023,Rose Bowl XVIII,67,6,0,L.V. Rosekillers,Patrick,false,Pat Freiermuth,PIT,TE,,,,423.p.33443
2023,Rose Bowl XVIII,68,6,0,Chubbtown Brownies,JLou,false,Mike Williams,PIT,WR,,,,423.p.30120
2023,Rose Bowl XVIII,69,6,0,Concussion Protocol,Matt,false,Trevor Lawrence,JAX,QB,,,,423.p.33389
2023,Rose Bowl XVIII,70,6,0,OUTLAWS,sour,false,Drake London,ATL,WR,,,,423.p.33963
2023,Rose Bowl XVIII,71,6,0,Kenneth Walker Texas Ranger,Elijah,false,Rachaad White,WAS,RB,,,,423.p.34047
2023,Rose Bowl XVIII,72,6,0,Olivators,Amanda,false,Christian Watson,GB,WR,,,,423.p.33989
2023,Rose Bowl XVIII,73,7,0,Olivators,Amanda,false,Dallas Goedert,PHI,TE,,,,423.p.31019
2023,Rose Bowl XVIII,74,7,0,Kenneth Walker Texas Ranger,Elijah,false,George Pickens,DAL,WR,,,,423.p.34007
2023,Rose Bowl XVIII,75,7,0,OUTLAWS,sour,false,Evan Engram,DEN,TE,,,,423.p.30136
2023,Rose Bowl XVIII,76,7,0,Concussion Protocol,Matt,false,Javonte Williams,DAL,RB,,,,423.p.33423
2023,Rose Bowl XVIII,77,7,0,Chubbtown Brownies,JLou,false,David Njoku,LAC,TE,,,,423.p.30142
2023,Rose Bowl XVIII,78,7,0,L.V. Rosekillers,Patrick,false,Cam Akers,SEA,RB,,,,423.p.32722
2023,Rose Bowl XVIII,79,7,0,Watching Basketball,Chuck,false,David Montgomery,HOU,RB,,,,423.p.31905
2023,Rose Bowl XVIII,80,7,0,CallinginSickMonday,Jaimie Harcos,false,Christian Kirk,SF,WR,,,,423.p.31017
2023,Rose Bowl XVIII,81,7,0,SlapMyBass,Stephen Myhal,false,Chris Godwin Jr.,TB,WR,,,,423.p.30197
2023,Rose Bowl XVIII,82,7,0,NDrams,sean,false,Michael Thomas,NO,WR,,,,423.p.29281
2023,Rose Bowl XVIII,83,7,0,Fat Lazy Americans,Andy,true,Jahan Dotson,ATL,WR,,,,423.p.33971
2023,Rose Bowl XVIII,84,7,0,Stab Your Back,Damien Robertson,false,Khalil Herbert,ATL,RB,,,,423.p.33605
2023,Rose Bowl XVIII,85,8,0,Stab Your Back,Damien Robertson,false,Jordan Addison,MIN,WR,,,,423.p.40042
2023,Rose Bowl XVIII,86,8,0,Fat Lazy Americans,Andy,true,Deshaun Watson,CLE,QB,,,,423.p.30125
2023,Rose Bowl XVIII,87,8,0,NDrams,sean,false,Antonio Gibson,NE,RB,,,,423.p.32736
2023,Rose Bowl XVIII,88,8,0,SlapMyBass,Stephen Myhal,false,Dak Prescott,DAL,QB,,,,423.p.29369
2023,Rose Bowl XVIII,89,8,0,CallinginSickMonday,Jaimie Harcos,false,Gabe Davis,BUF,WR,,,,423.p.32798
2023,Rose Bowl XVIII,90,8,0,Watching Basketball,Chuck,false,Hollywood Brown,PHI,WR,,,,423.p.31857
2023,Rose Bowl XVIII,91,8,0,L.V. Rosekillers,Patrick,false,Jerry Jeudy,CLE,WR,,,,423.p.32685
2023,Rose Bowl XVIII,92,8,0,Chubbtown Brownies,JLou,false,Raheem Mostert,LV,RB,,,,423.p.28654
2023,Rose Bowl XVIII,93,8,0,Concussion Protocol,Matt,false,Brian Robinson,ATL,RB,,,,423.p.34054
2023,Rose Bowl XVIII,94,8,0,OUTLAWS,sour,false,Justin Tucker,BAL,K,,,,423.p.26534
2023,Rose Bowl XVIII,95,8,0,Kenneth Walker Texas Ranger,Elijah,false,AJ Dillon,CAR,RB,,,,423.p.32732
2023,Rose Bowl XVIII,96,8,0,Olivators,Amanda,false,Zach Charbonnet,SEA,RB,,,,423.p.40075
2023,Rose Bowl XVIII,97,9,0,Olivators,Amanda,false,Jaxon Smith-Njigba,SEA,WR,,,,423.p.40041
2023,Rose Bowl XVIII,98,9,0,Kenneth Walker Texas Ranger,Elijah,false,Adam Thielen,PIT,WR,,,,423.p.27277
2023,Rose Bowl XVIII,99,9,0,OUTLAWS,sour,false,Marcus Jones,NE,"DB,CB",,,,423.p.34041
2023,Rose Bowl XVIII,100,9,0,Concussion Protocol,Matt,false,Alvin Kamara,NO,RB,,,,423.p.30180
2023,Rose Bowl XVIII,101,9,0,Chubbtown Brownies,JLou,false,Foyesade Oluokun,JAX,LB,,,,423.p.31170
2023,Rose Bowl XVIII,102,9,0,L.V. Rosekillers,Patrick,false,Daniel Carlson,NO,K,,,,423.p.31137
2023,Rose Bowl XVIII,103,9,0,Watching Basketball,Chuck,false,Elijah Mitchell,KC,RB,,,,423.p.33582
2023,Rose Bowl XVIII,104,9,0,CallinginSickMonday,Jaimie Harcos,false,Roquan Smith,BAL,LB,,,,423.p.30978
2023,Rose Bowl XVIII,105,9,0,SlapMyBass,Stephen Myhal,false,Jamaal Williams,NO,RB,,,,423.p.30247
2023,Rose Bowl XVIII,106,9,0,NDrams,sean,false,Aaron Rodgers,PIT,QB,,,,423.p.7200
2023,Rose Bowl XVIII,107,9,0,Fat Lazy Americans,Andy,true,Samaje Perine,CIN,RB,,,,423.p.30227
2023,Rose Bowl XVIII,108,9,0,Stab Your Back,Damien Robertson,false,Brandin Cooks,SF,WR,,,,423.p.27548
2023,Rose Bowl XVIII,109,10,0,Stab Your Back,Damien Robertson,false,Zaire Franklin,GB,LB,,,,423.p.31205
2023,Rose Bowl XVIII,110,10,0,Fat Lazy Americans,Andy,true,Jaylen Warren,PIT,RB,,,,423.p.34447
2023,Rose Bowl XVIII,111,10,0,NDrams,sean,false,C.J. Mosley,NYJ,LB,,,,423.p.27545
2023,Rose Bowl XVIII,112,10,0,SlapMyBass,Stephen Myhal,false,Nick Bolton,KC,LB,,,,423.p.33446
2023,Rose Bowl XVIII,113,10,0,CallinginSickMonday,Jaimie Harcos,false,Bobby Wagner,WAS,LB,,,,423.p.25757
2023,Rose Bowl XVIII,114,10,0,Watching Basketball,Chuck,false,Logan Wilson,DAL,LB,,,,423.p.32735
2023,Rose Bowl XVIII,115,10,0,L.V. Rosekillers,Patrick,false,L'Jarius Sneed,KC,CB,,,,423.p.32808
2023,Rose Bowl XVIII,116,10,0,Chubbtown Brownies,JLou,false,Geno Smith,NYJ,QB,,,,423.p.26662
2023,Rose Bowl XVIII,117,10,0,Concussion Protocol,Matt,false,Tua Tagovailoa,ATL,QB,,,,423.p.32675
2023,Rose Bowl XVIII,118,10,0,OUTLAWS,sour,false,C.J. Moore,DET,S,,,,423.p.32454
2023,Rose Bowl XVIII,119,10,0,Kenneth Walker Texas Ranger,Elijah,false,Damien Harris,BUF,RB,,,,423.p.31919
2023,Rose Bowl XVIII,120,10,0,Olivators,Amanda,false,Rashaad Penny,PHI,RB,,,,423.p.30997
2023,Rose Bowl XVIII,121,11,0,Olivators,Amanda,false,Derwin James Jr.,LAC,S,,,,423.p.30987
2023,Rose Bowl XVIII,122,11,0,Kenneth Walker Texas Ranger,Elijah,false,Evan McPherson,CIN,K,,,,423.p.33537
2023,Rose Bowl XVIII,123,11,0,OUTLAWS,sour,false,Keisean Nixon,GB,CB,,,,423.p.32348
2023,Rose Bowl XVIII,124,11,0,Concussion Protocol,Matt,false,Greg Dulcich,MIA,TE,,,,423.p.34036
2023,Rose Bowl XVIII,125,11,0,Chubbtown Brownies,JLou,false,Elijah Moore,PHI,WR,,,,423.p.33422
2023,Rose Bowl XVIII,126,11,0,L.V. Rosekillers,Patrick,false,Jalen Pitre,HOU,"DB,S",,,,423.p.33992
2023,Rose Bowl XVIII,127,11,0,Watching Basketball,Chuck,false,Bobby Okereke,CAR,LB,,,,423.p.31921
2023,Rose Bowl XVIII,128,11,0,CallinginSickMonday,Jaimie Harcos,false,Fred Warner,SF,LB,,,,423.p.31040
2023,Rose Bowl XVIII,129,11,0,SlapMyBass,Stephen Myhal,false,Tyler Higbee,LAR,TE,,,,423.p.29344
2023,Rose Bowl XVIII,130,11,0,NDrams,sean,false,Juwan Johnson,NO,TE,,,,423.p.33113
2023,Rose Bowl XVIII,131,11,0,Fat Lazy Americans,Andy,true,Zay Flowers,BAL,WR,,,,423.p.40039
2023,Rose Bowl XVIII,132,11,0,Stab Your Back,Damien Robertson,false,Chig Okonkwo,WAS,TE,,,,423.p.34099
2023,Rose Bowl XVIII,133,12,0,Stab Your Back,Damien Robertson,false,Drue Tranquill,KC,LB,,,,423.p.31962
2023,Rose Bowl XVIII,134,12,0,Fat Lazy Americans,Andy,true,T.J. Edwards,CHI,LB,,,,423.p.32403
2023,Rose Bowl XVIII,135,12,0,NDrams,sean,false,Russell Wilson,NYG,QB,,,,423.p.25785
2023,Rose Bowl XVIII,136,12,0,SlapMyBass,Stephen Myhal,false,Jason Myers,SEA,K,,,,423.p.28378
2023,Rose Bowl XVIII,137,12,0,CallinginSickMonday,Jaimie Harcos,false,Tyler Bass,BUF,K,,,,423.p.32858
2023,Rose Bowl XVIII,138,12,0,Watching Basketball,Chuck,false,JuJu Smith-Schuster,NYG,WR,,,,423.p.30175
2023,Rose Bowl XVIII,139,12,0,L.V. Rosekillers,Patrick,false,Jakobi Meyers,JAX,WR,,,,423.p.32231
2023,Rose Bowl XVIII,140,12,0,Chubbtown Brownies,JLou,false,Kirk Cousins,LV,QB,,,,423.p.25812
2023,Rose Bowl XVIII,141,12,0,Concussion Protocol,Matt,false,Younghoe Koo,NYG,K,,,,423.p.30426
2023,Rose Bowl XVIII,142,12,0,OUTLAWS,sour,false,Daniel Jones,IND,QB,,,,423.p.31838
2023,Rose Bowl XVIII,143,12,0,Kenneth Walker Texas Ranger,Elijah,false,Micah Parsons,GB,"LB,DE",,,,423.p.33400
2023,Rose Bowl XVIII,144,12,0,Olivators,Amanda,false,Courtland Sutton,DEN,WR,,,,423.p.31010
2023,Rose Bowl XVIII,145,13,0,Olivators,Amanda,false,Kenny Gainwell,TB,RB,,,,423.p.33538
2023,Rose Bowl XVIII,146,13,0,Kenneth Walker Texas Ranger,Elijah,false,Dalton Kincaid,BUF,TE,,,,423.p.40048
2023,Rose Bowl XVIII,147,13,0,OUTLAWS,sour,false,Rashod Bateman,BAL,WR,,,,423.p.33415
2023,Rose Bowl XVIII,148,13,0,Concussion Protocol,Matt,false,Dre Greenlaw,SF,LB,,,,423.p.31980
2023,Rose Bowl XVIII,149,13,0,Chubbtown Brownies,JLou,false,Myles Garrett,LAR,DE,,,,423.p.30114
2023,Rose Bowl XVIII,150,13,0,L.V. Rosekillers,Patrick,false,Jared Goff,DET,QB,,,,423.p.29235
2023,Rose Bowl XVIII,151,13,0,Watching Basketball,Chuck,false,Harrison Butker,KC,K,,,,423.p.30346
2023,Rose Bowl XVIII,152,13,0,CallinginSickMonday,Jaimie Harcos,false,Tyler Allgeier,ARI,RB,,,,423.p.34107
2023,Rose Bowl XVIII,153,13,0,SlapMyBass,Stephen Myhal,false,T.J. Watt,PIT,LB,,,,423.p.30143
2023,Rose Bowl XVIII,154,13,0,NDrams,sean,false,Odell Beckham Jr.,NYG,WR,,,,423.p.27540
2023,Rose Bowl XVIII,155,13,0,Fat Lazy Americans,Andy,true,De'Von Achane,MIA,RB,,,,423.p.40118
2023,Rose Bowl XVIII,156,13,0,Stab Your Back,Damien Robertson,false,Tank Bigsby,PHI,RB,,,,423.p.40095
2023,Rose Bowl XVIII,157,14,0,Stab Your Back,Damien Robertson,false,Ezekiel Elliott,DAL,RB,,,,423.p.29238
2023,Rose Bowl XVIII,158,14,0,Fat Lazy Americans,Andy,true,Treylon Burks,WAS,WR,,,,423.p.33973
2023,Rose Bowl XVIII,159,14,0,NDrams,sean,false,Alex Singleton,DEN,LB,,,,423.p.28716
2023,Rose Bowl XVIII,160,14,0,SlapMyBass,Stephen Myhal,false,Rashee Rice,KC,WR,,,,423.p.40084
2023,Rose Bowl XVIII,161,14,0,CallinginSickMonday,Jaimie Harcos,false,Nico Collins,HOU,WR,,,,423.p.33477
2023,Rose Bowl XVIII,162,14,0,Watching Basketball,Chuck,false,Brock Purdy,SF,QB,,,,423.p.34218
2023,Rose Bowl XVIII,163,14,0,L.V. Rosekillers,Patrick,false,Jordan Hicks,CLE,LB,,,,423.p.28472
2023,Rose Bowl XVIII,164,14,0,Chubbtown Brownies,JLou,false,Quentin Johnston,LAC,WR,,,,423.p.40051
2023,Rose Bowl XVIII,165,14,0,Concussion Protocol,Matt,false,De'Vondre Campbell Sr.,SF,LB,,,,423.p.29349
2023,Rose Bowl XVIII,166,14,0,OUTLAWS,sour,false,Jerick McKinnon,KC,RB,,,,423.p.27624
2023,Rose Bowl XVIII,167,14,0,Kenneth Walker Texas Ranger,Elijah,false,Jaylinn Hawkins,BAL,S,,,,423.p.32804
2023,Rose Bowl XVIII,168,14,0,Olivators,Amanda,false,Dalton Schultz,HOU,TE,,,,423.p.31107
2023,Rose Bowl XVIII,169,15,0,Olivators,Amanda,false,Devin White,DET,LB,,,,423.p.31837
2023,Rose Bowl XVIII,170,15,0,Kenneth Walker Texas Ranger,Elijah,false,Jake Gervase,MIN,LB,,,,423.p.32603
2023,Rose Bowl XVIII,171,15,0,OUTLAWS,sour,false,Skyy Moore,GB,WR,,,,423.p.34009
2023,Rose Bowl XVIII,172,15,0,Concussion Protocol,Matt,false,Shaquille Leonard,IND,LB,,,,423.p.31006
2023,Rose Bowl XVIII,173,15,0,Chubbtown Brownies,JLou,false,D'Onta Foreman,CLE,RB,,,,423.p.30202
2023,Rose Bowl XVIII,174,15,0,L.V. Rosekillers,Patrick,false,Zay Jones,HOU,WR,,,,423.p.30150
2023,Rose Bowl XVIII,175,15,0,Watching Basketball,Chuck,false,Frankie Luvu,WAS,LB,,,,423.p.31503
2023,Rose Bowl XVIII,176,15,0,CallinginSickMonday,Jaimie Harcos,false,Anthony Richardson Sr.,IND,QB,,,,423.p.40040
2023,Rose Bowl XVIII,177,15,0,SlapMyBass,Stephen Myhal,false,Matthew Stafford,LAR,QB,,,,423.p.9265
2023,Rose Bowl XVIII,178,15,0,NDrams,sean,false,Kadarius Toney,CLE,WR,,,,423.p.33408
2023,Rose Bowl XVIII,179,15,0,Fat Lazy Americans,Andy,true,Josey Jewell,CAR,LB,,,,423.p.31076
2023,Rose Bowl XVIII,180,15,0,Stab Your Back,Damien Robertson,false,Jalen Carter,PHI,DT,,,,423.p.40035
2023,Rose Bowl XVIII,181,16,0,Stab Your Back,Damien Robertson,false,Graham Gano,NYG,K,,,,423.p.9526
2023,Rose Bowl XVIII,182,16,0,Fat Lazy Americans,Andy,true,Romeo Doubs,NE,WR,,,,423.p.34088
2023,Rose Bowl XVIII,183,16,0,NDrams,sean,false,Cole Holcomb,PIT,LB,,,,423.p.32005
2023,Rose Bowl XVIII,184,16,0,SlapMyBass,Stephen Myhal,false,Maxx Crosby,LV,DE,,,,423.p.31938
2023,Rose Bowl XVIII,185,16,0,CallinginSickMonday,Jaimie Harcos,false,Tyler Boyd,TEN,WR,,,,423.p.29288
2023,Rose Bowl XVIII,186,16,0,Watching Basketball,Chuck,false,Clyde Edwards-Helaire,KC,RB,,,,423.p.32702
2023,Rose Bowl XVIII,187,16,0,L.V. Rosekillers,Patrick,false,Allen Lazard,NYJ,WR,,,,423.p.31268
2023,Rose Bowl XVIII,188,16,0,Chubbtown Brownies,JLou,false,Budda Baker,ARI,S,,,,423.p.30149
2023,Rose Bowl XVIII,189,16,0,Concussion Protocol,Matt,false,Nick Bosa,SF,"DL,DE",,,,423.p.31834
2023,Rose Bowl XVIII,190,16,0,OUTLAWS,sour,false,Sam LaPorta,DET,TE,,,,423.p.40064
2023,Rose Bowl XVIII,191,16,0,Kenneth Walker Texas Ranger,Elijah,false,Cole Kmet,CHI,TE,,,,423.p.32713
2023,Rose Bowl XVIII,192,16,0,Olivators,Amanda,false,Tremaine Edmunds,NYG,LB,,,,423.p.30986
2023,Rose Bowl XVIII,193,17,0,Olivators,Amanda,false,Jake Elliott,PHI,K,,,,423.p.30266
2023,Rose Bowl XVIII,194,17,0,Kenneth Walker Texas Ranger,Elijah,false,Kenny Pickett,CAR,QB,,,,423.p.33975
2023,Rose Bowl XVIII,195,17,0,OUTLAWS,sour,false,Cameron Dicker,LAC,K,,,,423.p.34344
2023,Rose Bowl XVIII,196,17,0,Concussion Protocol,Matt,false,Patrick Queen,PIT,LB,,,,423.p.32698
2023,Rose Bowl XVIII,197,17,0,Chubbtown Brownies,JLou,false,Jason Sanders,NYJ,K,,,,423.p.31199
2023,Rose Bowl XVIII,198,17,0,L.V. Rosekillers,Patrick,false,K.J. Osborn,TEN,WR,,,,423.p.32846
2023,Rose Bowl XVIII,199,17,0,Watching Basketball,Chuck,false,Mecole Hardman Jr.,BUF,WR,,,,423.p.31888
2023,Rose Bowl XVIII,200,17,0,CallinginSickMonday,Jaimie Harcos,false,Jeff Wilson Jr.,MIA,RB,,,,423.p.31394
2023,Rose Bowl XVIII,201,17,0,SlapMyBass,Stephen Myhal,false,Isaiah Simmons,CAR,"LB,S",,,,423.p.32678
2023,Rose Bowl XVIII,202,17,0,NDrams,sean,false,Wil Lutz,DEN,K,,,,423.p.29754
2023,Rose Bowl XVIII,203,17,0,Fat Lazy Americans,Andy,true,Ernest Jones IV,SEA,LB,,,,423.p.33491
2023,Rose Bowl XVIII,204,17,0,Stab Your Back,Damien Robertson,false,Derek Carr,NO,QB,,,,423.p.27564
2023,CC Bowl XV CHAMPIONS LEAGUE,1,1,0,Prestige Worldwide,Matt Hamlin,false,Justin Jefferson,MIN,WR,,,,423.p.32692
2023,CC Bowl XV CHAMPIONS LEAGUE,2,1,0,KC Masterpiece,Barry,false,Patrick Mahomes,KC,QB,,,,423.p.30123
2023,CC Bowl XV CHAMPIONS LEAGUE,3,1,0,Everyone's leftovers,Ray,false,Ja'Marr Chase,CIN,WR,,,,423.p.33393
2023,CC Bowl XV CHAMPIONS LEAGUE,4,1,0,Wizard Sleeves,Kile,false,Christian McCaffrey,SF,RB,,,,423.p.30121
2023,CC Bowl XV CHAMPIONS LEAGUE,5,1,0,Your my boy blue!!!,Tobey,false,Austin Ekeler,WAS,RB,,,,423.p.30423
2023,CC Bowl XV CHAMPIONS LEAGUE,6,1,0,No punt intended,Matthew,false,Tyreek Hill,MIA,WR,,,,423.p.29399
2023,CC Bowl XV CHAMPIONS LEAGUE,7,1,0,CallingInSickMonday,Jaimie Harcos,false,Travis Kelce,KC,TE,,,,423.p.26686
2023,CC Bowl XV CHAMPIONS LEAGUE,8,1,0,Fat Lazy Americans,Andy,true,Nick Chubb,HOU,RB,,,,423.p.31005
2023,CC Bowl XV CHAMPIONS LEAGUE,9,1,0,Bears Stiill Suck,Amzie,false,Stefon Diggs,WAS,WR,,,,423.p.28534
2023,CC Bowl XV CHAMPIONS LEAGUE,10,1,0,The Replacements,sean,false,Cooper Kupp,SEA,WR,,,,423.p.30182
2023,CC Bowl XV CHAMPIONS LEAGUE,11,1,0,The Omen,Damien Robertson,false,Bijan Robinson,ATL,RB,,,,423.p.40055
2023,CC Bowl XV CHAMPIONS LEAGUE,12,1,0,Isotopes,sour,false,Saquon Barkley,PHI,RB,,,,423.p.30972
2023,CC Bowl XV CHAMPIONS LEAGUE,13,2,0,Isotopes,sour,false,A.J. Brown,NE,WR,,,,423.p.31883
2023,CC Bowl XV CHAMPIONS LEAGUE,14,2,0,The Omen,Damien Robertson,false,Davante Adams,LAR,WR,,,,423.p.27581
2023,CC Bowl XV CHAMPIONS LEAGUE,15,2,0,The Replacements,sean,false,Joe Burrow,CIN,QB,,,,423.p.32671
2023,CC Bowl XV CHAMPIONS LEAGUE,16,2,0,Bears Stiill Suck,Amzie,false,Tony Pollard,TEN,RB,,,,423.p.31960
2023,CC Bowl XV CHAMPIONS LEAGUE,17,2,0,Fat Lazy Americans,Andy,true,CeeDee Lamb,DAL,WR,,,,423.p.32687
2023,CC Bowl XV CHAMPIONS LEAGUE,18,2,0,CallingInSickMonday,Jaimie Harcos,false,Josh Jacobs,GB,RB,,,,423.p.31856
2023,CC Bowl XV CHAMPIONS LEAGUE,19,2,0,No punt intended,Matthew,false,Amon-Ra St. Brown,DET,WR,,,,423.p.33500
2023,CC Bowl XV CHAMPIONS LEAGUE,20,2,0,Your my boy blue!!!,Tobey,false,Garrett Wilson,NYJ,WR,,,,423.p.33965
2023,CC Bowl XV CHAMPIONS LEAGUE,21,2,0,Wizard Sleeves,Kile,false,Derrick Henry,BAL,RB,,,,423.p.29279
2023,CC Bowl XV CHAMPIONS LEAGUE,22,2,0,Everyone's leftovers,Ray,false,Travis Etienne Jr.,NO,RB,,,,423.p.33413
2023,CC Bowl XV CHAMPIONS LEAGUE,23,2,0,KC Masterpiece,Barry,false,Jaylen Waddle,DEN,WR,,,,423.p.33394
2023,CC Bowl XV CHAMPIONS LEAGUE,24,2,0,Prestige Worldwide,Matt Hamlin,false,DeVonta Smith,PHI,WR,,,,423.p.33398
2023,CC Bowl XV CHAMPIONS LEAGUE,25,3,0,Prestige Worldwide,Matt Hamlin,false,Jalen Hurts,PHI,QB,,,,423.p.32723
2023,CC Bowl XV CHAMPIONS LEAGUE,26,3,0,KC Masterpiece,Barry,false,Tee Higgins,CIN,WR,,,,423.p.32703
2023,CC Bowl XV CHAMPIONS LEAGUE,27,3,0,Everyone's leftovers,Ray,false,Jahmyr Gibbs,DET,RB,,,,423.p.40059
2023,CC Bowl XV CHAMPIONS LEAGUE,28,3,0,Wizard Sleeves,Kile,false,Josh Allen,BUF,QB,,,,423.p.30977
2023,CC Bowl XV CHAMPIONS LEAGUE,29,3,0,Your my boy blue!!!,Tobey,false,Breece Hall,NYJ,RB,,,,423.p.33991
2023,CC Bowl XV CHAMPIONS LEAGUE,30,3,0,No punt intended,Matthew,false,Chris Olave,NO,WR,,,,423.p.33966
2023,CC Bowl XV CHAMPIONS LEAGUE,31,3,0,CallingInSickMonday,Jaimie Harcos,false,Deebo Samuel Sr.,SF,WR,,,,423.p.31868
2023,CC Bowl XV CHAMPIONS LEAGUE,32,3,0,Fat Lazy Americans,Andy,true,Mark Andrews,BAL,TE,,,,423.p.31056
2023,CC Bowl XV CHAMPIONS LEAGUE,33,3,0,Bears Stiill Suck,Amzie,false,Joe Mixon,SEA,RB,,,,423.p.30161
2023,CC Bowl XV CHAMPIONS LEAGUE,34,3,0,The Replacements,sean,false,Najee Harris,NYG,RB,,,,423.p.33412
2023,CC Bowl XV CHAMPIONS LEAGUE,35,3,0,The Omen,Damien Robertson,false,Dameon Pierce,PHI,RB,,,,423.p.34063
2023,CC Bowl XV CHAMPIONS LEAGUE,36,3,0,Isotopes,sour,false,Calvin Ridley,TEN,WR,,,,423.p.30996
2023,CC Bowl XV CHAMPIONS LEAGUE,37,4,0,Isotopes,sour,false,DK Metcalf,PIT,WR,,,,423.p.31896
2023,CC Bowl XV CHAMPIONS LEAGUE,38,4,0,The Omen,Damien Robertson,false,Darren Waller,CAR,TE,,,,423.p.28592
2023,CC Bowl XV CHAMPIONS LEAGUE,39,4,0,The Replacements,sean,false,Rhamondre Stevenson,NE,RB,,,,423.p.33508
2023,CC Bowl XV CHAMPIONS LEAGUE,40,4,0,Bears Stiill Suck,Amzie,false,Aaron Jones Sr.,MIN,RB,,,,423.p.30295
2023,CC Bowl XV CHAMPIONS LEAGUE,41,4,0,Fat Lazy Americans,Andy,true,Lamar Jackson,BAL,QB,,,,423.p.31002
2023,CC Bowl XV CHAMPIONS LEAGUE,42,4,0,CallingInSickMonday,Jaimie Harcos,false,Amari Cooper,BUF,WR,,,,423.p.28392
2023,CC Bowl XV CHAMPIONS LEAGUE,43,4,0,No punt intended,Matthew,false,J.K. Dobbins,DEN,RB,,,,423.p.32725
2023,CC Bowl XV CHAMPIONS LEAGUE,44,4,0,Your my boy blue!!!,Tobey,false,Keenan Allen,IND,WR,,,,423.p.26699
2023,CC Bowl XV CHAMPIONS LEAGUE,45,4,0,Wizard Sleeves,Kile,false,T.J. Hockenson,MIN,TE,,,,423.p.31840
2023,CC Bowl XV CHAMPIONS LEAGUE,46,4,0,Everyone's leftovers,Ray,false,James Conner,ARI,RB,,,,423.p.30218
2023,CC Bowl XV CHAMPIONS LEAGUE,47,4,0,KC Masterpiece,Barry,false,Alexander Mattison,MIA,RB,,,,423.p.31934
2023,CC Bowl XV CHAMPIONS LEAGUE,48,4,0,Prestige Worldwide,Matt Hamlin,false,Javonte Williams,DAL,RB,,,,423.p.33423
2023,CC Bowl XV CHAMPIONS LEAGUE,49,5,0,Prestige Worldwide,Matt Hamlin,false,Isiah Pacheco,DET,RB,,,,423.p.34207
2023,CC Bowl XV CHAMPIONS LEAGUE,50,5,0,KC Masterpiece,Barry,false,George Kittle,SF,TE,,,,423.p.30259
2023,CC Bowl XV CHAMPIONS LEAGUE,51,5,0,Everyone's leftovers,Ray,false,Michael Pittman Jr.,PIT,WR,,,,423.p.32704
2023,CC Bowl XV CHAMPIONS LEAGUE,52,5,0,Wizard Sleeves,Kile,false,DeAndre Hopkins,BAL,WR,,,,423.p.26650
2023,CC Bowl XV CHAMPIONS LEAGUE,53,5,0,Your my boy blue!!!,Tobey,false,DJ Moore,BUF,WR,,,,423.p.30994
2023,CC Bowl XV CHAMPIONS LEAGUE,54,5,0,No punt intended,Matthew,false,Kyle Pitts Sr.,ATL,TE,,,,423.p.33392
2023,CC Bowl XV CHAMPIONS LEAGUE,55,5,0,CallingInSickMonday,Jaimie Harcos,false,Miles Sanders,DAL,RB,,,,423.p.31885
2023,CC Bowl XV CHAMPIONS LEAGUE,56,5,0,Fat Lazy Americans,Andy,true,Kenneth Walker III,KC,RB,,,,423.p.33996
2023,CC Bowl XV CHAMPIONS LEAGUE,57,5,0,Bears Stiill Suck,Amzie,false,Justin Herbert,LAC,QB,,,,423.p.32676
2023,CC Bowl XV CHAMPIONS LEAGUE,58,5,0,The Replacements,sean,false,Mike Williams,PIT,WR,,,,423.p.30120
2023,CC Bowl XV CHAMPIONS LEAGUE,59,5,0,The Omen,Damien Robertson,false,Justin Fields,KC,QB,,,,423.p.33399
2023,CC Bowl XV CHAMPIONS LEAGUE,60,5,0,Isotopes,sour,false,David Montgomery,HOU,RB,,,,423.p.31905
2023,CC Bowl XV CHAMPIONS LEAGUE,61,6,0,Isotopes,sour,false,Jonathan Taylor,IND,RB,,,,423.p.32711
2023,CC Bowl XV CHAMPIONS LEAGUE,62,6,0,The Omen,Damien Robertson,false,Terry McLaurin,WAS,WR,,,,423.p.31908
2023,CC Bowl XV CHAMPIONS LEAGUE,63,6,0,The Replacements,sean,false,Mike Evans,SF,WR,,,,423.p.27535
2023,CC Bowl XV CHAMPIONS LEAGUE,64,6,0,Bears Stiill Suck,Amzie,false,Brandon Aiyuk,SF,WR,,,,423.p.32695
2023,CC Bowl XV CHAMPIONS LEAGUE,65,6,0,Fat Lazy Americans,Andy,true,Christian Watson,GB,WR,,,,423.p.33989
2023,CC Bowl XV CHAMPIONS LEAGUE,66,6,0,CallingInSickMonday,Jaimie Harcos,false,Trevor Lawrence,JAX,QB,,,,423.p.33389
2023,CC Bowl XV CHAMPIONS LEAGUE,67,6,0,No punt intended,Matthew,false,James Cook III,BUF,RB,,,,423.p.34019
2023,CC Bowl XV CHAMPIONS LEAGUE,68,6,0,Your my boy blue!!!,Tobey,false,Dallas Goedert,PHI,TE,,,,423.p.31019
2023,CC Bowl XV CHAMPIONS LEAGUE,69,6,0,Wizard Sleeves,Kile,false,D'Andre Swift,CHI,RB,,,,423.p.32705
2023,CC Bowl XV CHAMPIONS LEAGUE,70,6,0,Everyone's leftovers,Ray,false,Evan Engram,DEN,TE,,,,423.p.30136
2023,CC Bowl XV CHAMPIONS LEAGUE,71,6,0,KC Masterpiece,Barry,false,Cam Akers,SEA,RB,,,,423.p.32722
2023,CC Bowl XV CHAMPIONS LEAGUE,72,6,0,Prestige Worldwide,Matt Hamlin,false,Drake London,ATL,WR,,,,423.p.33963
2023,CC Bowl XV CHAMPIONS LEAGUE,73,7,0,Prestige Worldwide,Matt Hamlin,false,Dalvin Cook,DAL,RB,,,,423.p.30154
2023,CC Bowl XV CHAMPIONS LEAGUE,74,7,0,KC Masterpiece,Barry,false,Chris Godwin Jr.,TB,WR,,,,423.p.30197
2023,CC Bowl XV CHAMPIONS LEAGUE,75,7,0,Everyone's leftovers,Ray,false,Jerry Jeudy,CLE,WR,,,,423.p.32685
2023,CC Bowl XV CHAMPIONS LEAGUE,76,7,0,Wizard Sleeves,Kile,false,Christian Kirk,SF,WR,,,,423.p.31017
2023,CC Bowl XV CHAMPIONS LEAGUE,77,7,0,Your my boy blue!!!,Tobey,false,Alvin Kamara,NO,RB,,,,423.p.30180
2023,CC Bowl XV CHAMPIONS LEAGUE,78,7,0,No punt intended,Matthew,false,Rachaad White,WAS,RB,,,,423.p.34047
2023,CC Bowl XV CHAMPIONS LEAGUE,79,7,0,CallingInSickMonday,Jaimie Harcos,false,49ers,SF,DEF,,,,423.p.100025
2023,CC Bowl XV CHAMPIONS LEAGUE,80,7,0,Fat Lazy Americans,Andy,true,Khalil Herbert,ATL,RB,,,,423.p.33605
2023,CC Bowl XV CHAMPIONS LEAGUE,81,7,0,Bears Stiill Suck,Amzie,false,Tyler Lockett,LV,WR,,,,423.p.28457
2023,CC Bowl XV CHAMPIONS LEAGUE,82,7,0,The Replacements,sean,false,Antonio Gibson,NE,RB,,,,423.p.32736
2023,CC Bowl XV CHAMPIONS LEAGUE,83,7,0,The Omen,Damien Robertson,false,Jamaal Williams,NO,RB,,,,423.p.30247
2023,CC Bowl XV CHAMPIONS LEAGUE,84,7,0,Isotopes,sour,false,David Njoku,LAC,TE,,,,423.p.30142
2023,CC Bowl XV CHAMPIONS LEAGUE,85,8,0,Isotopes,sour,false,Aaron Rodgers,PIT,QB,,,,423.p.7200
2023,CC Bowl XV CHAMPIONS LEAGUE,86,8,0,The Omen,Damien Robertson,false,Daniel Carlson,NO,K,,,,423.p.31137
2023,CC Bowl XV CHAMPIONS LEAGUE,87,8,0,The Replacements,sean,false,Diontae Johnson,CLE,WR,,,,423.p.31898
2023,CC Bowl XV CHAMPIONS LEAGUE,88,8,0,Bears Stiill Suck,Amzie,false,Jahan Dotson,ATL,WR,,,,423.p.33971
2023,CC Bowl XV CHAMPIONS LEAGUE,89,8,0,Fat Lazy Americans,Andy,true,George Pickens,DAL,WR,,,,423.p.34007
2023,CC Bowl XV CHAMPIONS LEAGUE,90,8,0,CallingInSickMonday,Jaimie Harcos,false,Brian Robinson,ATL,RB,,,,423.p.34054
2023,CC Bowl XV CHAMPIONS LEAGUE,91,8,0,No punt intended,Matthew,false,Jordan Addison,MIN,WR,,,,423.p.40042
2023,CC Bowl XV CHAMPIONS LEAGUE,92,8,0,Your my boy blue!!!,Tobey,false,Eagles,PHI,DEF,,,,423.p.100021
2023,CC Bowl XV CHAMPIONS LEAGUE,93,8,0,Wizard Sleeves,Kile,false,Kadarius Toney,CLE,WR,,,,423.p.33408
2023,CC Bowl XV CHAMPIONS LEAGUE,94,8,0,Everyone's leftovers,Ray,false,Tua Tagovailoa,ATL,QB,,,,423.p.32675
2023,CC Bowl XV CHAMPIONS LEAGUE,95,8,0,KC Masterpiece,Barry,false,Skyy Moore,GB,WR,,,,423.p.34009
2023,CC Bowl XV CHAMPIONS LEAGUE,96,8,0,Prestige Worldwide,Matt Hamlin,false,AJ Dillon,CAR,RB,,,,423.p.32732
2023,CC Bowl XV CHAMPIONS LEAGUE,97,9,0,Prestige Worldwide,Matt Hamlin,false,Pat Freiermuth,PIT,TE,,,,423.p.33443
2023,CC Bowl XV CHAMPIONS LEAGUE,98,9,0,KC Masterpiece,Barry,false,Jerick McKinnon,KC,RB,,,,423.p.27624
2023,CC Bowl XV CHAMPIONS LEAGUE,99,9,0,Everyone's leftovers,Ray,false,Foyesade Oluokun,JAX,LB,,,,423.p.31170
2023,CC Bowl XV CHAMPIONS LEAGUE,100,9,0,Wizard Sleeves,Kile,false,Gabe Davis,BUF,WR,,,,423.p.32798
2023,CC Bowl XV CHAMPIONS LEAGUE,101,9,0,Your my boy blue!!!,Tobey,false,Deshaun Watson,CLE,QB,,,,423.p.30125
2023,CC Bowl XV CHAMPIONS LEAGUE,102,9,0,No punt intended,Matthew,false,Jaxon Smith-Njigba,SEA,WR,,,,423.p.40041
2023,CC Bowl XV CHAMPIONS LEAGUE,103,9,0,CallingInSickMonday,Jaimie Harcos,false,Roquan Smith,BAL,LB,,,,423.p.30978
2023,CC Bowl XV CHAMPIONS LEAGUE,104,9,0,Fat Lazy Americans,Andy,true,Zach Charbonnet,SEA,RB,,,,423.p.40075
2023,CC Bowl XV CHAMPIONS LEAGUE,105,9,0,Bears Stiill Suck,Amzie,false,Cowboys,DAL,DEF,,,,423.p.100006
2023,CC Bowl XV CHAMPIONS LEAGUE,106,9,0,The Replacements,sean,false,Raheem Mostert,LV,RB,,,,423.p.28654
2023,CC Bowl XV CHAMPIONS LEAGUE,107,9,0,The Omen,Damien Robertson,false,Patriots,NE,DEF,,,,423.p.100017
2023,CC Bowl XV CHAMPIONS LEAGUE,108,9,0,Isotopes,sour,false,Dak Prescott,DAL,QB,,,,423.p.29369
2023,CC Bowl XV CHAMPIONS LEAGUE,109,10,0,Isotopes,sour,false,Ezekiel Elliott,DAL,RB,,,,423.p.29238
2023,CC Bowl XV CHAMPIONS LEAGUE,110,10,0,The Omen,Damien Robertson,false,Anthony Richardson Sr.,IND,QB,,,,423.p.40040
2023,CC Bowl XV CHAMPIONS LEAGUE,111,10,0,The Replacements,sean,false,Michael Thomas,NO,WR,,,,423.p.29281
2023,CC Bowl XV CHAMPIONS LEAGUE,112,10,0,Bears Stiill Suck,Amzie,false,Rashaad Penny,PHI,RB,,,,423.p.30997
2023,CC Bowl XV CHAMPIONS LEAGUE,113,10,0,Fat Lazy Americans,Andy,true,Hollywood Brown,PHI,WR,,,,423.p.31857
2023,CC Bowl XV CHAMPIONS LEAGUE,114,10,0,CallingInSickMonday,Jaimie Harcos,false,Treylon Burks,WAS,WR,,,,423.p.33973
2023,CC Bowl XV CHAMPIONS LEAGUE,115,10,0,No punt intended,Matthew,false,Daniel Jones,IND,QB,,,,423.p.31838
2023,CC Bowl XV CHAMPIONS LEAGUE,116,10,0,Your my boy blue!!!,Tobey,false,Samaje Perine,CIN,RB,,,,423.p.30227
2023,CC Bowl XV CHAMPIONS LEAGUE,117,10,0,Wizard Sleeves,Kile,false,Kirk Cousins,LV,QB,,,,423.p.25812
2023,CC Bowl XV CHAMPIONS LEAGUE,118,10,0,Everyone's leftovers,Ray,false,Bills,BUF,DEF,,,,423.p.100002
2023,CC Bowl XV CHAMPIONS LEAGUE,119,10,0,KC Masterpiece,Barry,false,Jets,NYJ,DEF,,,,423.p.100020
2023,CC Bowl XV CHAMPIONS LEAGUE,120,10,0,Prestige Worldwide,Matt Hamlin,false,Rashee Rice,KC,WR,,,,423.p.40084
2023,CC Bowl XV CHAMPIONS LEAGUE,121,11,0,Prestige Worldwide,Matt Hamlin,false,Brandin Cooks,SF,WR,,,,423.p.27548
2023,CC Bowl XV CHAMPIONS LEAGUE,122,11,0,KC Masterpiece,Barry,false,Justin Tucker,BAL,K,,,,423.p.26534
2023,CC Bowl XV CHAMPIONS LEAGUE,123,11,0,Everyone's leftovers,Ray,false,Jared Goff,DET,QB,,,,423.p.29235
2023,CC Bowl XV CHAMPIONS LEAGUE,124,11,0,Wizard Sleeves,Kile,false,Cole Kmet,CHI,TE,,,,423.p.32713
2023,CC Bowl XV CHAMPIONS LEAGUE,125,11,0,Your my boy blue!!!,Tobey,false,Nick Bolton,KC,LB,,,,423.p.33446
2023,CC Bowl XV CHAMPIONS LEAGUE,126,11,0,No punt intended,Matthew,false,Jaylen Warren,PIT,RB,,,,423.p.34447
2023,CC Bowl XV CHAMPIONS LEAGUE,127,11,0,CallingInSickMonday,Jaimie Harcos,false,C.J. Mosley,NYJ,LB,,,,423.p.27545
2023,CC Bowl XV CHAMPIONS LEAGUE,128,11,0,Fat Lazy Americans,Andy,true,De'Von Achane,MIA,RB,,,,423.p.40118
2023,CC Bowl XV CHAMPIONS LEAGUE,129,11,0,Bears Stiill Suck,Amzie,false,Tank Bigsby,PHI,RB,,,,423.p.40095
2023,CC Bowl XV CHAMPIONS LEAGUE,130,11,0,The Replacements,sean,false,Steelers,PIT,DEF,,,,423.p.100023
2023,CC Bowl XV CHAMPIONS LEAGUE,131,11,0,The Omen,Damien Robertson,false,Zay Flowers,BAL,WR,,,,423.p.40039
2023,CC Bowl XV CHAMPIONS LEAGUE,132,11,0,Isotopes,sour,false,Broncos,DEN,DEF,,,,423.p.100007
2023,CC Bowl XV CHAMPIONS LEAGUE,133,12,0,Isotopes,sour,false,Tyler Bass,BUF,K,,,,423.p.32858
2023,CC Bowl XV CHAMPIONS LEAGUE,134,12,0,The Omen,Damien Robertson,false,Van Jefferson,WAS,WR,,,,423.p.32727
2023,CC Bowl XV CHAMPIONS LEAGUE,135,12,0,The Replacements,sean,false,Tyler Higbee,LAR,TE,,,,423.p.29344
2023,CC Bowl XV CHAMPIONS LEAGUE,136,12,0,Bears Stiill Suck,Amzie,false,Micah Parsons,GB,"LB,DE",,,,423.p.33400
2023,CC Bowl XV CHAMPIONS LEAGUE,137,12,0,Fat Lazy Americans,Andy,true,Ravens,BAL,DEF,,,,423.p.100033
2023,CC Bowl XV CHAMPIONS LEAGUE,138,12,0,CallingInSickMonday,Jaimie Harcos,false,Evan McPherson,CIN,K,,,,423.p.33537
2023,CC Bowl XV CHAMPIONS LEAGUE,139,12,0,No punt intended,Matthew,false,Roschon Johnson,CHI,RB,,,,423.p.40162
2023,CC Bowl XV CHAMPIONS LEAGUE,140,12,0,Your my boy blue!!!,Tobey,false,JuJu Smith-Schuster,NYG,WR,,,,423.p.30175
2023,CC Bowl XV CHAMPIONS LEAGUE,141,12,0,Wizard Sleeves,Kile,false,Elijah Mitchell,KC,RB,,,,423.p.33582
2023,CC Bowl XV CHAMPIONS LEAGUE,142,12,0,Everyone's leftovers,Ray,false,D'Onta Foreman,CLE,RB,,,,423.p.30202
2023,CC Bowl XV CHAMPIONS LEAGUE,143,12,0,KC Masterpiece,Barry,false,Odell Beckham Jr.,NYG,WR,,,,423.p.27540
2023,CC Bowl XV CHAMPIONS LEAGUE,144,12,0,Prestige Worldwide,Matt Hamlin,false,Russell Wilson,NYG,QB,,,,423.p.25785
2023,CC Bowl XV CHAMPIONS LEAGUE,145,13,0,Prestige Worldwide,Matt Hamlin,false,Dolphins,MIA,DEF,,,,423.p.100015
2023,CC Bowl XV CHAMPIONS LEAGUE,146,13,0,KC Masterpiece,Barry,false,Geno Smith,NYJ,QB,,,,423.p.26662
2023,CC Bowl XV CHAMPIONS LEAGUE,147,13,0,Everyone's leftovers,Ray,false,Bobby Okereke,CAR,LB,,,,423.p.31921
2023,CC Bowl XV CHAMPIONS LEAGUE,148,13,0,Wizard Sleeves,Kile,false,Zaire Franklin,GB,LB,,,,423.p.31205
2023,CC Bowl XV CHAMPIONS LEAGUE,149,13,0,Your my boy blue!!!,Tobey,false,Logan Wilson,DAL,LB,,,,423.p.32735
2023,CC Bowl XV CHAMPIONS LEAGUE,150,13,0,No punt intended,Matthew,false,Fred Warner,SF,LB,,,,423.p.31040
2023,CC Bowl XV CHAMPIONS LEAGUE,151,13,0,CallingInSickMonday,Jaimie Harcos,false,Rashod Bateman,BAL,WR,,,,423.p.33415
2023,CC Bowl XV CHAMPIONS LEAGUE,152,13,0,Fat Lazy Americans,Andy,true,Courtland Sutton,DEN,WR,,,,423.p.31010
2023,CC Bowl XV CHAMPIONS LEAGUE,153,13,0,Bears Stiill Suck,Amzie,false,Haason Reddick,TB,LB,,,,423.p.30126
2023,CC Bowl XV CHAMPIONS LEAGUE,154,13,0,The Replacements,sean,false,Juwan Johnson,NO,TE,,,,423.p.33113
2023,CC Bowl XV CHAMPIONS LEAGUE,155,13,0,The Omen,Damien Robertson,false,Jalen Pitre,HOU,"DB,S",,,,423.p.33992
2023,CC Bowl XV CHAMPIONS LEAGUE,156,13,0,Isotopes,sour,false,Marcus Jones,NE,"DB,CB",,,,423.p.34041
2023,CC Bowl XV CHAMPIONS LEAGUE,157,14,0,Isotopes,sour,false,C.J. Moore,DET,S,,,,423.p.32454
2023,CC Bowl XV CHAMPIONS LEAGUE,158,14,0,The Omen,Damien Robertson,false,Drue Tranquill,KC,LB,,,,423.p.31962
2023,CC Bowl XV CHAMPIONS LEAGUE,159,14,0,The Replacements,sean,false,Minkah Fitzpatrick,NYJ,S,,,,423.p.30981
2023,CC Bowl XV CHAMPIONS LEAGUE,160,14,0,Bears Stiill Suck,Amzie,false,Chig Okonkwo,WAS,TE,,,,423.p.34099
2023,CC Bowl XV CHAMPIONS LEAGUE,161,14,0,Fat Lazy Americans,Andy,true,Bobby Wagner,WAS,LB,,,,423.p.25757
2023,CC Bowl XV CHAMPIONS LEAGUE,162,14,0,CallingInSickMonday,Jaimie Harcos,false,Elijah Moore,PHI,WR,,,,423.p.33422
2023,CC Bowl XV CHAMPIONS LEAGUE,163,14,0,No punt intended,Matthew,false,Devin White,DET,LB,,,,423.p.31837
2023,CC Bowl XV CHAMPIONS LEAGUE,164,14,0,Your my boy blue!!!,Tobey,false,Derek Carr,NO,QB,,,,423.p.27564
2023,CC Bowl XV CHAMPIONS LEAGUE,165,14,0,Wizard Sleeves,Kile,false,Alex Singleton,DEN,LB,,,,423.p.28716
2023,CC Bowl XV CHAMPIONS LEAGUE,166,14,0,Everyone's leftovers,Ray,false,Adam Thielen,PIT,WR,,,,423.p.27277
2023,CC Bowl XV CHAMPIONS LEAGUE,167,14,0,KC Masterpiece,Barry,false,Justin Reid,NO,S,,,,423.p.31038
2023,CC Bowl XV CHAMPIONS LEAGUE,168,14,0,Prestige Worldwide,Matt Hamlin,false,T.J. Edwards,CHI,LB,,,,423.p.32403
2023,CC Bowl XV CHAMPIONS LEAGUE,169,15,0,Prestige Worldwide,Matt Hamlin,false,De'Vondre Campbell Sr.,SF,LB,,,,423.p.29349
2023,CC Bowl XV CHAMPIONS LEAGUE,170,15,0,KC Masterpiece,Barry,false,Jaylinn Hawkins,BAL,S,,,,423.p.32804
2023,CC Bowl XV CHAMPIONS LEAGUE,171,15,0,Everyone's leftovers,Ray,false,Younghoe Koo,NYG,K,,,,423.p.30426
2023,CC Bowl XV CHAMPIONS LEAGUE,172,15,0,Wizard Sleeves,Kile,false,Bengals,CIN,DEF,,,,423.p.100004
2023,CC Bowl XV CHAMPIONS LEAGUE,173,15,0,Your my boy blue!!!,Tobey,false,Sam LaPorta,DET,TE,,,,423.p.40064
2023,CC Bowl XV CHAMPIONS LEAGUE,174,15,0,No punt intended,Matthew,false,Commanders,WAS,DEF,,,,423.p.100028
2023,CC Bowl XV CHAMPIONS LEAGUE,175,15,0,CallingInSickMonday,Jaimie Harcos,false,Dalton Kincaid,BUF,TE,,,,423.p.40048
2023,CC Bowl XV CHAMPIONS LEAGUE,176,15,0,Fat Lazy Americans,Andy,true,Tyler Allgeier,ARI,RB,,,,423.p.34107
2023,CC Bowl XV CHAMPIONS LEAGUE,177,15,0,Bears Stiill Suck,Amzie,false,Brock Purdy,SF,QB,,,,423.p.34218
2023,CC Bowl XV CHAMPIONS LEAGUE,178,15,0,The Replacements,sean,false,Allen Lazard,NYJ,WR,,,,423.p.31268
2023,CC Bowl XV CHAMPIONS LEAGUE,179,15,0,The Omen,Damien Robertson,false,Dalton Schultz,HOU,TE,,,,423.p.31107
2023,CC Bowl XV CHAMPIONS LEAGUE,180,15,0,Isotopes,sour,false,Nico Collins,HOU,WR,,,,423.p.33477
2023,CC Bowl XV CHAMPIONS LEAGUE,181,16,0,Isotopes,sour,false,Jake Ferguson,DAL,TE,,,,423.p.34085
2023,CC Bowl XV CHAMPIONS LEAGUE,182,16,0,The Omen,Damien Robertson,false,Damien Harris,BUF,RB,,,,423.p.31919
2023,CC Bowl XV CHAMPIONS LEAGUE,183,16,0,The Replacements,sean,false,Cole Holcomb,PIT,LB,,,,423.p.32005
2023,CC Bowl XV CHAMPIONS LEAGUE,184,16,0,Bears Stiill Suck,Amzie,false,Harrison Butker,KC,K,,,,423.p.30346
2023,CC Bowl XV CHAMPIONS LEAGUE,185,16,0,Fat Lazy Americans,Andy,true,Josey Jewell,CAR,LB,,,,423.p.31076
2023,CC Bowl XV CHAMPIONS LEAGUE,186,16,0,CallingInSickMonday,Jaimie Harcos,false,Romeo Doubs,NE,WR,,,,423.p.34088
2023,CC Bowl XV CHAMPIONS LEAGUE,187,16,0,No punt intended,Matthew,false,Clyde Edwards-Helaire,KC,RB,,,,423.p.32702
2023,CC Bowl XV CHAMPIONS LEAGUE,188,16,0,Your my boy blue!!!,Tobey,false,Jake Elliott,PHI,K,,,,423.p.30266
2023,CC Bowl XV CHAMPIONS LEAGUE,189,16,0,Wizard Sleeves,Kile,false,Riley Patterson,MIA,K,,,,423.p.33781
2023,CC Bowl XV CHAMPIONS LEAGUE,190,16,0,Everyone's leftovers,Ray,false,Rashid Shaheed,SEA,WR,,,,423.p.34659
2023,CC Bowl XV CHAMPIONS LEAGUE,191,16,0,KC Masterpiece,Barry,false,Jordan Love,GB,QB,,,,423.p.32696
2023,CC Bowl XV CHAMPIONS LEAGUE,192,16,0,Prestige Worldwide,Matt Hamlin,false,Brandon McManus,GB,K,,,,423.p.27120
2023,RFI XVI,1,1,0,Shrimp Gang,Taylor,false,Justin Jefferson,MIN,WR,,,,423.p.32692
2023,RFI XVI,2,1,0,NotSoNewlyWedz,Corey,false,Christian McCaffrey,SF,RB,,,,423.p.30121
2023,RFI XVI,3,1,0,Snookies Super Squad,Braden,false,Austin Ekeler,WAS,RB,,,,423.p.30423
2023,RFI XVI,4,1,0,Fat Lazy Americans,Andy,true,Nick Chubb,HOU,RB,,,,423.p.31005
2023,RFI XVI,5,1,0,Doug Exeter,James,false,Tyreek Hill,MIA,WR,,,,423.p.29399
2023,RFI XVI,6,1,0,YoungHoe Puka,J,false,Travis Kelce,KC,TE,,,,423.p.26686
2023,RFI XVI,7,1,0,Shanimals,Shannon,false,Derrick Henry,BAL,RB,,,,423.p.29279
2023,RFI XVI,8,1,0,Sheriff Of Paddy's,David,false,A.J. Brown,NE,WR,,,,423.p.31883
2023,RFI XVI,9,1,0,CousinCamp,Matthew,false,Saquon Barkley,PHI,RB,,,,423.p.30972
2023,RFI XVI,10,1,0,Golden Domers 4 J&J,sean,false,Patrick Mahomes,KC,QB,,,,423.p.30123
2023,RFI XVI,11,1,0,Tough Nuts,Michele,false,Bijan Robinson,ATL,RB,,,,423.p.40055
2023,RFI XVI,12,1,0,Tremendous Slouch,Doug,false,Stefon Diggs,WAS,WR,,,,423.p.28534
2023,RFI XVI,13,2,0,Tremendous Slouch,Doug,false,Amon-Ra St. Brown,DET,WR,,,,423.p.33500
2023,RFI XVI,14,2,0,Tough Nuts,Michele,false,Josh Jacobs,GB,RB,,,,423.p.31856
2023,RFI XVI,15,2,0,Golden Domers 4 J&J,sean,false,CeeDee Lamb,DAL,WR,,,,423.p.32687
2023,RFI XVI,16,2,0,CousinCamp,Matthew,false,Davante Adams,LAR,WR,,,,423.p.27581
2023,RFI XVI,17,2,0,Sheriff Of Paddy's,David,false,Jaylen Waddle,DEN,WR,,,,423.p.33394
2023,RFI XVI,18,2,0,Shanimals,Shannon,false,Jalen Hurts,PHI,QB,,,,423.p.32723
2023,RFI XVI,19,2,0,YoungHoe Puka,J,false,Ja'Marr Chase,CIN,WR,,,,423.p.33393
2023,RFI XVI,20,2,0,Doug Exeter,James,false,DeVonta Smith,PHI,WR,,,,423.p.33398
2023,RFI XVI,21,2,0,Fat Lazy Americans,Andy,true,Joe Mixon,SEA,RB,,,,423.p.30161
2023,RFI XVI,22,2,0,Snookies Super Squad,Braden,false,Travis Etienne Jr.,NO,RB,,,,423.p.33413
2023,RFI XVI,23,2,0,NotSoNewlyWedz,Corey,false,Chris Olave,NO,WR,,,,423.p.33966
2023,RFI XVI,24,2,0,Shrimp Gang,Taylor,false,Calvin Ridley,TEN,WR,,,,423.p.30996
2023,RFI XVI,25,3,0,Shrimp Gang,Taylor,false,Najee Harris,NYG,RB,,,,423.p.33412
2023,RFI XVI,26,3,0,NotSoNewlyWedz,Corey,false,Aaron Jones Sr.,MIN,RB,,,,423.p.30295
2023,RFI XVI,27,3,0,Snookies Super Squad,Braden,false,DK Metcalf,PIT,WR,,,,423.p.31896
2023,RFI XVI,28,3,0,Fat Lazy Americans,Andy,true,Tee Higgins,CIN,WR,,,,423.p.32703
2023,RFI XVI,29,3,0,Doug Exeter,James,false,Lamar Jackson,BAL,QB,,,,423.p.31002
2023,RFI XVI,30,3,0,YoungHoe Puka,J,false,Dameon Pierce,PHI,RB,,,,423.p.34063
2023,RFI XVI,31,3,0,Shanimals,Shannon,false,Jahmyr Gibbs,DET,RB,,,,423.p.40059
2023,RFI XVI,32,3,0,Sheriff Of Paddy's,David,false,Mark Andrews,BAL,TE,,,,423.p.31056
2023,RFI XVI,33,3,0,CousinCamp,Matthew,false,Amari Cooper,BUF,WR,,,,423.p.28392
2023,RFI XVI,34,3,0,Golden Domers 4 J&J,sean,false,Cooper Kupp,SEA,WR,,,,423.p.30182
2023,RFI XVI,35,3,0,Tough Nuts,Michele,false,Joe Burrow,CIN,QB,,,,423.p.32671
2023,RFI XVI,36,3,0,Tremendous Slouch,Doug,false,Breece Hall,NYJ,RB,,,,423.p.33991
2023,RFI XVI,37,4,0,Tremendous Slouch,Doug,false,Brandon Aiyuk,SF,WR,,,,423.p.32695
2023,RFI XVI,38,4,0,Tough Nuts,Michele,false,Deebo Samuel Sr.,SF,WR,,,,423.p.31868
2023,RFI XVI,39,4,0,Golden Domers 4 J&J,sean,false,George Kittle,SF,TE,,,,423.p.30259
2023,RFI XVI,40,4,0,CousinCamp,Matthew,false,Kenneth Walker III,KC,RB,,,,423.p.33996
2023,RFI XVI,41,4,0,Sheriff Of Paddy's,David,false,Alexander Mattison,MIA,RB,,,,423.p.31934
2023,RFI XVI,42,4,0,Shanimals,Shannon,false,Tyler Lockett,LV,WR,,,,423.p.28457
2023,RFI XVI,43,4,0,YoungHoe Puka,J,false,Keenan Allen,IND,WR,,,,423.p.26699
2023,RFI XVI,44,4,0,Doug Exeter,James,false,Miles Sanders,DAL,RB,,,,423.p.31885
2023,RFI XVI,45,4,0,Fat Lazy Americans,Andy,true,T.J. Hockenson,MIN,TE,,,,423.p.31840
2023,RFI XVI,46,4,0,Snookies Super Squad,Braden,false,Justin Herbert,LAC,QB,,,,423.p.32676
2023,RFI XVI,47,4,0,NotSoNewlyWedz,Corey,false,DJ Moore,BUF,WR,,,,423.p.30994
2023,RFI XVI,48,4,0,Shrimp Gang,Taylor,false,Kyle Pitts Sr.,ATL,TE,,,,423.p.33392
2023,RFI XVI,49,5,0,Shrimp Gang,Taylor,false,James Cook III,BUF,RB,,,,423.p.34019
2023,RFI XVI,50,5,0,NotSoNewlyWedz,Corey,false,Jared Goff,DET,QB,,,,423.p.29235
2023,RFI XVI,51,5,0,Snookies Super Squad,Braden,false,DeAndre Hopkins,BAL,WR,,,,423.p.26650
2023,RFI XVI,52,5,0,Fat Lazy Americans,Andy,true,Christian Watson,GB,WR,,,,423.p.33989
2023,RFI XVI,53,5,0,Doug Exeter,James,false,Tony Pollard,TEN,RB,,,,423.p.31960
2023,RFI XVI,54,5,0,YoungHoe Puka,J,false,Isiah Pacheco,DET,RB,,,,423.p.34207
2023,RFI XVI,55,5,0,Shanimals,Shannon,false,Darren Waller,CAR,TE,,,,423.p.28592
2023,RFI XVI,56,5,0,Sheriff Of Paddy's,David,false,James Conner,ARI,RB,,,,423.p.30218
2023,RFI XVI,57,5,0,CousinCamp,Matthew,false,Dallas Goedert,PHI,TE,,,,423.p.31019
2023,RFI XVI,58,5,0,Golden Domers 4 J&J,sean,false,Jonathan Taylor,IND,RB,,,,423.p.32711
2023,RFI XVI,59,5,0,Tough Nuts,Michele,false,Cam Akers,SEA,RB,,,,423.p.32722
2023,RFI XVI,60,5,0,Tremendous Slouch,Doug,false,Diontae Johnson,CLE,WR,,,,423.p.31898
2023,RFI XVI,61,6,0,Tremendous Slouch,Doug,false,Javonte Williams,DAL,RB,,,,423.p.33423
2023,RFI XVI,62,6,0,Tough Nuts,Michele,false,Mike Williams,PIT,WR,,,,423.p.30120
2023,RFI XVI,63,6,0,Golden Domers 4 J&J,sean,false,Rachaad White,WAS,RB,,,,423.p.34047
2023,RFI XVI,64,6,0,CousinCamp,Matthew,false,Khalil Herbert,ATL,RB,,,,423.p.33605
2023,RFI XVI,65,6,0,Sheriff Of Paddy's,David,false,Chris Godwin Jr.,TB,WR,,,,423.p.30197
2023,RFI XVI,66,6,0,Shanimals,Shannon,false,Michael Pittman Jr.,PIT,WR,,,,423.p.32704
2023,RFI XVI,67,6,0,YoungHoe Puka,J,false,Dalvin Cook,DAL,RB,,,,423.p.30154
2023,RFI XVI,68,6,0,Doug Exeter,James,false,George Pickens,DAL,WR,,,,423.p.34007
2023,RFI XVI,69,6,0,Fat Lazy Americans,Andy,true,D'Andre Swift,CHI,RB,,,,423.p.32705
2023,RFI XVI,70,6,0,Snookies Super Squad,Braden,false,Evan Engram,DEN,TE,,,,423.p.30136
2023,RFI XVI,71,6,0,NotSoNewlyWedz,Corey,false,Jamaal Williams,NO,RB,,,,423.p.30247
2023,RFI XVI,72,6,0,Shrimp Gang,Taylor,false,Elijah Moore,PHI,WR,,,,423.p.33422
2023,RFI XVI,73,7,0,Shrimp Gang,Taylor,false,David Montgomery,HOU,RB,,,,423.p.31905
2023,RFI XVI,74,7,0,NotSoNewlyWedz,Corey,false,Terry McLaurin,WAS,WR,,,,423.p.31908
2023,RFI XVI,75,7,0,Snookies Super Squad,Braden,false,Antonio Gibson,NE,RB,,,,423.p.32736
2023,RFI XVI,76,7,0,Fat Lazy Americans,Andy,true,Jahan Dotson,ATL,WR,,,,423.p.33971
2023,RFI XVI,77,7,0,Doug Exeter,James,false,AJ Dillon,CAR,RB,,,,423.p.32732
2023,RFI XVI,78,7,0,YoungHoe Puka,J,false,Aaron Rodgers,PIT,QB,,,,423.p.7200
2023,RFI XVI,79,7,0,Shanimals,Shannon,false,Gabe Davis,BUF,WR,,,,423.p.32798
2023,RFI XVI,80,7,0,Sheriff Of Paddy's,David,false,Alvin Kamara,NO,RB,,,,423.p.30180
2023,RFI XVI,81,7,0,CousinCamp,Matthew,false,Mike Evans,SF,WR,,,,423.p.27535
2023,RFI XVI,82,7,0,Golden Domers 4 J&J,sean,false,Raheem Mostert,LV,RB,,,,423.p.28654
2023,RFI XVI,83,7,0,Tough Nuts,Michele,false,Tyler Conklin,DET,TE,,,,423.p.31127
2023,RFI XVI,84,7,0,Tremendous Slouch,Doug,false,Jordan Addison,MIN,WR,,,,423.p.40042
2023,RFI XVI,85,8,0,Tremendous Slouch,Doug,false,Zach Charbonnet,SEA,RB,,,,423.p.40075
2023,RFI XVI,86,8,0,Tough Nuts,Michele,false,Jerry Jeudy,CLE,WR,,,,423.p.32685
2023,RFI XVI,87,8,0,Golden Domers 4 J&J,sean,false,Christian Kirk,SF,WR,,,,423.p.31017
2023,RFI XVI,88,8,0,CousinCamp,Matthew,false,Brian Robinson,ATL,RB,,,,423.p.34054
2023,RFI XVI,89,8,0,Sheriff Of Paddy's,David,false,Tua Tagovailoa,ATL,QB,,,,423.p.32675
2023,RFI XVI,90,8,0,Shanimals,Shannon,false,Dak Prescott,DAL,QB,,,,423.p.29369
2023,RFI XVI,91,8,0,YoungHoe Puka,J,false,Cowboys,DAL,DEF,,,,423.p.100006
2023,RFI XVI,92,8,0,Doug Exeter,James,false,Samaje Perine,CIN,RB,,,,423.p.30227
2023,RFI XVI,93,8,0,Fat Lazy Americans,Andy,true,Jaxon Smith-Njigba,SEA,WR,,,,423.p.40041
2023,RFI XVI,94,8,0,Snookies Super Squad,Braden,false,Hollywood Brown,PHI,WR,,,,423.p.31857
2023,RFI XVI,95,8,0,NotSoNewlyWedz,Corey,false,Pat Freiermuth,PIT,TE,,,,423.p.33443
2023,RFI XVI,96,8,0,Shrimp Gang,Taylor,false,Michael Thomas,NO,WR,,,,423.p.29281
2023,RFI XVI,97,9,0,Shrimp Gang,Taylor,false,Deshaun Watson,CLE,QB,,,,423.p.30125
2023,RFI XVI,98,9,0,NotSoNewlyWedz,Corey,false,Zay Flowers,BAL,WR,,,,423.p.40039
2023,RFI XVI,99,9,0,Snookies Super Squad,Braden,false,Jerick McKinnon,KC,RB,,,,423.p.27624
2023,RFI XVI,100,9,0,Fat Lazy Americans,Andy,true,De'Von Achane,MIA,RB,,,,423.p.40118
2023,RFI XVI,101,9,0,Doug Exeter,James,false,Anthony Richardson Sr.,IND,QB,,,,423.p.40040
2023,RFI XVI,102,9,0,YoungHoe Puka,J,false,Younghoe Koo,NYG,K,,,,423.p.30426
2023,RFI XVI,103,9,0,Shanimals,Shannon,false,Brandin Cooks,SF,WR,,,,423.p.27548
2023,RFI XVI,104,9,0,Sheriff Of Paddy's,David,false,Tyler Allgeier,ARI,RB,,,,423.p.34107
2023,RFI XVI,105,9,0,CousinCamp,Matthew,false,Josh Allen,BUF,QB,,,,423.p.30977
2023,RFI XVI,106,9,0,Golden Domers 4 J&J,sean,false,Russell Wilson,NYG,QB,,,,423.p.25785
2023,RFI XVI,107,9,0,Tough Nuts,Michele,false,Treylon Burks,WAS,WR,,,,423.p.33973
2023,RFI XVI,108,9,0,Tremendous Slouch,Doug,false,Skyy Moore,GB,WR,,,,423.p.34009
2023,RFI XVI,109,10,0,Tremendous Slouch,Doug,false,Daniel Jones,IND,QB,,,,423.p.31838
2023,RFI XVI,110,10,0,Tough Nuts,Michele,false,Kenny Gainwell,TB,RB,,,,423.p.33538
2023,RFI XVI,111,10,0,Golden Domers 4 J&J,sean,false,Courtland Sutton,DEN,WR,,,,423.p.31010
2023,RFI XVI,112,10,0,CousinCamp,Matthew,false,Jaylen Warren,PIT,RB,,,,423.p.34447
2023,RFI XVI,113,10,0,Sheriff Of Paddy's,David,false,David Njoku,LAC,TE,,,,423.p.30142
2023,RFI XVI,114,10,0,Shanimals,Shannon,false,Elijah Mitchell,KC,RB,,,,423.p.33582
2023,RFI XVI,115,10,0,YoungHoe Puka,J,false,Allen Lazard,NYJ,WR,,,,423.p.31268
2023,RFI XVI,116,10,0,Doug Exeter,James,false,Dalton Kincaid,BUF,TE,,,,423.p.40048
2023,RFI XVI,117,10,0,Fat Lazy Americans,Andy,true,Rashaad Penny,PHI,RB,,,,423.p.30997
2023,RFI XVI,118,10,0,Snookies Super Squad,Braden,false,JuJu Smith-Schuster,NYG,WR,,,,423.p.30175
2023,RFI XVI,119,10,0,NotSoNewlyWedz,Corey,false,Damien Harris,BUF,RB,,,,423.p.31919
2023,RFI XVI,120,10,0,Shrimp Gang,Taylor,false,Adam Thielen,PIT,WR,,,,423.p.27277
2023,RFI XVI,121,11,0,Shrimp Gang,Taylor,false,D'Onta Foreman,CLE,RB,,,,423.p.30202
2023,RFI XVI,122,11,0,NotSoNewlyWedz,Corey,false,Justin Tucker,BAL,K,,,,423.p.26534
2023,RFI XVI,123,11,0,Snookies Super Squad,Braden,false,Ezekiel Elliott,DAL,RB,,,,423.p.29238
2023,RFI XVI,124,11,0,Fat Lazy Americans,Andy,true,Tank Bigsby,PHI,RB,,,,423.p.40095
2023,RFI XVI,125,11,0,Doug Exeter,James,false,Eagles,PHI,DEF,,,,423.p.100021
2023,RFI XVI,126,11,0,YoungHoe Puka,J,false,Rashee Rice,KC,WR,,,,423.p.40084
2023,RFI XVI,127,11,0,Shanimals,Shannon,false,49ers,SF,DEF,,,,423.p.100025
2023,RFI XVI,128,11,0,Sheriff Of Paddy's,David,false,Garrett Wilson,NYJ,WR,,,,423.p.33965
2023,RFI XVI,129,11,0,CousinCamp,Matthew,false,Rashod Bateman,BAL,WR,,,,423.p.33415
2023,RFI XVI,130,11,0,Golden Domers 4 J&J,sean,false,Jets,NYJ,DEF,,,,423.p.100020
2023,RFI XVI,131,11,0,Tough Nuts,Michele,false,Dawson Knox,BUF,TE,,,,423.p.31928
2023,RFI XVI,132,11,0,Tremendous Slouch,Doug,false,Rhamondre Stevenson,NE,RB,,,,423.p.33508
2023,RFI XVI,133,12,0,Tremendous Slouch,Doug,false,Marvin Mims Jr.,DEN,WR,,,,423.p.40090
2023,RFI XVI,134,12,0,Tough Nuts,Michele,false,Jalin Hyatt,NYG,WR,,,,423.p.40128
2023,RFI XVI,135,12,0,Golden Domers 4 J&J,sean,false,Steelers,PIT,DEF,,,,423.p.100023
2023,RFI XVI,136,12,0,CousinCamp,Matthew,false,Nico Collins,HOU,WR,,,,423.p.33477
2023,RFI XVI,137,12,0,Sheriff Of Paddy's,David,false,Jameson Williams,DET,WR,,,,423.p.33967
2023,RFI XVI,138,12,0,Shanimals,Shannon,false,Tyler Boyd,TEN,WR,,,,423.p.29288
2023,RFI XVI,139,12,0,YoungHoe Puka,J,false,Quentin Johnston,LAC,WR,,,,423.p.40051
2023,RFI XVI,140,12,0,Doug Exeter,James,false,Odell Beckham Jr.,NYG,WR,,,,423.p.27540
2023,RFI XVI,141,12,0,Fat Lazy Americans,Andy,true,Bills,BUF,DEF,,,,423.p.100002
2023,RFI XVI,142,12,0,Snookies Super Squad,Braden,false,Broncos,DEN,DEF,,,,423.p.100007
2023,RFI XVI,143,12,0,NotSoNewlyWedz,Corey,false,Patriots,NE,DEF,,,,423.p.100017
2023,RFI XVI,144,12,0,Shrimp Gang,Taylor,false,Chig Okonkwo,WAS,TE,,,,423.p.34099
2023,RFI XVI,145,13,0,Shrimp Gang,Taylor,false,Trevor Lawrence,JAX,QB,,,,423.p.33389
2023,RFI XVI,146,13,0,NotSoNewlyWedz,Corey,false,Geno Smith,NYJ,QB,,,,423.p.26662
2023,RFI XVI,147,13,0,Snookies Super Squad,Braden,false,Kirk Cousins,LV,QB,,,,423.p.25812
2023,RFI XVI,148,13,0,Fat Lazy Americans,Andy,true,Justin Fields,KC,QB,,,,423.p.33399
2023,RFI XVI,149,13,0,Doug Exeter,James,false,Tyler Higbee,LAR,TE,,,,423.p.29344
2023,RFI XVI,150,13,0,YoungHoe Puka,J,false,Deuce Vaughn,HOU,RB,,,,423.p.40240
2023,RFI XVI,151,13,0,Shanimals,Shannon,false,Dalton Schultz,HOU,TE,,,,423.p.31107
2023,RFI XVI,152,13,0,Sheriff Of Paddy's,David,false,Dolphins,MIA,DEF,,,,423.p.100015
2023,RFI XVI,153,13,0,CousinCamp,Matthew,false,Saints,NO,DEF,,,,423.p.100018
2023,RFI XVI,154,13,0,Golden Domers 4 J&J,sean,false,J.K. Dobbins,DEN,RB,,,,423.p.32725
2023,RFI XVI,155,13,0,Tough Nuts,Michele,false,Drake London,ATL,WR,,,,423.p.33963
2023,RFI XVI,156,13,0,Tremendous Slouch,Doug,false,Sam LaPorta,DET,TE,,,,423.p.40064
2023,RFI XVI,157,14,0,Tremendous Slouch,Doug,false,Packers,GB,DEF,,,,423.p.100009
2023,RFI XVI,158,14,0,Tough Nuts,Michele,false,Ravens,BAL,DEF,,,,423.p.100033
2023,RFI XVI,159,14,0,Golden Domers 4 J&J,sean,false,Daniel Carlson,NO,K,,,,423.p.31137
2023,RFI XVI,160,14,0,CousinCamp,Matthew,false,Harrison Butker,KC,K,,,,423.p.30346
2023,RFI XVI,161,14,0,Sheriff Of Paddy's,David,false,Evan McPherson,CIN,K,,,,423.p.33537
2023,RFI XVI,162,14,0,Shanimals,Shannon,false,Tyler Bass,BUF,K,,,,423.p.32858
2023,RFI XVI,163,14,0,YoungHoe Puka,J,false,Kendre Miller,NO,RB,,,,423.p.40108
2023,RFI XVI,164,14,0,Doug Exeter,James,false,Kadarius Toney,CLE,WR,,,,423.p.33408
2023,RFI XVI,165,14,0,Fat Lazy Americans,Andy,true,Darnell Mooney,NYG,WR,,,,423.p.32843
2023,RFI XVI,166,14,0,Snookies Super Squad,Braden,false,Jason Sanders,NYJ,K,,,,423.p.31199
2023,RFI XVI,167,14,0,NotSoNewlyWedz,Corey,false,Gus Edwards,LAC,RB,,,,423.p.31424
2023,RFI XVI,168,14,0,Shrimp Gang,Taylor,false,Chuba Hubbard,CAR,RB,,,,423.p.33514
2023,RFI XVI,169,15,0,Shrimp Gang,Taylor,false,Devin Singletary,NYG,RB,,,,423.p.31906
2023,RFI XVI,170,15,0,NotSoNewlyWedz,Corey,false,Tyjae Spears,TEN,RB,,,,423.p.40119
2023,RFI XVI,171,15,0,Snookies Super Squad,Braden,false,Jakobi Meyers,JAX,WR,,,,423.p.32231
2023,RFI XVI,172,15,0,Fat Lazy Americans,Andy,true,Jordan Love,GB,QB,,,,423.p.32696
2023,RFI XVI,173,15,0,Doug Exeter,James,false,Jake Elliott,PHI,K,,,,423.p.30266
2023,RFI XVI,174,15,0,YoungHoe Puka,J,false,Kareem Hunt,KC,RB,,,,423.p.30199
2023,RFI XVI,175,15,0,Shanimals,Shannon,false,Commanders,WAS,DEF,,,,423.p.100028
2023,RFI XVI,176,15,0,Sheriff Of Paddy's,David,false,Derek Carr,NO,QB,,,,423.p.27564
2023,RFI XVI,177,15,0,CousinCamp,Matthew,false,Clyde Edwards-Helaire,KC,RB,,,,423.p.32702
2023,RFI XVI,178,15,0,Golden Domers 4 J&J,sean,false,Cole Kmet,CHI,TE,,,,423.p.32713
2023,RFI XVI,179,15,0,Tough Nuts,Michele,false,Greg Zuerlein,NYJ,K,,,,423.p.25881
2023,RFI XVI,180,15,0,Tremendous Slouch,Doug,false,Riley Patterson,MIA,K,,,,423.p.33781
2022,2022 - The League,1,1,0,Berserker,Peter,false,Jonathan Taylor,IND,RB,,,,414.p.32711
2022,2022 - The League,2,1,0,MombaMentality,Wendy,false,Derrick Henry,BAL,RB,,,,414.p.29279
2022,2022 - The League,3,1,0,I LIKE BIG TDS,Wesley,false,Christian McCaffrey,SF,RB,,,,414.p.30121
2022,2022 - The League,4,1,0,Oroszlanok,Thomas,false,Austin Ekeler,WAS,RB,,,,414.p.30423
2022,2022 - The League,5,1,0,Postino's Banditos,Matt,false,Najee Harris,NYG,RB,,,,414.p.33412
2022,2022 - The League,6,1,0,Leoninos,Leslie,false,Dalvin Cook,DAL,RB,,,,414.p.30154
2022,2022 - The League,7,1,0,Fat Lazy Americans,Andy,true,Joe Mixon,SEA,RB,,,,414.p.30161
2022,2022 - The League,8,1,0,Wailin Raylans,Amanda,false,D'Andre Swift,CHI,RB,,,,414.p.32705
2022,2022 - The League,9,1,0,Rafi Bomb Returns!,Matthew,false,Stefon Diggs,WAS,WR,,,,414.p.28534
2022,2022 - The League,10,1,0,Dumpster Fire,Eric,false,Alvin Kamara,NO,RB,,,,414.p.30180
2022,2022 - The League,11,1,0,No Talent Ass Clowns,mister miles,false,Leonard Fournette,BUF,RB,,,,414.p.30117
2022,2022 - The League,12,1,0,Billy Goat Tavern,Amzie,false,Cooper Kupp,SEA,WR,,,,414.p.30182
2022,2022 - The League,13,2,0,Billy Goat Tavern,Amzie,false,Mike Evans,SF,WR,,,,414.p.27535
2022,2022 - The League,14,2,0,No Talent Ass Clowns,mister miles,false,Davante Adams,LAR,WR,,,,414.p.27581
2022,2022 - The League,15,2,0,Dumpster Fire,Eric,false,Aaron Jones Sr.,MIN,RB,,,,414.p.30295
2022,2022 - The League,16,2,0,Rafi Bomb Returns!,Matthew,false,Javonte Williams,DAL,RB,,,,414.p.33423
2022,2022 - The League,17,2,0,Wailin Raylans,Amanda,false,Nick Chubb,HOU,RB,,,,414.p.31005
2022,2022 - The League,18,2,0,Fat Lazy Americans,Andy,true,Travis Kelce,KC,TE,,,,414.p.26686
2022,2022 - The League,19,2,0,Leoninos,Leslie,false,Ezekiel Elliott,DAL,RB,,,,414.p.29238
2022,2022 - The League,20,2,0,Postino's Banditos,Matt,false,A.J. Brown,NE,WR,,,,414.p.31883
2022,2022 - The League,21,2,0,Oroszlanok,Thomas,false,Tyreek Hill,MIA,WR,,,,414.p.29399
2022,2022 - The League,22,2,0,I LIKE BIG TDS,Wesley,false,Keenan Allen,IND,WR,,,,414.p.26699
2022,2022 - The League,23,2,0,MombaMentality,Wendy,false,Kyle Pitts Sr.,ATL,TE,,,,414.p.33392
2022,2022 - The League,24,2,0,Berserker,Peter,false,DJ Moore,BUF,WR,,,,414.p.30994
2022,2022 - The League,25,3,0,Berserker,Peter,false,Courtland Sutton,DEN,WR,,,,414.p.31010
2022,2022 - The League,26,3,0,MombaMentality,Wendy,false,Dameon Pierce,PHI,RB,,,,414.p.34063
2022,2022 - The League,27,3,0,I LIKE BIG TDS,Wesley,false,DK Metcalf,PIT,WR,,,,414.p.31896
2022,2022 - The League,28,3,0,Oroszlanok,Thomas,false,Travis Etienne Jr.,NO,RB,,,,414.p.33413
2022,2022 - The League,29,3,0,Postino's Banditos,Matt,false,Cam Akers,SEA,RB,,,,414.p.32722
2022,2022 - The League,30,3,0,Leoninos,Leslie,false,Josh Jacobs,GB,RB,,,,414.p.31856
2022,2022 - The League,31,3,0,Fat Lazy Americans,Andy,true,Breece Hall,NYJ,RB,,,,414.p.33991
2022,2022 - The League,32,3,0,Wailin Raylans,Amanda,false,Elijah Mitchell,KC,RB,,,,414.p.33582
2022,2022 - The League,33,3,0,Rafi Bomb Returns!,Matthew,false,CeeDee Lamb,DAL,WR,,,,414.p.32687
2022,2022 - The League,34,3,0,Dumpster Fire,Eric,false,Amon-Ra St. Brown,DET,WR,,,,414.p.33500
2022,2022 - The League,35,3,0,No Talent Ass Clowns,mister miles,false,J.K. Dobbins,DEN,RB,,,,414.p.32725
2022,2022 - The League,36,3,0,Billy Goat Tavern,Amzie,false,AJ Dillon,CAR,RB,,,,414.p.32732
2022,2022 - The League,37,4,0,Billy Goat Tavern,Amzie,false,Brandin Cooks,SF,WR,,,,414.p.27548
2022,2022 - The League,38,4,0,No Talent Ass Clowns,mister miles,false,Jaylen Waddle,DEN,WR,,,,414.p.33394
2022,2022 - The League,39,4,0,Dumpster Fire,Eric,false,Chase Edmonds,WAS,RB,,,,414.p.31104
2022,2022 - The League,40,4,0,Rafi Bomb Returns!,Matthew,false,David Montgomery,HOU,RB,,,,414.p.31905
2022,2022 - The League,41,4,0,Wailin Raylans,Amanda,false,Ja'Marr Chase,CIN,WR,,,,414.p.33393
2022,2022 - The League,42,4,0,Fat Lazy Americans,Andy,true,Patrick Mahomes,KC,QB,,,,414.p.30123
2022,2022 - The League,43,4,0,Leoninos,Leslie,false,Lamar Jackson,BAL,QB,,,,414.p.31002
2022,2022 - The League,44,4,0,Postino's Banditos,Matt,false,Josh Allen,BUF,QB,,,,414.p.30977
2022,2022 - The League,45,4,0,Oroszlanok,Thomas,false,Kyler Murray,MIN,QB,,,,414.p.31833
2022,2022 - The League,46,4,0,I LIKE BIG TDS,Wesley,false,Joe Burrow,CIN,QB,,,,414.p.32671
2022,2022 - The League,47,4,0,MombaMentality,Wendy,false,Diontae Johnson,CLE,WR,,,,414.p.31898
2022,2022 - The League,48,4,0,Berserker,Peter,false,Clyde Edwards-Helaire,KC,RB,,,,414.p.32702
2022,2022 - The League,49,5,0,Berserker,Peter,false,Russell Wilson,NYG,QB,,,,414.p.25785
2022,2022 - The League,50,5,0,MombaMentality,Wendy,false,Jerry Jeudy,CLE,WR,,,,414.p.32685
2022,2022 - The League,51,5,0,I LIKE BIG TDS,Wesley,false,Damien Harris,BUF,RB,,,,414.p.31919
2022,2022 - The League,52,5,0,Oroszlanok,Thomas,false,Allen Robinson,DET,WR,,,,414.p.27589
2022,2022 - The League,53,5,0,Postino's Banditos,Matt,false,Gabe Davis,BUF,WR,,,,414.p.32798
2022,2022 - The League,54,5,0,Leoninos,Leslie,false,JuJu Smith-Schuster,NYG,WR,,,,414.p.30175
2022,2022 - The League,55,5,0,Fat Lazy Americans,Andy,true,Deebo Samuel Sr.,SF,WR,,,,414.p.31868
2022,2022 - The League,56,5,0,Wailin Raylans,Amanda,false,Jalen Hurts,PHI,QB,,,,414.p.32723
2022,2022 - The League,57,5,0,Rafi Bomb Returns!,Matthew,false,Dallas Goedert,PHI,TE,,,,414.p.31019
2022,2022 - The League,58,5,0,Dumpster Fire,Eric,false,Dalton Schultz,HOU,TE,,,,414.p.31107
2022,2022 - The League,59,5,0,No Talent Ass Clowns,mister miles,false,Tom Brady,TB,QB,,,,414.p.5228
2022,2022 - The League,60,5,0,Billy Goat Tavern,Amzie,false,James Conner,ARI,RB,,,,414.p.30218
2022,2022 - The League,61,6,0,Billy Goat Tavern,Amzie,false,Antonio Gibson,NE,RB,,,,414.p.32736
2022,2022 - The League,62,6,0,No Talent Ass Clowns,mister miles,false,Chris Godwin Jr.,TB,WR,,,,414.p.30197
2022,2022 - The League,63,6,0,Dumpster Fire,Eric,false,Darnell Mooney,NYG,WR,,,,414.p.32843
2022,2022 - The League,64,6,0,Rafi Bomb Returns!,Matthew,false,Saquon Barkley,PHI,RB,,,,414.p.30972
2022,2022 - The League,65,6,0,Wailin Raylans,Amanda,false,Brandon Aiyuk,SF,WR,,,,414.p.32695
2022,2022 - The League,66,6,0,Fat Lazy Americans,Andy,true,Rashaad Penny,PHI,RB,,,,414.p.30997
2022,2022 - The League,67,6,0,Leoninos,Leslie,false,Terry McLaurin,WAS,WR,,,,414.p.31908
2022,2022 - The League,68,6,0,Postino's Banditos,Matt,false,Darren Waller,CAR,TE,,,,414.p.28592
2022,2022 - The League,69,6,0,Oroszlanok,Thomas,false,Dawson Knox,BUF,TE,,,,414.p.31928
2022,2022 - The League,70,6,0,I LIKE BIG TDS,Wesley,false,T.J. Hockenson,MIN,TE,,,,414.p.31840
2022,2022 - The League,71,6,0,MombaMentality,Wendy,false,Devin Singletary,NYG,RB,,,,414.p.31906
2022,2022 - The League,72,6,0,Berserker,Peter,false,Mark Andrews,BAL,TE,,,,414.p.31056
2022,2022 - The League,73,7,0,Berserker,Peter,false,Christian Kirk,SF,WR,,,,414.p.31017
2022,2022 - The League,74,7,0,MombaMentality,Wendy,false,Robert Woods,PIT,WR,,,,414.p.26664
2022,2022 - The League,75,7,0,I LIKE BIG TDS,Wesley,false,Adam Thielen,PIT,WR,,,,414.p.27277
2022,2022 - The League,76,7,0,Oroszlanok,Thomas,false,Michael Thomas,NO,WR,,,,414.p.29281
2022,2022 - The League,77,7,0,Postino's Banditos,Matt,false,Allen Lazard,NYJ,WR,,,,414.p.31268
2022,2022 - The League,78,7,0,Leoninos,Leslie,false,Hollywood Brown,PHI,WR,,,,414.p.31857
2022,2022 - The League,79,7,0,Fat Lazy Americans,Andy,true,Justin Jefferson,MIN,WR,,,,414.p.32692
2022,2022 - The League,80,7,0,Wailin Raylans,Amanda,false,Michael Pittman Jr.,PIT,WR,,,,414.p.32704
2022,2022 - The League,81,7,0,Rafi Bomb Returns!,Matthew,false,Dak Prescott,DAL,QB,,,,414.p.29369
2022,2022 - The League,82,7,0,Dumpster Fire,Eric,false,Mike Williams,PIT,WR,,,,414.p.30120
2022,2022 - The League,83,7,0,No Talent Ass Clowns,mister miles,false,Miles Sanders,DAL,RB,,,,414.p.31885
2022,2022 - The League,84,7,0,Billy Goat Tavern,Amzie,false,Kareem Hunt,KC,RB,,,,414.p.30199
2022,2022 - The League,85,8,0,Billy Goat Tavern,Amzie,false,Aaron Rodgers,PIT,QB,,,,414.p.7200
2022,2022 - The League,86,8,0,No Talent Ass Clowns,mister miles,false,George Kittle,SF,TE,,,,414.p.30259
2022,2022 - The League,87,8,0,Dumpster Fire,Eric,false,Justin Herbert,LAC,QB,,,,414.p.32676
2022,2022 - The League,88,8,0,Rafi Bomb Returns!,Matthew,false,Elijah Moore,PHI,WR,,,,414.p.33422
2022,2022 - The League,89,8,0,Wailin Raylans,Amanda,false,Amari Cooper,BUF,WR,,,,414.p.28392
2022,2022 - The League,90,8,0,Fat Lazy Americans,Andy,true,DeVonta Smith,PHI,WR,,,,414.p.33398
2022,2022 - The League,91,8,0,Leoninos,Leslie,false,Pat Freiermuth,PIT,TE,,,,414.p.33443
2022,2022 - The League,92,8,0,Postino's Banditos,Matt,false,Tony Pollard,TEN,RB,,,,414.p.31960
2022,2022 - The League,93,8,0,Oroszlanok,Thomas,false,Tee Higgins,CIN,WR,,,,414.p.32703
2022,2022 - The League,94,8,0,I LIKE BIG TDS,Wesley,false,Kirk Cousins,LV,QB,,,,414.p.25812
2022,2022 - The League,95,8,0,MombaMentality,Wendy,false,Drake London,ATL,WR,,,,414.p.33963
2022,2022 - The League,96,8,0,Berserker,Peter,false,Kenneth Walker III,KC,RB,,,,414.p.33996
2022,2022 - The League,97,9,0,Berserker,Peter,false,Chris Olave,NO,WR,,,,414.p.33966
2022,2022 - The League,98,9,0,MombaMentality,Wendy,false,Hunter Renfrow,CAR,WR,,,,414.p.31981
2022,2022 - The League,99,9,0,I LIKE BIG TDS,Wesley,false,DeAndre Hopkins,BAL,WR,,,,414.p.26650
2022,2022 - The League,100,9,0,Oroszlanok,Thomas,false,Tyler Lockett,LV,WR,,,,414.p.28457
2022,2022 - The League,101,9,0,Postino's Banditos,Matt,false,Cole Kmet,CHI,TE,,,,414.p.32713
2022,2022 - The League,102,9,0,Leoninos,Leslie,false,Nyheim Miller-Hines,LAC,RB,,,,414.p.31074
2022,2022 - The League,103,9,0,Fat Lazy Americans,Andy,true,James Cook III,BUF,RB,,,,414.p.34019
2022,2022 - The League,104,9,0,Wailin Raylans,Amanda,false,Zach Ertz,PHI,TE,,,,414.p.26658
2022,2022 - The League,105,9,0,Rafi Bomb Returns!,Matthew,false,Kadarius Toney,CLE,WR,,,,414.p.33408
2022,2022 - The League,106,9,0,Dumpster Fire,Eric,false,Melvin Gordon III,BAL,RB,,,,414.p.28403
2022,2022 - The League,107,9,0,No Talent Ass Clowns,mister miles,false,T.J. Watt,PIT,LB,,,,414.p.30143
2022,2022 - The League,108,9,0,Billy Goat Tavern,Amzie,false,Michael Carter,TEN,RB,,,,414.p.33495
2022,2022 - The League,109,10,0,Billy Goat Tavern,Amzie,false,Roquan Smith,BAL,LB,,,,414.p.30978
2022,2022 - The League,110,10,0,No Talent Ass Clowns,mister miles,false,Rhamondre Stevenson,NE,RB,,,,414.p.33508
2022,2022 - The League,111,10,0,Dumpster Fire,Eric,false,Nick Bosa,SF,DE,,,,414.p.31834
2022,2022 - The League,112,10,0,Rafi Bomb Returns!,Matthew,false,Darrell Henderson Jr.,LAR,RB,,,,414.p.31902
2022,2022 - The League,113,10,0,Wailin Raylans,Amanda,false,Bobby Wagner,WAS,LB,,,,414.p.25757
2022,2022 - The League,114,10,0,Fat Lazy Americans,Andy,true,Jordyn Brooks,MIA,LB,,,,414.p.32697
2022,2022 - The League,115,10,0,Leoninos,Leslie,false,Foyesade Oluokun,JAX,LB,,,,414.p.31170
2022,2022 - The League,116,10,0,Postino's Banditos,Matt,false,James Robinson,NO,RB,,,,414.p.33138
2022,2022 - The League,117,10,0,Oroszlanok,Thomas,false,Cordarrelle Patterson,PIT,RB,,,,414.p.26652
2022,2022 - The League,118,10,0,I LIKE BIG TDS,Wesley,false,Devin White,DET,LB,,,,414.p.31837
2022,2022 - The League,119,10,0,MombaMentality,Wendy,false,Matthew Stafford,LAR,QB,,,,414.p.9265
2022,2022 - The League,120,10,0,Berserker,Peter,false,Rashod Bateman,BAL,WR,,,,414.p.33415
2022,2022 - The League,121,11,0,Berserker,Peter,false,Fred Warner,SF,LB,,,,414.p.31040
2022,2022 - The League,122,11,0,MombaMentality,Wendy,false,George Pickens,DAL,WR,,,,414.p.34007
2022,2022 - The League,123,11,0,I LIKE BIG TDS,Wesley,false,Julio Jones,PHI,WR,,,,414.p.24793
2022,2022 - The League,124,11,0,Oroszlanok,Thomas,false,Khalil Herbert,ATL,RB,,,,414.p.33605
2022,2022 - The League,125,11,0,Postino's Banditos,Matt,false,C.J. Mosley,NYJ,LB,,,,414.p.27545
2022,2022 - The League,126,11,0,Leoninos,Leslie,false,De'Vondre Campbell Sr.,SF,LB,,,,414.p.29349
2022,2022 - The League,127,11,0,Fat Lazy Americans,Andy,true,Kenny Gainwell,TB,RB,,,,414.p.33538
2022,2022 - The League,128,11,0,Wailin Raylans,Amanda,false,Alexander Mattison,MIA,RB,,,,414.p.31934
2022,2022 - The League,129,11,0,Rafi Bomb Returns!,Matthew,false,DeVante Parker,NE,WR,,,,414.p.28402
2022,2022 - The League,130,11,0,Dumpster Fire,Eric,false,Tyler Boyd,TEN,WR,,,,414.p.29288
2022,2022 - The League,131,11,0,No Talent Ass Clowns,mister miles,false,Micah Parsons,GB,LB,,,,414.p.33400
2022,2022 - The League,132,11,0,Billy Goat Tavern,Amzie,false,Romeo Doubs,NE,WR,,,,414.p.34088
2022,2022 - The League,133,12,0,Billy Goat Tavern,Amzie,false,Nick Bolton,KC,LB,,,,414.p.33446
2022,2022 - The League,134,12,0,No Talent Ass Clowns,mister miles,false,Skyy Moore,GB,WR,,,,414.p.34009
2022,2022 - The League,135,12,0,Dumpster Fire,Eric,false,Aaron Donald,LAR,DT,,,,414.p.27541
2022,2022 - The League,136,12,0,Rafi Bomb Returns!,Matthew,false,Cole Holcomb,PIT,LB,,,,414.p.32005
2022,2022 - The League,137,12,0,Wailin Raylans,Amanda,false,Treylon Burks,WAS,WR,,,,414.p.33973
2022,2022 - The League,138,12,0,Fat Lazy Americans,Andy,true,Logan Wilson,DAL,LB,,,,414.p.32735
2022,2022 - The League,139,12,0,Leoninos,Leslie,false,Eric Kendricks,SF,LB,,,,414.p.28433
2022,2022 - The League,140,12,0,Postino's Banditos,Matt,false,Denzel Perryman,LAC,LB,,,,414.p.28436
2022,2022 - The League,141,12,0,Oroszlanok,Thomas,false,Chase Claypool,BUF,WR,,,,414.p.32719
2022,2022 - The League,142,12,0,I LIKE BIG TDS,Wesley,false,Rex Burkhead,HOU,RB,,,,414.p.26813
2022,2022 - The League,143,12,0,MombaMentality,Wendy,false,Irv Smith Jr.,HOU,TE,,,,414.p.31882
2022,2022 - The League,144,12,0,Berserker,Peter,false,Kyzir White,TEN,LB,,,,414.p.31089
2022,2022 - The League,145,13,0,Berserker,Peter,false,Marquez Valdes-Scantling,LAC,WR,,,,414.p.31144
2022,2022 - The League,146,13,0,MombaMentality,Wendy,false,Tyler Allgeier,ARI,RB,,,,414.p.34107
2022,2022 - The League,147,13,0,I LIKE BIG TDS,Wesley,false,Eno Benjamin,NO,RB,,,,414.p.32892
2022,2022 - The League,148,13,0,Oroszlanok,Thomas,false,Justin Fields,KC,QB,,,,414.p.33399
2022,2022 - The League,149,13,0,Postino's Banditos,Matt,false,Myles Garrett,LAR,DE,,,,414.p.30114
2022,2022 - The League,150,13,0,Leoninos,Leslie,false,Jeff Wilson Jr.,MIA,RB,,,,414.p.31394
2022,2022 - The League,151,13,0,Fat Lazy Americans,Andy,true,Rachaad White,WAS,RB,,,,414.p.34047
2022,2022 - The League,152,13,0,Wailin Raylans,Amanda,false,Trey Lance,LAC,QB,,,,414.p.33391
2022,2022 - The League,153,13,0,Rafi Bomb Returns!,Matthew,false,Derek Carr,NO,QB,,,,414.p.27564
2022,2022 - The League,154,13,0,Dumpster Fire,Eric,false,DJ Chark,ATL,WR,,,,414.p.31031
2022,2022 - The League,155,13,0,No Talent Ass Clowns,mister miles,false,Hunter Henry,NE,TE,,,,414.p.29269
2022,2022 - The League,156,13,0,Billy Goat Tavern,Amzie,false,Albert Okwuegbunam Jr.,LV,TE,,,,414.p.32788
2022,2022 - The League,157,14,0,Billy Goat Tavern,Amzie,false,Isiah Pacheco,DET,RB,,,,414.p.34207
2022,2022 - The League,158,14,0,No Talent Ass Clowns,mister miles,false,Jahan Dotson,ATL,WR,,,,414.p.33971
2022,2022 - The League,159,14,0,Dumpster Fire,Eric,false,Joey Bosa,BUF,DE,,,,414.p.29237
2022,2022 - The League,160,14,0,Rafi Bomb Returns!,Matthew,false,Jamaal Williams,NO,RB,,,,414.p.30247
2022,2022 - The League,161,14,0,Wailin Raylans,Amanda,false,Shaquille Leonard,IND,LB,,,,414.p.31006
2022,2022 - The League,162,14,0,Fat Lazy Americans,Andy,true,Brian Robinson,ATL,RB,,,,414.p.34054
2022,2022 - The League,163,14,0,Leoninos,Leslie,false,Tyler Higbee,LAR,TE,,,,414.p.29344
2022,2022 - The League,164,14,0,Postino's Banditos,Matt,false,Mecole Hardman Jr.,BUF,WR,,,,414.p.31888
2022,2022 - The League,165,14,0,Oroszlanok,Thomas,false,Derwin James Jr.,LAC,S,,,,414.p.30987
2022,2022 - The League,166,14,0,I LIKE BIG TDS,Wesley,false,Isaiah Spiller,LV,RB,,,,414.p.34079
2022,2022 - The League,167,14,0,MombaMentality,Wendy,false,Trevon Diggs,SEA,CB,,,,414.p.32721
2022,2022 - The League,168,14,0,Berserker,Peter,false,Minkah Fitzpatrick,NYJ,S,,,,414.p.30981
2022,2022 - The League,169,15,0,Berserker,Peter,false,Garrett Wilson,NYJ,WR,,,,414.p.33965
2022,2022 - The League,170,15,0,MombaMentality,Wendy,false,Tyler Bass,BUF,K,,,,414.p.32858
2022,2022 - The League,171,15,0,I LIKE BIG TDS,Wesley,false,Demario Davis,NYJ,LB,,,,414.p.25787
2022,2022 - The League,172,15,0,Oroszlanok,Thomas,false,Alex Singleton,DEN,LB,,,,414.p.28716
2022,2022 - The League,173,15,0,Postino's Banditos,Matt,false,Justin Tucker,BAL,K,,,,414.p.26534
2022,2022 - The League,174,15,0,Leoninos,Leslie,false,Darrel Williams,NO,RB,,,,414.p.31500
2022,2022 - The League,175,15,0,Fat Lazy Americans,Andy,true,Isaiah McKenzie,MIA,WR,,,,414.p.30285
2022,2022 - The League,176,15,0,Wailin Raylans,Amanda,false,J.D. McKissic,WAS,RB,,,,414.p.29650
2022,2022 - The League,177,15,0,Rafi Bomb Returns!,Matthew,false,Evan McPherson,CIN,K,,,,414.p.33537
2022,2022 - The League,178,15,0,Dumpster Fire,Eric,false,Shaquil Barrett,TB,LB,,,,414.p.27820
2022,2022 - The League,179,15,0,No Talent Ass Clowns,mister miles,false,Daniel Carlson,NO,K,,,,414.p.31137
2022,2022 - The League,180,15,0,Billy Goat Tavern,Amzie,false,Alec Pierce,IND,WR,,,,414.p.34008
2022,2022 - The League,181,16,0,Billy Goat Tavern,Amzie,false,Jordan Poyer,BUF,S,,,,414.p.26841
2022,2022 - The League,182,16,0,No Talent Ass Clowns,mister miles,false,Tua Tagovailoa,ATL,QB,,,,414.p.32675
2022,2022 - The League,183,16,0,Dumpster Fire,Eric,false,Matt Gay,LV,K,,,,414.p.31977
2022,2022 - The League,184,16,0,Rafi Bomb Returns!,Matthew,false,Jeremiah Owusu-Koramoah,CLE,LB,,,,414.p.33440
2022,2022 - The League,185,16,0,Wailin Raylans,Amanda,false,Lavonte David,TB,LB,,,,414.p.25768
2022,2022 - The League,186,16,0,Fat Lazy Americans,Andy,true,Bobby Okereke,CAR,LB,,,,414.p.31921
2022,2022 - The League,187,16,0,Leoninos,Leslie,false,Greg Joseph,LV,K,,,,414.p.31538
2022,2022 - The League,188,16,0,Postino's Banditos,Matt,false,Logan Ryan,SF,"S,CB",,,,414.p.26706
2022,2022 - The League,189,16,0,Oroszlanok,Thomas,false,Jalen Thompson,DAL,S,,,,414.p.32623
2022,2022 - The League,190,16,0,I LIKE BIG TDS,Wesley,false,Harrison Butker,KC,K,,,,414.p.30346
2022,2022 - The League,191,16,0,MombaMentality,Wendy,false,Jalen Ramsey,PIT,CB,,,,414.p.29239
2022,2022 - The League,192,16,0,Berserker,Peter,false,Tyrion Davis-Price,GB,RB,,,,414.p.34049
2022,2022 - The League,193,17,0,Berserker,Peter,false,Ryan Succop,TB,K,,,,414.p.9520
2022,2022 - The League,194,17,0,MombaMentality,Wendy,false,Trey Hendrickson,BAL,DE,,,,414.p.30216
2022,2022 - The League,195,17,0,I LIKE BIG TDS,Wesley,false,Isaiah Simmons,CAR,LB,,,,414.p.32678
2022,2022 - The League,196,17,0,Oroszlanok,Thomas,false,Matt Prater,BUF,K,,,,414.p.8565
2022,2022 - The League,197,17,0,Postino's Banditos,Matt,false,Raheem Mostert,LV,RB,,,,414.p.28654
2022,2022 - The League,198,17,0,Leoninos,Leslie,false,Devin Duvernay,ARI,WR,,,,414.p.32762
2022,2022 - The League,199,17,0,Fat Lazy Americans,Andy,true,Russell Gage Jr.,SF,WR,,,,414.p.31164
2022,2022 - The League,200,17,0,Wailin Raylans,Amanda,false,Younghoe Koo,NYG,K,,,,414.p.30426
2022,2022 - The League,201,17,0,Rafi Bomb Returns!,Matthew,false,Antoine Winfield Jr.,TB,S,,,,414.p.32715
2022,2022 - The League,202,17,0,Dumpster Fire,Eric,false,Noah Fant,NO,TE,,,,414.p.31852
2022,2022 - The League,203,17,0,No Talent Ass Clowns,mister miles,false,T.J. Edwards,CHI,LB,,,,414.p.32403
2022,2022 - The League,204,17,0,Billy Goat Tavern,Amzie,false,Jake Elliott,PHI,K,,,,414.p.30266
2022,The Honey Badgers,1,1,0,Jesus take the wheel,Alejandro C,false,Jonathan Taylor,IND,RB,,,,414.p.32711
2022,The Honey Badgers,2,1,0,The Curious Case of Cookus,Joseph,false,Christian McCaffrey,SF,RB,,,,414.p.30121
2022,The Honey Badgers,3,1,0,Kryponite,BULL,false,Justin Jefferson,MIN,WR,,,,414.p.32692
2022,The Honey Badgers,4,1,0,Unicorn Love,Krista,false,Austin Ekeler,WAS,RB,,,,414.p.30423
2022,The Honey Badgers,5,1,0,Fat Lazy Americans,Andy,true,Dalvin Cook,DAL,RB,,,,414.p.30154
2022,The Honey Badgers,6,1,0,McGibblets,fritchie,false,Derrick Henry,BAL,RB,,,,414.p.29279
2022,The Honey Badgers,7,1,0,The Trophy Wives,Geri Hill,false,Joe Mixon,SEA,RB,,,,414.p.30161
2022,The Honey Badgers,8,1,0,My Balls Are Afoot,Chuck,false,Alvin Kamara,NO,RB,,,,414.p.30180
2022,The Honey Badgers,9,1,0,Zach Wilson Dating Service,Matthew,false,Najee Harris,NYG,RB,,,,414.p.33412
2022,The Honey Badgers,10,1,0,BeaverFever,Jaimie Harcos,false,Stefon Diggs,WAS,WR,,,,414.p.28534
2022,The Honey Badgers,11,1,0,Olivators,Amanda,false,Aaron Jones Sr.,MIN,RB,,,,414.p.30295
2022,The Honey Badgers,12,1,0,Dolphin Boobiez,Tali,false,D'Andre Swift,CHI,RB,,,,414.p.32705
2022,The Honey Badgers,13,2,0,Dolphin Boobiez,Tali,false,Travis Kelce,KC,TE,,,,414.p.26686
2022,The Honey Badgers,14,2,0,Olivators,Amanda,false,Davante Adams,LAR,WR,,,,414.p.27581
2022,The Honey Badgers,15,2,0,BeaverFever,Jaimie Harcos,false,Nick Chubb,HOU,RB,,,,414.p.31005
2022,The Honey Badgers,16,2,0,Zach Wilson Dating Service,Matthew,false,Cooper Kupp,SEA,WR,,,,414.p.30182
2022,The Honey Badgers,17,2,0,My Balls Are Afoot,Chuck,false,Leonard Fournette,BUF,RB,,,,414.p.30117
2022,The Honey Badgers,18,2,0,The Trophy Wives,Geri Hill,false,Kyle Pitts Sr.,ATL,TE,,,,414.p.33392
2022,The Honey Badgers,19,2,0,McGibblets,fritchie,false,Mike Evans,SF,WR,,,,414.p.27535
2022,The Honey Badgers,20,2,0,Fat Lazy Americans,Andy,true,CeeDee Lamb,DAL,WR,,,,414.p.32687
2022,The Honey Badgers,21,2,0,Unicorn Love,Krista,false,Tyreek Hill,MIA,WR,,,,414.p.29399
2022,The Honey Badgers,22,2,0,Kryponite,BULL,false,A.J. Brown,NE,WR,,,,414.p.31883
2022,The Honey Badgers,23,2,0,The Curious Case of Cookus,Joseph,false,DJ Moore,BUF,WR,,,,414.p.30994
2022,The Honey Badgers,24,2,0,Jesus take the wheel,Alejandro C,false,Kareem Hunt,KC,RB,,,,414.p.30199
2022,The Honey Badgers,25,3,0,Jesus take the wheel,Alejandro C,false,Keenan Allen,IND,WR,,,,414.p.26699
2022,The Honey Badgers,26,3,0,The Curious Case of Cookus,Joseph,false,Ezekiel Elliott,DAL,RB,,,,414.p.29238
2022,The Honey Badgers,27,3,0,Kryponite,BULL,false,Elijah Mitchell,KC,RB,,,,414.p.33582
2022,The Honey Badgers,28,3,0,Unicorn Love,Krista,false,Josh Allen,BUF,QB,,,,414.p.30977
2022,The Honey Badgers,29,3,0,Fat Lazy Americans,Andy,true,Travis Etienne Jr.,NO,RB,,,,414.p.33413
2022,The Honey Badgers,30,3,0,McGibblets,fritchie,false,Allen Robinson,DET,WR,,,,414.p.27589
2022,The Honey Badgers,31,3,0,The Trophy Wives,Geri Hill,false,AJ Dillon,CAR,RB,,,,414.p.32732
2022,The Honey Badgers,32,3,0,My Balls Are Afoot,Chuck,false,Justin Herbert,LAC,QB,,,,414.p.32676
2022,The Honey Badgers,33,3,0,Zach Wilson Dating Service,Matthew,false,Cam Akers,SEA,RB,,,,414.p.32722
2022,The Honey Badgers,34,3,0,BeaverFever,Jaimie Harcos,false,Lamar Jackson,BAL,QB,,,,414.p.31002
2022,The Honey Badgers,35,3,0,Olivators,Amanda,false,Patrick Mahomes,KC,QB,,,,414.p.30123
2022,The Honey Badgers,36,3,0,Dolphin Boobiez,Tali,false,Terry McLaurin,WAS,WR,,,,414.p.31908
2022,The Honey Badgers,37,4,0,Dolphin Boobiez,Tali,false,Jalen Hurts,PHI,QB,,,,414.p.32723
2022,The Honey Badgers,38,4,0,Olivators,Amanda,false,Tee Higgins,CIN,WR,,,,414.p.32703
2022,The Honey Badgers,39,4,0,BeaverFever,Jaimie Harcos,false,Breece Hall,NYJ,RB,,,,414.p.33991
2022,The Honey Badgers,40,4,0,Zach Wilson Dating Service,Matthew,false,Mark Andrews,BAL,TE,,,,414.p.31056
2022,The Honey Badgers,41,4,0,My Balls Are Afoot,Chuck,false,Deebo Samuel Sr.,SF,WR,,,,414.p.31868
2022,The Honey Badgers,42,4,0,The Trophy Wives,Geri Hill,false,Kyler Murray,MIN,QB,,,,414.p.31833
2022,The Honey Badgers,43,4,0,McGibblets,fritchie,false,George Kittle,SF,TE,,,,414.p.30259
2022,The Honey Badgers,44,4,0,Fat Lazy Americans,Andy,true,Javonte Williams,DAL,RB,,,,414.p.33423
2022,The Honey Badgers,45,4,0,Unicorn Love,Krista,false,Diontae Johnson,CLE,WR,,,,414.p.31898
2022,The Honey Badgers,46,4,0,Kryponite,BULL,false,Russell Wilson,NYG,QB,,,,414.p.25785
2022,The Honey Badgers,47,4,0,The Curious Case of Cookus,Joseph,false,Jaylen Waddle,DEN,WR,,,,414.p.33394
2022,The Honey Badgers,48,4,0,Jesus take the wheel,Alejandro C,false,JuJu Smith-Schuster,NYG,WR,,,,414.p.30175
2022,The Honey Badgers,49,5,0,Jesus take the wheel,Alejandro C,false,Devin Singletary,NYG,RB,,,,414.p.31906
2022,The Honey Badgers,50,5,0,The Curious Case of Cookus,Joseph,false,Darren Waller,CAR,TE,,,,414.p.28592
2022,The Honey Badgers,51,5,0,Kryponite,BULL,false,David Montgomery,HOU,RB,,,,414.p.31905
2022,The Honey Badgers,52,5,0,Unicorn Love,Krista,false,Chase Edmonds,WAS,RB,,,,414.p.31104
2022,The Honey Badgers,53,5,0,Fat Lazy Americans,Andy,true,Joe Burrow,CIN,QB,,,,414.p.32671
2022,The Honey Badgers,54,5,0,McGibblets,fritchie,false,Jerry Jeudy,CLE,WR,,,,414.p.32685
2022,The Honey Badgers,55,5,0,The Trophy Wives,Geri Hill,false,Ja'Marr Chase,CIN,WR,,,,414.p.33393
2022,The Honey Badgers,56,5,0,My Balls Are Afoot,Chuck,false,Josh Jacobs,GB,RB,,,,414.p.31856
2022,The Honey Badgers,57,5,0,Zach Wilson Dating Service,Matthew,false,DK Metcalf,PIT,WR,,,,414.p.31896
2022,The Honey Badgers,58,5,0,BeaverFever,Jaimie Harcos,false,Antonio Gibson,NE,RB,,,,414.p.32736
2022,The Honey Badgers,59,5,0,Olivators,Amanda,false,Dalton Schultz,HOU,TE,,,,414.p.31107
2022,The Honey Badgers,60,5,0,Dolphin Boobiez,Tali,false,Dameon Pierce,PHI,RB,,,,414.p.34063
2022,The Honey Badgers,61,6,0,Dolphin Boobiez,Tali,false,Courtland Sutton,DEN,WR,,,,414.p.31010
2022,The Honey Badgers,62,6,0,Olivators,Amanda,false,Gabe Davis,BUF,WR,,,,414.p.32798
2022,The Honey Badgers,63,6,0,BeaverFever,Jaimie Harcos,false,Brandin Cooks,SF,WR,,,,414.p.27548
2022,The Honey Badgers,64,6,0,Zach Wilson Dating Service,Matthew,false,Adam Thielen,PIT,WR,,,,414.p.27277
2022,The Honey Badgers,65,6,0,My Balls Are Afoot,Chuck,false,T.J. Hockenson,MIN,TE,,,,414.p.31840
2022,The Honey Badgers,66,6,0,The Trophy Wives,Geri Hill,false,Amon-Ra St. Brown,DET,WR,,,,414.p.33500
2022,The Honey Badgers,67,6,0,McGibblets,fritchie,false,Clyde Edwards-Helaire,KC,RB,,,,414.p.32702
2022,The Honey Badgers,68,6,0,Fat Lazy Americans,Andy,true,Dallas Goedert,PHI,TE,,,,414.p.31019
2022,The Honey Badgers,69,6,0,Unicorn Love,Krista,false,Rashod Bateman,BAL,WR,,,,414.p.33415
2022,The Honey Badgers,70,6,0,Kryponite,BULL,false,Hunter Henry,NE,TE,,,,414.p.29269
2022,The Honey Badgers,71,6,0,The Curious Case of Cookus,Joseph,false,Rashaad Penny,PHI,RB,,,,414.p.30997
2022,The Honey Badgers,72,6,0,Jesus take the wheel,Alejandro C,false,Hunter Renfrow,CAR,WR,,,,414.p.31981
2022,The Honey Badgers,73,7,0,Jesus take the wheel,Alejandro C,false,Matthew Stafford,LAR,QB,,,,414.p.9265
2022,The Honey Badgers,74,7,0,The Curious Case of Cookus,Joseph,false,Brandon Aiyuk,SF,WR,,,,414.p.32695
2022,The Honey Badgers,75,7,0,Kryponite,BULL,false,Chris Godwin Jr.,TB,WR,,,,414.p.30197
2022,The Honey Badgers,76,7,0,Unicorn Love,Krista,false,Dawson Knox,BUF,TE,,,,414.p.31928
2022,The Honey Badgers,77,7,0,Fat Lazy Americans,Andy,true,Darnell Mooney,NYG,WR,,,,414.p.32843
2022,The Honey Badgers,78,7,0,McGibblets,fritchie,false,Rhamondre Stevenson,NE,RB,,,,414.p.33508
2022,The Honey Badgers,79,7,0,The Trophy Wives,Geri Hill,false,Tony Pollard,TEN,RB,,,,414.p.31960
2022,The Honey Badgers,80,7,0,My Balls Are Afoot,Chuck,false,Mike Williams,PIT,WR,,,,414.p.30120
2022,The Honey Badgers,81,7,0,Zach Wilson Dating Service,Matthew,false,Michael Thomas,NO,WR,,,,414.p.29281
2022,The Honey Badgers,82,7,0,BeaverFever,Jaimie Harcos,false,Amari Cooper,BUF,WR,,,,414.p.28392
2022,The Honey Badgers,83,7,0,Olivators,Amanda,false,Damien Harris,BUF,RB,,,,414.p.31919
2022,The Honey Badgers,84,7,0,Dolphin Boobiez,Tali,false,James Conner,ARI,RB,,,,414.p.30218
2022,The Honey Badgers,85,8,0,Dolphin Boobiez,Tali,false,Miles Sanders,DAL,RB,,,,414.p.31885
2022,The Honey Badgers,86,8,0,Olivators,Amanda,false,Drake London,ATL,WR,,,,414.p.33963
2022,The Honey Badgers,87,8,0,BeaverFever,Jaimie Harcos,false,Bobby Wagner,WAS,LB,,,,414.p.25757
2022,The Honey Badgers,88,8,0,Zach Wilson Dating Service,Matthew,false,DeVonta Smith,PHI,WR,,,,414.p.33398
2022,The Honey Badgers,89,8,0,My Balls Are Afoot,Chuck,false,Christian Kirk,SF,WR,,,,414.p.31017
2022,The Honey Badgers,90,8,0,The Trophy Wives,Geri Hill,false,De'Vondre Campbell Sr.,SF,LB,,,,414.p.29349
2022,The Honey Badgers,91,8,0,McGibblets,fritchie,false,Tom Brady,TB,QB,,,,414.p.5228
2022,The Honey Badgers,92,8,0,Fat Lazy Americans,Andy,true,Michael Pittman Jr.,PIT,WR,,,,414.p.32704
2022,The Honey Badgers,93,8,0,Unicorn Love,Krista,false,Justin Tucker,BAL,K,,,,414.p.26534
2022,The Honey Badgers,94,8,0,Kryponite,BULL,false,Evan McPherson,CIN,K,,,,414.p.33537
2022,The Honey Badgers,95,8,0,The Curious Case of Cookus,Joseph,false,Trey Lance,LAC,QB,,,,414.p.33391
2022,The Honey Badgers,96,8,0,Jesus take the wheel,Alejandro C,false,Cameron Brate,TB,TE,,,,414.p.28267
2022,The Honey Badgers,97,9,0,Jesus take the wheel,Alejandro C,false,Aaron Rodgers,PIT,QB,,,,414.p.7200
2022,The Honey Badgers,98,9,0,The Curious Case of Cookus,Joseph,false,Allen Lazard,NYJ,WR,,,,414.p.31268
2022,The Honey Badgers,99,9,0,Kryponite,BULL,false,Tremon Smith,HOU,CB,,,,414.p.31166
2022,The Honey Badgers,100,9,0,Unicorn Love,Krista,false,Christian Wilkins,LV,DT,,,,414.p.31845
2022,The Honey Badgers,101,9,0,Fat Lazy Americans,Andy,true,J.K. Dobbins,DEN,RB,,,,414.p.32725
2022,The Honey Badgers,102,9,0,McGibblets,fritchie,false,Robert Woods,PIT,WR,,,,414.p.26664
2022,The Honey Badgers,103,9,0,The Trophy Wives,Geri Hill,false,James Cook III,BUF,RB,,,,414.p.34019
2022,The Honey Badgers,104,9,0,My Balls Are Afoot,Chuck,false,Melvin Gordon III,BAL,RB,,,,414.p.28403
2022,The Honey Badgers,105,9,0,Zach Wilson Dating Service,Matthew,false,Darrell Henderson Jr.,LAR,RB,,,,414.p.31902
2022,The Honey Badgers,106,9,0,BeaverFever,Jaimie Harcos,false,Zach Ertz,PHI,TE,,,,414.p.26658
2022,The Honey Badgers,107,9,0,Olivators,Amanda,false,Roquan Smith,BAL,LB,,,,414.p.30978
2022,The Honey Badgers,108,9,0,Dolphin Boobiez,Tali,false,Devin White,DET,LB,,,,414.p.31837
2022,The Honey Badgers,109,10,0,Dolphin Boobiez,Tali,false,Cordarrelle Patterson,PIT,RB,,,,414.p.26652
2022,The Honey Badgers,110,10,0,Olivators,Amanda,false,Saquon Barkley,PHI,RB,,,,414.p.30972
2022,The Honey Badgers,111,10,0,BeaverFever,Jaimie Harcos,false,Hollywood Brown,PHI,WR,,,,414.p.31857
2022,The Honey Badgers,112,10,0,Zach Wilson Dating Service,Matthew,false,DeAndre Hopkins,BAL,WR,,,,414.p.26650
2022,The Honey Badgers,113,10,0,My Balls Are Afoot,Chuck,false,Fred Warner,SF,LB,,,,414.p.31040
2022,The Honey Badgers,114,10,0,The Trophy Wives,Geri Hill,false,Elijah Moore,PHI,WR,,,,414.p.33422
2022,The Honey Badgers,115,10,0,McGibblets,fritchie,false,Tyler Lockett,LV,WR,,,,414.p.28457
2022,The Honey Badgers,116,10,0,Fat Lazy Americans,Andy,true,Kenneth Walker III,KC,RB,,,,414.p.33996
2022,The Honey Badgers,117,10,0,Unicorn Love,Krista,false,C.J. Moore,DET,S,,,,414.p.32454
2022,The Honey Badgers,118,10,0,Kryponite,BULL,false,Mitchell Trubisky,TEN,QB,,,,414.p.30115
2022,The Honey Badgers,119,10,0,The Curious Case of Cookus,Joseph,false,Shaquille Leonard,IND,LB,,,,414.p.31006
2022,The Honey Badgers,120,10,0,Jesus take the wheel,Alejandro C,false,Isaiah McKenzie,MIA,WR,,,,414.p.30285
2022,The Honey Badgers,121,11,0,Jesus take the wheel,Alejandro C,false,Tae Crowder,TEN,LB,,,,414.p.32924
2022,The Honey Badgers,122,11,0,The Curious Case of Cookus,Joseph,false,Micah Parsons,GB,LB,,,,414.p.33400
2022,The Honey Badgers,123,11,0,Kryponite,BULL,false,Michael Carter,TEN,RB,,,,414.p.33495
2022,The Honey Badgers,124,11,0,Unicorn Love,Krista,false,Bobby Price,WAS,"S,CB",,,,414.p.33190
2022,The Honey Badgers,125,11,0,Fat Lazy Americans,Andy,true,Jordyn Brooks,MIA,LB,,,,414.p.32697
2022,The Honey Badgers,126,11,0,McGibblets,fritchie,false,George Pickens,DAL,WR,,,,414.p.34007
2022,The Honey Badgers,127,11,0,The Trophy Wives,Geri Hill,false,Eric Kendricks,SF,LB,,,,414.p.28433
2022,The Honey Badgers,128,11,0,My Balls Are Afoot,Chuck,false,Foyesade Oluokun,JAX,LB,,,,414.p.31170
2022,The Honey Badgers,129,11,0,Zach Wilson Dating Service,Matthew,false,Dak Prescott,DAL,QB,,,,414.p.29369
2022,The Honey Badgers,130,11,0,BeaverFever,Jaimie Harcos,false,Aaron Donald,LAR,DT,,,,414.p.27541
2022,The Honey Badgers,131,11,0,Olivators,Amanda,false,Alexander Mattison,MIA,RB,,,,414.p.31934
2022,The Honey Badgers,132,11,0,Dolphin Boobiez,Tali,false,Kadarius Toney,CLE,WR,,,,414.p.33408
2022,The Honey Badgers,133,12,0,Dolphin Boobiez,Tali,false,Kyzir White,TEN,LB,,,,414.p.31089
2022,The Honey Badgers,134,12,0,Olivators,Amanda,false,C.J. Mosley,NYJ,LB,,,,414.p.27545
2022,The Honey Badgers,135,12,0,BeaverFever,Jaimie Harcos,false,T.J. Watt,PIT,LB,,,,414.p.30143
2022,The Honey Badgers,136,12,0,Zach Wilson Dating Service,Matthew,false,Nyheim Miller-Hines,LAC,RB,,,,414.p.31074
2022,The Honey Badgers,137,12,0,My Balls Are Afoot,Chuck,false,Budda Baker,ARI,S,,,,414.p.30149
2022,The Honey Badgers,138,12,0,The Trophy Wives,Geri Hill,false,Treylon Burks,WAS,WR,,,,414.p.33973
2022,The Honey Badgers,139,12,0,McGibblets,fritchie,false,Tyler Higbee,LAR,TE,,,,414.p.29344
2022,The Honey Badgers,140,12,0,Fat Lazy Americans,Andy,true,Chris Olave,NO,WR,,,,414.p.33966
2022,The Honey Badgers,141,12,0,Unicorn Love,Krista,false,Cole Kmet,CHI,TE,,,,414.p.32713
2022,The Honey Badgers,142,12,0,Kryponite,BULL,false,Sean Chandler,WAS,S,,,,414.p.31548
2022,The Honey Badgers,143,12,0,The Curious Case of Cookus,Joseph,false,Kirk Cousins,LV,QB,,,,414.p.25812
2022,The Honey Badgers,144,12,0,Jesus take the wheel,Alejandro C,false,Myles Garrett,LAR,DE,,,,414.p.30114
2022,The Honey Badgers,145,13,0,Jesus take the wheel,Alejandro C,false,Nick Bolton,KC,LB,,,,414.p.33446
2022,The Honey Badgers,146,13,0,The Curious Case of Cookus,Joseph,false,Logan Wilson,DAL,LB,,,,414.p.32735
2022,The Honey Badgers,147,13,0,Kryponite,BULL,false,Isaiah Rodgers,MIN,CB,,,,414.p.32881
2022,The Honey Badgers,148,13,0,Unicorn Love,Krista,false,Derek Carr,NO,QB,,,,414.p.27564
2022,The Honey Badgers,149,13,0,Fat Lazy Americans,Andy,true,Cole Holcomb,PIT,LB,,,,414.p.32005
2022,The Honey Badgers,150,13,0,McGibblets,fritchie,false,Jeremy Chinn,LV,S,,,,414.p.32734
2022,The Honey Badgers,151,13,0,The Trophy Wives,Geri Hill,false,Kenny Gainwell,TB,RB,,,,414.p.33538
2022,The Honey Badgers,152,13,0,My Balls Are Afoot,Chuck,false,DeVante Parker,NE,WR,,,,414.p.28402
2022,The Honey Badgers,153,13,0,Zach Wilson Dating Service,Matthew,false,Derwin James Jr.,LAC,S,,,,414.p.30987
2022,The Honey Badgers,154,13,0,BeaverFever,Jaimie Harcos,false,Daniel Carlson,NO,K,,,,414.p.31137
2022,The Honey Badgers,155,13,0,Olivators,Amanda,false,Chase Claypool,BUF,WR,,,,414.p.32719
2022,The Honey Badgers,156,13,0,Dolphin Boobiez,Tali,false,DJ Chark,ATL,WR,,,,414.p.31031
2022,The Honey Badgers,157,14,0,Dolphin Boobiez,Tali,false,Trevor Lawrence,JAX,QB,,,,414.p.33389
2022,The Honey Badgers,158,14,0,Olivators,Amanda,false,Tyler Bass,BUF,K,,,,414.p.32858
2022,The Honey Badgers,159,14,0,BeaverFever,Jaimie Harcos,false,Pat Freiermuth,PIT,TE,,,,414.p.33443
2022,The Honey Badgers,160,14,0,Zach Wilson Dating Service,Matthew,false,Jeremiah Owusu-Koramoah,CLE,LB,,,,414.p.33440
2022,The Honey Badgers,161,14,0,My Balls Are Afoot,Chuck,false,Jameis Winston,NYG,QB,,,,414.p.28389
2022,The Honey Badgers,162,14,0,The Trophy Wives,Geri Hill,false,Matt Gay,LV,K,,,,414.p.31977
2022,The Honey Badgers,163,14,0,McGibblets,fritchie,false,Von Miller,DAL,LB,,,,414.p.24789
2022,The Honey Badgers,164,14,0,Fat Lazy Americans,Andy,true,Lavonte David,TB,LB,,,,414.p.25768
2022,The Honey Badgers,165,14,0,Unicorn Love,Krista,false,Russell Gage Jr.,SF,WR,,,,414.p.31164
2022,The Honey Badgers,166,14,0,Kryponite,BULL,false,David Njoku,LAC,TE,,,,414.p.30142
2022,The Honey Badgers,167,14,0,The Curious Case of Cookus,Joseph,false,Raheem Mostert,LV,RB,,,,414.p.28654
2022,The Honey Badgers,168,14,0,Jesus take the wheel,Alejandro C,false,Matt Prater,BUF,K,,,,414.p.8565
2022,The Honey Badgers,169,15,0,Jesus take the wheel,Alejandro C,false,Quay Walker,LV,LB,,,,414.p.33977
2022,The Honey Badgers,170,15,0,The Curious Case of Cookus,Joseph,false,Jamaal Williams,NO,RB,,,,414.p.30247
2022,The Honey Badgers,171,15,0,Kryponite,BULL,false,Khalil Herbert,ATL,RB,,,,414.p.33605
2022,The Honey Badgers,172,15,0,Unicorn Love,Krista,false,Rachaad White,WAS,RB,,,,414.p.34047
2022,The Honey Badgers,173,15,0,Fat Lazy Americans,Andy,true,Julio Jones,PHI,WR,,,,414.p.24793
2022,The Honey Badgers,174,15,0,McGibblets,fritchie,false,Vonn Bell,CIN,S,,,,414.p.29295
2022,The Honey Badgers,175,15,0,The Trophy Wives,Geri Hill,false,Justin Fields,KC,QB,,,,414.p.33399
2022,The Honey Badgers,176,15,0,My Balls Are Afoot,Chuck,false,Robbie Gould,SF,K,,,,414.p.7520
2022,The Honey Badgers,177,15,0,Zach Wilson Dating Service,Matthew,false,Johnathan Abram,NO,S,,,,414.p.31859
2022,The Honey Badgers,178,15,0,BeaverFever,Jaimie Harcos,false,Tua Tagovailoa,ATL,QB,,,,414.p.32675
2022,The Honey Badgers,179,15,0,Olivators,Amanda,false,Skyy Moore,GB,WR,,,,414.p.34009
2022,The Honey Badgers,180,15,0,Dolphin Boobiez,Tali,false,Isaiah Simmons,CAR,LB,,,,414.p.32678
2022,The Honey Badgers,181,16,0,Dolphin Boobiez,Tali,false,Harrison Butker,KC,K,,,,414.p.30346
2022,The Honey Badgers,182,16,0,Olivators,Amanda,false,Jamal Adams,MIN,S,,,,414.p.30119
2022,The Honey Badgers,183,16,0,BeaverFever,Jaimie Harcos,false,James Robinson,NO,RB,,,,414.p.33138
2022,The Honey Badgers,184,16,0,Zach Wilson Dating Service,Matthew,false,Matt Ryan,IND,QB,,,,414.p.8780
2022,The Honey Badgers,185,16,0,My Balls Are Afoot,Chuck,false,Nico Collins,HOU,WR,,,,414.p.33477
2022,The Honey Badgers,186,16,0,The Trophy Wives,Geri Hill,false,Bobby Okereke,CAR,LB,,,,414.p.31921
2022,The Honey Badgers,187,16,0,McGibblets,fritchie,false,Rex Burkhead,HOU,RB,,,,414.p.26813
2022,The Honey Badgers,188,16,0,Fat Lazy Americans,Andy,true,Brian Robinson,ATL,RB,,,,414.p.34054
2022,The Honey Badgers,189,16,0,Unicorn Love,Krista,false,Jakobi Meyers,JAX,WR,,,,414.p.32231
2022,The Honey Badgers,190,16,0,Kryponite,BULL,false,Tyler Boyd,TEN,WR,,,,414.p.29288
2022,The Honey Badgers,191,16,0,The Curious Case of Cookus,Joseph,false,Nick Bosa,SF,DE,,,,414.p.31834
2022,The Honey Badgers,192,16,0,Jesus take the wheel,Alejandro C,false,Mark Ingram II,NO,RB,,,,414.p.24815
2022,The Honey Badgers,193,17,0,Jesus take the wheel,Alejandro C,false,Gerald Everett,CHI,TE,,,,414.p.30157
2022,The Honey Badgers,194,17,0,The Curious Case of Cookus,Joseph,false,Brandon McManus,GB,K,,,,414.p.27120
2022,The Honey Badgers,195,17,0,Kryponite,BULL,false,Greg Joseph,LV,K,,,,414.p.31538
2022,The Honey Badgers,196,17,0,Unicorn Love,Krista,false,Nick Folk,ATL,K,,,,414.p.8432
2022,The Honey Badgers,197,17,0,Fat Lazy Americans,Andy,true,Isiah Pacheco,DET,RB,,,,414.p.34207
2022,The Honey Badgers,198,17,0,McGibblets,fritchie,false,Dustin Hopkins,CLE,K,,,,414.p.26800
2022,The Honey Badgers,199,17,0,The Trophy Wives,Geri Hill,false,Tyler Allgeier,ARI,RB,,,,414.p.34107
2022,The Honey Badgers,200,17,0,My Balls Are Afoot,Chuck,false,Zack Moss,CIN,RB,,,,414.p.32756
2022,The Honey Badgers,201,17,0,Zach Wilson Dating Service,Matthew,false,Ryan Succop,TB,K,,,,414.p.9520
2022,The Honey Badgers,202,17,0,BeaverFever,Jaimie Harcos,false,Jake Elliott,PHI,K,,,,414.p.30266
2022,The Honey Badgers,203,17,0,Olivators,Amanda,false,Jalen Tolbert,MIA,WR,,,,414.p.34044
2022,The Honey Badgers,204,17,0,Dolphin Boobiez,Tali,false,Albert Okwuegbunam Jr.,LV,TE,,,,414.p.32788
2022,Rose Bowl XVIII,1,1,0,Watching Basketball,Chuck,false,Jonathan Taylor,IND,RB,,,,414.p.32711
2022,Rose Bowl XVIII,2,1,0,Concussion Protocol,Matt,false,Austin Ekeler,WAS,RB,,,,414.p.30423
2022,Rose Bowl XVIII,3,1,0,NDrams,sean,false,Christian McCaffrey,SF,RB,,,,414.p.30121
2022,Rose Bowl XVIII,4,1,0,Thicc Boi Nation… Let’s Ride,Elijah,false,Justin Jefferson,MIN,WR,,,,414.p.32692
2022,Rose Bowl XVIII,5,1,0,Fat Lazy Americans,Andy,true,Derrick Henry,BAL,RB,,,,414.p.29279
2022,Rose Bowl XVIII,6,1,0,Olivators,Amanda,false,Dalvin Cook,DAL,RB,,,,414.p.30154
2022,Rose Bowl XVIII,7,1,0,L.V. Rosekillers,Patrick,false,Joe Mixon,SEA,RB,,,,414.p.30161
2022,Rose Bowl XVIII,8,1,0,Chubbtown Brownies,JLou,false,Cooper Kupp,SEA,WR,,,,414.p.30182
2022,Rose Bowl XVIII,9,1,0,OUTLAWS,sour,false,D'Andre Swift,CHI,RB,,,,414.p.32705
2022,Rose Bowl XVIII,10,1,0,CallinginSickMonday,Jaimie Harcos,false,Ja'Marr Chase,CIN,WR,,,,414.p.33393
2022,Rose Bowl XVIII,11,1,0,Spare Change… Change,Stephen Myhal,false,Davante Adams,LAR,WR,,,,414.p.27581
2022,Rose Bowl XVIII,12,1,0,Stab Your Back,Damien Robertson,false,CeeDee Lamb,DAL,WR,,,,414.p.32687
2022,Rose Bowl XVIII,13,2,0,Stab Your Back,Damien Robertson,false,Najee Harris,NYG,RB,,,,414.p.33412
2022,Rose Bowl XVIII,14,2,0,Spare Change… Change,Stephen Myhal,false,Stefon Diggs,WAS,WR,,,,414.p.28534
2022,Rose Bowl XVIII,15,2,0,CallinginSickMonday,Jaimie Harcos,false,Aaron Jones Sr.,MIN,RB,,,,414.p.30295
2022,Rose Bowl XVIII,16,2,0,OUTLAWS,sour,false,Alvin Kamara,NO,RB,,,,414.p.30180
2022,Rose Bowl XVIII,17,2,0,Chubbtown Brownies,JLou,false,Saquon Barkley,PHI,RB,,,,414.p.30972
2022,Rose Bowl XVIII,18,2,0,L.V. Rosekillers,Patrick,false,Nick Chubb,HOU,RB,,,,414.p.31005
2022,Rose Bowl XVIII,19,2,0,Olivators,Amanda,false,Travis Kelce,KC,TE,,,,414.p.26686
2022,Rose Bowl XVIII,20,2,0,Fat Lazy Americans,Andy,true,Leonard Fournette,BUF,RB,,,,414.p.30117
2022,Rose Bowl XVIII,21,2,0,Thicc Boi Nation… Let’s Ride,Elijah,false,Javonte Williams,DAL,RB,,,,414.p.33423
2022,Rose Bowl XVIII,22,2,0,NDrams,sean,false,Tyreek Hill,MIA,WR,,,,414.p.29399
2022,Rose Bowl XVIII,23,2,0,Concussion Protocol,Matt,false,Deebo Samuel Sr.,SF,WR,,,,414.p.31868
2022,Rose Bowl XVIII,24,2,0,Watching Basketball,Chuck,false,Mike Evans,SF,WR,,,,414.p.27535
2022,Rose Bowl XVIII,25,3,0,Watching Basketball,Chuck,false,James Conner,ARI,RB,,,,414.p.30218
2022,Rose Bowl XVIII,26,3,0,Concussion Protocol,Matt,false,Josh Allen,BUF,QB,,,,414.p.30977
2022,Rose Bowl XVIII,27,3,0,NDrams,sean,false,Patrick Mahomes,KC,QB,,,,414.p.30123
2022,Rose Bowl XVIII,28,3,0,Thicc Boi Nation… Let’s Ride,Elijah,false,Mark Andrews,BAL,TE,,,,414.p.31056
2022,Rose Bowl XVIII,29,3,0,Fat Lazy Americans,Andy,true,Michael Pittman Jr.,PIT,WR,,,,414.p.32704
2022,Rose Bowl XVIII,30,3,0,Olivators,Amanda,false,Keenan Allen,IND,WR,,,,414.p.26699
2022,Rose Bowl XVIII,31,3,0,L.V. Rosekillers,Patrick,false,A.J. Brown,NE,WR,,,,414.p.31883
2022,Rose Bowl XVIII,32,3,0,Chubbtown Brownies,JLou,false,Tee Higgins,CIN,WR,,,,414.p.32703
2022,Rose Bowl XVIII,33,3,0,OUTLAWS,sour,false,Justin Herbert,LAC,QB,,,,414.p.32676
2022,Rose Bowl XVIII,34,3,0,CallinginSickMonday,Jaimie Harcos,false,Ezekiel Elliott,DAL,RB,,,,414.p.29238
2022,Rose Bowl XVIII,35,3,0,Spare Change… Change,Stephen Myhal,false,Lamar Jackson,BAL,QB,,,,414.p.31002
2022,Rose Bowl XVIII,36,3,0,Stab Your Back,Damien Robertson,false,Kyle Pitts Sr.,ATL,TE,,,,414.p.33392
2022,Rose Bowl XVIII,37,4,0,Stab Your Back,Damien Robertson,false,Breece Hall,NYJ,RB,,,,414.p.33991
2022,Rose Bowl XVIII,38,4,0,Spare Change… Change,Stephen Myhal,false,Elijah Mitchell,KC,RB,,,,414.p.33582
2022,Rose Bowl XVIII,39,4,0,CallinginSickMonday,Jaimie Harcos,false,DJ Moore,BUF,WR,,,,414.p.30994
2022,Rose Bowl XVIII,40,4,0,OUTLAWS,sour,false,Courtland Sutton,DEN,WR,,,,414.p.31010
2022,Rose Bowl XVIII,41,4,0,Chubbtown Brownies,JLou,false,Travis Etienne Jr.,NO,RB,,,,414.p.33413
2022,Rose Bowl XVIII,42,4,0,L.V. Rosekillers,Patrick,false,Joe Burrow,CIN,QB,,,,414.p.32671
2022,Rose Bowl XVIII,43,4,0,Olivators,Amanda,false,Jaylen Waddle,DEN,WR,,,,414.p.33394
2022,Rose Bowl XVIII,44,4,0,Fat Lazy Americans,Andy,true,Mike Williams,PIT,WR,,,,414.p.30120
2022,Rose Bowl XVIII,45,4,0,Thicc Boi Nation… Let’s Ride,Elijah,false,AJ Dillon,CAR,RB,,,,414.p.32732
2022,Rose Bowl XVIII,46,4,0,NDrams,sean,false,Michael Thomas,NO,WR,,,,414.p.29281
2022,Rose Bowl XVIII,47,4,0,Concussion Protocol,Matt,false,Terry McLaurin,WAS,WR,,,,414.p.31908
2022,Rose Bowl XVIII,48,4,0,Watching Basketball,Chuck,false,Aaron Rodgers,PIT,QB,,,,414.p.7200
2022,Rose Bowl XVIII,49,5,0,Watching Basketball,Chuck,false,George Kittle,SF,TE,,,,414.p.30259
2022,Rose Bowl XVIII,50,5,0,Concussion Protocol,Matt,false,Josh Jacobs,GB,RB,,,,414.p.31856
2022,Rose Bowl XVIII,51,5,0,NDrams,sean,false,Antonio Gibson,NE,RB,,,,414.p.32736
2022,Rose Bowl XVIII,52,5,0,Thicc Boi Nation… Let’s Ride,Elijah,false,David Montgomery,HOU,RB,,,,414.p.31905
2022,Rose Bowl XVIII,53,5,0,Fat Lazy Americans,Andy,true,Jalen Hurts,PHI,QB,,,,414.p.32723
2022,Rose Bowl XVIII,54,5,0,Olivators,Amanda,false,J.K. Dobbins,DEN,RB,,,,414.p.32725
2022,Rose Bowl XVIII,55,5,0,L.V. Rosekillers,Patrick,false,Diontae Johnson,CLE,WR,,,,414.p.31898
2022,Rose Bowl XVIII,56,5,0,Chubbtown Brownies,JLou,false,Darren Waller,CAR,TE,,,,414.p.28592
2022,Rose Bowl XVIII,57,5,0,OUTLAWS,sour,false,Allen Robinson,DET,WR,,,,414.p.27589
2022,Rose Bowl XVIII,58,5,0,CallinginSickMonday,Jaimie Harcos,false,DK Metcalf,PIT,WR,,,,414.p.31896
2022,Rose Bowl XVIII,59,5,0,Spare Change… Change,Stephen Myhal,false,Dalton Schultz,HOU,TE,,,,414.p.31107
2022,Rose Bowl XVIII,60,5,0,Stab Your Back,Damien Robertson,false,Dameon Pierce,PHI,RB,,,,414.p.34063
2022,Rose Bowl XVIII,61,6,0,Stab Your Back,Damien Robertson,false,JuJu Smith-Schuster,NYG,WR,,,,414.p.30175
2022,Rose Bowl XVIII,62,6,0,Spare Change… Change,Stephen Myhal,false,Cam Akers,SEA,RB,,,,414.p.32722
2022,Rose Bowl XVIII,63,6,0,CallinginSickMonday,Jaimie Harcos,false,Dallas Goedert,PHI,TE,,,,414.p.31019
2022,Rose Bowl XVIII,64,6,0,OUTLAWS,sour,false,T.J. Hockenson,MIN,TE,,,,414.p.31840
2022,Rose Bowl XVIII,65,6,0,Chubbtown Brownies,JLou,false,Gabe Davis,BUF,WR,,,,414.p.32798
2022,Rose Bowl XVIII,66,6,0,L.V. Rosekillers,Patrick,false,Jerry Jeudy,CLE,WR,,,,414.p.32685
2022,Rose Bowl XVIII,67,6,0,Olivators,Amanda,false,Kyler Murray,MIN,QB,,,,414.p.31833
2022,Rose Bowl XVIII,68,6,0,Fat Lazy Americans,Andy,true,Brandin Cooks,SF,WR,,,,414.p.27548
2022,Rose Bowl XVIII,69,6,0,Thicc Boi Nation… Let’s Ride,Elijah,false,Chris Godwin Jr.,TB,WR,,,,414.p.30197
2022,Rose Bowl XVIII,70,6,0,NDrams,sean,false,Cordarrelle Patterson,PIT,RB,,,,414.p.26652
2022,Rose Bowl XVIII,71,6,0,Concussion Protocol,Matt,false,Clyde Edwards-Helaire,KC,RB,,,,414.p.32702
2022,Rose Bowl XVIII,72,6,0,Watching Basketball,Chuck,false,Chase Edmonds,WAS,RB,,,,414.p.31104
2022,Rose Bowl XVIII,73,7,0,Watching Basketball,Chuck,false,Adam Thielen,PIT,WR,,,,414.p.27277
2022,Rose Bowl XVIII,74,7,0,Concussion Protocol,Matt,false,Dawson Knox,BUF,TE,,,,414.p.31928
2022,Rose Bowl XVIII,75,7,0,NDrams,sean,false,Amari Cooper,BUF,WR,,,,414.p.28392
2022,Rose Bowl XVIII,76,7,0,Thicc Boi Nation… Let’s Ride,Elijah,false,Russell Wilson,NYG,QB,,,,414.p.25785
2022,Rose Bowl XVIII,77,7,0,Fat Lazy Americans,Andy,true,Rashaad Penny,PHI,RB,,,,414.p.30997
2022,Rose Bowl XVIII,78,7,0,Olivators,Amanda,false,Hollywood Brown,PHI,WR,,,,414.p.31857
2022,Rose Bowl XVIII,79,7,0,L.V. Rosekillers,Patrick,false,Damien Harris,BUF,RB,,,,414.p.31919
2022,Rose Bowl XVIII,80,7,0,Chubbtown Brownies,JLou,false,Tom Brady,TB,QB,,,,414.p.5228
2022,Rose Bowl XVIII,81,7,0,OUTLAWS,sour,false,Miles Sanders,DAL,RB,,,,414.p.31885
2022,Rose Bowl XVIII,82,7,0,CallinginSickMonday,Jaimie Harcos,false,Devin Singletary,NYG,RB,,,,414.p.31906
2022,Rose Bowl XVIII,83,7,0,Spare Change… Change,Stephen Myhal,false,Amon-Ra St. Brown,DET,WR,,,,414.p.33500
2022,Rose Bowl XVIII,84,7,0,Stab Your Back,Damien Robertson,false,DeAndre Hopkins,BAL,WR,,,,414.p.26650
2022,Rose Bowl XVIII,85,8,0,Stab Your Back,Damien Robertson,false,Derek Carr,NO,QB,,,,414.p.27564
2022,Rose Bowl XVIII,86,8,0,Spare Change… Change,Stephen Myhal,false,Hunter Renfrow,CAR,WR,,,,414.p.31981
2022,Rose Bowl XVIII,87,8,0,CallinginSickMonday,Jaimie Harcos,false,Dak Prescott,DAL,QB,,,,414.p.29369
2022,Rose Bowl XVIII,88,8,0,OUTLAWS,sour,false,Christian Kirk,SF,WR,,,,414.p.31017
2022,Rose Bowl XVIII,89,8,0,Chubbtown Brownies,JLou,false,Darnell Mooney,NYG,WR,,,,414.p.32843
2022,Rose Bowl XVIII,90,8,0,L.V. Rosekillers,Patrick,false,Zach Ertz,PHI,TE,,,,414.p.26658
2022,Rose Bowl XVIII,91,8,0,Olivators,Amanda,false,Kareem Hunt,KC,RB,,,,414.p.30199
2022,Rose Bowl XVIII,92,8,0,Fat Lazy Americans,Andy,true,Cole Kmet,CHI,TE,,,,414.p.32713
2022,Rose Bowl XVIII,93,8,0,Thicc Boi Nation… Let’s Ride,Elijah,false,Tony Pollard,TEN,RB,,,,414.p.31960
2022,Rose Bowl XVIII,94,8,0,NDrams,sean,false,Allen Lazard,NYJ,WR,,,,414.p.31268
2022,Rose Bowl XVIII,95,8,0,Concussion Protocol,Matt,false,Rashod Bateman,BAL,WR,,,,414.p.33415
2022,Rose Bowl XVIII,96,8,0,Watching Basketball,Chuck,false,Rhamondre Stevenson,NE,RB,,,,414.p.33508
2022,Rose Bowl XVIII,97,9,0,Watching Basketball,Chuck,false,Robert Woods,PIT,WR,,,,414.p.26664
2022,Rose Bowl XVIII,98,9,0,Concussion Protocol,Matt,false,Drake London,ATL,WR,,,,414.p.33963
2022,Rose Bowl XVIII,99,9,0,NDrams,sean,false,Tyler Lockett,LV,WR,,,,414.p.28457
2022,Rose Bowl XVIII,100,9,0,Thicc Boi Nation… Let’s Ride,Elijah,false,Brandon Aiyuk,SF,WR,,,,414.p.32695
2022,Rose Bowl XVIII,101,9,0,Fat Lazy Americans,Andy,true,Elijah Moore,PHI,WR,,,,414.p.33422
2022,Rose Bowl XVIII,102,9,0,Olivators,Amanda,false,Kadarius Toney,CLE,WR,,,,414.p.33408
2022,Rose Bowl XVIII,103,9,0,L.V. Rosekillers,Patrick,false,Justin Tucker,BAL,K,,,,414.p.26534
2022,Rose Bowl XVIII,104,9,0,Chubbtown Brownies,JLou,false,Michael Carter,TEN,RB,,,,414.p.33495
2022,Rose Bowl XVIII,105,9,0,OUTLAWS,sour,false,Melvin Gordon III,BAL,RB,,,,414.p.28403
2022,Rose Bowl XVIII,106,9,0,CallinginSickMonday,Jaimie Harcos,false,DeVonta Smith,PHI,WR,,,,414.p.33398
2022,Rose Bowl XVIII,107,9,0,Spare Change… Change,Stephen Myhal,false,Trey Lance,LAC,QB,,,,414.p.33391
2022,Rose Bowl XVIII,108,9,0,Stab Your Back,Damien Robertson,false,James Robinson,NO,RB,,,,414.p.33138
2022,Rose Bowl XVIII,109,10,0,Stab Your Back,Damien Robertson,false,George Pickens,DAL,WR,,,,414.p.34007
2022,Rose Bowl XVIII,110,10,0,Spare Change… Change,Stephen Myhal,false,Evan McPherson,CIN,K,,,,414.p.33537
2022,Rose Bowl XVIII,111,10,0,CallinginSickMonday,Jaimie Harcos,false,James Cook III,BUF,RB,,,,414.p.34019
2022,Rose Bowl XVIII,112,10,0,OUTLAWS,sour,false,Julio Jones,PHI,WR,,,,414.p.24793
2022,Rose Bowl XVIII,113,10,0,Chubbtown Brownies,JLou,false,Micah Parsons,GB,LB,,,,414.p.33400
2022,Rose Bowl XVIII,114,10,0,L.V. Rosekillers,Patrick,false,Marvin Jones Jr.,DET,WR,,,,414.p.25876
2022,Rose Bowl XVIII,115,10,0,Olivators,Amanda,false,Bobby Wagner,WAS,LB,,,,414.p.25757
2022,Rose Bowl XVIII,116,10,0,Fat Lazy Americans,Andy,true,Kenny Gainwell,TB,RB,,,,414.p.33538
2022,Rose Bowl XVIII,117,10,0,Thicc Boi Nation… Let’s Ride,Elijah,false,Tyler Bass,BUF,K,,,,414.p.32858
2022,Rose Bowl XVIII,118,10,0,NDrams,sean,false,Roquan Smith,BAL,LB,,,,414.p.30978
2022,Rose Bowl XVIII,119,10,0,Concussion Protocol,Matt,false,Darrell Henderson Jr.,LAR,RB,,,,414.p.31902
2022,Rose Bowl XVIII,120,10,0,Watching Basketball,Chuck,false,Tyler Higbee,LAR,TE,,,,414.p.29344
2022,Rose Bowl XVIII,121,11,0,Watching Basketball,Chuck,false,Jameis Winston,NYG,QB,,,,414.p.28389
2022,Rose Bowl XVIII,122,11,0,Concussion Protocol,Matt,false,Matt Gay,LV,K,,,,414.p.31977
2022,Rose Bowl XVIII,123,11,0,NDrams,sean,false,De'Vondre Campbell Sr.,SF,LB,,,,414.p.29349
2022,Rose Bowl XVIII,124,11,0,Thicc Boi Nation… Let’s Ride,Elijah,false,Devin White,DET,LB,,,,414.p.31837
2022,Rose Bowl XVIII,125,11,0,Fat Lazy Americans,Andy,true,Chris Olave,NO,WR,,,,414.p.33966
2022,Rose Bowl XVIII,126,11,0,Olivators,Amanda,false,Nyheim Miller-Hines,LAC,RB,,,,414.p.31074
2022,Rose Bowl XVIII,127,11,0,L.V. Rosekillers,Patrick,false,Justin Simmons,ATL,S,,,,414.p.29332
2022,Rose Bowl XVIII,128,11,0,Chubbtown Brownies,JLou,false,Isaiah McKenzie,MIA,WR,,,,414.p.30285
2022,Rose Bowl XVIII,129,11,0,OUTLAWS,sour,false,Daniel Carlson,NO,K,,,,414.p.31137
2022,Rose Bowl XVIII,130,11,0,CallinginSickMonday,Jaimie Harcos,false,Jordyn Brooks,MIA,LB,,,,414.p.32697
2022,Rose Bowl XVIII,131,11,0,Spare Change… Change,Stephen Myhal,false,T.J. Watt,PIT,LB,,,,414.p.30143
2022,Rose Bowl XVIII,132,11,0,Stab Your Back,Damien Robertson,false,Shaquille Leonard,IND,LB,,,,414.p.31006
2022,Rose Bowl XVIII,133,12,0,Stab Your Back,Damien Robertson,false,Denzel Perryman,LAC,LB,,,,414.p.28436
2022,Rose Bowl XVIII,134,12,0,Spare Change… Change,Stephen Myhal,false,Foyesade Oluokun,JAX,LB,,,,414.p.31170
2022,Rose Bowl XVIII,135,12,0,CallinginSickMonday,Jaimie Harcos,false,Fred Warner,SF,LB,,,,414.p.31040
2022,Rose Bowl XVIII,136,12,0,OUTLAWS,sour,false,Tremon Smith,HOU,CB,,,,414.p.31166
2022,Rose Bowl XVIII,137,12,0,Chubbtown Brownies,JLou,false,David Njoku,LAC,TE,,,,414.p.30142
2022,Rose Bowl XVIII,138,12,0,L.V. Rosekillers,Patrick,false,Christian Wilkins,LV,DT,,,,414.p.31845
2022,Rose Bowl XVIII,139,12,0,Olivators,Amanda,false,Derwin James Jr.,LAC,S,,,,414.p.30987
2022,Rose Bowl XVIII,140,12,0,Fat Lazy Americans,Andy,true,Logan Wilson,DAL,LB,,,,414.p.32735
2022,Rose Bowl XVIII,141,12,0,Thicc Boi Nation… Let’s Ride,Elijah,false,Chase Claypool,BUF,WR,,,,414.p.32719
2022,Rose Bowl XVIII,142,12,0,NDrams,sean,false,C.J. Mosley,NYJ,LB,,,,414.p.27545
2022,Rose Bowl XVIII,143,12,0,Concussion Protocol,Matt,false,Nick Bosa,SF,DE,,,,414.p.31834
2022,Rose Bowl XVIII,144,12,0,Watching Basketball,Chuck,false,Budda Baker,ARI,S,,,,414.p.30149
2022,Rose Bowl XVIII,145,13,0,Watching Basketball,Chuck,false,Marlon Humphrey,BAL,CB,,,,414.p.30129
2022,Rose Bowl XVIII,146,13,0,Concussion Protocol,Matt,false,Isaiah Simmons,CAR,LB,,,,414.p.32678
2022,Rose Bowl XVIII,147,13,0,NDrams,sean,false,Tua Tagovailoa,ATL,QB,,,,414.p.32675
2022,Rose Bowl XVIII,148,13,0,Thicc Boi Nation… Let’s Ride,Elijah,false,Jessie Bates III,ATL,S,,,,414.p.31024
2022,Rose Bowl XVIII,149,13,0,Fat Lazy Americans,Andy,true,Brian Robinson,ATL,RB,,,,414.p.34054
2022,Rose Bowl XVIII,150,13,0,Olivators,Amanda,false,Kenneth Walker III,KC,RB,,,,414.p.33996
2022,Rose Bowl XVIII,151,13,0,L.V. Rosekillers,Patrick,false,Trevon Diggs,SEA,CB,,,,414.p.32721
2022,Rose Bowl XVIII,152,13,0,Chubbtown Brownies,JLou,false,Tyler Boyd,TEN,WR,,,,414.p.29288
2022,Rose Bowl XVIII,153,13,0,OUTLAWS,sour,false,C.J. Moore,DET,S,,,,414.p.32454
2022,Rose Bowl XVIII,154,13,0,CallinginSickMonday,Jaimie Harcos,false,Eric Kendricks,SF,LB,,,,414.p.28433
2022,Rose Bowl XVIII,155,13,0,Spare Change… Change,Stephen Myhal,false,Jeremiah Owusu-Koramoah,CLE,LB,,,,414.p.33440
2022,Rose Bowl XVIII,156,13,0,Stab Your Back,Damien Robertson,false,Nick Folk,ATL,K,,,,414.p.8432
2022,Rose Bowl XVIII,157,14,0,Stab Your Back,Damien Robertson,false,Kirk Cousins,LV,QB,,,,414.p.25812
2022,Rose Bowl XVIII,158,14,0,Spare Change… Change,Stephen Myhal,false,Pat Freiermuth,PIT,TE,,,,414.p.33443
2022,Rose Bowl XVIII,159,14,0,CallinginSickMonday,Jaimie Harcos,false,Alexander Mattison,MIA,RB,,,,414.p.31934
2022,Rose Bowl XVIII,160,14,0,OUTLAWS,sour,false,Bobby Price,WAS,"S,CB",,,,414.p.33190
2022,Rose Bowl XVIII,161,14,0,Chubbtown Brownies,JLou,false,Harrison Butker,KC,K,,,,414.p.30346
2022,Rose Bowl XVIII,162,14,0,L.V. Rosekillers,Patrick,false,Mike Gesicki,CIN,TE,,,,414.p.31012
2022,Rose Bowl XVIII,163,14,0,Olivators,Amanda,false,Matthew Stafford,LAR,QB,,,,414.p.9265
2022,Rose Bowl XVIII,164,14,0,Fat Lazy Americans,Andy,true,Cole Holcomb,PIT,LB,,,,414.p.32005
2022,Rose Bowl XVIII,165,14,0,Thicc Boi Nation… Let’s Ride,Elijah,false,Robert Tonyan,PIT,TE,,,,414.p.30777
2022,Rose Bowl XVIII,166,14,0,NDrams,sean,false,Minkah Fitzpatrick,NYJ,S,,,,414.p.30981
2022,Rose Bowl XVIII,167,14,0,Concussion Protocol,Matt,false,Demario Davis,NYJ,LB,,,,414.p.25787
2022,Rose Bowl XVIII,168,14,0,Watching Basketball,Chuck,false,Robbie Gould,SF,K,,,,414.p.7520
2022,Rose Bowl XVIII,169,15,0,Watching Basketball,Chuck,false,Jordan Poyer,BUF,S,,,,414.p.26841
2022,Rose Bowl XVIII,170,15,0,Concussion Protocol,Matt,false,Raheem Mostert,LV,RB,,,,414.p.28654
2022,Rose Bowl XVIII,171,15,0,NDrams,sean,false,Gerald Everett,CHI,TE,,,,414.p.30157
2022,Rose Bowl XVIII,172,15,0,Thicc Boi Nation… Let’s Ride,Elijah,false,Kevin Byard III,NE,S,,,,414.p.29298
2022,Rose Bowl XVIII,173,15,0,Fat Lazy Americans,Andy,true,Treylon Burks,WAS,WR,,,,414.p.33973
2022,Rose Bowl XVIII,174,15,0,Olivators,Amanda,false,Jakobi Meyers,JAX,WR,,,,414.p.32231
2022,Rose Bowl XVIII,175,15,0,L.V. Rosekillers,Patrick,false,Justin Fields,KC,QB,,,,414.p.33399
2022,Rose Bowl XVIII,176,15,0,Chubbtown Brownies,JLou,false,Myles Garrett,LAR,DE,,,,414.p.30114
2022,Rose Bowl XVIII,177,15,0,OUTLAWS,sour,false,Trevor Lawrence,JAX,QB,,,,414.p.33389
2022,Rose Bowl XVIII,178,15,0,CallinginSickMonday,Jaimie Harcos,false,Ryan Succop,TB,K,,,,414.p.9520
2022,Rose Bowl XVIII,179,15,0,Spare Change… Change,Stephen Myhal,false,DeVante Parker,NE,WR,,,,414.p.28402
2022,Rose Bowl XVIII,180,15,0,Stab Your Back,Damien Robertson,false,Jalen Tolbert,MIA,WR,,,,414.p.34044
2022,Rose Bowl XVIII,181,16,0,Stab Your Back,Damien Robertson,false,Zamir White,NO,RB,,,,414.p.34078
2022,Rose Bowl XVIII,182,16,0,Spare Change… Change,Stephen Myhal,false,Jamaal Williams,NO,RB,,,,414.p.30247
2022,Rose Bowl XVIII,183,16,0,CallinginSickMonday,Jaimie Harcos,false,Hunter Henry,NE,TE,,,,414.p.29269
2022,Rose Bowl XVIII,184,16,0,OUTLAWS,sour,false,Irv Smith Jr.,HOU,TE,,,,414.p.31882
2022,Rose Bowl XVIII,185,16,0,Chubbtown Brownies,JLou,false,Rondale Moore,MIN,WR,,,,414.p.33437
2022,Rose Bowl XVIII,186,16,0,L.V. Rosekillers,Patrick,false,Sony Michel,LAC,RB,,,,414.p.31001
2022,Rose Bowl XVIII,187,16,0,Olivators,Amanda,false,Jamal Adams,MIN,S,,,,414.p.30119
2022,Rose Bowl XVIII,188,16,0,Fat Lazy Americans,Andy,true,Lavonte David,TB,LB,,,,414.p.25768
2022,Rose Bowl XVIII,189,16,0,Thicc Boi Nation… Let’s Ride,Elijah,false,Ameer Abdullah,JAX,RB,,,,414.p.28442
2022,Rose Bowl XVIII,190,16,0,NDrams,sean,false,Kenyan Drake,BAL,RB,,,,414.p.29307
2022,Rose Bowl XVIII,191,16,0,Concussion Protocol,Matt,false,Mecole Hardman Jr.,BUF,WR,,,,414.p.31888
2022,Rose Bowl XVIII,192,16,0,Watching Basketball,Chuck,false,Mark Ingram II,NO,RB,,,,414.p.24815
2022,Rose Bowl XVIII,193,17,0,Watching Basketball,Chuck,false,Mac Jones,SF,QB,,,,414.p.33403
2022,Rose Bowl XVIII,194,17,0,Concussion Protocol,Matt,false,Baker Mayfield,TB,QB,,,,414.p.30971
2022,Rose Bowl XVIII,195,17,0,NDrams,sean,false,Brandon McManus,GB,K,,,,414.p.27120
2022,Rose Bowl XVIII,196,17,0,Thicc Boi Nation… Let’s Ride,Elijah,false,Zach Wilson,NO,QB,,,,414.p.33390
2022,Rose Bowl XVIII,197,17,0,Fat Lazy Americans,Andy,true,Albert Okwuegbunam Jr.,LV,TE,,,,414.p.32788
2022,Rose Bowl XVIII,198,17,0,Olivators,Amanda,false,Matt Prater,BUF,K,,,,414.p.8565
2022,Rose Bowl XVIII,199,17,0,L.V. Rosekillers,Patrick,false,Kenny Moore II,PHI,CB,,,,414.p.30669
2022,Rose Bowl XVIII,200,17,0,Chubbtown Brownies,JLou,false,Joey Bosa,BUF,DE,,,,414.p.29237
2022,Rose Bowl XVIII,201,17,0,OUTLAWS,sour,false,Greg Joseph,LV,K,,,,414.p.31538
2022,Rose Bowl XVIII,202,17,0,CallinginSickMonday,Jaimie Harcos,false,Matt Ryan,IND,QB,,,,414.p.8780
2022,Rose Bowl XVIII,203,17,0,Spare Change… Change,Stephen Myhal,false,Von Miller,DAL,LB,,,,414.p.24789
2022,Rose Bowl XVIII,204,17,0,Stab Your Back,Damien Robertson,false,Chandler Jones,LV,"LB,DE",,,,414.p.25731
2022,CC Bowl XV CHAMPIONS LEAGUE,1,1,0,Goodnight Charles,Chuck,false,Jonathan Taylor,IND,RB,,,,414.p.32711
2022,CC Bowl XV CHAMPIONS LEAGUE,2,1,0,Soldier Fields,Amzie,false,Christian McCaffrey,SF,RB,,,,414.p.30121
2022,CC Bowl XV CHAMPIONS LEAGUE,3,1,0,CallingInSickMonday,Jaimie Harcos,false,Austin Ekeler,WAS,RB,,,,414.p.30423
2022,CC Bowl XV CHAMPIONS LEAGUE,4,1,0,IS-Comeback with a Vengence,sean,false,Cooper Kupp,SEA,WR,,,,414.p.30182
2022,CC Bowl XV CHAMPIONS LEAGUE,5,1,0,Isotopes,sour,false,Justin Jefferson,MIN,WR,,,,414.p.32692
2022,CC Bowl XV CHAMPIONS LEAGUE,6,1,0,Everyone's leftovers,Ray,false,Dalvin Cook,DAL,RB,,,,414.p.30154
2022,CC Bowl XV CHAMPIONS LEAGUE,7,1,0,Fat Lazy Americans,Andy,true,Derrick Henry,BAL,RB,,,,414.p.29279
2022,CC Bowl XV CHAMPIONS LEAGUE,8,1,0,The Omen,Damien Robertson,false,Davante Adams,LAR,WR,,,,414.p.27581
2022,CC Bowl XV CHAMPIONS LEAGUE,9,1,0,Your my boy blue!!!,Tobey,false,Joe Mixon,SEA,RB,,,,414.p.30161
2022,CC Bowl XV CHAMPIONS LEAGUE,10,1,0,Prestige Worldwide,Matt Hamlin,false,Ja'Marr Chase,CIN,WR,,,,414.p.33393
2022,CC Bowl XV CHAMPIONS LEAGUE,11,1,0,KC Masterpiece,Barry,false,Stefon Diggs,WAS,WR,,,,414.p.28534
2022,CC Bowl XV CHAMPIONS LEAGUE,12,1,0,No punt intended,Matthew,false,Najee Harris,NYG,RB,,,,414.p.33412
2022,CC Bowl XV CHAMPIONS LEAGUE,13,2,0,No punt intended,Matthew,false,Saquon Barkley,PHI,RB,,,,414.p.30972
2022,CC Bowl XV CHAMPIONS LEAGUE,14,2,0,KC Masterpiece,Barry,false,CeeDee Lamb,DAL,WR,,,,414.p.32687
2022,CC Bowl XV CHAMPIONS LEAGUE,15,2,0,Prestige Worldwide,Matt Hamlin,false,Aaron Jones Sr.,MIN,RB,,,,414.p.30295
2022,CC Bowl XV CHAMPIONS LEAGUE,16,2,0,Your my boy blue!!!,Tobey,false,Deebo Samuel Sr.,SF,WR,,,,414.p.31868
2022,CC Bowl XV CHAMPIONS LEAGUE,17,2,0,The Omen,Damien Robertson,false,Alvin Kamara,NO,RB,,,,414.p.30180
2022,CC Bowl XV CHAMPIONS LEAGUE,18,2,0,Fat Lazy Americans,Andy,true,D'Andre Swift,CHI,RB,,,,414.p.32705
2022,CC Bowl XV CHAMPIONS LEAGUE,19,2,0,Everyone's leftovers,Ray,false,Travis Kelce,KC,TE,,,,414.p.26686
2022,CC Bowl XV CHAMPIONS LEAGUE,20,2,0,Isotopes,sour,false,Ezekiel Elliott,DAL,RB,,,,414.p.29238
2022,CC Bowl XV CHAMPIONS LEAGUE,21,2,0,IS-Comeback with a Vengence,sean,false,Tyreek Hill,MIA,WR,,,,414.p.29399
2022,CC Bowl XV CHAMPIONS LEAGUE,22,2,0,CallingInSickMonday,Jaimie Harcos,false,Leonard Fournette,BUF,RB,,,,414.p.30117
2022,CC Bowl XV CHAMPIONS LEAGUE,23,2,0,Soldier Fields,Amzie,false,Javonte Williams,DAL,RB,,,,414.p.33423
2022,CC Bowl XV CHAMPIONS LEAGUE,24,2,0,Goodnight Charles,Chuck,false,Mike Evans,SF,WR,,,,414.p.27535
2022,CC Bowl XV CHAMPIONS LEAGUE,25,3,0,Goodnight Charles,Chuck,false,James Conner,ARI,RB,,,,414.p.30218
2022,CC Bowl XV CHAMPIONS LEAGUE,26,3,0,Soldier Fields,Amzie,false,Kyle Pitts Sr.,ATL,TE,,,,414.p.33392
2022,CC Bowl XV CHAMPIONS LEAGUE,27,3,0,CallingInSickMonday,Jaimie Harcos,false,Mark Andrews,BAL,TE,,,,414.p.31056
2022,CC Bowl XV CHAMPIONS LEAGUE,28,3,0,IS-Comeback with a Vengence,sean,false,Josh Allen,BUF,QB,,,,414.p.30977
2022,CC Bowl XV CHAMPIONS LEAGUE,29,3,0,Isotopes,sour,false,Nick Chubb,HOU,RB,,,,414.p.31005
2022,CC Bowl XV CHAMPIONS LEAGUE,30,3,0,Everyone's leftovers,Ray,false,Elijah Mitchell,KC,RB,,,,414.p.33582
2022,CC Bowl XV CHAMPIONS LEAGUE,31,3,0,Fat Lazy Americans,Andy,true,Michael Pittman Jr.,PIT,WR,,,,414.p.32704
2022,CC Bowl XV CHAMPIONS LEAGUE,32,3,0,The Omen,Damien Robertson,false,Travis Etienne Jr.,NO,RB,,,,414.p.33413
2022,CC Bowl XV CHAMPIONS LEAGUE,33,3,0,Your my boy blue!!!,Tobey,false,A.J. Brown,NE,WR,,,,414.p.31883
2022,CC Bowl XV CHAMPIONS LEAGUE,34,3,0,Prestige Worldwide,Matt Hamlin,false,Keenan Allen,IND,WR,,,,414.p.26699
2022,CC Bowl XV CHAMPIONS LEAGUE,35,3,0,KC Masterpiece,Barry,false,Tee Higgins,CIN,WR,,,,414.p.32703
2022,CC Bowl XV CHAMPIONS LEAGUE,36,3,0,No punt intended,Matthew,false,DJ Moore,BUF,WR,,,,414.p.30994
2022,CC Bowl XV CHAMPIONS LEAGUE,37,4,0,No punt intended,Matthew,false,Mike Williams,PIT,WR,,,,414.p.30120
2022,CC Bowl XV CHAMPIONS LEAGUE,38,4,0,KC Masterpiece,Barry,false,Breece Hall,NYJ,RB,,,,414.p.33991
2022,CC Bowl XV CHAMPIONS LEAGUE,39,4,0,Prestige Worldwide,Matt Hamlin,false,Terry McLaurin,WAS,WR,,,,414.p.31908
2022,CC Bowl XV CHAMPIONS LEAGUE,40,4,0,Your my boy blue!!!,Tobey,false,David Montgomery,HOU,RB,,,,414.p.31905
2022,CC Bowl XV CHAMPIONS LEAGUE,41,4,0,The Omen,Damien Robertson,false,Darren Waller,CAR,TE,,,,414.p.28592
2022,CC Bowl XV CHAMPIONS LEAGUE,42,4,0,Fat Lazy Americans,Andy,true,Justin Herbert,LAC,QB,,,,414.p.32676
2022,CC Bowl XV CHAMPIONS LEAGUE,43,4,0,Everyone's leftovers,Ray,false,Courtland Sutton,DEN,WR,,,,414.p.31010
2022,CC Bowl XV CHAMPIONS LEAGUE,44,4,0,Isotopes,sour,false,Diontae Johnson,CLE,WR,,,,414.p.31898
2022,CC Bowl XV CHAMPIONS LEAGUE,45,4,0,IS-Comeback with a Vengence,sean,false,George Kittle,SF,TE,,,,414.p.30259
2022,CC Bowl XV CHAMPIONS LEAGUE,46,4,0,CallingInSickMonday,Jaimie Harcos,false,Allen Robinson,DET,WR,,,,414.p.27589
2022,CC Bowl XV CHAMPIONS LEAGUE,47,4,0,Soldier Fields,Amzie,false,Patrick Mahomes,KC,QB,,,,414.p.30123
2022,CC Bowl XV CHAMPIONS LEAGUE,48,4,0,Goodnight Charles,Chuck,false,Jerry Jeudy,CLE,WR,,,,414.p.32685
2022,CC Bowl XV CHAMPIONS LEAGUE,49,5,0,Goodnight Charles,Chuck,false,Tom Brady,TB,QB,,,,414.p.5228
2022,CC Bowl XV CHAMPIONS LEAGUE,50,5,0,Soldier Fields,Amzie,false,Jaylen Waddle,DEN,WR,,,,414.p.33394
2022,CC Bowl XV CHAMPIONS LEAGUE,51,5,0,CallingInSickMonday,Jaimie Harcos,false,Gabe Davis,BUF,WR,,,,414.p.32798
2022,CC Bowl XV CHAMPIONS LEAGUE,52,5,0,IS-Comeback with a Vengence,sean,false,Josh Jacobs,GB,RB,,,,414.p.31856
2022,CC Bowl XV CHAMPIONS LEAGUE,53,5,0,Isotopes,sour,false,Amon-Ra St. Brown,DET,WR,,,,414.p.33500
2022,CC Bowl XV CHAMPIONS LEAGUE,54,5,0,Everyone's leftovers,Ray,false,Lamar Jackson,BAL,QB,,,,414.p.31002
2022,CC Bowl XV CHAMPIONS LEAGUE,55,5,0,Fat Lazy Americans,Andy,true,Brandin Cooks,SF,WR,,,,414.p.27548
2022,CC Bowl XV CHAMPIONS LEAGUE,56,5,0,The Omen,Damien Robertson,false,Jalen Hurts,PHI,QB,,,,414.p.32723
2022,CC Bowl XV CHAMPIONS LEAGUE,57,5,0,Your my boy blue!!!,Tobey,false,DK Metcalf,PIT,WR,,,,414.p.31896
2022,CC Bowl XV CHAMPIONS LEAGUE,58,5,0,Prestige Worldwide,Matt Hamlin,false,Cam Akers,SEA,RB,,,,414.p.32722
2022,CC Bowl XV CHAMPIONS LEAGUE,59,5,0,KC Masterpiece,Barry,false,AJ Dillon,CAR,RB,,,,414.p.32732
2022,CC Bowl XV CHAMPIONS LEAGUE,60,5,0,No punt intended,Matthew,false,Dameon Pierce,PHI,RB,,,,414.p.34063
2022,CC Bowl XV CHAMPIONS LEAGUE,61,6,0,No punt intended,Matthew,false,Dalton Schultz,HOU,TE,,,,414.p.31107
2022,CC Bowl XV CHAMPIONS LEAGUE,62,6,0,KC Masterpiece,Barry,false,Joe Burrow,CIN,QB,,,,414.p.32671
2022,CC Bowl XV CHAMPIONS LEAGUE,63,6,0,Prestige Worldwide,Matt Hamlin,false,Dallas Goedert,PHI,TE,,,,414.p.31019
2022,CC Bowl XV CHAMPIONS LEAGUE,64,6,0,Your my boy blue!!!,Tobey,false,Chase Edmonds,WAS,RB,,,,414.p.31104
2022,CC Bowl XV CHAMPIONS LEAGUE,65,6,0,The Omen,Damien Robertson,false,JuJu Smith-Schuster,NYG,WR,,,,414.p.30175
2022,CC Bowl XV CHAMPIONS LEAGUE,66,6,0,Fat Lazy Americans,Andy,true,J.K. Dobbins,DEN,RB,,,,414.p.32725
2022,CC Bowl XV CHAMPIONS LEAGUE,67,6,0,Everyone's leftovers,Ray,false,Adam Thielen,PIT,WR,,,,414.p.27277
2022,CC Bowl XV CHAMPIONS LEAGUE,68,6,0,Isotopes,sour,false,Miles Sanders,DAL,RB,,,,414.p.31885
2022,CC Bowl XV CHAMPIONS LEAGUE,69,6,0,IS-Comeback with a Vengence,sean,false,Chris Godwin Jr.,TB,WR,,,,414.p.30197
2022,CC Bowl XV CHAMPIONS LEAGUE,70,6,0,CallingInSickMonday,Jaimie Harcos,false,Elijah Moore,PHI,WR,,,,414.p.33422
2022,CC Bowl XV CHAMPIONS LEAGUE,71,6,0,Soldier Fields,Amzie,false,Hollywood Brown,PHI,WR,,,,414.p.31857
2022,CC Bowl XV CHAMPIONS LEAGUE,72,6,0,Goodnight Charles,Chuck,false,Michael Thomas,NO,WR,,,,414.p.29281
2022,CC Bowl XV CHAMPIONS LEAGUE,73,7,0,Goodnight Charles,Chuck,false,T.J. Hockenson,MIN,TE,,,,414.p.31840
2022,CC Bowl XV CHAMPIONS LEAGUE,74,7,0,Soldier Fields,Amzie,false,Antonio Gibson,NE,RB,,,,414.p.32736
2022,CC Bowl XV CHAMPIONS LEAGUE,75,7,0,CallingInSickMonday,Jaimie Harcos,false,Kyler Murray,MIN,QB,,,,414.p.31833
2022,CC Bowl XV CHAMPIONS LEAGUE,76,7,0,IS-Comeback with a Vengence,sean,false,Rashaad Penny,PHI,RB,,,,414.p.30997
2022,CC Bowl XV CHAMPIONS LEAGUE,77,7,0,Isotopes,sour,false,Zach Ertz,PHI,TE,,,,414.p.26658
2022,CC Bowl XV CHAMPIONS LEAGUE,78,7,0,Everyone's leftovers,Ray,false,Christian Kirk,SF,WR,,,,414.p.31017
2022,CC Bowl XV CHAMPIONS LEAGUE,79,7,0,Fat Lazy Americans,Andy,true,Darnell Mooney,NYG,WR,,,,414.p.32843
2022,CC Bowl XV CHAMPIONS LEAGUE,80,7,0,The Omen,Damien Robertson,false,Brandon Aiyuk,SF,WR,,,,414.p.32695
2022,CC Bowl XV CHAMPIONS LEAGUE,81,7,0,Your my boy blue!!!,Tobey,false,Dawson Knox,BUF,TE,,,,414.p.31928
2022,CC Bowl XV CHAMPIONS LEAGUE,82,7,0,Prestige Worldwide,Matt Hamlin,false,Clyde Edwards-Helaire,KC,RB,,,,414.p.32702
2022,CC Bowl XV CHAMPIONS LEAGUE,83,7,0,KC Masterpiece,Barry,false,Devin Singletary,NYG,RB,,,,414.p.31906
2022,CC Bowl XV CHAMPIONS LEAGUE,84,7,0,No punt intended,Matthew,false,Rashod Bateman,BAL,WR,,,,414.p.33415
2022,CC Bowl XV CHAMPIONS LEAGUE,85,8,0,No punt intended,Matthew,false,Tony Pollard,TEN,RB,,,,414.p.31960
2022,CC Bowl XV CHAMPIONS LEAGUE,86,8,0,KC Masterpiece,Barry,false,Damien Harris,BUF,RB,,,,414.p.31919
2022,CC Bowl XV CHAMPIONS LEAGUE,87,8,0,Prestige Worldwide,Matt Hamlin,false,Russell Wilson,NYG,QB,,,,414.p.25785
2022,CC Bowl XV CHAMPIONS LEAGUE,88,8,0,Your my boy blue!!!,Tobey,false,Dak Prescott,DAL,QB,,,,414.p.29369
2022,CC Bowl XV CHAMPIONS LEAGUE,89,8,0,The Omen,Damien Robertson,false,Rhamondre Stevenson,NE,RB,,,,414.p.33508
2022,CC Bowl XV CHAMPIONS LEAGUE,90,8,0,Fat Lazy Americans,Andy,true,Kareem Hunt,KC,RB,,,,414.p.30199
2022,CC Bowl XV CHAMPIONS LEAGUE,91,8,0,Everyone's leftovers,Ray,false,Hunter Renfrow,CAR,WR,,,,414.p.31981
2022,CC Bowl XV CHAMPIONS LEAGUE,92,8,0,Isotopes,sour,false,Drake London,ATL,WR,,,,414.p.33963
2022,CC Bowl XV CHAMPIONS LEAGUE,93,8,0,IS-Comeback with a Vengence,sean,false,Cordarrelle Patterson,PIT,RB,,,,414.p.26652
2022,CC Bowl XV CHAMPIONS LEAGUE,94,8,0,CallingInSickMonday,Jaimie Harcos,false,Amari Cooper,BUF,WR,,,,414.p.28392
2022,CC Bowl XV CHAMPIONS LEAGUE,95,8,0,Soldier Fields,Amzie,false,DeAndre Hopkins,BAL,WR,,,,414.p.26650
2022,CC Bowl XV CHAMPIONS LEAGUE,96,8,0,Goodnight Charles,Chuck,false,Melvin Gordon III,BAL,RB,,,,414.p.28403
2022,CC Bowl XV CHAMPIONS LEAGUE,97,9,0,Goodnight Charles,Chuck,false,Robert Woods,PIT,WR,,,,414.p.26664
2022,CC Bowl XV CHAMPIONS LEAGUE,98,9,0,Soldier Fields,Amzie,false,Micah Parsons,GB,LB,,,,414.p.33400
2022,CC Bowl XV CHAMPIONS LEAGUE,99,9,0,CallingInSickMonday,Jaimie Harcos,false,Bills,BUF,DEF,,,,414.p.100002
2022,CC Bowl XV CHAMPIONS LEAGUE,100,9,0,IS-Comeback with a Vengence,sean,false,Allen Lazard,NYJ,WR,,,,414.p.31268
2022,CC Bowl XV CHAMPIONS LEAGUE,101,9,0,Isotopes,sour,false,Rams,LAR,DEF,,,,414.p.100014
2022,CC Bowl XV CHAMPIONS LEAGUE,102,9,0,Everyone's leftovers,Ray,false,Nyheim Miller-Hines,LAC,RB,,,,414.p.31074
2022,CC Bowl XV CHAMPIONS LEAGUE,103,9,0,Fat Lazy Americans,Andy,true,DeVonta Smith,PHI,WR,,,,414.p.33398
2022,CC Bowl XV CHAMPIONS LEAGUE,104,9,0,The Omen,Damien Robertson,false,Kadarius Toney,CLE,WR,,,,414.p.33408
2022,CC Bowl XV CHAMPIONS LEAGUE,105,9,0,Your my boy blue!!!,Tobey,false,Roquan Smith,BAL,LB,,,,414.p.30978
2022,CC Bowl XV CHAMPIONS LEAGUE,106,9,0,Prestige Worldwide,Matt Hamlin,false,Matthew Stafford,LAR,QB,,,,414.p.9265
2022,CC Bowl XV CHAMPIONS LEAGUE,107,9,0,KC Masterpiece,Barry,false,Aaron Rodgers,PIT,QB,,,,414.p.7200
2022,CC Bowl XV CHAMPIONS LEAGUE,108,9,0,No punt intended,Matthew,false,Tyler Lockett,LV,WR,,,,414.p.28457
2022,CC Bowl XV CHAMPIONS LEAGUE,109,10,0,No punt intended,Matthew,false,Trey Lance,LAC,QB,,,,414.p.33391
2022,CC Bowl XV CHAMPIONS LEAGUE,110,10,0,KC Masterpiece,Barry,false,49ers,SF,DEF,,,,414.p.100025
2022,CC Bowl XV CHAMPIONS LEAGUE,111,10,0,Prestige Worldwide,Matt Hamlin,false,Darrell Henderson Jr.,LAR,RB,,,,414.p.31902
2022,CC Bowl XV CHAMPIONS LEAGUE,112,10,0,Your my boy blue!!!,Tobey,false,Buccaneers,TB,DEF,,,,414.p.100027
2022,CC Bowl XV CHAMPIONS LEAGUE,113,10,0,The Omen,Damien Robertson,false,Denzel Perryman,LAC,LB,,,,414.p.28436
2022,CC Bowl XV CHAMPIONS LEAGUE,114,10,0,Fat Lazy Americans,Andy,true,Chris Olave,NO,WR,,,,414.p.33966
2022,CC Bowl XV CHAMPIONS LEAGUE,115,10,0,Everyone's leftovers,Ray,false,Kenny Gainwell,TB,RB,,,,414.p.33538
2022,CC Bowl XV CHAMPIONS LEAGUE,116,10,0,Isotopes,sour,false,Derek Carr,NO,QB,,,,414.p.27564
2022,CC Bowl XV CHAMPIONS LEAGUE,117,10,0,IS-Comeback with a Vengence,sean,false,James Robinson,NO,RB,,,,414.p.33138
2022,CC Bowl XV CHAMPIONS LEAGUE,118,10,0,CallingInSickMonday,Jaimie Harcos,false,Bobby Wagner,WAS,LB,,,,414.p.25757
2022,CC Bowl XV CHAMPIONS LEAGUE,119,10,0,Soldier Fields,Amzie,false,Kenneth Walker III,KC,RB,,,,414.p.33996
2022,CC Bowl XV CHAMPIONS LEAGUE,120,10,0,Goodnight Charles,Chuck,false,Devin Duvernay,ARI,WR,,,,414.p.32762
2022,CC Bowl XV CHAMPIONS LEAGUE,121,11,0,Goodnight Charles,Chuck,false,Packers,GB,DEF,,,,414.p.100009
2022,CC Bowl XV CHAMPIONS LEAGUE,122,11,0,Soldier Fields,Amzie,false,Jahan Dotson,ATL,WR,,,,414.p.33971
2022,CC Bowl XV CHAMPIONS LEAGUE,123,11,0,CallingInSickMonday,Jaimie Harcos,false,George Pickens,DAL,WR,,,,414.p.34007
2022,CC Bowl XV CHAMPIONS LEAGUE,124,11,0,IS-Comeback with a Vengence,sean,false,Cowboys,DAL,DEF,,,,414.p.100006
2022,CC Bowl XV CHAMPIONS LEAGUE,125,11,0,Isotopes,sour,false,Devin White,DET,LB,,,,414.p.31837
2022,CC Bowl XV CHAMPIONS LEAGUE,126,11,0,Everyone's leftovers,Ray,false,Isaiah McKenzie,MIA,WR,,,,414.p.30285
2022,CC Bowl XV CHAMPIONS LEAGUE,127,11,0,Fat Lazy Americans,Andy,true,Cole Kmet,CHI,TE,,,,414.p.32713
2022,CC Bowl XV CHAMPIONS LEAGUE,128,11,0,The Omen,Damien Robertson,false,Patriots,NE,DEF,,,,414.p.100017
2022,CC Bowl XV CHAMPIONS LEAGUE,129,11,0,Your my boy blue!!!,Tobey,false,Logan Wilson,DAL,LB,,,,414.p.32735
2022,CC Bowl XV CHAMPIONS LEAGUE,130,11,0,Prestige Worldwide,Matt Hamlin,false,Chase Claypool,BUF,WR,,,,414.p.32719
2022,CC Bowl XV CHAMPIONS LEAGUE,131,11,0,KC Masterpiece,Barry,false,Harrison Butker,KC,K,,,,414.p.30346
2022,CC Bowl XV CHAMPIONS LEAGUE,132,11,0,No punt intended,Matthew,false,Khalil Herbert,ATL,RB,,,,414.p.33605
2022,CC Bowl XV CHAMPIONS LEAGUE,133,12,0,No punt intended,Matthew,false,Jordyn Brooks,MIA,LB,,,,414.p.32697
2022,CC Bowl XV CHAMPIONS LEAGUE,134,12,0,KC Masterpiece,Barry,false,Pat Freiermuth,PIT,TE,,,,414.p.33443
2022,CC Bowl XV CHAMPIONS LEAGUE,135,12,0,Prestige Worldwide,Matt Hamlin,false,Hunter Henry,NE,TE,,,,414.p.29269
2022,CC Bowl XV CHAMPIONS LEAGUE,136,12,0,Your my boy blue!!!,Tobey,false,Mecole Hardman Jr.,BUF,WR,,,,414.p.31888
2022,CC Bowl XV CHAMPIONS LEAGUE,137,12,0,The Omen,Damien Robertson,false,DeVante Parker,NE,WR,,,,414.p.28402
2022,CC Bowl XV CHAMPIONS LEAGUE,138,12,0,Fat Lazy Americans,Andy,true,James Cook III,BUF,RB,,,,414.p.34019
2022,CC Bowl XV CHAMPIONS LEAGUE,139,12,0,Everyone's leftovers,Ray,false,Fred Warner,SF,LB,,,,414.p.31040
2022,CC Bowl XV CHAMPIONS LEAGUE,140,12,0,Isotopes,sour,false,Justin Tucker,BAL,K,,,,414.p.26534
2022,CC Bowl XV CHAMPIONS LEAGUE,141,12,0,IS-Comeback with a Vengence,sean,false,C.J. Mosley,NYJ,LB,,,,414.p.27545
2022,CC Bowl XV CHAMPIONS LEAGUE,142,12,0,CallingInSickMonday,Jaimie Harcos,false,De'Vondre Campbell Sr.,SF,LB,,,,414.p.29349
2022,CC Bowl XV CHAMPIONS LEAGUE,143,12,0,Soldier Fields,Amzie,false,Isiah Pacheco,DET,RB,,,,414.p.34207
2022,CC Bowl XV CHAMPIONS LEAGUE,144,12,0,Goodnight Charles,Chuck,false,Jordan Poyer,BUF,S,,,,414.p.26841
2022,CC Bowl XV CHAMPIONS LEAGUE,145,13,0,Goodnight Charles,Chuck,false,Budda Baker,ARI,S,,,,414.p.30149
2022,CC Bowl XV CHAMPIONS LEAGUE,146,13,0,Soldier Fields,Amzie,false,Ravens,BAL,DEF,,,,414.p.100033
2022,CC Bowl XV CHAMPIONS LEAGUE,147,13,0,CallingInSickMonday,Jaimie Harcos,false,Alexander Mattison,MIA,RB,,,,414.p.31934
2022,CC Bowl XV CHAMPIONS LEAGUE,148,13,0,IS-Comeback with a Vengence,sean,false,Julio Jones,PHI,WR,,,,414.p.24793
2022,CC Bowl XV CHAMPIONS LEAGUE,149,13,0,Isotopes,sour,false,Shaquille Leonard,IND,LB,,,,414.p.31006
2022,CC Bowl XV CHAMPIONS LEAGUE,150,13,0,Everyone's leftovers,Ray,false,Foyesade Oluokun,JAX,LB,,,,414.p.31170
2022,CC Bowl XV CHAMPIONS LEAGUE,151,13,0,Fat Lazy Americans,Andy,true,Colts,IND,DEF,,,,414.p.100011
2022,CC Bowl XV CHAMPIONS LEAGUE,152,13,0,The Omen,Damien Robertson,false,Daniel Carlson,NO,K,,,,414.p.31137
2022,CC Bowl XV CHAMPIONS LEAGUE,153,13,0,Your my boy blue!!!,Tobey,false,Jameis Winston,NYG,QB,,,,414.p.28389
2022,CC Bowl XV CHAMPIONS LEAGUE,154,13,0,Prestige Worldwide,Matt Hamlin,false,Broncos,DEN,DEF,,,,414.p.100007
2022,CC Bowl XV CHAMPIONS LEAGUE,155,13,0,KC Masterpiece,Barry,false,Marquez Valdes-Scantling,LAC,WR,,,,414.p.31144
2022,CC Bowl XV CHAMPIONS LEAGUE,156,13,0,No punt intended,Matthew,false,Michael Carter,TEN,RB,,,,414.p.33495
2022,CC Bowl XV CHAMPIONS LEAGUE,157,14,0,No punt intended,Matthew,false,Eric Kendricks,SF,LB,,,,414.p.28433
2022,CC Bowl XV CHAMPIONS LEAGUE,158,14,0,KC Masterpiece,Barry,false,Skyy Moore,GB,WR,,,,414.p.34009
2022,CC Bowl XV CHAMPIONS LEAGUE,159,14,0,Prestige Worldwide,Matt Hamlin,false,Jeremiah Owusu-Koramoah,CLE,LB,,,,414.p.33440
2022,CC Bowl XV CHAMPIONS LEAGUE,160,14,0,Your my boy blue!!!,Tobey,false,Cameron Brate,TB,TE,,,,414.p.28267
2022,CC Bowl XV CHAMPIONS LEAGUE,161,14,0,The Omen,Damien Robertson,false,T.J. Watt,PIT,LB,,,,414.p.30143
2022,CC Bowl XV CHAMPIONS LEAGUE,162,14,0,Fat Lazy Americans,Andy,true,Cole Holcomb,PIT,LB,,,,414.p.32005
2022,CC Bowl XV CHAMPIONS LEAGUE,163,14,0,Everyone's leftovers,Ray,false,Saints,NO,DEF,,,,414.p.100018
2022,CC Bowl XV CHAMPIONS LEAGUE,164,14,0,Isotopes,sour,false,Jamaal Williams,NO,RB,,,,414.p.30247
2022,CC Bowl XV CHAMPIONS LEAGUE,165,14,0,IS-Comeback with a Vengence,sean,false,Minkah Fitzpatrick,NYJ,S,,,,414.p.30981
2022,CC Bowl XV CHAMPIONS LEAGUE,166,14,0,CallingInSickMonday,Jaimie Harcos,false,Evan McPherson,CIN,K,,,,414.p.33537
2022,CC Bowl XV CHAMPIONS LEAGUE,167,14,0,Soldier Fields,Amzie,false,Romeo Doubs,NE,WR,,,,414.p.34088
2022,CC Bowl XV CHAMPIONS LEAGUE,168,14,0,Goodnight Charles,Chuck,false,Matt Gay,LV,K,,,,414.p.31977
2022,CC Bowl XV CHAMPIONS LEAGUE,169,15,0,Goodnight Charles,Chuck,false,DJ Chark,ATL,WR,,,,414.p.31031
2022,CC Bowl XV CHAMPIONS LEAGUE,170,15,0,Soldier Fields,Amzie,false,Kyzir White,TEN,LB,,,,414.p.31089
2022,CC Bowl XV CHAMPIONS LEAGUE,171,15,0,CallingInSickMonday,Jaimie Harcos,false,Jarvis Landry,NO,WR,,,,414.p.27591
2022,CC Bowl XV CHAMPIONS LEAGUE,172,15,0,IS-Comeback with a Vengence,sean,false,Gerald Everett,CHI,TE,,,,414.p.30157
2022,CC Bowl XV CHAMPIONS LEAGUE,173,15,0,Isotopes,sour,false,Noah Fant,NO,TE,,,,414.p.31852
2022,CC Bowl XV CHAMPIONS LEAGUE,174,15,0,Everyone's leftovers,Ray,false,Matt Prater,BUF,K,,,,414.p.8565
2022,CC Bowl XV CHAMPIONS LEAGUE,175,15,0,Fat Lazy Americans,Andy,true,Nick Bolton,KC,LB,,,,414.p.33446
2022,CC Bowl XV CHAMPIONS LEAGUE,176,15,0,The Omen,Damien Robertson,false,Sammy Watkins,BAL,WR,,,,414.p.27532
2022,CC Bowl XV CHAMPIONS LEAGUE,177,15,0,Your my boy blue!!!,Tobey,false,Tyler Bass,BUF,K,,,,414.p.32858
2022,CC Bowl XV CHAMPIONS LEAGUE,178,15,0,Prestige Worldwide,Matt Hamlin,false,Isaiah Simmons,CAR,LB,,,,414.p.32678
2022,CC Bowl XV CHAMPIONS LEAGUE,179,15,0,KC Masterpiece,Barry,false,Tremon Smith,HOU,CB,,,,414.p.31166
2022,CC Bowl XV CHAMPIONS LEAGUE,180,15,0,No punt intended,Matthew,false,Titans,TEN,DEF,,,,414.p.100010
2022,CC Bowl XV CHAMPIONS LEAGUE,181,16,0,No punt intended,Matthew,false,Brian Robinson,ATL,RB,,,,414.p.34054
2022,CC Bowl XV CHAMPIONS LEAGUE,182,16,0,KC Masterpiece,Barry,false,Siran Neal,SF,CB,,,,414.p.31124
2022,CC Bowl XV CHAMPIONS LEAGUE,183,16,0,Prestige Worldwide,Matt Hamlin,false,Brandon McManus,GB,K,,,,414.p.27120
2022,CC Bowl XV CHAMPIONS LEAGUE,184,16,0,Your my boy blue!!!,Tobey,false,Raheem Mostert,LV,RB,,,,414.p.28654
2022,CC Bowl XV CHAMPIONS LEAGUE,185,16,0,The Omen,Damien Robertson,false,Irv Smith Jr.,HOU,TE,,,,414.p.31882
2022,CC Bowl XV CHAMPIONS LEAGUE,186,16,0,Fat Lazy Americans,Andy,true,Treylon Burks,WAS,WR,,,,414.p.33973
2022,CC Bowl XV CHAMPIONS LEAGUE,187,16,0,Everyone's leftovers,Ray,false,Kirk Cousins,LV,QB,,,,414.p.25812
2022,CC Bowl XV CHAMPIONS LEAGUE,188,16,0,Isotopes,sour,false,Jameson Williams,DET,WR,,,,414.p.33967
2022,CC Bowl XV CHAMPIONS LEAGUE,189,16,0,IS-Comeback with a Vengence,sean,false,Jason Sanders,NYJ,K,,,,414.p.31199
2022,CC Bowl XV CHAMPIONS LEAGUE,190,16,0,CallingInSickMonday,Jaimie Harcos,false,Trevor Lawrence,JAX,QB,,,,414.p.33389
2022,CC Bowl XV CHAMPIONS LEAGUE,191,16,0,Soldier Fields,Amzie,false,Ryan Succop,TB,K,,,,414.p.9520
2022,CC Bowl XV CHAMPIONS LEAGUE,192,16,0,Goodnight Charles,Chuck,false,Mark Ingram II,NO,RB,,,,414.p.24815
2022,RFI XV,1,1,0,Doug Exeter,James,false,Jonathan Taylor,IND,RB,,,,414.p.32711
2022,RFI XV,2,1,0,Shanimals,Shannon,false,Christian McCaffrey,SF,RB,,,,414.p.30121
2022,RFI XV,3,1,0,Fat Lazy Americans,Andy,true,Austin Ekeler,WAS,RB,,,,414.p.30423
2022,RFI XV,4,1,0,Snookies Super Squad,Braden,false,Derrick Henry,BAL,RB,,,,414.p.29279
2022,RFI XV,5,1,0,CousinCamp,Matthew,false,Dalvin Cook,DAL,RB,,,,414.p.30154
2022,RFI XV,6,1,0,Golden Domers 4 J&J,sean,false,Cooper Kupp,SEA,WR,,,,414.p.30182
2022,RFI XV,7,1,0,Sheriff Of Paddy's,David,false,Justin Jefferson,MIN,WR,,,,414.p.32692
2022,RFI XV,8,1,0,Tough Nuts,Michele,false,Joe Mixon,SEA,RB,,,,414.p.30161
2022,RFI XV,9,1,0,Tremendous Slouch,Doug,false,Stefon Diggs,WAS,WR,,,,414.p.28534
2022,RFI XV,10,1,0,NotSoNewlyWedz,Corey,false,Najee Harris,NYG,RB,,,,414.p.33412
2022,RFI XV,11,1,0,Shrimp Gang,Taylor,false,Saquon Barkley,PHI,RB,,,,414.p.30972
2022,RFI XV,12,1,0,It’s a YoungHoe party,J,false,Davante Adams,LAR,WR,,,,414.p.27581
2022,RFI XV,13,2,0,It’s a YoungHoe party,J,false,Aaron Jones Sr.,MIN,RB,,,,414.p.30295
2022,RFI XV,14,2,0,Shrimp Gang,Taylor,false,D'Andre Swift,CHI,RB,,,,414.p.32705
2022,RFI XV,15,2,0,NotSoNewlyWedz,Corey,false,Mike Evans,SF,WR,,,,414.p.27535
2022,RFI XV,16,2,0,Tremendous Slouch,Doug,false,Michael Pittman Jr.,PIT,WR,,,,414.p.32704
2022,RFI XV,17,2,0,Tough Nuts,Michele,false,Leonard Fournette,BUF,RB,,,,414.p.30117
2022,RFI XV,18,2,0,Sheriff Of Paddy's,David,false,Nick Chubb,HOU,RB,,,,414.p.31005
2022,RFI XV,19,2,0,Golden Domers 4 J&J,sean,false,James Conner,ARI,RB,,,,414.p.30218
2022,RFI XV,20,2,0,CousinCamp,Matthew,false,CeeDee Lamb,DAL,WR,,,,414.p.32687
2022,RFI XV,21,2,0,Snookies Super Squad,Braden,false,Travis Kelce,KC,TE,,,,414.p.26686
2022,RFI XV,22,2,0,Fat Lazy Americans,Andy,true,Tyreek Hill,MIA,WR,,,,414.p.29399
2022,RFI XV,23,2,0,Shanimals,Shannon,false,Mark Andrews,BAL,TE,,,,414.p.31056
2022,RFI XV,24,2,0,Doug Exeter,James,false,Tee Higgins,CIN,WR,,,,414.p.32703
2022,RFI XV,25,3,0,Doug Exeter,James,false,Kyle Pitts Sr.,ATL,TE,,,,414.p.33392
2022,RFI XV,26,3,0,Shanimals,Shannon,false,Travis Etienne Jr.,NO,RB,,,,414.p.33413
2022,RFI XV,27,3,0,Fat Lazy Americans,Andy,true,A.J. Brown,NE,WR,,,,414.p.31883
2022,RFI XV,28,3,0,Snookies Super Squad,Braden,false,Keenan Allen,IND,WR,,,,414.p.26699
2022,RFI XV,29,3,0,CousinCamp,Matthew,false,DJ Moore,BUF,WR,,,,414.p.30994
2022,RFI XV,30,3,0,Golden Domers 4 J&J,sean,false,Ezekiel Elliott,DAL,RB,,,,414.p.29238
2022,RFI XV,31,3,0,Sheriff Of Paddy's,David,false,Elijah Mitchell,KC,RB,,,,414.p.33582
2022,RFI XV,32,3,0,Tough Nuts,Michele,false,George Kittle,SF,TE,,,,414.p.30259
2022,RFI XV,33,3,0,Tremendous Slouch,Doug,false,Breece Hall,NYJ,RB,,,,414.p.33991
2022,RFI XV,34,3,0,NotSoNewlyWedz,Corey,false,David Montgomery,HOU,RB,,,,414.p.31905
2022,RFI XV,35,3,0,Shrimp Gang,Taylor,false,Terry McLaurin,WAS,WR,,,,414.p.31908
2022,RFI XV,36,3,0,It’s a YoungHoe party,J,false,Patrick Mahomes,KC,QB,,,,414.p.30123
2022,RFI XV,37,4,0,It’s a YoungHoe party,J,false,Ja'Marr Chase,CIN,WR,,,,414.p.33393
2022,RFI XV,38,4,0,Shrimp Gang,Taylor,false,Darren Waller,CAR,TE,,,,414.p.28592
2022,RFI XV,39,4,0,NotSoNewlyWedz,Corey,false,Justin Herbert,LAC,QB,,,,414.p.32676
2022,RFI XV,40,4,0,Tremendous Slouch,Doug,false,AJ Dillon,CAR,RB,,,,414.p.32732
2022,RFI XV,41,4,0,Tough Nuts,Michele,false,Jerry Jeudy,CLE,WR,,,,414.p.32685
2022,RFI XV,42,4,0,Sheriff Of Paddy's,David,false,Dameon Pierce,PHI,RB,,,,414.p.34063
2022,RFI XV,43,4,0,Golden Domers 4 J&J,sean,false,Lamar Jackson,BAL,QB,,,,414.p.31002
2022,RFI XV,44,4,0,CousinCamp,Matthew,false,J.K. Dobbins,DEN,RB,,,,414.p.32725
2022,RFI XV,45,4,0,Snookies Super Squad,Braden,false,Allen Robinson,DET,WR,,,,414.p.27589
2022,RFI XV,46,4,0,Fat Lazy Americans,Andy,true,Cam Akers,SEA,RB,,,,414.p.32722
2022,RFI XV,47,4,0,Shanimals,Shannon,false,Kyler Murray,MIN,QB,,,,414.p.31833
2022,RFI XV,48,4,0,Doug Exeter,James,false,Amon-Ra St. Brown,DET,WR,,,,414.p.33500
2022,RFI XV,49,5,0,Doug Exeter,James,false,Javonte Williams,DAL,RB,,,,414.p.33423
2022,RFI XV,50,5,0,Shanimals,Shannon,false,Gabe Davis,BUF,WR,,,,414.p.32798
2022,RFI XV,51,5,0,Fat Lazy Americans,Andy,true,Alvin Kamara,NO,RB,,,,414.p.30180
2022,RFI XV,52,5,0,Snookies Super Squad,Braden,false,Josh Jacobs,GB,RB,,,,414.p.31856
2022,RFI XV,53,5,0,CousinCamp,Matthew,false,DK Metcalf,PIT,WR,,,,414.p.31896
2022,RFI XV,54,5,0,Golden Domers 4 J&J,sean,false,Chris Godwin Jr.,TB,WR,,,,414.p.30197
2022,RFI XV,55,5,0,Sheriff Of Paddy's,David,false,Jaylen Waddle,DEN,WR,,,,414.p.33394
2022,RFI XV,56,5,0,Tough Nuts,Michele,false,JuJu Smith-Schuster,NYG,WR,,,,414.p.30175
2022,RFI XV,57,5,0,Tremendous Slouch,Doug,false,Darnell Mooney,NYG,WR,,,,414.p.32843
2022,RFI XV,58,5,0,NotSoNewlyWedz,Corey,false,Hunter Renfrow,CAR,WR,,,,414.p.31981
2022,RFI XV,59,5,0,Shrimp Gang,Taylor,false,Brandin Cooks,SF,WR,,,,414.p.27548
2022,RFI XV,60,5,0,It’s a YoungHoe party,J,false,Chase Edmonds,WAS,RB,,,,414.p.31104
2022,RFI XV,61,6,0,It’s a YoungHoe party,J,false,Allen Lazard,NYJ,WR,,,,414.p.31268
2022,RFI XV,62,6,0,Shrimp Gang,Taylor,false,Courtland Sutton,DEN,WR,,,,414.p.31010
2022,RFI XV,63,6,0,NotSoNewlyWedz,Corey,false,Damien Harris,BUF,RB,,,,414.p.31919
2022,RFI XV,64,6,0,Tremendous Slouch,Doug,false,Jalen Hurts,PHI,QB,,,,414.p.32723
2022,RFI XV,65,6,0,Tough Nuts,Michele,false,Deebo Samuel Sr.,SF,WR,,,,414.p.31868
2022,RFI XV,66,6,0,Sheriff Of Paddy's,David,false,Clyde Edwards-Helaire,KC,RB,,,,414.p.32702
2022,RFI XV,67,6,0,Golden Domers 4 J&J,sean,false,Michael Thomas,NO,WR,,,,414.p.29281
2022,RFI XV,68,6,0,CousinCamp,Matthew,false,Diontae Johnson,CLE,WR,,,,414.p.31898
2022,RFI XV,69,6,0,Snookies Super Squad,Braden,false,Rashod Bateman,BAL,WR,,,,414.p.33415
2022,RFI XV,70,6,0,Fat Lazy Americans,Andy,true,Hollywood Brown,PHI,WR,,,,414.p.31857
2022,RFI XV,71,6,0,Shanimals,Shannon,false,Antonio Gibson,NE,RB,,,,414.p.32736
2022,RFI XV,72,6,0,Doug Exeter,James,false,Joe Burrow,CIN,QB,,,,414.p.32671
2022,RFI XV,73,7,0,Doug Exeter,James,false,Tony Pollard,TEN,RB,,,,414.p.31960
2022,RFI XV,74,7,0,Shanimals,Shannon,false,Brandon Aiyuk,SF,WR,,,,414.p.32695
2022,RFI XV,75,7,0,Fat Lazy Americans,Andy,true,Dalton Schultz,HOU,TE,,,,414.p.31107
2022,RFI XV,76,7,0,Snookies Super Squad,Braden,false,Tom Brady,TB,QB,,,,414.p.5228
2022,RFI XV,77,7,0,CousinCamp,Matthew,false,Dallas Goedert,PHI,TE,,,,414.p.31019
2022,RFI XV,78,7,0,Golden Domers 4 J&J,sean,false,Amari Cooper,BUF,WR,,,,414.p.28392
2022,RFI XV,79,7,0,Sheriff Of Paddy's,David,false,Miles Sanders,DAL,RB,,,,414.p.31885
2022,RFI XV,80,7,0,Tough Nuts,Michele,false,Cordarrelle Patterson,PIT,RB,,,,414.p.26652
2022,RFI XV,81,7,0,Tremendous Slouch,Doug,false,DeVonta Smith,PHI,WR,,,,414.p.33398
2022,RFI XV,82,7,0,NotSoNewlyWedz,Corey,false,Adam Thielen,PIT,WR,,,,414.p.27277
2022,RFI XV,83,7,0,Shrimp Gang,Taylor,false,Russell Wilson,NYG,QB,,,,414.p.25785
2022,RFI XV,84,7,0,It’s a YoungHoe party,J,false,Melvin Gordon III,BAL,RB,,,,414.p.28403
2022,RFI XV,85,8,0,It’s a YoungHoe party,J,false,Kareem Hunt,KC,RB,,,,414.p.30199
2022,RFI XV,86,8,0,Shrimp Gang,Taylor,false,Elijah Moore,PHI,WR,,,,414.p.33422
2022,RFI XV,87,8,0,NotSoNewlyWedz,Corey,false,Dawson Knox,BUF,TE,,,,414.p.31928
2022,RFI XV,88,8,0,Tremendous Slouch,Doug,false,Cole Kmet,CHI,TE,,,,414.p.32713
2022,RFI XV,89,8,0,Tough Nuts,Michele,false,Chase Claypool,BUF,WR,,,,414.p.32719
2022,RFI XV,90,8,0,Sheriff Of Paddy's,David,false,T.J. Hockenson,MIN,TE,,,,414.p.31840
2022,RFI XV,91,8,0,Golden Domers 4 J&J,sean,false,James Robinson,NO,RB,,,,414.p.33138
2022,RFI XV,92,8,0,CousinCamp,Matthew,false,Devin Singletary,NYG,RB,,,,414.p.31906
2022,RFI XV,93,8,0,Snookies Super Squad,Braden,false,Michael Carter,TEN,RB,,,,414.p.33495
2022,RFI XV,94,8,0,Fat Lazy Americans,Andy,true,Drake London,ATL,WR,,,,414.p.33963
2022,RFI XV,95,8,0,Shanimals,Shannon,false,Mike Williams,PIT,WR,,,,414.p.30120
2022,RFI XV,96,8,0,Doug Exeter,James,false,Christian Kirk,SF,WR,,,,414.p.31017
2022,RFI XV,97,9,0,Doug Exeter,James,false,DeAndre Hopkins,BAL,WR,,,,414.p.26650
2022,RFI XV,98,9,0,Shanimals,Shannon,false,Darrell Henderson Jr.,LAR,RB,,,,414.p.31902
2022,RFI XV,99,9,0,Fat Lazy Americans,Andy,true,Trey Lance,LAC,QB,,,,414.p.33391
2022,RFI XV,100,9,0,Snookies Super Squad,Braden,false,Tyler Lockett,LV,WR,,,,414.p.28457
2022,RFI XV,101,9,0,CousinCamp,Matthew,false,James Cook III,BUF,RB,,,,414.p.34019
2022,RFI XV,102,9,0,Golden Domers 4 J&J,sean,false,Zach Ertz,PHI,TE,,,,414.p.26658
2022,RFI XV,103,9,0,Sheriff Of Paddy's,David,false,Robert Woods,PIT,WR,,,,414.p.26664
2022,RFI XV,104,9,0,Tough Nuts,Michele,false,Nyheim Miller-Hines,LAC,RB,,,,414.p.31074
2022,RFI XV,105,9,0,Tremendous Slouch,Doug,false,Kenneth Walker III,KC,RB,,,,414.p.33996
2022,RFI XV,106,9,0,NotSoNewlyWedz,Corey,false,Devin Duvernay,ARI,WR,,,,414.p.32762
2022,RFI XV,107,9,0,Shrimp Gang,Taylor,false,Raheem Mostert,LV,RB,,,,414.p.28654
2022,RFI XV,108,9,0,It’s a YoungHoe party,J,false,Pat Freiermuth,PIT,TE,,,,414.p.33443
2022,RFI XV,109,10,0,It’s a YoungHoe party,J,false,Jahan Dotson,ATL,WR,,,,414.p.33971
2022,RFI XV,110,10,0,Shrimp Gang,Taylor,false,George Pickens,DAL,WR,,,,414.p.34007
2022,RFI XV,111,10,0,NotSoNewlyWedz,Corey,false,Kenny Gainwell,TB,RB,,,,414.p.33538
2022,RFI XV,112,10,0,Tremendous Slouch,Doug,false,Chris Olave,NO,WR,,,,414.p.33966
2022,RFI XV,113,10,0,Tough Nuts,Michele,false,Julio Jones,PHI,WR,,,,414.p.24793
2022,RFI XV,114,10,0,Sheriff Of Paddy's,David,false,Kadarius Toney,CLE,WR,,,,414.p.33408
2022,RFI XV,115,10,0,Golden Domers 4 J&J,sean,false,Bills,BUF,DEF,,,,414.p.100002
2022,RFI XV,116,10,0,CousinCamp,Matthew,false,Alexander Mattison,MIA,RB,,,,414.p.31934
2022,RFI XV,117,10,0,Snookies Super Squad,Braden,false,Jamaal Williams,NO,RB,,,,414.p.30247
2022,RFI XV,118,10,0,Fat Lazy Americans,Andy,true,Isiah Pacheco,DET,RB,,,,414.p.34207
2022,RFI XV,119,10,0,Shanimals,Shannon,false,Hunter Henry,NE,TE,,,,414.p.29269
2022,RFI XV,120,10,0,Doug Exeter,James,false,Dak Prescott,DAL,QB,,,,414.p.29369
2022,RFI XV,121,11,0,Doug Exeter,James,false,Khalil Herbert,ATL,RB,,,,414.p.33605
2022,RFI XV,122,11,0,Shanimals,Shannon,false,Skyy Moore,GB,WR,,,,414.p.34009
2022,RFI XV,123,11,0,Fat Lazy Americans,Andy,true,Aaron Rodgers,PIT,QB,,,,414.p.7200
2022,RFI XV,124,11,0,Snookies Super Squad,Braden,false,Russell Gage Jr.,SF,WR,,,,414.p.31164
2022,RFI XV,125,11,0,CousinCamp,Matthew,false,Josh Allen,BUF,QB,,,,414.p.30977
2022,RFI XV,126,11,0,Golden Domers 4 J&J,sean,false,Cowboys,DAL,DEF,,,,414.p.100006
2022,RFI XV,127,11,0,Sheriff Of Paddy's,David,false,Kirk Cousins,LV,QB,,,,414.p.25812
2022,RFI XV,128,11,0,Tough Nuts,Michele,false,Matthew Stafford,LAR,QB,,,,414.p.9265
2022,RFI XV,129,11,0,Tremendous Slouch,Doug,false,Kene Nwangwu,NYJ,RB,,,,414.p.33507
2022,RFI XV,130,11,0,NotSoNewlyWedz,Corey,false,Buccaneers,TB,DEF,,,,414.p.100027
2022,RFI XV,131,11,0,Shrimp Gang,Taylor,false,Mark Ingram II,NO,RB,,,,414.p.24815
2022,RFI XV,132,11,0,It’s a YoungHoe party,J,false,Rams,LAR,DEF,,,,414.p.100014
2022,RFI XV,133,12,0,It’s a YoungHoe party,J,false,Rachaad White,WAS,RB,,,,414.p.34047
2022,RFI XV,134,12,0,Shrimp Gang,Taylor,false,Tyler Higbee,LAR,TE,,,,414.p.29344
2022,RFI XV,135,12,0,NotSoNewlyWedz,Corey,false,Justin Tucker,BAL,K,,,,414.p.26534
2022,RFI XV,136,12,0,Tremendous Slouch,Doug,false,Irv Smith Jr.,HOU,TE,,,,414.p.31882
2022,RFI XV,137,12,0,Tough Nuts,Michele,false,Isaiah McKenzie,MIA,WR,,,,414.p.30285
2022,RFI XV,138,12,0,Sheriff Of Paddy's,David,false,David Njoku,LAC,TE,,,,414.p.30142
2022,RFI XV,139,12,0,Golden Domers 4 J&J,sean,false,Gerald Everett,CHI,TE,,,,414.p.30157
2022,RFI XV,140,12,0,CousinCamp,Matthew,false,49ers,SF,DEF,,,,414.p.100025
2022,RFI XV,141,12,0,Snookies Super Squad,Braden,false,Broncos,DEN,DEF,,,,414.p.100007
2022,RFI XV,142,12,0,Fat Lazy Americans,Andy,true,Brian Robinson,ATL,RB,,,,414.p.34054
2022,RFI XV,143,12,0,Shanimals,Shannon,false,Derek Carr,NO,QB,,,,414.p.27564
2022,RFI XV,144,12,0,Doug Exeter,James,false,Packers,GB,DEF,,,,414.p.100009
2022,RFI XV,145,13,0,Doug Exeter,James,false,Austin Hooper,ATL,TE,,,,414.p.29315
2022,RFI XV,146,13,0,Shanimals,Shannon,false,Saints,NO,DEF,,,,414.p.100018
2022,RFI XV,147,13,0,Fat Lazy Americans,Andy,true,Treylon Burks,WAS,WR,,,,414.p.33973
2022,RFI XV,148,13,0,Snookies Super Squad,Braden,false,Tyler Boyd,TEN,WR,,,,414.p.29288
2022,RFI XV,149,13,0,CousinCamp,Matthew,false,Romeo Doubs,NE,WR,,,,414.p.34088
2022,RFI XV,150,13,0,Golden Domers 4 J&J,sean,false,Rashaad Penny,PHI,RB,,,,414.p.30997
2022,RFI XV,151,13,0,Sheriff Of Paddy's,David,false,Garrett Wilson,NYJ,WR,,,,414.p.33965
2022,RFI XV,152,13,0,Tough Nuts,Michele,false,Hayden Hurst,LAC,TE,,,,414.p.30995
2022,RFI XV,153,13,0,Tremendous Slouch,Doug,false,Rhamondre Stevenson,NE,RB,,,,414.p.33508
2022,RFI XV,154,13,0,NotSoNewlyWedz,Corey,false,Tua Tagovailoa,ATL,QB,,,,414.p.32675
2022,RFI XV,155,13,0,Shrimp Gang,Taylor,false,Albert Okwuegbunam Jr.,LV,TE,,,,414.p.32788
2022,RFI XV,156,13,0,It’s a YoungHoe party,J,false,Younghoe Koo,NYG,K,,,,414.p.30426
2022,RFI XV,157,14,0,It’s a YoungHoe party,J,false,Mo Alie-Cox,IND,TE,,,,414.p.30112
2022,RFI XV,158,14,0,Shrimp Gang,Taylor,false,Tyler Allgeier,ARI,RB,,,,414.p.34107
2022,RFI XV,159,14,0,NotSoNewlyWedz,Corey,false,Mike Gesicki,CIN,TE,,,,414.p.31012
2022,RFI XV,160,14,0,Tremendous Slouch,Doug,false,Eagles,PHI,DEF,,,,414.p.100021
2022,RFI XV,161,14,0,Tough Nuts,Michele,false,Ryan Succop,TB,K,,,,414.p.9520
2022,RFI XV,162,14,0,Sheriff Of Paddy's,David,false,Evan McPherson,CIN,K,,,,414.p.33537
2022,RFI XV,163,14,0,Golden Domers 4 J&J,sean,false,Daniel Carlson,NO,K,,,,414.p.31137
2022,RFI XV,164,14,0,CousinCamp,Matthew,false,Harrison Butker,KC,K,,,,414.p.30346
2022,RFI XV,165,14,0,Snookies Super Squad,Braden,false,Noah Fant,NO,TE,,,,414.p.31852
2022,RFI XV,166,14,0,Fat Lazy Americans,Andy,true,Colts,IND,DEF,,,,414.p.100011
2022,RFI XV,167,14,0,Shanimals,Shannon,false,Tyler Bass,BUF,K,,,,414.p.32858
2022,RFI XV,168,14,0,Doug Exeter,James,false,Jeff Wilson Jr.,MIA,RB,,,,414.p.31394
2022,RFI XV,169,15,0,Doug Exeter,James,false,Matt Gay,LV,K,,,,414.p.31977
2022,RFI XV,170,15,0,Shanimals,Shannon,false,Isaiah Spiller,LV,RB,,,,414.p.34079
2022,RFI XV,171,15,0,Fat Lazy Americans,Andy,true,Jason Sanders,NYJ,K,,,,414.p.31199
2022,RFI XV,172,15,0,Snookies Super Squad,Braden,false,Robbie Gould,SF,K,,,,414.p.7520
2022,RFI XV,173,15,0,CousinCamp,Matthew,false,Rondale Moore,MIN,WR,,,,414.p.33437
2022,RFI XV,174,15,0,Golden Domers 4 J&J,sean,false,Matt Ryan,IND,QB,,,,414.p.8780
2022,RFI XV,175,15,0,Sheriff Of Paddy's,David,false,Chargers,LAC,DEF,,,,414.p.100024
2022,RFI XV,176,15,0,Tough Nuts,Michele,false,Patriots,NE,DEF,,,,414.p.100017
2022,RFI XV,177,15,0,Tremendous Slouch,Doug,false,Greg Joseph,LV,K,,,,414.p.31538
2022,RFI XV,178,15,0,NotSoNewlyWedz,Corey,false,Mike Davis,BAL,RB,,,,414.p.28514
2022,RFI XV,179,15,0,Shrimp Gang,Taylor,false,Zack Moss,CIN,RB,,,,414.p.32756
2022,RFI XV,180,15,0,It’s a YoungHoe party,J,false,Kyle Philips,PHI,WR,,,,414.p.34119
